,ImplicitDayrate,ImplicitDayrate,ImplicitDayrate,ImplicitDayrate,Count,Count,Count,Count
VesselType,Aframax/LR2,MR,Suezmax,VLCC,Aframax/LR2,MR,Suezmax,VLCC
Date,,,,,,,,
2015-01-01,,,,,4.0,6.0,9.0,14.0
2015-01-02,51568.82720104952,34548.13131849724,45316.57444511419,57334.42237796749,4.0,6.0,9.0,14.0
2015-01-03,51568.82720104952,34548.13131849724,45316.57444511419,57334.42237796749,4.0,6.0,9.0,14.0
2015-01-04,51568.82720104952,34548.13131849724,45316.57444511419,57334.42237796749,4.0,6.0,9.0,14.0
2015-01-05,52005.68245380374,34814.36259584841,45675.158716209735,57800.589301927714,4.0,6.0,9.0,14.0
2015-01-06,57247.945486854456,38009.13792406254,49978.16996935629,63394.592389450336,4.0,6.0,9.0,14.0
2015-01-07,58995.364831400824,39074.06201787552,51412.50568584804,65259.25830700552,4.0,6.0,9.0,14.0
2015-01-08,62490.206853434625,41203.91223668494,54281.17985461242,68988.59369868725,4.0,6.0,9.0,14.0
2015-01-09,63294.516746440204,42641.78748757879,54722.05033900683,71004.44879779228,4.0,6.0,9.0,14.0
2015-01-10,63294.516746440204,42641.78748757879,54722.05033900683,71004.44879779228,4.0,6.0,9.0,14.0
2015-01-11,63294.516746440204,42641.78748757879,54722.05033900683,71004.44879779228,4.0,6.0,9.0,14.0
2015-01-12,69239.58577504675,46367.89903730433,59578.10236260412,77474.25706986288,4.0,6.0,9.0,14.0
2015-01-13,64156.121239289874,43181.80383333602,55425.826228052116,71942.10248158786,4.0,6.0,9.0,14.0
2015-01-14,62088.26914174654,41885.76377951911,53736.76302046665,69691.73220973246,4.0,6.0,9.0,14.0
2015-01-15,58555.69203576701,39671.697585914044,50851.28294925777,65847.35353691653,4.0,6.0,9.0,14.0
2015-01-16,59410.43602208951,39633.52431826106,50693.56530894829,64616.94645936576,4.0,6.0,9.0,14.0
2015-01-17,59410.43602208951,39633.52431826106,50693.56530894829,64616.94645936576,4.0,6.0,9.0,14.0
2015-01-18,59410.43602208951,39633.52431826106,50693.56530894829,64616.94645936576,4.0,6.0,9.0,14.0
2015-01-19,59410.43602208951,39633.52431826106,50693.56530894829,64616.94645936576,4.0,6.0,9.0,14.0
2015-01-20,61087.0694648744,40665.42529033575,52034.826161066936,66370.2608092029,4.0,6.0,9.0,14.0
2015-01-21,56057.172502753376,37569.724445894135,48011.04629760577,61110.321279879965,4.0,6.0,9.0,14.0
2015-01-22,56586.63392350985,37895.58682034801,48434.60093885652,61663.99764288723,4.0,6.0,9.0,14.0
2015-01-23,56998.08691626957,37920.36047439814,48669.48117706085,62221.457082187335,4.0,6.0,9.0,14.0
2015-01-24,56998.08691626957,37920.36047439814,48669.48117706085,62221.457082187335,4.0,6.0,9.0,14.0
2015-01-25,56998.08691626957,37920.36047439814,48669.48117706085,62221.457082187335,4.0,6.0,9.0,14.0
2015-01-26,58676.7455603646,38945.58255222925,50009.09184714563,63981.30147044778,4.0,6.0,9.0,14.0
2015-01-27,57439.83972318507,38190.156083044836,49022.010725439,62684.57458435683,4.0,6.0,9.0,14.0
2015-01-28,56291.28141411284,37488.68688305031,48105.433092779684,61480.46801872428,4.0,6.0,9.0,14.0
2015-01-29,51343.649639628595,34466.97586036974,44157.10188198564,56293.5516410952,4.0,6.0,9.0,14.0
2015-01-30,50239.55603248988,33896.91806583823,43365.44113594516,55121.42799847925,4.0,6.0,9.0,14.0
2015-01-31,50239.55603248988,33896.91806583823,43365.44113594516,55121.42799847925,4.0,6.0,9.0,14.0
2015-02-01,50239.55603248988,33896.91806583823,43365.44113594516,55121.42799847925,4.0,6.0,9.0,14.0
2015-02-02,52887.281630764635,35520.617558437996,45484.07882941342,57896.27617194157,4.0,6.0,9.0,14.0
2015-02-03,52092.964287957926,35033.50791712214,44848.48779077166,57063.82207274308,4.0,6.0,9.0,14.0
2015-02-04,52799.02377414641,35466.494035553944,45413.45730356577,57803.78087998597,4.0,6.0,9.0,14.0
2015-02-05,53946.37086004736,36170.0967360857,46331.53309860458,59006.21438280594,4.0,6.0,9.0,14.0
2015-02-06,52949.139182848114,35554.87701564099,45010.79070975158,57942.87273774848,4.0,6.0,9.0,14.0
2015-02-07,52949.139182848114,35554.87701564099,45010.79070975158,57942.87273774848,4.0,6.0,9.0,14.0
2015-02-08,52949.139182848114,35554.87701564099,45010.79070975158,57942.87273774848,4.0,6.0,9.0,14.0
2015-02-09,55605.85906845085,37183.87204668469,47105.30230534976,60726.05471348013,4.0,6.0,9.0,14.0
2015-02-10,54720.28577324994,36640.87370300346,46407.1317734837,59798.32738823624,4.0,6.0,9.0,14.0
2015-02-11,55694.416735790335,37238.17208819025,47175.11962486727,60818.827799904415,4.0,6.0,9.0,14.0
2015-02-12,55517.30140111135,37129.57200517914,47035.48498583223,60633.28162705586,4.0,6.0,9.0,14.0
2015-02-13,54977.78433926625,36792.02128383803,46539.31518056682,63073.665333062105,4.0,6.0,9.0,14.0
2015-02-14,54977.78433926625,36792.02128383803,46539.31518056682,63073.665333062105,4.0,6.0,9.0,14.0
2015-02-15,54977.78433926625,36792.02128383803,46539.31518056682,63073.665333062105,4.0,6.0,9.0,14.0
2015-02-16,54977.78433926625,36792.02128383803,46539.31518056682,63073.665333062105,4.0,6.0,9.0,14.0
2015-02-17,53509.033563731915,35891.655188708275,45383.62104352038,61439.799223718626,4.0,6.0,9.0,14.0
2015-02-18,53768.22574947557,36050.54385794576,45587.567754168565,61728.12950762207,4.0,6.0,9.0,14.0
2015-02-19,53077.04823538572,35626.841750162246,45043.71115576005,60959.25058369377,4.0,6.0,9.0,14.0
2015-02-20,52711.48712572053,35082.19764411203,44356.51716488199,60205.08116399733,4.0,6.0,9.0,14.0
2015-02-21,52711.48712572053,35082.19764411203,44356.51716488199,60205.08116399733,4.0,6.0,9.0,14.0
2015-02-22,52711.48712572053,35082.19764411203,44356.51716488199,60205.08116399733,4.0,6.0,9.0,14.0
2015-02-23,52276.28872119843,34818.57763765498,44018.02170358075,59724.38739275035,4.0,6.0,9.0,14.0
2015-02-24,50883.65349469765,33974.99341586634,42934.83596916525,58186.16695801975,4.0,6.0,9.0,14.0
2015-02-25,50709.57346882874,33869.54501103132,42799.437268141664,57993.88871604047,4.0,6.0,9.0,14.0
2015-02-26,51929.93267716858,34608.77359973842,43748.62745102807,59341.823506327746,4.0,6.0,9.0,14.0
2015-02-27,49378.81107678518,32906.83870684568,41812.060555286575,56242.22816731428,4.0,6.0,9.0,14.0
2015-02-28,49378.81107678518,32906.83870684568,41812.060555286575,56242.22816731428,4.0,6.0,9.0,14.0
2015-03-01,49585.99090300952,32906.83870684568,43927.917816761685,56242.22816731428,5.0,6.0,11.0,14.0
2015-03-02,44420.09123596113,29813.175131668697,39657.4687047552,50600.66036461679,5.0,6.0,11.0,14.0
2015-03-03,44680.79801948434,29969.3026471007,39872.9849021162,50885.37262979125,5.0,6.0,11.0,14.0
2015-03-04,44854.60364685535,30073.388319145062,40016.66328050259,51075.18201334519,5.0,6.0,11.0,14.0
2015-03-05,44506.99404964664,29865.217967690875,39729.30789394839,50695.56505639375,5.0,6.0,11.0,14.0
2015-03-06,43903.50842212139,29500.671323309667,39234.521495750545,50023.415452420406,5.0,6.0,11.0,14.0
2015-03-07,43903.50842212139,29500.671323309667,39234.521495750545,50023.415452420406,5.0,6.0,11.0,14.0
2015-03-08,43903.50842212139,29500.671323309667,39234.521495750545,50023.415452420406,5.0,6.0,11.0,14.0
2015-03-09,43729.68065284156,29396.587864231013,39090.804661597234,49833.64638519602,5.0,6.0,11.0,14.0
2015-03-10,42686.707406121466,28772.083139267488,38228.49817428387,48695.024742692905,5.0,6.0,11.0,14.0
2015-03-11,43121.27931596145,29032.293275898475,38587.792315564715,49169.45012543766,5.0,6.0,11.0,14.0
2015-03-12,43990.42313564144,29552.713549160446,39306.38059812639,50118.30089092719,5.0,6.0,11.0,14.0
2015-03-13,43498.85095004245,29483.61473614951,38900.18437608277,49568.68471319014,5.0,6.0,11.0,14.0
2015-03-14,43498.85095004245,29483.61473614951,38900.18437608277,49568.68471319014,5.0,6.0,11.0,14.0
2015-03-15,43498.85095004245,29483.61473614951,38900.18437608277,49568.68471319014,5.0,6.0,11.0,14.0
2015-03-16,43759.168156201755,29641.166294561208,39115.41037817603,49852.778223588015,5.0,6.0,11.0,14.0
2015-03-17,42978.21488266741,29168.510617637738,38469.731003522684,49000.49588617188,5.0,6.0,11.0,14.0
2015-03-18,43932.71406367891,29746.201334627924,39258.89529182057,50042.17510133492,5.0,6.0,11.0,14.0
2015-03-19,44279.80422357679,29956.270413072984,39545.86375073611,50420.967050606276,5.0,6.0,11.0,14.0
2015-03-20,43158.775996639044,29110.80834587382,38206.00742836217,49458.81557959194,5.0,6.0,11.0,14.0
2015-03-21,43158.775996639044,29110.80834587382,38206.00742836217,49458.81557959194,5.0,6.0,11.0,14.0
2015-03-22,43158.775996639044,29110.80834587382,38206.00742836217,49458.81557959194,5.0,6.0,11.0,14.0
2015-03-23,43158.775996639044,29110.80834587382,38206.00742836217,49458.81557959194,5.0,6.0,11.0,14.0
2015-03-24,43680.82918933464,29424.247059526453,38631.391958470005,50032.49867033844,5.0,6.0,11.0,14.0
2015-03-25,42375.69703737633,28640.650773591955,37567.9313093305,48598.2918553163,5.0,6.0,11.0,14.0
2015-03-26,43071.76685459622,29058.568394199345,38135.10978130084,49363.20142718615,5.0,6.0,11.0,14.0
2015-03-27,42879.997252363755,29141.188289957743,37882.8975322176,49137.56834359574,5.0,6.0,11.0,14.0
2015-03-28,42879.997252363755,29141.188289957743,37882.8975322176,49137.56834359574,5.0,6.0,11.0,14.0
2015-03-29,42879.997252363755,29141.188289957743,37882.8975322176,49137.56834359574,5.0,6.0,11.0,14.0
2015-03-30,41662.5032525499,28403.1843256633,36894.25575795262,47800.19614240514,5.0,6.0,11.0,14.0
2015-03-31,41749.4673466369,28455.899038177115,36964.873219959554,47895.722988493464,5.0,6.0,11.0,14.0
2015-04-01,41749.4673466369,28455.899038177115,36964.873219959554,47895.722988493464,5.0,6.0,11.0,14.0
2015-04-02,42966.959687748626,29193.90199702205,37953.51364730847,49233.093367661044,5.0,6.0,11.0,14.0
2015-04-03,42943.884672386586,29143.255199891522,37934.65699898039,48135.42737554698,5.0,6.0,11.0,14.0
2015-04-04,42943.884672386586,29143.255199891522,37934.65699898039,48135.42737554698,5.0,6.0,11.0,14.0
2015-04-05,42943.884672386586,29143.255199891522,37934.65699898039,48135.42737554698,5.0,6.0,11.0,14.0
2015-04-06,42201.47665835074,28694.025056013306,37331.8019191175,47343.10536586696,5.0,6.0,11.0,14.0
2015-04-07,42289.396141404635,28747.2250232487,37403.194880906565,47436.9359013492,5.0,6.0,11.0,14.0
2015-04-08,42816.91136280339,29066.42381195609,37831.55128993352,47999.91732457407,5.0,6.0,11.0,14.0
2015-04-09,42728.99187974948,29013.2238447207,37760.158328144455,47906.08678909183,5.0,6.0,11.0,14.0
2015-04-10,45575.75990555421,30732.65404289691,40075.744582520136,50848.05974235677,5.0,6.0,11.0,14.0
2015-04-11,45575.75990555421,30732.65404289691,40075.744582520136,50848.05974235677,5.0,6.0,11.0,14.0
2015-04-12,45575.75990555421,30732.65404289691,40075.744582520136,50848.05974235677,5.0,6.0,11.0,14.0
2015-04-13,47335.730906143945,31797.46050083343,41505.075238427875,52721.778609205314,5.0,6.0,11.0,14.0
2015-04-14,48567.71194930808,32542.825833771836,42505.60778805603,54033.38324553334,5.0,6.0,11.0,14.0
2015-04-15,48215.71640643881,32329.863729801684,42219.74056638173,53658.63804262957,5.0,6.0,11.0,14.0
2015-04-16,47511.728677578576,31903.941552818505,41648.00884926502,52909.15121065719,5.0,6.0,11.0,14.0
2015-04-17,47287.74126533662,31687.23651247089,41382.65399722131,52435.43245131282,5.0,6.0,11.0,14.0
2015-04-18,47287.74126533662,31687.23651247089,41382.65399722131,52435.43245131282,5.0,6.0,11.0,14.0
2015-04-19,47287.74126533662,31687.23651247089,41382.65399722131,52435.43245131282,5.0,6.0,11.0,14.0
2015-04-20,48082.35759517081,32166.322301141525,42026.27388997536,53276.57227267401,5.0,6.0,11.0,14.0
2015-04-21,48700.393453937526,32538.94514528289,42526.86789767791,53930.79312407074,5.0,6.0,11.0,14.0
2015-04-22,46934.57863918943,31474.309608096777,41096.600863109394,52061.59272877543,5.0,6.0,11.0,14.0
2015-04-23,47199.45018779676,31634.004532548468,41311.14037269109,52341.97207502638,5.0,6.0,11.0,14.0
2015-04-24,46375.1145219003,31098.984724643433,40683.72917278472,51550.216364238484,5.0,6.0,11.0,14.0
2015-04-25,46375.1145219003,31098.984724643433,40683.72917278472,51550.216364238484,5.0,6.0,11.0,14.0
2015-04-26,46375.1145219003,31098.984724643433,40683.72917278472,51550.216364238484,5.0,6.0,11.0,14.0
2015-04-27,45581.12299660445,30621.074864970404,40039.76851653479,50708.03831590129,5.0,6.0,11.0,14.0
2015-04-28,45757.564622954575,30727.27649332916,40182.87012640637,50895.188001749186,5.0,6.0,11.0,14.0
2015-04-29,44346.023198713,29877.658402341844,39038.050423778106,49397.98159092269,5.0,6.0,11.0,14.0
2015-04-30,45051.79475217784,30302.467954247226,39610.4609574578,50146.58568874029,5.0,6.0,11.0,14.0
2015-05-01,44326.435922499346,30102.769505996574,39292.716551217934,49496.026500923246,5.0,6.0,11.0,14.0
2015-05-02,44326.435922499346,30102.769505996574,39292.716551217934,49496.026500923246,5.0,6.0,11.0,14.0
2015-05-03,44326.435922499346,30102.769505996574,39292.716551217934,49496.026500923246,5.0,6.0,11.0,14.0
2015-05-04,44238.69580843795,30049.376092029466,39220.89101396864,49402.66965191798,5.0,6.0,11.0,14.0
2015-05-05,44150.955694376564,29995.982678062355,39149.06547671936,49309.31280291271,5.0,6.0,11.0,14.0
2015-05-06,43536.77824295379,29622.230817081927,38646.2894558907,48655.8184211434,5.0,6.0,11.0,14.0
2015-05-07,43098.07934615031,29355.26476564105,38287.16313960243,48189.03595675084,5.0,6.0,11.0,14.0
2015-05-08,43219.78707320325,30582.6672958211,38552.23841676798,48404.008174291455,5.0,6.0,11.0,14.0
2015-05-09,43219.78707320325,30582.6672958211,38552.23841676798,48404.008174291455,5.0,6.0,11.0,14.0
2015-05-10,43219.78707320325,30582.6672958211,38552.23841676798,48404.008174291455,5.0,6.0,11.0,14.0
2015-05-11,42699.43284574327,30248.671225562466,38123.78037351774,47849.058148455006,5.0,6.0,11.0,14.0
2015-05-12,42872.883152122944,30360.002541152517,38266.59881324744,48034.04031430882,5.0,6.0,11.0,14.0
2015-05-13,43133.061092933174,30527.001107153956,38480.82851588784,48311.51620929579,5.0,6.0,11.0,14.0
2015-05-14,44607.39614088256,31473.322067518468,39694.79138272786,49883.87255767199,5.0,6.0,11.0,14.0
2015-05-15,46664.44985569755,31846.948276401356,41453.475772599195,52347.838413964695,5.0,6.0,11.0,14.0
2015-05-16,46664.44985569755,31846.948276401356,41453.475772599195,52347.838413964695,5.0,6.0,11.0,14.0
2015-05-17,46664.44985569755,31846.948276401356,41453.475772599195,52347.838413964695,5.0,6.0,11.0,14.0
2015-05-18,45880.849512109526,31363.477844931924,40806.925106322866,51506.57780107276,5.0,6.0,11.0,14.0
2015-05-19,45271.38165561533,30987.44471789578,40304.05160465234,50852.26300056548,5.0,6.0,11.0,14.0
2015-05-20,45619.64829046931,31202.320351370214,40591.407304084045,51226.15640819919,5.0,6.0,11.0,14.0
2015-05-21,46054.981999203366,31470.915149365224,40950.602270928684,51693.523613457415,5.0,6.0,11.0,14.0
2015-05-22,48123.43477624971,32945.109272015274,42805.26510468336,54189.35473023902,5.0,6.0,11.0,14.0
2015-05-23,48123.43477624971,32945.109272015274,42805.26510468336,54189.35473023902,5.0,6.0,11.0,14.0
2015-05-24,48123.43477624971,32945.109272015274,42805.26510468336,54189.35473023902,5.0,6.0,11.0,14.0
2015-05-25,48123.43477624971,32945.109272015274,42805.26510468336,54189.35473023902,5.0,6.0,11.0,14.0
2015-05-26,46910.49503699483,32190.66510815532,41799.92315688726,52878.71570034594,5.0,6.0,11.0,14.0
2015-05-27,48123.43477624971,32945.109272015274,42805.26510468336,54189.35473023902,5.0,6.0,11.0,14.0
2015-05-28,48729.905472127,33322.33186786968,43307.93676341645,54844.67513798778,5.0,6.0,11.0,14.0
2015-05-29,46854.623749875325,31595.87001329971,41367.036741916934,50464.81497375591,5.0,6.0,11.0,14.0
2015-05-30,46854.623749875325,31595.87001329971,41367.036741916934,50464.81497375591,5.0,6.0,11.0,14.0
2015-05-31,46854.623749875325,31595.87001329971,41367.036741916934,50464.81497375591,5.0,6.0,11.0,14.0
2015-06-01,46747.97131701016,31453.136317388755,41174.62525676649,50225.337782702176,6.0,6.0,11.0,14.0
2015-06-02,48072.17806368805,32254.691043047213,42255.15732180538,51570.17841722396,6.0,6.0,11.0,14.0
2015-06-03,47788.420119431714,32082.92970613181,42023.61526219295,51281.99893561232,6.0,6.0,11.0,14.0
2015-06-04,46464.213372753824,31281.37498047335,40943.08319715405,49937.15830109053,6.0,6.0,11.0,14.0
2015-06-05,46815.066291056515,31595.78888837048,40557.619524056565,50376.26595784733,6.0,6.0,11.0,14.0
2015-06-06,46815.066291056515,31595.78888837048,40557.619524056565,50376.26595784733,6.0,6.0,11.0,14.0
2015-06-07,46815.066291056515,31595.78888837048,40557.619524056565,50376.26595784733,6.0,6.0,11.0,14.0
2015-06-08,47005.04339177839,31711.291177850024,40709.29768902306,50569.6149442973,6.0,6.0,11.0,14.0
2015-06-09,47195.02049250027,31826.79346732956,40860.97585398956,50762.96393074728,6.0,6.0,11.0,14.0
2015-06-10,48429.866211924775,32577.55504441219,41846.87958674129,52019.72681093436,6.0,6.0,11.0,14.0
2015-06-11,48144.90237259786,32404.30271170434,41619.36378580172,51729.70517517196,6.0,6.0,11.0,14.0
2015-06-12,48772.949817894696,32846.73467254649,42285.92154931184,52581.678697877316,6.0,6.0,11.0,14.0
2015-06-13,48772.949817894696,32846.73467254649,42285.92154931184,52581.678697877316,6.0,6.0,11.0,14.0
2015-06-14,48772.949817894696,32846.73467254649,42285.92154931184,52581.678697877316,6.0,6.0,11.0,14.0
2015-06-15,47352.78926685903,31981.162947159133,41146.22352003266,51128.78832061899,6.0,6.0,11.0,14.0
2015-06-16,46595.37102863768,31519.52513387175,40538.38515076416,50353.91419172612,6.0,6.0,11.0,14.0
2015-06-17,46121.984178292456,31231.001225409298,40158.485807671095,49869.617399306684,6.0,6.0,11.0,14.0
2015-06-18,46595.37102863768,31519.52513387175,40538.38515076416,50353.91419172612,6.0,6.0,11.0,14.0
2015-06-19,46927.83127371977,31719.080689656923,40804.88255407709,50268.272146633135,6.0,6.0,11.0,14.0
2015-06-20,46927.83127371977,31719.080689656923,40804.88255407709,50268.272146633135,6.0,6.0,11.0,14.0
2015-06-21,46927.83127371977,31719.080689656923,40804.88255407709,50268.272146633135,6.0,6.0,11.0,14.0
2015-06-22,47402.99264092878,32008.648013772116,41186.20217114346,50749.10488878231,6.0,6.0,11.0,14.0
2015-06-23,47498.02527688994,32066.561699517486,41262.466385480504,50845.27180405843,6.0,6.0,11.0,14.0
2015-06-24,47498.02527688994,32066.561699517486,41262.466385480504,50845.27180405843,6.0,6.0,11.0,14.0
2015-06-25,46262.60644718521,31313.68709866268,40271.03596295553,49595.10740816307,6.0,6.0,11.0,14.0
2015-06-26,46192.31905292233,31370.910438286453,40296.262540184885,49853.11547744612,6.0,6.0,11.0,14.0
2015-06-27,46192.31905292233,31370.910438286453,40296.262540184885,49853.11547744612,6.0,6.0,11.0,14.0
2015-06-28,46192.31905292233,31370.910438286453,40296.262540184885,49853.11547744612,6.0,6.0,11.0,14.0
2015-06-29,45056.92702426559,30675.970344753343,39382.63810473326,48694.22881635418,6.0,6.0,11.0,14.0
2015-06-30,43921.5331909501,29981.029146641642,38469.012217113326,47535.34031325972,6.0,6.0,11.0,14.0
2015-07-01,31009.69500126818,21381.123756598594,29534.592907645958,36961.14591124819,7.0,10.0,15.0,20.0
2015-07-02,30026.229991420838,20809.77108351523,28679.323889645642,35842.97324375491,7.0,10.0,15.0,20.0
2015-07-03,30058.49676637895,20859.397343356824,28739.91301550709,35888.22323634586,7.0,10.0,15.0,20.0
2015-07-04,30058.49676637895,20859.397343356824,28739.91301550709,35888.22323634586,7.0,10.0,15.0,20.0
2015-07-05,30058.49676637895,20859.397343356824,28739.91301550709,35888.22323634586,7.0,10.0,15.0,20.0
2015-07-06,30061.577130295784,20861.19134255933,28742.596521069252,35891.72675516936,7.0,10.0,15.0,20.0
2015-07-07,29772.62562398518,20692.906430165724,28490.87205106639,35563.08148182888,7.0,10.0,15.0,20.0
2015-07-08,29021.351046220097,20255.36527276875,27836.38785290737,34708.60301893429,7.0,10.0,15.0,20.0
2015-07-09,29541.46353712668,20558.27798668604,28289.491706861983,35300.16426021072,7.0,10.0,15.0,20.0
2015-07-10,30123.30817212598,20820.579356030506,28724.365967442165,35741.462951137255,7.0,10.0,15.0,20.0
2015-07-11,30123.30817212598,20820.579356030506,28724.365967442165,35741.462951137255,7.0,10.0,15.0,20.0
2015-07-12,30123.30817212598,20820.579356030506,28724.365967442165,35741.462951137255,7.0,10.0,15.0,20.0
2015-07-13,29890.85585569429,20686.026696197452,28522.639612476323,35479.46030868047,7.0,10.0,15.0,20.0
2015-07-14,30181.42152833892,20854.217681388196,28774.797796660412,35806.96392408324,7.0,10.0,15.0,20.0
2015-07-15,30995.005190059885,21325.152311602724,29480.84051999443,36723.97379734555,7.0,10.0,15.0,20.0
2015-07-16,30762.552873628192,21190.59965176967,29279.114165028594,36461.97115488877,7.0,10.0,15.0,20.0
2015-07-17,30828.157539211636,21200.886329523953,29215.543450560494,36479.66935606008,7.0,10.0,15.0,20.0
2015-07-18,30828.157539211636,21200.886329523953,29215.543450560494,36479.66935606008,7.0,10.0,15.0,20.0
2015-07-19,30828.157539211636,21200.886329523953,29215.543450560494,36479.66935606008,7.0,10.0,15.0,20.0
2015-07-20,32052.146327807426,21907.854598391175,30271.105245114653,37856.158451347146,7.0,10.0,15.0,20.0
2015-07-21,33567.56234190508,22783.149409979593,31577.992417808575,39560.38453386044,7.0,10.0,15.0,20.0
2015-07-22,35665.830583601644,23995.09602278568,33387.5284293289,41920.082090400945,7.0,10.0,15.0,20.0
2015-07-23,34558.41157350419,23355.457728894577,32432.495827304072,40674.68653979176,7.0,10.0,15.0,20.0
2015-07-24,34198.6016647185,23502.333064760453,32258.061203258534,40269.287916229936,7.0,10.0,15.0,20.0
2015-07-25,34198.6016647185,23502.333064760453,32258.061203258534,40269.287916229936,7.0,10.0,15.0,20.0
2015-07-26,34198.6016647185,23502.333064760453,32258.061203258534,40269.287916229936,7.0,10.0,15.0,20.0
2015-07-27,33792.61425173533,23262.210016188306,31905.784234874067,39812.7293968528,7.0,10.0,15.0,20.0
2015-07-28,34140.60330483138,23468.02967863834,32207.735784935394,40204.06509288723,7.0,10.0,15.0,20.0
2015-07-29,35242.567717779944,24119.791397827874,33163.91489356501,41443.29376031128,7.0,10.0,15.0,20.0
2015-07-30,34488.592357927424,23673.849341088364,32509.68733499672,40595.40078892163,7.0,10.0,15.0,20.0
2015-07-31,34402.00268366453,23292.30973870515,32239.67160158148,39823.82811705241,7.0,10.0,15.0,20.0
2015-08-01,34402.00268366453,23292.30973870515,32878.65959684412,39823.82811705241,7.0,10.0,14.0,20.0
2015-08-02,34402.00268366453,23292.30973870515,32878.65959684412,39823.82811705241,7.0,10.0,14.0,20.0
2015-08-03,33570.75761995897,22811.311456709533,32143.07274408279,38910.76757078682,7.0,10.0,14.0,20.0
2015-08-04,33570.75761995897,22811.311456709533,32143.07274408279,38910.76757078682,7.0,10.0,14.0,20.0
2015-08-05,32864.649322347126,22402.72331239009,31518.222139817506,38135.160404993745,7.0,10.0,14.0,20.0
2015-08-06,33276.54601634207,22641.066504815255,31882.718491167703,38587.59812383864,7.0,10.0,14.0,20.0
2015-08-07,32731.00275417606,22354.27725614397,31586.031887259865,37861.602564979694,7.0,10.0,14.0,20.0
2015-08-08,32731.00275417606,22354.27725614397,31586.031887259865,37861.602564979694,7.0,10.0,14.0,20.0
2015-08-09,32731.00275417606,22354.27725614397,31586.031887259865,37861.602564979694,7.0,10.0,14.0,20.0
2015-08-10,31731.344351049294,21774.629790535106,30693.701301073183,36768.80543491746,7.0,10.0,14.0,20.0
2015-08-11,31554.93457242034,21672.339367355497,30536.23166876612,36575.95945953462,7.0,10.0,14.0,20.0
2015-08-12,30849.293214732505,21263.17637394375,29906.351137202866,35804.57310583367,7.0,10.0,14.0,20.0
2015-08-13,31437.32730561037,21604.145318337985,30431.251246449745,36447.3946585562,7.0,10.0,14.0,20.0
2015-08-14,31220.611977718756,21546.832104326648,30054.56039322236,35769.53120083606,7.0,10.0,14.0,20.0
2015-08-15,31220.611977718756,21546.832104326648,30054.56039322236,35769.53120083606,7.0,10.0,14.0,20.0
2015-08-16,31220.611977718756,21546.832104326648,30054.56039322236,35769.53120083606,7.0,10.0,14.0,20.0
2015-08-17,32228.96075321454,22134.566483611747,30946.476987174778,36852.16488373579,7.0,10.0,14.0,20.0
2015-08-18,32110.332084452584,22065.421611624435,30841.54615296492,36724.79685822687,7.0,10.0,14.0,20.0
2015-08-19,31398.555546530475,21650.54974201794,30211.957144889217,35960.583846440975,7.0,10.0,14.0,20.0
2015-08-20,30508.83543979664,21131.960234720154,29424.971385146648,35005.31818905017,7.0,10.0,14.0,20.0
2015-08-21,30405.791951891453,20988.277493461614,29022.363925891426,34680.9044072622,7.0,10.0,14.0,20.0
2015-08-22,30405.791951891453,20988.277493461614,29022.363925891426,34680.9044072622,7.0,10.0,14.0,20.0
2015-08-23,30405.791951891453,20988.277493461614,29022.363925891426,34680.9044072622,7.0,10.0,14.0,20.0
2015-08-24,29627.794173793045,20537.79200929631,28345.316836725557,33853.221852906485,7.0,10.0,14.0,20.0
2015-08-25,30226.254354321725,20884.319508176926,28866.122595578734,34489.901114524524,7.0,10.0,14.0,20.0
2015-08-26,37131.5687381514,24882.71639449766,34875.42382362888,41836.20518984855,7.0,10.0,14.0,20.0
2015-08-27,37608.22484198632,25158.71545485648,35290.23044225877,42343.30167865295,7.0,10.0,14.0,20.0
2015-08-28,39202.43313651677,25826.489993007723,36495.64804847063,43941.077303039165,7.0,10.0,14.0,20.0
2015-08-29,39202.43313651677,25826.489993007723,36495.64804847063,43941.077303039165,7.0,10.0,14.0,20.0
2015-08-30,39202.43313651677,25826.489993007723,36495.64804847063,43941.077303039165,7.0,10.0,14.0,20.0
2015-08-31,38819.050487831344,25607.698742348963,36164.291816265526,43534.44203311423,7.0,10.0,14.0,20.0
2015-09-01,37896.42231486208,25081.167422924053,36931.019367194276,42555.85534578729,7.0,10.0,12.0,20.0
2015-09-02,38762.929426471856,25575.671217772033,37726.21465043397,43474.91716152018,7.0,10.0,12.0,20.0
2015-09-03,39340.601446334615,25905.340763667547,38256.34540100683,44087.62568792433,7.0,10.0,12.0,20.0
2015-09-04,39735.31790614693,25737.100634521757,38088.218280997375,44156.683158229214,7.0,10.0,12.0,20.0
2015-09-05,39735.31790614693,25737.100634521757,38088.218280997375,44156.683158229214,7.0,10.0,12.0,20.0
2015-09-06,39735.31790614693,25737.100634521757,38088.218280997375,44156.683158229214,7.0,10.0,12.0,20.0
2015-09-07,39735.31790614693,25737.100634521757,38088.218280997375,44156.683158229214,7.0,10.0,12.0,20.0
2015-09-08,39832.8334589327,25791.518666980784,38176.046974481666,44259.017915409095,7.0,10.0,12.0,20.0
2015-09-09,39247.74200217257,25465.01151016424,37649.07648876891,43645.01132420301,7.0,10.0,12.0,20.0
2015-09-10,39540.28680057539,25628.26456960369,37912.560894028786,43952.013643869475,7.0,10.0,12.0,20.0
2015-09-11,39826.994251939715,25460.14716911678,38145.975993555774,44017.86728220958,7.0,10.0,12.0,20.0
2015-09-12,39826.994251939715,25460.14716911678,38145.975993555774,44017.86728220958,7.0,10.0,12.0,20.0
2015-09-13,39826.994251939715,25460.14716911678,38145.975993555774,44017.86728220958,7.0,10.0,12.0,20.0
2015-09-14,38944.00691305178,24976.681121598533,37351.40335201449,43097.890199458445,7.0,10.0,12.0,20.0
2015-09-15,39434.555642577834,25245.273484064066,37792.832784417384,43608.988795396464,7.0,10.0,12.0,20.0
2015-09-16,40611.873341958366,25889.895563820766,38852.26409575221,44835.62620552227,7.0,10.0,12.0,20.0
2015-09-17,41691.079049879765,26480.79794156608,39823.40749990286,45960.04155683675,7.0,10.0,12.0,20.0
2015-09-18,41745.11349375709,26520.268475532008,40172.77379971616,46147.97863139328,7.0,10.0,12.0,20.0
2015-09-19,41745.11349375709,26520.268475532008,40172.77379971616,46147.97863139328,7.0,10.0,12.0,20.0
2015-09-20,41745.11349375709,26520.268475532008,40172.77379971616,46147.97863139328,7.0,10.0,12.0,20.0
2015-09-21,41647.42255235027,26466.750171491367,40083.978161907406,46045.80717528042,7.0,10.0,12.0,20.0
2015-09-22,41354.35159142949,26306.19628014617,39817.59294211703,45739.294755700306,7.0,10.0,12.0,20.0
2015-09-23,40182.06402114693,25663.9786732119,38752.048675683705,44513.241179862955,7.0,10.0,12.0,20.0
2015-09-24,39791.302118819316,25449.906477826058,38396.86781808457,44104.55730416998,7.0,10.0,12.0,20.0
2015-09-25,37507.10855477422,25079.98241499942,37625.69733731146,43331.139047282515,7.0,10.0,12.0,20.0
2015-09-26,37507.10855477422,25079.98241499942,37625.69733731146,43331.139047282515,7.0,10.0,12.0,20.0
2015-09-27,37507.10855477422,25079.98241499942,37625.69733731146,43331.139047282515,7.0,10.0,12.0,20.0
2015-09-28,36850.74845446394,24700.387433149415,36999.462101496574,42607.98290163105,7.0,10.0,12.0,20.0
2015-09-29,36663.215975265404,24591.931133011738,36820.536773344655,42401.36573404643,7.0,10.0,12.0,20.0
2015-09-30,38444.76737388229,25622.26184705595,38520.320565354225,44364.2209443109,7.0,10.0,12.0,20.0
2015-10-01,38726.06609268008,25784.946297262468,38788.7085575821,44674.14669568783,7.0,10.0,12.0,20.0
2015-10-02,40190.87525953124,26703.81518512383,40359.211929073725,46453.99274451696,7.0,10.0,12.0,20.0
2015-10-03,40190.87525953124,26703.81518512383,40359.211929073725,46453.99274451696,7.0,10.0,12.0,20.0
2015-10-04,40190.87525953124,26703.81518512383,40359.211929073725,46453.99274451696,7.0,10.0,12.0,20.0
2015-10-05,41498.24856579099,27462.88176834017,41613.739175340015,47901.284267921226,7.0,10.0,12.0,20.0
2015-10-06,42432.08689614157,28005.072332658478,42509.83030969568,48935.06420917839,7.0,10.0,12.0,20.0
2015-10-07,41591.63275505711,27517.10103160129,41703.34863060722,48004.6626564027,7.0,10.0,12.0,20.0
2015-10-08,42899.00606131685,28276.16761481763,42957.87587687352,49451.954179806955,7.0,10.0,12.0,20.0
2015-10-09,42800.97733663914,28298.97786429824,42643.93052818579,49462.9367661683,7.0,10.0,12.0,20.0
2015-10-10,42800.97733663914,28298.97786429824,42643.93052818579,49462.9367661683,7.0,10.0,12.0,20.0
2015-10-11,42800.97733663914,28298.97786429824,42643.93052818579,49462.9367661683,7.0,10.0,12.0,20.0
2015-10-12,43267.8330625859,28571.124867145354,43088.913065922774,49981.38815578853,7.0,10.0,12.0,20.0
2015-10-13,43361.20278304464,28625.553437188042,43177.90821549125,50085.07685152451,7.0,10.0,12.0,20.0
2015-10-14,43267.8330625859,28571.124867145354,43088.913065922774,49981.38815578853,7.0,10.0,12.0,20.0
2015-10-15,43828.05850899142,28897.700440035158,43622.89075322824,50603.52824114473,7.0,10.0,12.0,20.0
2015-10-16,43430.04957616393,29078.91434344807,43900.81925291039,51006.23080079751,7.0,10.0,12.0,20.0
2015-10-17,43430.04957616393,29078.91434344807,43900.81925291039,51006.23080079751,7.0,10.0,12.0,20.0
2015-10-18,43430.04957616393,29078.91434344807,43900.81925291039,51006.23080079751,7.0,10.0,12.0,20.0
2015-10-19,41409.80896987603,27877.269345061814,41937.097533466076,48713.712029018796,7.0,10.0,12.0,20.0
2015-10-20,41868.954402986834,28150.370386349798,42383.39776947612,49234.73884191763,7.0,10.0,12.0,20.0
2015-10-21,41501.63840679836,27931.889761678973,42026.35792116815,48817.91778911049,7.0,10.0,12.0,20.0
2015-10-22,41593.46784372068,27986.510178296136,42115.61830887022,48922.123549202166,7.0,10.0,12.0,20.0
2015-10-23,41347.852549370735,27786.992038585217,41770.9379057196,48426.933092200576,7.0,10.0,12.0,20.0
2015-10-24,41347.852549370735,27786.992038585217,41770.9379057196,48426.933092200576,7.0,10.0,12.0,20.0
2015-10-25,41347.852549370735,27786.992038585217,41770.9379057196,48426.933092200576,7.0,10.0,12.0,20.0
2015-10-26,41071.3363633876,27622.9706329743,41503.05235564462,48114.97771417473,7.0,10.0,12.0,20.0
2015-10-27,40426.1354454987,27240.256105514265,40877.989478464275,47387.08579881707,7.0,10.0,12.0,20.0
2015-10-28,41532.19491532362,27896.33859950977,41949.526569272275,48634.90136086649,7.0,10.0,12.0,20.0
2015-10-29,40886.99399743471,27513.62407204974,41324.46369209193,47907.00944550881,7.0,10.0,12.0,20.0
2015-10-30,42766.9816222408,28189.645797947443,42565.96978771807,49385.86731928711,7.0,10.0,12.0,20.0
2015-10-31,42766.9816222408,28189.645797947443,42565.96978771807,49385.86731928711,7.0,10.0,12.0,20.0
2015-11-01,42766.9816222408,28189.645797947443,42565.96978771807,49385.86731928711,7.0,10.0,12.0,20.0
2015-11-02,43328.184350216856,28515.320401851997,43100.130487638715,50008.446749617804,7.0,10.0,12.0,20.0
2015-11-03,44357.053936822966,29112.389301170806,44079.42312310148,51149.84006291109,7.0,10.0,12.0,20.0
2015-11-04,43141.116179553406,28406.761855453467,42922.07635498181,49800.91961313242,7.0,10.0,12.0,20.0
2015-11-05,42766.9816222408,28189.645797947443,42565.96978771807,49385.86731928711,7.0,10.0,12.0,20.0
2015-11-06,43672.112038718464,30044.393344120042,43194.23933244174,49414.47415680227,7.0,10.0,12.0,20.0
2015-11-07,43672.112038718464,30044.393344120042,43194.23933244174,49414.47415680227,7.0,10.0,12.0,20.0
2015-11-08,43672.112038718464,30044.393344120042,43194.23933244174,49414.47415680227,7.0,10.0,12.0,20.0
2015-11-09,44234.32837589826,30391.973243142853,43725.624910170205,50022.53658186623,7.0,10.0,12.0,20.0
2015-11-10,43953.22020730836,30218.18329363145,43459.932121305974,49718.50536933425,7.0,10.0,12.0,20.0
2015-11-11,42360.27093989539,29233.371738184243,41954.33683568611,47995.6586100142,7.0,10.0,12.0,20.0
2015-11-12,41235.83469105152,28538.209730279515,40891.5623017621,46779.52989391967,7.0,10.0,12.0,20.0
2015-11-13,41601.750096799165,28247.777098625367,41351.66670444246,48062.78680614167,7.0,10.0,12.0,20.0
2015-11-14,41601.750096799165,28247.777098625367,41351.66670444246,48062.78680614167,7.0,10.0,12.0,20.0
2015-11-15,41601.750096799165,28247.777098625367,41351.66670444246,48062.78680614167,7.0,10.0,12.0,20.0
2015-11-16,42533.237598794345,28809.065705955607,42235.29909533291,49095.289108689045,7.0,10.0,12.0,20.0
2015-11-17,41136.00634580158,27967.132794960246,40909.85050899723,47546.535654867985,7.0,10.0,12.0,20.0
2015-11-18,40297.66794934019,27461.973262477644,40114.58169427483,46617.283976443694,7.0,10.0,12.0,20.0
2015-11-19,40018.220632738776,27293.58603793473,39849.49096577067,46307.53210407435,7.0,10.0,12.0,20.0
2015-11-20,40039.61719839487,27370.152989738897,39734.838670685385,46330.0662253324,7.0,10.0,12.0,20.0
2015-11-21,40039.61719839487,27370.152989738897,39734.838670685385,46330.0662253324,7.0,10.0,12.0,20.0
2015-11-22,40039.61719839487,27370.152989738897,39734.838670685385,46330.0662253324,7.0,10.0,12.0,20.0
2015-11-23,40039.61719839487,27370.152989738897,39734.838670685385,46330.0662253324,7.0,10.0,12.0,20.0
2015-11-24,41530.967070694416,28271.820370156398,41143.167470792556,47983.08883492421,7.0,10.0,12.0,20.0
2015-11-25,41530.967070694416,28271.820370156398,41143.167470792556,47983.08883492421,7.0,10.0,12.0,20.0
2015-11-26,41530.967070694416,28271.820370156398,41143.167470792556,47983.08883492421,7.0,10.0,12.0,20.0
2015-11-27,40489.61362212507,27949.415084849756,39782.213905469,46936.05868634614,7.0,10.0,12.0,20.0
2015-11-28,40489.61362212507,27949.415084849756,39782.213905469,46936.05868634614,7.0,10.0,12.0,20.0
2015-11-29,40489.61362212507,27949.415084849756,39782.213905469,46936.05868634614,7.0,10.0,12.0,20.0
2015-11-30,41048.604523019574,28292.766149426167,40303.466548239536,47557.527924701215,7.0,10.0,12.0,20.0
2015-12-01,40582.77758761498,28006.63953462154,39869.088241249585,47039.6355756703,7.0,10.0,12.0,20.0
2015-12-02,40489.61362212507,27949.415084849756,39782.213905469,46936.05868634614,7.0,10.0,12.0,20.0
2015-12-03,40023.78668672048,27663.288470045125,39347.83559847904,46418.166337315226,7.0,10.0,12.0,20.0
2015-12-04,41925.264042505994,28409.920491202523,40900.00037080751,48645.0844701695,7.0,10.0,12.0,20.0
2015-12-05,41925.264042505994,28409.920491202523,40900.00037080751,48645.0844701695,7.0,10.0,12.0,20.0
2015-12-06,41925.264042505994,28409.920491202523,40900.00037080751,48645.0844701695,7.0,10.0,12.0,20.0
2015-12-07,41083.457519586584,27903.49983362167,40120.60781146001,47706.33642346597,7.0,10.0,12.0,20.0
2015-12-08,40241.64921264583,27397.07810279508,39341.21360036364,46767.58638729515,7.0,10.0,12.0,20.0
2015-12-09,40709.31970138121,27678.423031811744,39774.20965019546,47289.11330096013,7.0,10.0,12.0,20.0
2015-12-10,40802.85415593255,27734.69223226423,39860.8091905116,47393.4190815866,7.0,10.0,12.0,20.0
2015-12-11,39701.814821478925,27132.87448859198,38767.214776860535,46114.89584486833,7.0,10.0,12.0,20.0
2015-12-12,39701.814821478925,27132.87448859198,38767.214776860535,46114.89584486833,7.0,10.0,12.0,20.0
2015-12-13,39701.814821478925,27132.87448859198,38767.214776860535,46114.89584486833,7.0,10.0,12.0,20.0
2015-12-14,39795.41181571179,27189.363590967427,38853.64889727575,46219.11878325186,7.0,10.0,12.0,20.0
2015-12-15,41012.19237846959,27923.733773914464,39977.31059755046,47574.03884941405,7.0,10.0,12.0,20.0
2015-12-16,41199.38815218354,28036.713056125922,40150.18048700606,47782.486714106206,7.0,10.0,12.0,20.0
2015-12-17,40263.40392786904,27471.813412686923,39285.82609385251,46740.24142686997,7.0,10.0,12.0,20.0
2015-12-18,41100.3661418815,27900.92847315995,40146.83722262973,47935.087241961606,7.0,10.0,12.0,20.0
2015-12-19,41100.3661418815,27900.92847315995,40146.83722262973,47935.087241961606,7.0,10.0,12.0,20.0
2015-12-20,41100.3661418815,27900.92847315995,40146.83722262973,47935.087241961606,7.0,10.0,12.0,20.0
2015-12-21,40167.2257296691,27339.92842577177,39282.578844651645,46888.45942172509,7.0,10.0,12.0,20.0
2015-12-22,39514.02850901487,26947.229034613643,38677.598969132225,46155.821145330025,7.0,10.0,12.0,20.0
2015-12-23,40167.2257296691,27339.92842577177,39282.578844651645,46888.45942172509,7.0,10.0,12.0,20.0
2015-12-24,40447.168921227276,27508.229082001828,39541.8573471103,47202.44896556653,7.0,10.0,12.0,20.0
2015-12-25,40363.86461168368,27282.7344945386,39828.07187962145,47423.79886105049,7.0,10.0,12.0,20.0
2015-12-26,40363.86461168368,27282.7344945386,39828.07187962145,47423.79886105049,7.0,10.0,12.0,20.0
2015-12-27,40363.86461168368,27282.7344945386,39828.07187962145,47423.79886105049,7.0,10.0,12.0,20.0
2015-12-28,39722.86702142509,26900.910227770033,39227.05635206673,46698.48986598185,7.0,10.0,12.0,20.0
2015-12-29,40001.33692905151,27066.786932944033,39488.15676957795,47013.58735141216,7.0,10.0,12.0,20.0
2015-12-30,40279.808607146435,27232.664692736405,39749.25884712516,47328.68684018345,7.0,10.0,12.0,20.0
2015-12-31,40558.278514772865,27398.54139791041,40010.35926463639,47643.784325613786,7.0,10.0,12.0,20.0
2016-01-01,40210.221716040665,26503.33869031665,38546.59651863798,46078.392048274734,6.0,10.0,12.0,21.0
2016-01-02,40210.221716040665,26503.33869031665,38546.59651863798,46078.392048274734,6.0,10.0,12.0,21.0
2016-01-03,40210.221716040665,26503.33869031665,38546.59651863798,46078.392048274734,6.0,10.0,12.0,21.0
2016-01-04,42334.78282295129,27734.160924845168,40463.29158792051,48413.45142670168,6.0,10.0,12.0,21.0
2016-01-05,40637.442635524785,26750.840635563774,38932.018348683756,46547.941364346036,6.0,10.0,12.0,21.0
2016-01-06,38840.256555209664,25709.676613478514,37310.6680907323,44572.6928304404,6.0,10.0,12.0,21.0
2016-01-07,36543.85434101146,24379.30165016872,35238.94476551173,42048.76659011621,6.0,10.0,12.0,21.0
2016-01-08,38161.06669980984,25474.49882493612,35758.122794062256,42747.2305012189,6.0,10.0,12.0,21.0
2016-01-09,38161.06669980984,25474.49882493612,35758.122794062256,42747.2305012189,6.0,10.0,12.0,21.0
2016-01-10,38161.06669980984,25474.49882493612,35758.122794062256,42747.2305012189,6.0,10.0,12.0,21.0
2016-01-11,36937.355887602665,24759.020609634932,34693.00082697948,41446.89271365562,6.0,10.0,12.0,21.0
2016-01-12,35101.79161432662,23685.80442390443,33095.31956932001,39496.388099140655,6.0,10.0,12.0,21.0
2016-01-13,35203.76783951634,23745.42779804974,33184.08001540435,39604.74992590925,6.0,10.0,12.0,21.0
2016-01-14,34999.8153891369,23626.181049759118,33006.55912323566,39388.02627237205,6.0,10.0,12.0,21.0
2016-01-15,33554.56048745528,22838.722162807047,32404.21207952711,38138.14921248159,6.0,10.0,12.0,21.0
2016-01-16,33554.56048745528,22838.722162807047,32404.21207952711,38138.14921248159,6.0,10.0,12.0,21.0
2016-01-17,33554.56048745528,22838.722162807047,32404.21207952711,38138.14921248159,6.0,10.0,12.0,21.0
2016-01-18,33554.56048745528,22838.722162807047,32404.21207952711,38138.14921248159,6.0,10.0,12.0,21.0
2016-01-19,34158.59514369288,23193.27988654797,32945.81445410503,38786.91841050235,6.0,10.0,12.0,21.0
2016-01-20,33453.889644893374,22779.630148106837,32313.946451852862,38030.02273146182,6.0,10.0,12.0,21.0
2016-01-21,35064.646167962674,23725.115908605392,33758.21715511865,39760.07117634327,6.0,10.0,12.0,21.0
2016-01-22,34886.24576444048,23601.884064564692,33568.90060127079,39794.12293102587,6.0,10.0,12.0,21.0
2016-01-23,34886.24576444048,23601.884064564692,33568.90060127079,39794.12293102587,6.0,10.0,12.0,21.0
2016-01-24,34886.24576444048,23601.884064564692,33568.90060127079,39794.12293102587,6.0,10.0,12.0,21.0
2016-01-25,33782.11016052261,22954.55258212402,32580.118630908924,38598.74835250682,6.0,10.0,12.0,21.0
2016-01-26,34685.493140266706,23484.187023232866,33389.12143775002,39576.78134485041,6.0,10.0,12.0,21.0
2016-01-27,34384.36611852497,23307.642583677305,33119.45440697004,39250.7710383102,6.0,10.0,12.0,21.0
2016-01-28,34986.62016200843,23660.731462788423,33658.78846852999,39902.79165139061,6.0,10.0,12.0,21.0
2016-01-29,35150.98855898594,23480.84186376563,33806.6573722644,39868.40432321223,6.0,10.0,12.0,21.0
2016-01-30,35150.98855898594,23480.84186376563,33806.6573722644,39868.40432321223,6.0,10.0,12.0,21.0
2016-01-31,35150.98855898594,23480.84186376563,33806.6573722644,39868.40432321223,6.0,10.0,12.0,21.0
2016-02-01,34140.98430672631,22899.193570017596,32902.146899715946,38783.00703895553,6.0,10.0,12.0,21.0
2016-02-02,32625.977928336833,22026.72112939554,31545.381190893248,37154.91111257048,6.0,10.0,12.0,21.0
2016-02-03,33332.98167549068,22433.8753787816,32178.539211763902,37914.690039642584,6.0,10.0,12.0,21.0
2016-02-04,33211.780317590215,22364.07709539316,32069.997195962686,37784.441454630134,6.0,10.0,12.0,21.0
2016-02-05,31891.277769064378,21450.68157813176,30880.89050297143,36153.39033889826,6.0,10.0,12.0,21.0
2016-02-06,31891.277769064378,21450.68157813176,30880.89050297143,36153.39033889826,6.0,10.0,12.0,21.0
2016-02-07,31891.277769064378,21450.68157813176,30880.89050297143,36153.39033889826,6.0,10.0,12.0,21.0
2016-02-08,30265.93948314218,20525.32786588229,29425.771914413377,34421.49852343983,6.0,10.0,12.0,21.0
2016-02-09,29717.38701240251,20213.02053296632,28934.668675237634,33836.984184085246,6.0,10.0,12.0,21.0
2016-02-10,29818.971018563985,20270.855346814533,29025.613912266777,33945.22780965929,6.0,10.0,12.0,21.0
2016-02-11,29900.2378359824,20317.12297727164,29098.369754962874,34031.82229720344,6.0,10.0,12.0,21.0
2016-02-12,30130.597467032305,20731.052457861606,29849.69107182947,34940.28950193292,6.0,10.0,12.0,21.0
2016-02-13,30130.597467032305,20731.052457861606,29849.69107182947,34940.28950193292,6.0,10.0,12.0,21.0
2016-02-14,30130.597467032305,20731.052457861606,29849.69107182947,34940.28950193292,6.0,10.0,12.0,21.0
2016-02-15,30130.597467032305,20731.052457861606,29849.69107182947,34940.28950193292,6.0,10.0,12.0,21.0
2016-02-16,30468.449860282446,20927.832537231236,30160.701066905316,35310.67877218384,6.0,10.0,12.0,21.0
2016-02-17,31402.51057545632,21471.87054122395,31020.55058767427,36334.69421080518,6.0,10.0,12.0,21.0
2016-02-18,30428.70162799418,20904.68142017315,30124.110834676016,35267.102586118126,6.0,10.0,12.0,21.0
2016-02-19,30961.652010748414,21203.79759448701,30768.463315997884,36134.3430727313,6.0,10.0,12.0,21.0
2016-02-20,30961.652010748414,21203.79759448701,30768.463315997884,36134.3430727313,6.0,10.0,12.0,21.0
2016-02-21,30961.652010748414,21203.79759448701,30768.463315997884,36134.3430727313,6.0,10.0,12.0,21.0
2016-02-22,31672.571286075832,21617.509569573795,31427.780755740812,36922.710353055234,6.0,10.0,12.0,21.0
2016-02-23,30941.90378227675,21192.305321188167,30750.148506022582,36112.44345949567,6.0,10.0,12.0,21.0
2016-02-24,31198.62510252422,21341.701586182604,30988.235795912187,36397.13216617262,6.0,10.0,12.0,21.0
2016-02-25,31040.643041340347,21249.765591718875,30841.720809302653,36221.93943721174,6.0,10.0,12.0,21.0
2016-02-26,30257.145996913274,21309.012839933188,30745.586219945584,36129.49868265997,6.0,10.0,12.0,21.0
2016-02-27,30257.145996913274,21309.012839933188,30745.586219945584,36129.49868265997,6.0,10.0,12.0,21.0
2016-02-28,30257.145996913274,21309.012839933188,30745.586219945584,36129.49868265997,6.0,10.0,12.0,21.0
2016-02-29,32434.229562686494,22627.656041930142,32827.932202930904,38621.68689538373,6.0,10.0,12.0,21.0
2016-03-01,31431.88073156078,21922.521530508024,31714.413386695775,37289.00803647056,8.0,10.0,12.0,21.0
2016-03-02,31129.04107314048,21740.39208930802,31426.802219632646,36944.789944828146,8.0,10.0,12.0,21.0
2016-03-03,31417.459467996163,21913.848503044832,31700.717305852253,37272.61632658294,8.0,10.0,12.0,21.0
2016-03-04,32849.099852983185,22790.088698863197,32685.834892073737,38834.583917000855,8.0,10.0,12.0,21.0
2016-03-05,32849.099852983185,22790.088698863197,32685.834892073737,38834.583917000855,8.0,10.0,12.0,21.0
2016-03-06,32849.099852983185,22790.088698863197,32685.834892073737,38834.583917000855,8.0,10.0,12.0,21.0
2016-03-07,32617.22555479099,22650.492648130745,32469.197094536543,38571.6509513239,8.0,10.0,12.0,21.0
2016-03-08,31356.408021811058,21891.438498229476,31291.228101980654,37141.95177505238,8.0,10.0,12.0,21.0
2016-03-09,31052.072659913843,21708.218473628607,31006.89066989729,36796.851865800345,8.0,10.0,12.0,21.0
2016-03-10,30878.166936269703,21603.521435579267,30844.41232174438,36599.652141542625,8.0,10.0,12.0,21.0
2016-03-11,32208.05202280304,22564.726128229195,32274.211099256172,38415.807008744676,8.0,10.0,12.0,21.0
2016-03-12,32208.05202280304,22564.726128229195,32274.211099256172,38415.807008744676,8.0,10.0,12.0,21.0
2016-03-13,32208.05202280304,22564.726128229195,32274.211099256172,38415.807008744676,8.0,10.0,12.0,21.0
2016-03-14,32150.5499528069,22529.717405456784,32220.031919581954,38349.853261877004,8.0,10.0,12.0,21.0
2016-03-15,31676.157532599416,22240.895233915948,31773.053364336247,37805.734457103405,8.0,10.0,12.0,21.0
2016-03-16,32035.545812814627,22459.699959911966,32111.673560233517,38217.94576814167,8.0,10.0,12.0,21.0
2016-03-17,31963.667882580092,22415.938847778005,32043.949262707352,38135.50319144174,8.0,10.0,12.0,21.0
2016-03-18,31102.352246254228,22058.91262947298,31493.30484831579,37504.28611112992,8.0,10.0,12.0,21.0
2016-03-19,31102.352246254228,22058.91262947298,31493.30484831579,37504.28611112992,8.0,10.0,12.0,21.0
2016-03-20,31102.352246254228,22058.91262947298,31493.30484831579,37504.28611112992,8.0,10.0,12.0,21.0
2016-03-21,30461.955429349473,21664.266578212188,30882.500623815584,36759.626931862374,8.0,10.0,12.0,21.0
2016-03-22,30148.873385551455,21471.32902911141,30583.886030614955,36395.57231506263,8.0,10.0,12.0,21.0
2016-03-23,29437.320386584026,21032.832812558492,29905.213735168905,35568.17208722038,8.0,10.0,12.0,21.0
2016-03-24,29508.475890057525,21076.68255966844,29973.08115888303,35650.91234672549,8.0,10.0,12.0,21.0
2016-03-25,29468.312930319385,21051.603591433883,29961.17635194629,35640.50287999922,8.0,10.0,12.0,21.0
2016-03-26,29468.312930319385,21051.603591433883,29961.17635194629,35640.50287999922,8.0,10.0,12.0,21.0
2016-03-27,29468.312930319385,21051.603591433883,29961.17635194629,35640.50287999922,8.0,10.0,12.0,21.0
2016-03-28,29220.149330518732,20898.676086617903,29724.16685185106,35351.50509986387,8.0,10.0,12.0,21.0
2016-03-29,29717.803611672818,21205.348892537128,30199.453285845935,35931.046106860515,8.0,10.0,12.0,21.0
2016-03-30,29888.42849841164,21310.494200750894,30362.409171166186,36129.7465348966,8.0,10.0,12.0,21.0
2016-03-31,30272.33262907306,21547.069995258058,30729.0581324387,36576.820326681795,8.0,10.0,12.0,21.0
2016-04-01,30308.77838708877,21513.865430658134,30763.452082209526,36598.65572602595,8.0,10.0,12.0,21.0
2016-04-02,30308.77838708877,21513.865430658134,30763.452082209526,36598.65572602595,8.0,10.0,12.0,21.0
2016-04-03,30308.77838708877,21513.865430658134,30763.452082209526,36598.65572602595,8.0,10.0,12.0,21.0
2016-04-04,29611.348848487636,21085.8694059305,30097.38287183944,35787.12841537801,8.0,10.0,12.0,21.0
2016-04-05,29255.51763130389,20867.50419769154,29757.551814023922,35373.084078648455,8.0,10.0,12.0,21.0
2016-04-06,29597.11595272127,21077.13501418021,30083.78996657849,35770.567052566825,8.0,10.0,12.0,21.0
2016-04-07,28956.61935457401,20684.077389450926,29472.093673604784,35025.28677261746,8.0,10.0,12.0,21.0
2016-04-08,28926.328946424088,20913.515026408688,29984.889583540014,35604.610604905254,8.0,10.0,12.0,21.0
2016-04-09,28926.328946424088,20913.515026408688,29984.889583540014,35604.610604905254,8.0,10.0,12.0,21.0
2016-04-10,28926.328946424088,20913.515026408688,29984.889583540014,35604.610604905254,8.0,10.0,12.0,21.0
2016-04-11,29079.87538877767,21009.61346501227,30135.61741052446,35787.91196199736,8.0,10.0,12.0,21.0
2016-04-12,29219.462761096795,21096.97549257234,30272.642410789078,35954.54919817698,8.0,10.0,12.0,21.0
2016-04-13,29680.10075694736,21385.269975233074,30724.82458496893,36504.45168027525,8.0,10.0,12.0,21.0
2016-04-14,29442.803222412484,21236.755153243463,30491.8830645992,36221.16957065341,8.0,10.0,12.0,21.0
2016-04-15,29177.21488705835,21167.12004077281,29600.134110172374,35829.20969270275,8.0,10.0,12.0,21.0
2016-04-16,29177.21488705835,21167.12004077281,29600.134110172374,35829.20969270275,8.0,10.0,12.0,21.0
2016-04-17,29177.21488705835,21167.12004077281,29600.134110172374,35829.20969270275,8.0,10.0,12.0,21.0
2016-04-18,29303.870966926243,21246.982464986955,29720.58718976233,35979.94942951391,8.0,10.0,12.0,21.0
2016-04-19,30288.971871763228,21868.133430956277,30657.44263182416,37152.36729751076,8.0,10.0,12.0,21.0
2016-04-20,30091.951153958296,21743.902899261906,30470.071032865962,36917.883084994195,8.0,10.0,12.0,21.0
2016-04-21,30176.388987901504,21797.14479748843,30550.373511380785,37018.37677529929,8.0,10.0,12.0,21.0
2016-04-22,30204.399493570494,22489.52826206884,30490.036863577345,37075.138961113385,8.0,10.0,12.0,21.0
2016-04-23,30204.399493570494,22489.52826206884,30490.036863577345,37075.138961113385,8.0,10.0,12.0,21.0
2016-04-24,30204.399493570494,22489.52826206884,30490.036863577345,37075.138961113385,8.0,10.0,12.0,21.0
2016-04-25,29841.10591538109,22249.126229956742,30145.99599900695,36642.371774542306,8.0,10.0,12.0,21.0
2016-04-26,30204.399493570494,22489.52826206884,30490.036863577345,37075.138961113385,8.0,10.0,12.0,21.0
2016-04-27,30581.66487665047,22739.175847886305,30847.309098374844,37524.549818414744,8.0,10.0,12.0,21.0
2016-04-28,30022.752704475784,22369.327246012792,30318.016431292148,36858.75536782784,8.0,10.0,12.0,21.0
2016-04-29,29773.49507510756,22099.41075758035,29974.696062122377,36549.51968262846,8.0,10.0,12.0,21.0
2016-04-30,29773.49507510756,22099.41075758035,29974.696062122377,36549.51968262846,8.0,10.0,12.0,21.0
2016-05-01,29816.46396256445,22099.41075758035,29974.696062122377,36549.51968262846,9.0,10.0,12.0,21.0
2016-05-02,29359.40021019496,21799.827870000347,29545.03706034979,36006.4162328818,9.0,10.0,12.0,21.0
2016-05-03,28716.703574178766,21378.571725627655,28940.875400971294,35242.73554643174,9.0,10.0,12.0,21.0
2016-05-04,28361.169153906718,21145.53633897315,28606.65820847253,34820.27375821858,9.0,10.0,12.0,21.0
2016-05-05,28183.401943770696,21029.0186456459,28439.549612223153,34609.042864112,9.0,10.0,12.0,21.0
2016-05-06,29074.998950236095,21360.923297442525,29235.710820812026,34688.434054924866,9.0,10.0,12.0,21.0
2016-05-07,29074.998950236095,21360.923297442525,29235.710820812026,34688.434054924866,9.0,10.0,12.0,21.0
2016-05-08,29074.998950236095,21360.923297442525,29235.710820812026,34688.434054924866,9.0,10.0,12.0,21.0
2016-05-09,29047.08811263921,21342.972756792995,29209.530599917838,34656.60300480556,9.0,10.0,12.0,21.0
2016-05-10,29521.57235178625,21648.131947834947,29654.594355118978,35197.730856833725,9.0,10.0,12.0,21.0
2016-05-11,29312.240737086184,21513.502678976176,29458.242386319744,34958.9976014829,9.0,10.0,12.0,21.0
2016-05-12,29172.686549101763,21423.74997572854,29327.341281848825,34799.84235088638,9.0,10.0,12.0,21.0
2016-05-13,29217.85453907753,21210.928615823734,29285.90038420754,34799.401590914815,9.0,10.0,12.0,21.0
2016-05-14,29217.85453907753,21210.928615823734,29285.90038420754,34799.401590914815,9.0,10.0,12.0,21.0
2016-05-15,29217.85453907753,21210.928615823734,29285.90038420754,34799.401590914815,9.0,10.0,12.0,21.0
2016-05-16,29610.526612020043,21458.871996586866,29652.63111489673,35246.23846396318,9.0,10.0,12.0,21.0
2016-05-17,29652.599622911104,21485.437992179686,29691.92462999381,35294.11498465743,9.0,10.0,12.0,21.0
2016-05-18,29414.190575548786,21334.9003062053,29469.265749552138,35022.820027439,9.0,10.0,12.0,21.0
2016-05-19,28712.989776577106,20892.14384688281,28814.388820210712,34224.89627889324,9.0,10.0,12.0,21.0
2016-05-20,28790.79119579391,20860.193658358814,28831.001795538785,34430.92736680308,9.0,10.0,12.0,21.0
2016-05-21,28790.79119579391,20860.193658358814,28831.001795538785,34430.92736680308,9.0,10.0,12.0,21.0
2016-05-22,28790.79119579391,20860.193658358814,28831.001795538785,34430.92736680308,9.0,10.0,12.0,21.0
2016-05-23,29043.144089298385,21018.524158305525,29065.983947837558,34719.555747730126,9.0,10.0,12.0,21.0
2016-05-24,29127.261720466544,21071.300991621094,29144.31133193715,34815.765208039134,9.0,10.0,12.0,21.0
2016-05-25,29225.399291083144,21132.87417353908,29235.693591298692,34928.00996070206,9.0,10.0,12.0,21.0
2016-05-26,29309.5169222513,21185.65100685465,29314.02097539828,35024.21942101107,9.0,10.0,12.0,21.0
2016-05-27,29432.468253949242,21153.995139684834,29425.524777699182,35373.57787729659,9.0,10.0,12.0,21.0
2016-05-28,29432.468253949242,21153.995139684834,29425.524777699182,35373.57787729659,9.0,10.0,12.0,21.0
2016-05-29,29432.468253949242,21153.995139684834,29425.524777699182,35373.57787729659,9.0,10.0,12.0,21.0
2016-05-30,29432.468253949242,21153.995139684834,29425.524777699182,35373.57787729659,9.0,10.0,12.0,21.0
2016-05-31,31239.978408190196,22278.63274358169,31108.356242427664,37458.9982156206,9.0,10.0,12.0,21.0
2016-06-01,30365.830286177024,21707.34022624112,30253.512850731127,36399.64804747202,10.0,10.0,12.0,21.0
2016-06-02,30857.303926738557,22012.518762703072,30710.16132285981,36965.54191813089,10.0,10.0,12.0,21.0
2016-06-03,30447.31001171446,21966.99414546169,30816.287573937912,37093.92154268291,10.0,10.0,12.0,21.0
2016-06-04,30447.31001171446,21966.99414546169,30816.287573937912,37093.92154268291,10.0,10.0,12.0,21.0
2016-06-05,30447.31001171446,21966.99414546169,30816.287573937912,37093.92154268291,10.0,10.0,12.0,21.0
2016-06-06,31051.833333319664,22348.146579359833,31391.432533887542,37806.57354272454,10.0,10.0,12.0,21.0
2016-06-07,31548.88589913516,22661.53861646576,31864.329555130193,38392.53192099464,10.0,10.0,12.0,21.0
2016-06-08,32193.711715025853,23068.101804986723,32477.818406263617,39152.69516193091,10.0,10.0,12.0,21.0
2016-06-09,31683.22498444852,22746.239516339858,31992.140087959706,38550.89970336259,10.0,10.0,12.0,21.0
2016-06-10,31037.329707374112,22338.338854716843,31316.696423626887,36575.04367850857,10.0,10.0,12.0,21.0
2016-06-11,31037.329707374112,22338.338854716843,31316.696423626887,36575.04367850857,10.0,10.0,12.0,21.0
2016-06-12,31037.329707374112,22338.338854716843,31316.696423626887,36575.04367850857,10.0,10.0,12.0,21.0
2016-06-13,30749.730108830612,22157.015567903796,31043.853424877216,36251.54625279524,10.0,10.0,12.0,21.0
2016-06-14,30147.141157922997,21777.100541147356,30472.183028911117,35573.7428922581,10.0,10.0,12.0,21.0
2016-06-15,29859.541559379497,21595.777254334305,30199.340030161453,35250.24546654477,10.0,10.0,12.0,21.0
2016-06-16,29640.418304503994,21457.62633551378,29991.459886173772,35003.77151725854,10.0,10.0,12.0,21.0
2016-06-17,29990.92753349644,21298.818069861823,30181.487124275754,35186.56018995593,10.0,10.0,12.0,21.0
2016-06-18,29990.92753349644,21298.818069861823,30181.487124275754,35186.56018995593,10.0,10.0,12.0,21.0
2016-06-19,29990.92753349644,21298.818069861823,30181.487124275754,35186.56018995593,10.0,10.0,12.0,21.0
2016-06-20,30225.938773760205,21442.819629003836,30402.8768751094,35448.585446118406,10.0,10.0,12.0,21.0
2016-06-21,29963.27853187625,21281.876329809053,30155.440686783557,35155.732997503204,10.0,10.0,12.0,21.0
2016-06-22,29825.037478906193,21197.170053025096,30025.212225210085,35001.60144500386,10.0,10.0,12.0,21.0
2016-06-23,30364.17982673027,21527.525905787792,30533.10533668287,35602.716998617754,10.0,10.0,12.0,21.0
2016-06-24,29839.5985483586,21088.541912055818,29942.39893293012,34853.824095566226,10.0,10.0,12.0,21.0
2016-06-25,29839.5985483586,21088.541912055818,29942.39893293012,34853.824095566226,10.0,10.0,12.0,21.0
2016-06-26,29839.5985483586,21088.541912055818,29942.39893293012,34853.824095566226,10.0,10.0,12.0,21.0
2016-06-27,29228.134167286742,20717.250193433625,29369.15040410788,34176.78776885156,10.0,10.0,12.0,21.0
2016-06-28,29811.804742976088,21071.665034044654,29916.342209858252,34823.04975043003,10.0,10.0,12.0,21.0
2016-06-29,30006.36204331026,21189.80358249934,30098.73989260257,35038.47090010169,10.0,10.0,12.0,21.0
2016-06-30,29686.732287426494,20995.718881806144,29799.086645414238,34684.564830457995,10.0,10.0,12.0,21.0
2016-07-01,29789.33677294635,20887.484700715577,29833.423760417947,35235.34902959682,10.0,10.0,12.0,20.0
2016-07-02,29789.33677294635,20887.484700715577,29833.423760417947,35235.34902959682,10.0,10.0,12.0,20.0
2016-07-03,29789.33677294635,20887.484700715577,29833.423760417947,35235.34902959682,10.0,10.0,12.0,20.0
2016-07-04,29789.33677294635,20887.484700715577,29833.423760417947,35235.34902959682,10.0,10.0,12.0,20.0
2016-07-05,29328.510624681247,20611.36628775619,29402.741898122556,34715.611840901714,10.0,10.0,12.0,20.0
2016-07-06,29370.404213558075,20636.468143016344,29441.89507756699,34762.86101760136,10.0,10.0,12.0,20.0
2016-07-07,28937.50690258552,20377.084167236917,29037.315127461676,34274.62302970596,10.0,10.0,12.0,20.0
2016-07-08,28827.32692682895,20610.674747934023,29756.23357790211,34833.262574977685,10.0,10.0,12.0,20.0
2016-07-09,28827.32692682895,20610.674747934023,29756.23357790211,34833.262574977685,10.0,10.0,12.0,20.0
2016-07-10,28827.32692682895,20610.674747934023,29756.23357790211,34833.262574977685,10.0,10.0,12.0,20.0
2016-07-11,29168.239272279156,20819.984567608837,30088.675606079956,35229.24768411116,10.0,10.0,12.0,20.0
2016-07-12,29290.96727447891,20895.335831217548,30208.354305047633,35371.80180980769,10.0,10.0,12.0,20.0
2016-07-13,29072.78358146717,20761.377674378244,29995.591609920335,35118.37158165239,10.0,10.0,12.0,20.0
2016-07-14,29236.42135122598,20861.846292007725,30155.16363126581,35308.44425276886,10.0,10.0,12.0,20.0
2016-07-15,29429.63408434657,20905.60523749165,30166.955781047654,35204.857190957795,10.0,10.0,12.0,20.0
2016-07-16,29429.63408434657,20905.60523749165,30166.955781047654,35204.857190957795,10.0,10.0,12.0,20.0
2016-07-17,29429.63408434657,20905.60523749165,30166.955781047654,35204.857190957795,10.0,10.0,12.0,20.0
2016-07-18,29498.363495259004,20947.556358204576,30233.39567182753,35283.60888717019,10.0,10.0,12.0,20.0
2016-07-19,29374.650817797512,20872.044500951524,30113.80412187086,35141.856134400616,10.0,10.0,12.0,20.0
2016-07-20,29814.517605642162,21140.53079334806,30539.018028902996,35645.865337889874,10.0,10.0,12.0,20.0
2016-07-21,30020.70452747498,21266.38335533576,30738.33643400711,35882.11892446337,10.0,10.0,12.0,20.0
2016-07-22,30106.171275163717,21105.579743851686,30485.73576631294,35680.44899583451,10.0,10.0,12.0,20.0
2016-07-23,30106.171275163717,21105.579743851686,30485.73576631294,35680.44899583451,10.0,10.0,12.0,20.0
2016-07-24,30106.171275163717,21105.579743851686,30485.73576631294,35680.44899583451,10.0,10.0,12.0,20.0
2016-07-25,29953.384977169957,21013.832630205947,30340.41701222191,35507.50827341464,10.0,10.0,12.0,20.0
2016-07-26,30050.612982606213,21072.21737400459,30432.89292660875,35617.56186932202,10.0,10.0,12.0,20.0
2016-07-27,29897.826684612453,20980.470260358852,30287.574172517718,35444.621146902165,10.0,10.0,12.0,20.0
2016-07-28,29647.814368103696,20830.33959604693,30049.781393848865,35161.62907759597,10.0,10.0,12.0,20.0
2016-07-29,29534.67780980992,20947.895786772875,30175.816302647716,35457.186395522265,10.0,10.0,12.0,20.0
2016-07-30,29534.67780980992,20947.895786772875,30175.816302647716,35457.186395522265,10.0,10.0,12.0,20.0
2016-07-31,29534.67780980992,20947.895786772875,30175.816302647716,35457.186395522265,10.0,10.0,12.0,20.0
2016-08-01,28494.131169735978,20313.84915156742,29691.349213387915,34258.35556264817,10.0,10.0,13.0,20.0
2016-08-02,28148.89914859355,20103.485489872277,29350.1897251156,33860.60809463311,10.0,10.0,13.0,20.0
2016-08-03,28507.40964097149,20321.94025453513,29704.47104500931,34273.65390691982,10.0,10.0,13.0,20.0
2016-08-04,28494.131169735978,20313.84915156742,29691.349213387915,34258.35556264817,10.0,10.0,13.0,20.0
2016-08-05,28882.776744537274,20488.212653941162,29827.261647520776,34818.415602191526,10.0,10.0,13.0,20.0
2016-08-06,28882.776744537274,20488.212653941162,29827.261647520776,34818.415602191526,10.0,10.0,13.0,20.0
2016-08-07,28882.776744537274,20488.212653941162,29827.261647520776,34818.415602191526,10.0,10.0,13.0,20.0
2016-08-08,29175.52173144555,20665.693904021886,30112.977421663094,35157.3100814672,10.0,10.0,13.0,20.0
2016-08-09,29069.069008933446,20601.155267628896,30009.080776520437,35034.07572536696,10.0,10.0,13.0,20.0
2016-08-10,28962.616286421347,20536.616631235906,29905.184131377766,34910.841369266716,10.0,10.0,13.0,20.0
2016-08-11,29162.2148238774,20657.626382132457,30099.990031383833,35141.905419687326,10.0,10.0,13.0,20.0
2016-08-12,28909.98841443532,20883.16120746923,30257.38982081065,35551.05108721888,10.0,10.0,13.0,20.0
2016-08-13,28909.98841443532,20883.16120746923,30257.38982081065,35551.05108721888,10.0,10.0,13.0,20.0
2016-08-14,28909.98841443532,20883.16120746923,30257.38982081065,35551.05108721888,10.0,10.0,13.0,20.0
2016-08-15,29171.00572805568,21046.263017310885,30517.3180110107,35862.212568693525,10.0,10.0,13.0,20.0
2016-08-16,29092.6999116552,20997.332085493,30439.338934232994,35768.86338238364,10.0,10.0,13.0,20.0
2016-08-17,29027.446516721655,20956.557216330668,30374.35781625951,35691.074124816216,10.0,10.0,13.0,20.0
2016-08-18,29027.446516721655,20956.557216330668,30374.35781625951,35691.074124816216,10.0,10.0,13.0,20.0
2016-08-19,29107.941696375998,20960.75327433904,30175.068163639906,35718.76693779668,10.0,10.0,13.0,20.0
2016-08-20,29107.941696375998,20960.75327433904,30175.068163639906,35718.76693779668,10.0,10.0,13.0,20.0
2016-08-21,29107.941696375998,20960.75327433904,30175.068163639906,35718.76693779668,10.0,10.0,13.0,20.0
2016-08-22,29252.24981546303,21050.603145938072,30316.810854813943,35890.31855298434,10.0,10.0,13.0,20.0
2016-08-23,29672.057413835355,21311.98593610043,30729.155351749134,36389.38036616886,10.0,10.0,13.0,20.0
2016-08-24,29055.465902969656,20928.080522941225,30123.525255132987,35656.38439706326,10.0,10.0,13.0,20.0
2016-08-25,28937.395055024994,20854.56663755118,30007.55340377246,35516.02330858376,10.0,10.0,13.0,20.0
2016-08-26,29030.382808706505,20766.191832674514,30115.418110889754,35636.65015217562,10.0,10.0,13.0,20.0
2016-08-27,29030.382808706505,20766.191832674514,30115.418110889754,35636.65015217562,10.0,10.0,13.0,20.0
2016-08-28,29030.382808706505,20766.191832674514,30115.418110889754,35636.65015217562,10.0,10.0,13.0,20.0
2016-08-29,28859.607558460073,20661.083582244315,29947.54085289687,35433.55059674477,10.0,10.0,13.0,20.0
2016-08-30,28859.607558460073,20661.083582244315,29947.54085289687,35433.55059674477,10.0,10.0,13.0,20.0
2016-08-31,29684.73091086333,21168.928084507144,30758.662169993277,36414.85313213495,10.0,10.0,13.0,20.0
2016-09-01,28926.49617830916,20337.481324099514,30432.74807309794,36038.512981814565,11.0,3.0,14.0,21.0
2016-09-02,29000.244164630545,20403.748706543378,30576.4269870665,36155.74911973353,11.0,3.0,14.0,21.0
2016-09-03,29000.244164630545,20403.748706543378,30576.4269870665,36155.74911973353,11.0,3.0,14.0,21.0
2016-09-04,29000.244164630545,20403.748706543378,30576.4269870665,36155.74911973353,11.0,3.0,14.0,21.0
2016-09-05,29000.244164630545,20403.748706543378,30576.4269870665,36155.74911973353,11.0,3.0,14.0,21.0
2016-09-06,29417.900349993484,20653.777142122188,30997.02457017234,36663.80250452914,11.0,3.0,14.0,21.0
2016-09-07,29457.05524784746,20677.217086743552,31036.45522146229,36711.432059850464,11.0,3.0,14.0,21.0
2016-09-08,29209.071946134078,20528.762738047186,30786.72546524997,36409.77543360228,11.0,3.0,14.0,21.0
2016-09-09,28865.19528624835,20439.044023966722,30421.91031333609,35845.14642707761,11.0,3.0,14.0,21.0
2016-09-10,28865.19528624835,20439.044023966722,30421.91031333609,35845.14642707761,11.0,3.0,14.0,21.0
2016-09-11,28865.19528624835,20439.044023966722,30421.91031333609,35845.14642707761,11.0,3.0,14.0,21.0
2016-09-12,28982.937155568976,20510.203498419334,30540.3739842275,35987.52347150049,11.0,3.0,14.0,21.0
2016-09-13,28786.70049876089,20391.604248659034,30342.934323526693,35750.22814601453,11.0,3.0,14.0,21.0
2016-09-14,28616.628147294166,20288.81788031681,30171.819365116986,35544.57149320616,11.0,3.0,14.0,21.0
2016-09-15,28551.215512477393,20249.284545718157,30106.00572645313,35465.47254848187,11.0,3.0,14.0,21.0
2016-09-16,28976.81065160576,20468.512779802208,30520.095855961357,35907.17701529177,11.0,3.0,14.0,21.0
2016-09-17,28976.81065160576,20468.512779802208,30520.095855961357,35907.17701529177,11.0,3.0,14.0,21.0
2016-09-18,28976.81065160576,20468.512779802208,30520.095855961357,35907.17701529177,11.0,3.0,14.0,21.0
2016-09-19,28819.5658970492,20373.771688040077,30361.99587513105,35717.59383846992,11.0,3.0,14.0,21.0
2016-09-20,28911.291691456303,20429.037136667506,30454.22054983199,35828.18364828104,11.0,3.0,14.0,21.0
2016-09-21,29186.470324347833,20594.834235485047,30730.895830401772,36159.95458438756,11.0,3.0,14.0,21.0
2016-09-22,29186.470324347833,20594.834235485047,30730.895830401772,36159.95458438756,11.0,3.0,14.0,21.0
2016-09-23,28367.913525646403,20463.048750757735,30703.07218368903,36106.44320334704,11.0,3.0,14.0,21.0
2016-09-24,28367.913525646403,20463.048750757735,30703.07218368903,36106.44320334704,11.0,3.0,14.0,21.0
2016-09-25,28367.913525646403,20463.048750757735,30703.07218368903,36106.44320334704,11.0,3.0,14.0,21.0
2016-09-26,28342.422481821835,20447.224946624396,30676.418777156592,36074.50811542409,11.0,3.0,14.0,21.0
2016-09-27,28291.440394172707,20415.577338357707,30623.1119640917,36010.6379395782,11.0,3.0,14.0,21.0
2016-09-28,28546.350832418368,20573.815379691136,30889.646029416115,36329.98881880766,11.0,3.0,14.0,21.0
2016-09-29,28265.94935034813,20399.75353422436,30596.458557559265,35978.70285165525,11.0,3.0,14.0,21.0
2016-09-30,28430.47799293303,20497.531525135237,30804.737544566786,36198.37094192083,11.0,3.0,14.0,21.0
2016-10-01,28430.47799293303,20497.531525135237,30804.737544566786,36198.37094192083,11.0,3.0,14.0,21.0
2016-10-02,28430.47799293303,20497.531525135237,30804.737544566786,36198.37094192083,11.0,3.0,14.0,21.0
2016-10-03,28354.05837283603,20450.11008445735,30724.69381788525,36102.580596314416,11.0,3.0,14.0,21.0
2016-10-04,28430.47799293303,20497.531525135237,30804.737544566786,36198.37094192083,11.0,3.0,14.0,21.0
2016-10-05,28659.736853224018,20639.795847168905,31044.86872461138,36485.74197874009,11.0,3.0,14.0,21.0
2016-10-06,29054.57186072307,20884.80681244072,31458.42829719812,36980.65914501026,11.0,3.0,14.0,21.0
2016-10-07,28976.995430626226,20703.4372657228,31278.528518453346,36652.56064531958,11.0,3.0,14.0,21.0
2016-10-08,28976.995430626226,20703.4372657228,31278.528518453346,36652.56064531958,11.0,3.0,14.0,21.0
2016-10-09,28976.995430626226,20703.4372657228,31278.528518453346,36652.56064531958,11.0,3.0,14.0,21.0
2016-10-10,29463.69228679091,21002.27510550699,31785.95404194241,37257.11947658514,11.0,3.0,14.0,21.0
2016-10-11,29463.69228679091,21002.27510550699,31785.95404194241,37257.11947658514,11.0,3.0,14.0,21.0
2016-10-12,29105.073550669564,20782.07880250811,31412.061550950464,36811.655074599985,11.0,3.0,14.0,21.0
2016-10-13,28900.147947875572,20656.251968659184,31198.40806221935,36557.10322912926,11.0,3.0,14.0,21.0
2016-10-14,28757.59862849249,20520.5927561749,31384.69738462461,36676.66806588108,11.0,3.0,14.0,21.0
2016-10-15,28757.59862849249,20520.5927561749,31384.69738462461,36676.66806588108,11.0,3.0,14.0,21.0
2016-10-16,28757.59862849249,20520.5927561749,31384.69738462461,36676.66806588108,11.0,3.0,14.0,21.0
2016-10-17,28744.90429626319,20512.828543134176,31371.25182281711,36660.71307734083,11.0,3.0,14.0,21.0
2016-10-18,28859.150865130567,20582.704979628525,31492.259314606017,36804.30493110022,11.0,3.0,14.0,21.0
2016-10-19,29125.725788955067,20745.74975130331,31774.60970136703,37139.3520826883,11.0,3.0,14.0,21.0
2016-10-20,29239.972357822433,20815.626187797665,31895.617193155937,37282.943936447686,11.0,3.0,14.0,21.0
2016-10-21,29272.810924915953,20601.398560620044,31237.975832168344,37279.53773764172,11.0,3.0,14.0,21.0
2016-10-22,29272.810924915953,20601.398560620044,31237.975832168344,37279.53773764172,11.0,3.0,14.0,21.0
2016-10-23,29272.810924915953,20601.398560620044,31237.975832168344,37279.53773764172,11.0,3.0,14.0,21.0
2016-10-24,29080.324748507377,20485.846844521446,31040.53573288298,37038.02507452559,11.0,3.0,14.0,21.0
2016-10-25,28900.67126941116,20377.99874758286,30856.258599784203,36812.613613899426,11.0,3.0,14.0,21.0
2016-10-26,28900.67126941116,20377.99874758286,30856.258599784203,36812.613613899426,11.0,3.0,14.0,21.0
2016-10-27,28823.676921227063,20331.778134609176,30777.282685599013,36716.008702202496,11.0,3.0,14.0,21.0
2016-10-28,28738.38335471902,20568.668271310868,30775.249639872854,36929.63651246546,11.0,3.0,14.0,21.0
2016-10-29,28738.38335471902,20568.668271310868,30775.249639872854,36929.63651246546,11.0,3.0,14.0,21.0
2016-10-30,28738.38335471902,20568.668271310868,30775.249639872854,36929.63651246546,11.0,3.0,14.0,21.0
2016-10-31,28432.671123445558,20380.779251921038,30460.37426526967,36541.19922060129,11.0,3.0,14.0,21.0
2016-11-01,28496.360867929427,20419.922610976104,30525.972988844453,36622.12327052818,11.0,3.0,14.0,21.0
2016-11-02,28279.81500780883,20286.83474222612,30302.936577968074,36346.98057466919,11.0,3.0,14.0,21.0
2016-11-03,28165.172617383178,20216.376173303786,30184.857999690994,36201.31620434199,11.0,3.0,14.0,21.0
2016-11-04,28898.143911570856,20896.804133298134,29947.248254602866,35995.764000600226,11.0,3.0,14.0,21.0
2016-11-05,28898.143911570856,20896.804133298134,29947.248254602866,35995.764000600226,11.0,3.0,14.0,21.0
2016-11-06,28898.143911570856,20896.804133298134,29947.248254602866,35995.764000600226,11.0,3.0,14.0,21.0
2016-11-07,29108.75333847241,21028.625583571295,30153.888255058373,36251.586859267394,11.0,3.0,14.0,21.0
2016-11-08,29135.079516835103,21045.10326485544,30179.71825511531,36283.5647166008,11.0,3.0,14.0,21.0
2016-11-09,29345.689571402258,21176.92510798751,30386.358871406588,36539.388337680226,11.0,3.0,14.0,21.0
2016-11-10,29569.462401317964,21316.985595332208,30605.914179808446,36811.20050622022,11.0,3.0,14.0,21.0
2016-11-11,29738.357455758014,21241.19379051351,30537.31048272131,36924.366105778645,11.0,3.0,14.0,21.0
2016-11-12,29738.357455758014,21241.19379051351,30537.31048272131,36924.366105778645,11.0,3.0,14.0,21.0
2016-11-13,29738.357455758014,21241.19379051351,30537.31048272131,36924.366105778645,11.0,3.0,14.0,21.0
2016-11-14,29539.94474151191,21118.707372824374,30344.833319218626,36684.22044495157,11.0,3.0,14.0,21.0
2016-11-15,29566.39972802895,21135.038869224685,30370.496900227787,36716.239815501714,11.0,3.0,14.0,21.0
2016-11-16,30095.50008910635,21461.66918660452,30883.769132278907,37356.62798990658,11.0,3.0,14.0,21.0
2016-11-17,29830.95022393596,21298.354222601396,30627.133322187365,37036.43428440515,11.0,3.0,14.0,21.0
2016-11-18,29217.181676903034,21105.98287558574,30846.322756081663,37257.02544015071,11.0,3.0,14.0,21.0
2016-11-19,29217.181676903034,21105.98287558574,30846.322756081663,37257.02544015071,11.0,3.0,14.0,21.0
2016-11-20,29217.181676903034,21105.98287558574,30846.322756081663,37257.02544015071,11.0,3.0,14.0,21.0
2016-11-21,29397.46983857426,21218.908968714528,31028.329649398,37483.6460806595,11.0,3.0,14.0,21.0
2016-11-22,29178.54819237285,21081.78423474597,30807.320968986256,37208.46348839439,11.0,3.0,14.0,21.0
2016-11-23,29242.93712857035,21122.11517460414,30872.32374084114,37289.39981736625,11.0,3.0,14.0,21.0
2016-11-24,29242.93712857035,21122.11517460414,30872.32374084114,37289.39981736625,11.0,3.0,14.0,21.0
2016-11-25,29189.71227546987,21151.818299979,30817.27006854815,37135.68954964873,11.0,3.0,14.0,21.0
2016-11-26,29189.71227546987,21151.818299979,30817.27006854815,37135.68954964873,11.0,3.0,14.0,21.0
2016-11-27,29189.71227546987,21151.818299979,30817.27006854815,37135.68954964873,11.0,3.0,14.0,21.0
2016-11-28,29022.106136252914,21046.323409222263,30648.076838279092,36925.71562151171,11.0,3.0,14.0,21.0
2016-11-29,28948.963940403573,21000.286145928192,30574.242046531377,36834.08440652874,11.0,3.0,14.0,21.0
2016-11-30,28613.75227674478,20789.296751367325,30235.85620658979,36414.137320433794,11.0,3.0,14.0,21.0
2016-12-01,28626.644725651793,20797.411534604897,30248.870736289286,36430.2887463479,11.0,3.0,14.0,21.0
2016-12-02,28514.767258578162,20912.9135706879,30283.651624167273,36467.286388370296,11.0,3.0,14.0,21.0
2016-12-03,28514.767258578162,20912.9135706879,30283.651624167273,36467.286388370296,11.0,3.0,14.0,21.0
2016-12-04,28514.767258578162,20912.9135706879,30283.651624167273,36467.286388370296,11.0,3.0,14.0,21.0
2016-12-05,28745.542530964365,21060.319426080754,30518.321133700483,36758.447022242704,11.0,3.0,14.0,21.0
2016-12-06,28784.005382035197,21084.887263892495,30557.433029453936,36806.97418021126,11.0,3.0,14.0,21.0
2016-12-07,28899.393323901444,21158.590386835192,30674.76809505179,36952.554882803975,11.0,3.0,14.0,21.0
2016-12-08,29373.765022812877,21461.591507055655,31157.144619923532,37551.052126975956,11.0,3.0,14.0,21.0
2016-12-09,29150.413351915926,21440.991009043322,30820.041592779067,37250.43046466798,11.0,3.0,14.0,21.0
2016-12-10,29150.413351915926,21440.991009043322,30820.041592779067,37250.43046466798,11.0,3.0,14.0,21.0
2016-12-11,29150.413351915926,21440.991009043322,30820.041592779067,37250.43046466798,11.0,3.0,14.0,21.0
2016-12-12,28932.107926725985,21300.255543529773,30599.21884393911,36975.20225945587,11.0,3.0,14.0,21.0
2016-12-13,29484.291769248226,21656.233183841792,31157.770029117753,37671.36712934992,11.0,3.0,14.0,21.0
2016-12-14,28970.63205333012,21325.090981707355,30638.187199975077,37023.77148861449,11.0,3.0,14.0,21.0
2016-12-15,29099.046829227158,21407.876433552923,30768.082752413025,37185.670205799855,11.0,3.0,14.0,21.0
2016-12-16,29006.095035343194,21463.72883304646,30701.66954367983,37151.482595576395,11.0,3.0,14.0,21.0
2016-12-17,29006.095035343194,21463.72883304646,30701.66954367983,37151.482595576395,11.0,3.0,14.0,21.0
2016-12-18,29006.095035343194,21463.72883304646,30701.66954367983,37151.482595576395,11.0,3.0,14.0,21.0
2016-12-19,28544.740548618178,21163.692988698418,30234.371843294295,36567.9571232979,11.0,3.0,14.0,21.0
2016-12-20,28608.81725512003,21205.36443504068,30299.273992201837,36649.001941327006,11.0,3.0,14.0,21.0
2016-12-21,28672.894572708465,21247.036278795098,30364.176760068058,36730.04753226415,11.0,3.0,14.0,21.0
2016-12-22,28621.632963072352,21213.698962756425,30312.254793358552,36665.21136867765,11.0,3.0,14.0,21.0
2016-12-23,28327.791071119645,21306.88856737306,30426.25425477426,36806.32199369762,11.0,3.0,14.0,21.0
2016-12-24,28327.791071119645,21306.88856737306,30426.25425477426,36806.32199369762,11.0,3.0,14.0,21.0
2016-12-25,28327.791071119645,21306.88856737306,30426.25425477426,36806.32199369762,11.0,3.0,14.0,21.0
2016-12-26,28327.791071119645,21306.88856737306,30426.25425477426,36806.32199369762,11.0,3.0,14.0,21.0
2016-12-27,28264.652642707722,21264.918962429598,30360.987233670567,36724.82552341976,11.0,3.0,14.0,21.0
2016-12-28,28252.02531830495,21256.525281591996,30347.93420290929,36708.52669568894,11.0,3.0,14.0,21.0
2016-12-29,28226.770067366713,21239.737519664977,30321.827518954302,36675.92826301938,11.0,3.0,14.0,21.0
2016-12-30,27761.955050796034,21466.024579319168,30638.179328447717,36997.74095434944,11.0,3.0,14.0,21.0
2016-12-31,27761.955050796034,21466.024579319168,30638.179328447717,36997.74095434944,11.0,3.0,14.0,21.0
2017-01-01,27076.687716414617,20892.01731662098,30142.148696050706,35801.52416083141,13.0,3.0,15.0,21.0
2017-01-02,27076.687716414617,20892.01731662098,30142.148696050706,35801.52416083141,13.0,3.0,15.0,21.0
2017-01-03,27681.094703824936,21306.327117429253,30798.448468543625,36598.59663171911,13.0,3.0,15.0,21.0
2017-01-04,27656.92456159072,21289.758932376542,30772.203141835198,36566.72182650734,13.0,3.0,15.0,21.0
2017-01-05,27693.180063072872,21314.611407463955,30811.571444766807,36614.53441430264,13.0,3.0,15.0,21.0
2017-01-06,27329.095212027874,21391.867704309287,30577.47145079117,36802.880933541506,13.0,3.0,15.0,21.0
2017-01-07,27329.095212027874,21391.867704309287,30577.47145079117,36802.880933541506,13.0,3.0,15.0,21.0
2017-01-08,27329.095212027874,21391.867704309287,30577.47145079117,36802.880933541506,13.0,3.0,15.0,21.0
2017-01-09,27126.635378846226,21249.59268307482,30355.905870915038,36528.73983771931,13.0,3.0,15.0,21.0
2017-01-10,27090.907507040218,21224.485561133744,30316.8064282748,36480.362449600514,13.0,3.0,15.0,21.0
2017-01-11,27210.00135953405,21308.176632721515,30447.138939532986,36641.62169157102,13.0,3.0,15.0,21.0
2017-01-12,27102.816608347464,21232.854468757265,30329.8393686634,36496.48798932521,13.0,3.0,15.0,21.0
2017-01-13,26443.767006030266,21247.960893128242,30313.43559535172,36787.815353796344,13.0,3.0,15.0,21.0
2017-01-14,26443.767006030266,21247.960893128242,30313.43559535172,36787.815353796344,13.0,3.0,15.0,21.0
2017-01-15,26443.767006030266,21247.960893128242,30313.43559535172,36787.815353796344,13.0,3.0,15.0,21.0
2017-01-16,26443.767006030266,21247.960893128242,30313.43559535172,36787.815353796344,13.0,3.0,15.0,21.0
2017-01-17,26409.07627550482,21222.664002004218,30274.117319599314,36738.56864212146,13.0,3.0,15.0,21.0
2017-01-18,26420.639668546894,21231.09616501661,30287.223203199203,36754.983951758964,13.0,3.0,15.0,21.0
2017-01-19,26432.203612988185,21239.528730115846,30300.329711751823,36771.40004415884,13.0,3.0,15.0,21.0
2017-01-20,26565.52272068736,21408.620197886517,30586.787177588318,37182.12077343695,13.0,3.0,15.0,21.0
2017-01-21,26565.52272068736,21408.620197886517,30586.787177588318,37182.12077343695,13.0,3.0,15.0,21.0
2017-01-22,26565.52272068736,21408.620197886517,30586.787177588318,37182.12077343695,13.0,3.0,15.0,21.0
2017-01-23,26381.495432260414,21273.6978773064,30376.841756516456,36918.6355051223,13.0,3.0,15.0,21.0
2017-01-24,26462.007096724912,21332.726191510083,30468.692565392044,37033.90991738594,13.0,3.0,15.0,21.0
2017-01-25,26496.512487527252,21358.024327668973,30508.057644686374,37083.31379781896,13.0,3.0,15.0,21.0
2017-01-26,26439.00368567154,21315.860901437576,30442.44938775806,37000.97425884661,13.0,3.0,15.0,21.0
2017-01-27,26253.9995778613,21215.47270733072,30231.092478105853,36734.0852836477,13.0,3.0,15.0,21.0
2017-01-28,26253.9995778613,21215.47270733072,30231.092478105853,36734.0852836477,13.0,3.0,15.0,21.0
2017-01-29,26253.9995778613,21215.47270733072,30231.092478105853,36734.0852836477,13.0,3.0,15.0,21.0
2017-01-30,26300.00388538232,21249.292187248313,30283.57519983718,36799.9478387046,13.0,3.0,15.0,21.0
2017-01-31,26161.990962819254,21147.833747495537,30126.1270346432,36602.36017353391,13.0,3.0,15.0,21.0
2017-02-01,25225.289509051738,20459.229620806018,29057.51749800481,35830.52534709014,13.0,3.0,15.0,22.0
2017-02-02,25126.659374225426,20386.722935154827,28944.998079729743,35685.98713318572,13.0,3.0,15.0,22.0
2017-02-03,25260.274393075404,20036.20966194797,29102.255193690842,35883.40135765538,13.0,3.0,15.0,22.0
2017-02-04,25260.274393075404,20036.20966194797,29102.255193690842,35883.40135765538,13.0,3.0,15.0,22.0
2017-02-05,25260.274393075404,20036.20966194797,29102.255193690842,35883.40135765538,13.0,3.0,15.0,22.0
2017-02-06,25172.477946229483,19974.001599658277,29002.069977815496,35754.73108617169,13.0,3.0,15.0,22.0
2017-02-07,25183.452240431176,19981.77742204984,29014.592831224414,35770.814486639494,13.0,3.0,15.0,22.0
2017-02-08,25106.630087786947,19927.345182151712,28926.93046875799,35658.227615623604,13.0,3.0,15.0,22.0
2017-02-09,25139.554017008217,19950.673390904998,28964.50022328674,35706.47935089765,13.0,3.0,15.0,22.0
2017-02-10,26697.88515691647,19681.180509130285,29242.877906405374,35353.66120703895,13.0,3.0,15.0,22.0
2017-02-11,26697.88515691647,19681.180509130285,29242.877906405374,35353.66120703895,13.0,3.0,15.0,22.0
2017-02-12,26697.88515691647,19681.180509130285,29242.877906405374,35353.66120703895,13.0,3.0,15.0,22.0
2017-02-13,26756.59247594793,19718.374336135785,29305.061591056845,35431.24821799055,13.0,3.0,15.0,22.0
2017-02-14,26709.62684467256,19688.61941641403,29255.31488054669,35369.1789051991,13.0,3.0,15.0,22.0
2017-02-15,26615.6955821218,19629.109576970524,29155.821459526385,35245.040279616194,13.0,3.0,15.0,22.0
2017-02-16,26521.76375969657,19569.599382820397,29056.327445478513,35120.90091410872,13.0,3.0,15.0,22.0
2017-02-17,26427.930627813148,19716.551234799463,29323.22938749087,35202.137582702024,13.0,3.0,15.0,22.0
2017-02-18,26427.930627813148,19716.551234799463,29323.22938749087,35202.137582702024,13.0,3.0,15.0,22.0
2017-02-19,26427.930627813148,19716.551234799463,29323.22938749087,35202.137582702024,13.0,3.0,15.0,22.0
2017-02-20,26427.930627813148,19716.551234799463,29323.22938749087,35202.137582702024,13.0,3.0,15.0,22.0
2017-02-21,26393.0244727824,19694.037294202262,29285.547698482715,35155.6089243361,13.0,3.0,15.0,22.0
2017-02-22,26265.033943081897,19611.485343689714,29147.380107926943,34985.00211802175,13.0,3.0,15.0,22.0
2017-02-23,26241.76298812029,19596.475930674034,29122.258782274956,34953.98276592457,13.0,3.0,15.0,22.0
2017-02-24,26143.15597526781,19526.280628925484,29054.623903894237,34846.36291442739,13.0,3.0,15.0,22.0
2017-02-25,26143.15597526781,19526.280628925484,29054.623903894237,34846.36291442739,13.0,3.0,15.0,22.0
2017-02-26,26143.15597526781,19526.280628925484,29054.623903894237,34846.36291442739,13.0,3.0,15.0,22.0
2017-02-27,26108.282958123462,19503.801012011627,29016.901776268867,34799.83165600219,13.0,3.0,15.0,22.0
2017-02-28,26040.546107162765,19460.136924839448,28943.630853758696,34709.4500035081,13.0,3.0,15.0,22.0
2017-03-01,25814.566174075146,19314.467213927946,29066.501156846276,34746.82229279312,13.0,3.0,16.0,21.0
2017-03-02,25741.01288015982,19267.053769225848,28985.388688470306,34647.24972196946,13.0,3.0,16.0,21.0
2017-03-03,25609.63580582665,19168.573160254648,28837.58909614712,34424.94584587181,13.0,3.0,16.0,21.0
2017-03-04,25609.63580582665,19168.573160254648,28837.58909614712,34424.94584587181,13.0,3.0,16.0,21.0
2017-03-05,25609.63580582665,19168.573160254648,28837.58909614712,34424.94584587181,13.0,3.0,16.0,21.0
2017-03-06,25658.71615027226,19200.17171352776,28891.705174507508,34491.26157789205,13.0,3.0,16.0,21.0
2017-03-07,25523.744910504905,19113.27550368446,28742.885636459177,34308.892919563434,13.0,3.0,16.0,21.0
2017-03-08,25462.394772489828,19073.777500435302,28675.240861065973,34225.99864981106,13.0,3.0,16.0,21.0
2017-03-09,25290.61298184633,18963.182187294937,28485.8339416901,33993.89279719431,13.0,3.0,16.0,21.0
2017-03-10,25385.21808967685,19028.695297932773,28539.599515207556,34141.957673981946,13.0,3.0,16.0,21.0
2017-03-11,25385.21808967685,19028.695297932773,28539.599515207556,34141.957673981946,13.0,3.0,16.0,21.0
2017-03-12,25385.21808967685,19028.695297932773,28539.599515207556,34141.957673981946,13.0,3.0,16.0,21.0
2017-03-13,25458.8763589329,19076.1373842597,28620.59627752143,34241.56995740293,13.0,3.0,16.0,21.0
2017-03-14,25299.283149519528,18973.34600869993,28445.102970655513,34025.742947500104,13.0,3.0,16.0,21.0
2017-03-15,25458.8763589329,19076.1373842597,28620.59627752143,34241.56995740293,13.0,3.0,16.0,21.0
2017-03-16,25778.062777759635,19281.72013537924,28971.582891253263,34673.223977208574,13.0,3.0,16.0,21.0
2017-03-17,25757.437223512818,19284.340111943402,28872.802057392564,34663.05946149234,13.0,3.0,16.0,21.0
2017-03-18,25757.437223512818,19284.340111943402,28872.802057392564,34663.05946149234,13.0,3.0,16.0,21.0
2017-03-19,25757.437223512818,19284.340111943402,28872.802057392564,34663.05946149234,13.0,3.0,16.0,21.0
2017-03-20,25769.725354728183,19292.265944871808,28886.26061914462,34679.68994167856,13.0,3.0,16.0,21.0
2017-03-21,25487.10478200857,19109.975944688147,28576.72075798223,34297.1976202296,13.0,3.0,16.0,21.0
2017-03-22,25413.377752507407,19062.42208089126,28495.971312688507,34197.41711806703,13.0,3.0,16.0,21.0
2017-03-23,25474.816650793193,19102.05011175974,28563.262196230167,34280.567140043364,13.0,3.0,16.0,21.0
2017-03-24,25460.30357463442,19101.006415940017,28564.914360191044,34251.967125219344,13.0,3.0,16.0,21.0
2017-03-25,25460.30357463442,19101.006415940017,28564.914360191044,34251.967125219344,13.0,3.0,16.0,21.0
2017-03-26,25460.30357463442,19101.006415940017,28564.914360191044,34251.967125219344,13.0,3.0,16.0,21.0
2017-03-27,25423.44457044926,19077.21444166112,28524.506703444233,34202.10231410359,13.0,3.0,16.0,21.0
2017-03-28,25460.30357463442,19101.006415940017,28564.914360191044,34251.967125219344,13.0,3.0,16.0,21.0
2017-03-29,25583.165945494962,19180.312366602007,28699.60547891721,34418.181841314705,13.0,3.0,16.0,21.0
2017-03-30,25472.589518793484,19108.936821925916,28578.383150934707,34268.58820054174,13.0,3.0,16.0,21.0
2017-03-31,25321.111008717035,19063.129214342556,28552.118580220624,34057.67403496235,13.0,3.0,16.0,21.0
2017-04-01,25373.20626696567,19063.129214342556,28869.68119685771,34057.67403496235,14.0,3.0,17.0,21.0
2017-04-02,25373.20626696567,19063.129214342556,28869.68119685771,34057.67403496235,14.0,3.0,17.0,21.0
2017-04-03,24526.412213895277,18515.621218915898,27921.4122421168,32915.897196213475,14.0,3.0,17.0,21.0
2017-04-04,24479.68588745298,18485.409578634164,27869.08650296729,32852.89363932951,14.0,3.0,17.0,21.0
2017-04-05,24397.91509468984,18432.539388216715,27777.516771341656,32742.637790313373,14.0,3.0,17.0,21.0
2017-04-06,24468.004584353286,18477.856848639312,27856.00538006591,32837.14312563933,14.0,3.0,17.0,21.0
2017-04-07,24456.780496788626,18578.222072468612,27901.02391013912,32780.73719643439,14.0,3.0,17.0,21.0
2017-04-08,24456.780496788626,18578.222072468612,27901.02391013912,32780.73719643439,14.0,3.0,17.0,21.0
2017-04-09,24456.780496788626,18578.222072468612,27901.02391013912,32780.73719643439,14.0,3.0,17.0,21.0
2017-04-10,24701.922808699117,18738.364050710523,28176.420937634368,33110.6459894175,14.0,3.0,17.0,21.0
2017-04-11,24760.28968123829,18776.492868046756,28241.991271356896,33189.195238298824,14.0,3.0,17.0,21.0
2017-04-12,24550.16793815776,18639.228471108043,28005.936944359975,32906.41659393114,14.0,3.0,17.0,21.0
2017-04-13,24410.086776104064,18547.7188731489,27848.56739302869,32717.89749768602,14.0,3.0,17.0,21.0
2017-04-14,24397.978755689634,18612.983419956243,27819.22738597687,32723.391351446753,14.0,3.0,17.0,21.0
2017-04-15,24397.978755689634,18612.983419956243,27819.22738597687,32723.391351446753,14.0,3.0,17.0,21.0
2017-04-16,24397.978755689634,18612.983419956243,27819.22738597687,32723.391351446753,14.0,3.0,17.0,21.0
2017-04-17,24509.997597900285,18686.672821252963,27944.961171883835,32874.297009152055,14.0,3.0,17.0,21.0
2017-04-18,24463.318783076025,18655.96607719314,27892.567271057163,32811.413862772875,14.0,3.0,17.0,21.0
2017-04-19,24416.639968251773,18625.25933313332,27840.17337023049,32748.530716393703,14.0,3.0,17.0,21.0
2017-04-20,24416.639968251773,18625.25933313332,27840.17337023049,32748.530716393703,14.0,3.0,17.0,21.0
2017-04-21,24366.245650403394,18593.20214701603,27797.18285168909,32721.625530567413,14.0,3.0,17.0,21.0
2017-04-22,24366.245650403394,18593.20214701603,27797.18285168909,32721.625530567413,14.0,3.0,17.0,21.0
2017-04-23,24366.245650403394,18593.20214701603,27797.18285168909,32721.625530567413,14.0,3.0,17.0,21.0
2017-04-24,24412.879575083312,18623.882552140203,27849.565970452422,32784.567780097386,14.0,3.0,17.0,21.0
2017-04-25,24482.83046210319,18669.903159826463,27928.140648597408,32878.98115439233,14.0,3.0,17.0,21.0
2017-04-26,24412.879575083312,18623.882552140203,27849.565970452422,32784.567780097386,14.0,3.0,17.0,21.0
2017-04-27,24401.22081595322,18616.212267989522,27836.469878533568,32768.831842549494,14.0,3.0,17.0,21.0
2017-04-28,24422.060400206898,19116.816313666408,27634.821614207995,32824.37179066809,14.0,3.0,17.0,21.0
2017-04-29,24422.060400206898,19116.816313666408,27634.821614207995,32824.37179066809,14.0,3.0,17.0,21.0
2017-04-30,24422.060400206898,19116.816313666408,27634.821614207995,32824.37179066809,14.0,3.0,17.0,21.0
2017-05-01,24058.10956244035,18866.32504316723,27981.147890454795,32577.706938346822,14.0,3.0,17.0,20.0
2017-05-02,24000.940692687847,18826.97823768881,27914.997734353594,32499.553641872142,14.0,3.0,17.0,20.0
2017-05-03,23943.77236813809,18787.631807449343,27848.848209107033,32421.401090722546,14.0,3.0,17.0,20.0
2017-05-04,23726.531426362406,18638.114471965884,27597.478499118963,32124.419607573895,14.0,3.0,17.0,20.0
2017-05-05,23717.30651132046,18616.687528714803,27593.722583898754,32101.02683212328,14.0,3.0,17.0,20.0
2017-05-06,23717.30651132046,18616.687528714803,27593.722583898754,32101.02683212328,14.0,3.0,17.0,20.0
2017-05-07,23717.30651132046,18616.687528714803,27593.722583898754,32101.02683212328,14.0,3.0,17.0,20.0
2017-05-08,23683.000683462593,18593.11007643805,27554.011798772553,32054.152815313464,14.0,3.0,17.0,20.0
2017-05-09,23671.565043989096,18585.25067584123,27540.774449602784,32038.52764634416,14.0,3.0,17.0,20.0
2017-05-10,23774.48361812533,18655.983782185194,27659.90806736449,32179.151186871717,14.0,3.0,17.0,20.0
2017-05-11,23728.742150793958,18624.546929311622,27606.959933068523,32116.652001092592,14.0,3.0,17.0,20.0
2017-05-12,23608.67418883542,18510.655853513188,27484.583147683945,32336.692318753725,14.0,3.0,17.0,20.0
2017-05-13,23608.67418883542,18510.655853513188,27484.583147683945,32336.692318753725,14.0,3.0,17.0,20.0
2017-05-14,23608.67418883542,18510.655853513188,27484.583147683945,32336.692318753725,14.0,3.0,17.0,20.0
2017-05-15,23665.446235005333,18549.556743461017,27550.361679624388,32415.695406548326,14.0,3.0,17.0,20.0
2017-05-16,23642.73752482104,18533.99646167916,27524.05039231032,32384.09432211634,14.0,3.0,17.0,20.0
2017-05-17,23574.61139426815,18487.315616333595,27445.116530368134,32289.291068820396,14.0,3.0,17.0,20.0
2017-05-18,23404.29579717676,18370.613317476487,27247.78156185736,32052.28255886587,14.0,3.0,17.0,20.0
2017-05-19,23546.35049934717,18469.306782097883,27416.009477523843,32226.36342816239,14.0,3.0,17.0,20.0
2017-05-20,23546.35049934717,18469.306782097883,27416.009477523843,32226.36342816239,14.0,3.0,17.0,20.0
2017-05-21,23546.35049934717,18469.306782097883,27416.009477523843,32226.36342816239,14.0,3.0,17.0,20.0
2017-05-22,23603.14427849828,18508.22764214817,27481.82681345224,32305.308364847893,14.0,3.0,17.0,20.0
2017-05-23,23489.55672019606,18430.385922047597,27350.19214159544,32147.418491476885,14.0,3.0,17.0,20.0
2017-05-24,23375.96970351945,18352.544573123854,27218.55809741927,31989.529370980592,14.0,3.0,17.0,20.0
2017-05-25,23262.382686842844,18274.70322420012,27086.92405324311,31831.64025048429,14.0,3.0,17.0,20.0
2017-05-26,23068.515753954103,17956.059478871815,26455.94801814897,31082.527895276857,14.0,3.0,17.0,20.0
2017-05-27,23068.515753954103,17956.059478871815,26455.94801814897,31082.527895276857,14.0,3.0,17.0,20.0
2017-05-28,23068.515753954103,17956.059478871815,26455.94801814897,31082.527895276857,14.0,3.0,17.0,20.0
2017-05-29,23068.515753954103,17956.059478871815,26455.94801814897,31082.527895276857,14.0,3.0,17.0,20.0
2017-05-30,24230.470447631422,18737.64874052685,27770.369120537587,32659.727376743114,14.0,3.0,17.0,20.0
2017-05-31,24669.550182528124,19032.995889321017,28267.062900699457,33255.71991756221,14.0,3.0,17.0,20.0
2017-06-01,24155.243555654648,18661.77616683304,27862.63857560296,33088.922711995816,15.0,3.0,18.0,18.0
2017-06-02,24032.579421527,18585.2007287264,28006.5826438071,32830.23304217671,15.0,3.0,18.0,18.0
2017-06-03,24032.579421527,18585.2007287264,28006.5826438071,32830.23304217671,15.0,3.0,18.0,18.0
2017-06-04,24032.579421527,18585.2007287264,28006.5826438071,32830.23304217671,15.0,3.0,18.0,18.0
2017-06-05,23965.81997280846,18540.377448614363,27929.100697146692,32737.742702472256,15.0,3.0,18.0,18.0
2017-06-06,23932.44077900191,18517.966164779275,27890.360339583374,32691.49826766206,15.0,3.0,18.0,18.0
2017-06-07,23821.175915392214,18443.261291627434,27761.224788094158,32537.34892655803,15.0,3.0,18.0,18.0
2017-06-08,23709.910521229795,18368.556062254658,27632.088620838058,32383.19885041195,15.0,3.0,18.0,18.0
2017-06-09,23776.58600557108,18419.661317897655,27734.89592820094,32534.38812777178,15.0,3.0,18.0,18.0
2017-06-10,23776.58600557108,18419.661317897655,27734.89592820094,32534.38812777178,15.0,3.0,18.0,18.0
2017-06-11,23776.58600557108,18419.661317897655,27734.89592820094,32534.38812777178,15.0,3.0,18.0,18.0
2017-06-12,23898.799750227405,18501.767753710214,27876.94074340623,32704.17329685882,15.0,3.0,18.0,18.0
2017-06-13,23821.027463588645,18449.51826836094,27786.54870023007,32596.128323076373,15.0,3.0,18.0,18.0
2017-06-14,23798.806734579863,18434.5897931293,27760.7223142155,32565.258225424073,15.0,3.0,18.0,18.0
2017-06-15,23621.040372725616,18315.16163535325,27554.110610349373,32318.29670820451,15.0,3.0,18.0,18.0
2017-06-16,23886.696363308463,18255.741002686573,27463.821646599605,32166.079573652587,15.0,3.0,18.0,18.0
2017-06-17,23886.696363308463,18255.741002686573,27463.821646599605,32166.079573652587,15.0,3.0,18.0,18.0
2017-06-18,23886.696363308463,18255.741002686573,27463.821646599605,32166.079573652587,15.0,3.0,18.0,18.0
2017-06-19,23931.87966222919,18285.40302496744,27515.173647837964,32227.331166377455,15.0,3.0,18.0,18.0
2017-06-20,23909.288012768822,18270.572013827004,27489.497647218785,32196.705370015025,15.0,3.0,18.0,18.0
2017-06-21,23920.583568185302,18277.987342597626,27502.335341446294,32212.01790310795,15.0,3.0,18.0,18.0
2017-06-22,23988.359055193803,18322.480729618124,27579.36395546798,32303.896022371842,15.0,3.0,18.0,18.0
2017-06-23,24079.808614520993,18380.31199822821,27712.534386962638,32389.552434551322,15.0,3.0,18.0,18.0
2017-06-24,24079.808614520993,18380.31199822821,27712.534386962638,32389.552434551322,15.0,3.0,18.0,18.0
2017-06-25,24079.808614520993,18380.31199822821,27712.534386962638,32389.552434551322,15.0,3.0,18.0,18.0
2017-06-26,24000.73211637759,18328.41080270939,27622.51459563918,32282.54740802005,15.0,3.0,18.0,18.0
2017-06-27,24000.73211637759,18328.41080270939,27622.51459563918,32282.54740802005,15.0,3.0,18.0,18.0
2017-06-28,24068.511741072827,18372.897390204966,27699.67415396943,32374.265689798805,15.0,3.0,18.0,18.0
2017-06-29,24091.104949304572,18387.726252703487,27725.394006746184,32404.83845039173,15.0,3.0,18.0,18.0
2017-06-30,24198.466030324205,18411.769191564938,27938.6096947128,32609.571775586537,15.0,3.0,18.0,18.0
2017-07-01,24198.466030324205,,29689.371455001146,33090.75886775279,15.0,0.0,16.0,19.0
2017-07-02,24198.466030324205,,29689.371455001146,33090.75886775279,15.0,0.0,16.0,19.0
2017-07-03,23949.662866094717,,29377.162675858763,32745.577261125138,15.0,0.0,16.0,19.0
2017-07-04,23949.662866094717,,29377.162675858763,32745.577261125138,15.0,0.0,16.0,19.0
2017-07-05,23916.671632101406,,29335.763874041477,32699.80627107481,15.0,0.0,16.0,19.0
2017-07-06,23861.685542930954,,29266.76499364988,32623.52031763524,15.0,0.0,16.0,19.0
2017-07-07,23689.2335713078,,29139.94805449844,32487.96990958841,15.0,0.0,16.0,19.0
2017-07-08,23689.2335713078,,29139.94805449844,32487.96990958841,15.0,0.0,16.0,19.0
2017-07-09,23689.2335713078,,29139.94805449844,32487.96990958841,15.0,0.0,16.0,19.0
2017-07-10,23809.797131625415,,29291.941960995628,32656.052820488465,15.0,0.0,16.0,19.0
2017-07-11,23853.63833126303,,29347.212352653696,32717.173746521403,15.0,0.0,16.0,19.0
2017-07-12,23831.717731444227,,29319.57715682467,32686.61328350493,15.0,0.0,16.0,19.0
2017-07-13,24029.003129813518,,29568.29391928595,32961.657450653176,15.0,0.0,16.0,19.0
2017-07-14,24260.23335193169,,29852.00622454726,33335.432705144776,15.0,0.0,16.0,19.0
2017-07-15,24260.23335193169,,29852.00622454726,33335.432705144776,15.0,0.0,16.0,19.0
2017-07-16,24260.23335193169,,29852.00622454726,33335.432705144776,15.0,0.0,16.0,19.0
2017-07-17,24347.861129040368,,29962.435104911307,33457.88212816766,15.0,0.0,16.0,19.0
2017-07-18,24358.814862330328,,29976.23904406084,33473.188670973585,15.0,0.0,16.0,19.0
2017-07-19,24479.3027947034,,30128.078425457395,33641.55626270199,15.0,0.0,16.0,19.0
2017-07-20,24413.581961871878,,30045.256765184353,33549.71919543482,15.0,0.0,16.0,19.0
2017-07-21,23974.510896797106,,29435.804518241865,32878.48363780437,15.0,0.0,16.0,19.0
2017-07-22,23974.510896797106,,29435.804518241865,32878.48363780437,15.0,0.0,16.0,19.0
2017-07-23,23974.510896797106,,29435.804518241865,32878.48363780437,15.0,0.0,16.0,19.0
2017-07-24,23875.7270943016,,29311.672416711215,32740.810477795254,15.0,0.0,16.0,19.0
2017-07-25,23864.751407010168,,29297.880326360264,32725.513865248355,15.0,0.0,16.0,19.0
2017-07-26,23776.94329180609,,29187.540315180562,32603.137317786135,15.0,0.0,16.0,19.0
2017-07-27,23787.91950247205,,29201.333063205933,32618.434659750445,15.0,0.0,16.0,19.0
2017-07-28,23917.419520881915,,29345.14930618458,32707.635001366452,15.0,0.0,16.0,19.0
2017-07-29,23917.419520881915,,29345.14930618458,32707.635001366452,15.0,0.0,16.0,19.0
2017-07-30,23917.419520881915,,29345.14930618458,32707.635001366452,15.0,0.0,16.0,19.0
2017-07-31,23818.440004829925,,29220.891783822797,32570.270694104907,15.0,0.0,16.0,19.0
2017-08-01,23493.551434426423,,28767.9056282526,32069.503189037474,16.0,0.0,16.0,19.0
2017-08-02,23493.551434426423,,28767.9056282526,32069.503189037474,16.0,0.0,16.0,19.0
2017-08-03,23396.239265024557,,28646.03188089522,31934.774099313847,16.0,0.0,16.0,19.0
2017-08-04,23422.575352450098,,28429.916711548973,31954.96768755603,16.0,0.0,16.0,19.0
2017-08-05,23422.575352450098,,28429.916711548973,31954.96768755603,16.0,0.0,16.0,19.0
2017-08-06,23422.575352450098,,28429.916711548973,31954.96768755603,16.0,0.0,16.0,19.0
2017-08-07,23422.575352450098,,28429.916711548973,31954.96768755603,16.0,0.0,16.0,19.0
2017-08-08,23379.12457242309,,28376.21863515814,31894.85691048131,16.0,0.0,16.0,19.0
2017-08-09,23400.849962436598,,28403.067673353555,31924.91229901867,16.0,0.0,16.0,19.0
2017-08-10,23335.673792396086,,28322.520558767297,31834.74613340658,16.0,0.0,16.0,19.0
2017-08-11,23533.510428725283,,28180.302987378094,31668.384314855855,16.0,0.0,16.0,19.0
2017-08-12,23533.510428725283,,28180.302987378094,31668.384314855855,16.0,0.0,16.0,19.0
2017-08-13,23533.510428725283,,28180.302987378094,31668.384314855855,16.0,0.0,16.0,19.0
2017-08-14,23445.330958206905,,28073.578310708588,31548.95610104935,16.0,0.0,16.0,19.0
2017-08-15,23279.994188189394,,27873.46922388864,31325.02784423799,16.0,0.0,16.0,19.0
2017-08-16,23169.769850041423,,27740.063378051756,31175.742576979857,16.0,0.0,16.0,19.0
2017-08-17,23114.65741817188,,27673.360137068685,31101.099587426637,16.0,0.0,16.0,19.0
2017-08-18,23157.20885142685,,27574.434884495808,30969.851329580306,16.0,0.0,16.0,19.0
2017-08-19,23157.20885142685,,27574.434884495808,30969.851329580306,16.0,0.0,16.0,19.0
2017-08-20,23157.20885142685,,27574.434884495808,30969.851329580306,16.0,0.0,16.0,19.0
2017-08-21,23256.996210915604,,27694.192722473468,31103.72526959591,16.0,0.0,16.0,19.0
2017-08-22,23356.783041712795,,27813.949925952333,31237.598500323056,16.0,0.0,16.0,19.0
2017-08-23,23611.794771423945,,28119.997240618395,31579.72023980524,16.0,0.0,16.0,19.0
2017-08-24,23545.270041328622,,28040.158893466214,31490.471182890986,16.0,0.0,16.0,19.0
2017-08-25,23806.973204620717,,28320.1341991411,31936.761597299024,16.0,0.0,16.0,19.0
2017-08-26,23806.973204620717,,28320.1341991411,31936.761597299024,16.0,0.0,16.0,19.0
2017-08-27,23806.973204620717,,28320.1341991411,31936.761597299024,16.0,0.0,16.0,19.0
2017-08-28,23906.660491571587,,28439.551525684008,32071.11652084237,16.0,0.0,16.0,19.0
2017-08-29,23829.125876369653,,28346.671312517894,31966.618167882352,16.0,0.0,16.0,19.0
2017-08-30,23231.00321098719,,27630.16861864979,31160.490050295863,16.0,0.0,16.0,19.0
2017-08-31,24007.818223514307,,28560.730326684974,32207.45325701698,16.0,0.0,16.0,19.0
2017-09-01,23325.638826162118,,27699.644941568946,31642.266948631637,17.0,0.0,16.0,20.0
2017-09-02,23325.638826162118,,27699.644941568946,31642.266948631637,17.0,0.0,16.0,20.0
2017-09-03,23325.638826162118,,27699.644941568946,31642.266948631637,17.0,0.0,16.0,20.0
2017-09-04,23325.638826162118,,27699.644941568946,31642.266948631637,17.0,0.0,16.0,20.0
2017-09-05,23430.672725310244,,27825.158570497097,31786.317795501105,17.0,0.0,16.0,20.0
2017-09-06,23798.291622749246,,28264.456570993687,32290.49610298853,17.0,0.0,16.0,20.0
2017-09-07,24123.897461370132,,28653.5497184152,32737.054758616803,17.0,0.0,16.0,20.0
2017-09-08,24050.2700102988,,28568.500438591618,32635.046661993336,17.0,0.0,16.0,20.0
2017-09-09,24050.2700102988,,28568.500438591618,32635.046661993336,17.0,0.0,16.0,20.0
2017-09-10,24050.2700102988,,28568.500438591618,32635.046661993336,17.0,0.0,16.0,20.0
2017-09-11,23945.236804825374,,28442.96796757762,32491.003673326122,17.0,0.0,16.0,20.0
2017-09-12,23945.236804825374,,28442.96796757762,32491.003673326122,17.0,0.0,16.0,20.0
2017-09-13,23976.74651604849,,28480.627409588807,32534.21622650071,17.0,0.0,16.0,20.0
2017-09-14,23934.733233859115,,28430.414421183203,32476.59903103382,17.0,0.0,16.0,20.0
2017-09-15,23897.425174453823,,28409.11365400868,32539.716442040706,17.0,0.0,16.0,20.0
2017-09-16,23897.425174453823,,28409.11365400868,32539.716442040706,17.0,0.0,16.0,20.0
2017-09-17,23897.425174453823,,28409.11365400868,32539.716442040706,17.0,0.0,16.0,20.0
2017-09-18,23991.728533825953,,28521.963701109784,32669.739132645762,17.0,0.0,16.0,20.0
2017-09-19,23981.250160724012,,28509.42454125408,32655.291860852387,17.0,0.0,16.0,20.0
2017-09-20,24106.988139765625,,28659.891470022234,32828.655677953735,17.0,0.0,16.0,20.0
2017-09-21,24159.37850636633,,28722.585475600583,32900.88997026912,17.0,0.0,16.0,20.0
2017-09-22,24233.226271168056,,28799.07998947504,33051.27917429897,17.0,0.0,16.0,20.0
2017-09-23,24233.226271168056,,28799.07998947504,33051.27917429897,17.0,0.0,16.0,20.0
2017-09-24,24233.226271168056,,28799.07998947504,33051.27917429897,17.0,0.0,16.0,20.0
2017-09-25,24044.73869986496,,28573.663714351096,32790.82048101992,17.0,0.0,16.0,20.0
2017-09-26,24128.510953777448,,28673.848725517295,32906.579900255056,17.0,0.0,16.0,20.0
2017-09-27,24254.169334646176,,28824.126242266586,33080.21902910775,17.0,0.0,16.0,20.0
2017-09-28,24180.86886213376,,28736.46465607105,32978.92988226729,17.0,0.0,16.0,20.0
2017-09-29,24380.62505221946,,28968.3557466282,33221.846578011086,17.0,0.0,16.0,20.0
2017-09-30,24380.62505221946,,28968.3557466282,33221.846578011086,17.0,0.0,16.0,20.0
2017-10-01,24380.62505221946,,28968.3557466282,33221.846578011086,17.0,0.0,16.0,20.0
2017-10-02,24286.3145848213,,28855.60913939855,33091.72030202647,17.0,0.0,16.0,20.0
2017-10-03,24412.062041243513,,29005.938148155416,33265.22223315016,17.0,0.0,16.0,20.0
2017-10-04,24338.70939997006,,28918.246276159916,33164.01283078074,17.0,0.0,16.0,20.0
2017-10-05,24380.62505221946,,28968.3557466282,33221.846578011086,17.0,0.0,16.0,20.0
2017-10-06,24138.465854117127,,28696.56800334501,32872.37523417982,17.0,0.0,16.0,20.0
2017-10-07,24138.465854117127,,28696.56800334501,32872.37523417982,17.0,0.0,16.0,20.0
2017-10-08,24138.465854117127,,28696.56800334501,32872.37523417982,17.0,0.0,16.0,20.0
2017-10-09,24148.944256212297,,28709.106538201868,32886.82275811321,17.0,0.0,16.0,20.0
2017-10-10,24264.20368143285,,28847.026834405846,33045.74138800541,17.0,0.0,16.0,20.0
2017-10-11,24327.07259509071,,28922.25624993627,33132.42446491821,17.0,0.0,16.0,20.0
2017-10-12,24327.07259509071,,28922.25624993627,33132.42446491821,17.0,0.0,16.0,20.0
2017-10-13,24402.376530740337,,29024.355538033953,33253.46078393709,17.0,0.0,16.0,20.0
2017-10-14,24402.376530740337,,29024.355538033953,33253.46078393709,17.0,0.0,16.0,20.0
2017-10-15,24402.376530740337,,29024.355538033953,33253.46078393709,17.0,0.0,16.0,20.0
2017-10-16,24643.24614735912,,29312.76222018149,33585.828327264695,17.0,0.0,16.0,20.0
2017-10-17,24601.355822675167,,29262.60458832332,33528.02533616998,17.0,0.0,16.0,20.0
2017-10-18,24643.24614735912,,29312.76222018149,33585.828327264695,17.0,0.0,16.0,20.0
2017-10-19,24517.57467393519,,29162.288726680843,33412.41866491455,17.0,0.0,16.0,20.0
2017-10-20,24422.21174416908,,29035.091164965146,33410.41893894161,17.0,0.0,16.0,20.0
2017-10-21,24422.21174416908,,29035.091164965146,33410.41893894161,17.0,0.0,16.0,20.0
2017-10-22,24422.21174416908,,29035.091164965146,33410.41893894161,17.0,0.0,16.0,20.0
2017-10-23,24411.760607674772,,29022.585913999566,33395.91334179514,17.0,0.0,16.0,20.0
2017-10-24,24349.052293624776,,28947.552619271242,33308.87768382254,17.0,0.0,16.0,20.0
2017-10-25,24369.955064974776,,28972.563717514015,33337.8895698134,17.0,0.0,16.0,20.0
2017-10-26,24359.503430119086,,28960.057870236815,33323.383280969014,17.0,0.0,16.0,20.0
2017-10-27,24393.73491524355,,29012.528415944456,33536.19059412177,17.0,0.0,16.0,20.0
2017-10-28,24393.73491524355,,29012.528415944456,33536.19059412177,17.0,0.0,16.0,20.0
2017-10-29,24393.73491524355,,29012.528415944456,33536.19059412177,17.0,0.0,16.0,20.0
2017-10-30,24341.638909287183,,28950.155766102835,33463.346384344164,17.0,0.0,16.0,20.0
2017-10-31,24341.638909287183,,28950.155766102835,33463.346384344164,17.0,0.0,16.0,20.0
2017-11-01,24518.766422562785,,29162.22408420212,33711.0182259291,17.0,0.0,16.0,20.0
2017-11-02,24664.635934801303,,29336.868336528136,33914.98298588709,17.0,0.0,16.0,20.0
2017-11-03,24612.477126007925,,29304.754781597945,33734.347303680894,17.0,0.0,16.0,20.0
2017-11-04,24612.477126007925,,29304.754781597945,33734.347303680894,17.0,0.0,16.0,20.0
2017-11-05,24612.477126007925,,29304.754781597945,33734.347303680894,17.0,0.0,16.0,20.0
2017-11-06,24549.881488326973,,29229.694307870705,33647.23719445955,17.0,0.0,16.0,20.0
2017-11-07,24497.71820819323,,29167.143614834178,33574.645090630285,17.0,0.0,16.0,20.0
2017-11-08,24466.420638085696,,29129.61367623437,33531.09038216441,17.0,0.0,16.0,20.0
2017-11-09,24393.39214539164,,29042.04282528878,33429.46157526137,17.0,0.0,16.0,20.0
2017-11-10,24234.897052522636,,28901.476966934635,33241.3796850072,17.0,0.0,16.0,20.0
2017-11-11,24234.897052522636,,28901.476966934635,33241.3796850072,17.0,0.0,16.0,20.0
2017-11-12,24234.897052522636,,28901.476966934635,33241.3796850072,17.0,0.0,16.0,20.0
2017-11-13,24068.215839642755,,28701.083685831592,33009.079151806225,17.0,0.0,16.0,20.0
2017-11-14,23974.457409023235,,28588.362166601593,32878.40975572559,17.0,0.0,16.0,20.0
2017-11-15,24005.71038481281,,28625.93620541796,32921.966451855864,17.0,0.0,16.0,20.0
2017-11-16,24047.380688032772,,28676.034525693714,32980.04158515611,17.0,0.0,16.0,20.0
2017-11-17,24056.81598791151,,28693.218910276282,32952.97580862168,17.0,0.0,16.0,20.0
2017-11-18,24056.81598791151,,28693.218910276282,32952.97580862168,17.0,0.0,16.0,20.0
2017-11-19,24056.81598791151,,28693.218910276282,32952.97580862168,17.0,0.0,16.0,20.0
2017-11-20,24077.663689472214,,28718.290927470352,32981.97737491508,17.0,0.0,16.0,20.0
2017-11-21,24108.93549033746,,28755.89925214348,33025.4800700811,17.0,0.0,16.0,20.0
2017-11-22,23963.001082364175,,28580.39453402093,32822.46841457549,17.0,0.0,16.0,20.0
2017-11-23,23963.001082364175,,28580.39453402093,32822.46841457549,17.0,0.0,16.0,20.0
2017-11-24,23833.113755252114,,28465.958618610566,32583.669947398575,17.0,0.0,16.0,20.0
2017-11-25,23833.113755252114,,28465.958618610566,32583.669947398575,17.0,0.0,16.0,20.0
2017-11-26,23833.113755252114,,28465.958618610566,32583.669947398575,17.0,0.0,16.0,20.0
2017-11-27,23687.126220280617,,28289.995321362272,32381.133470447636,17.0,0.0,16.0,20.0
2017-11-28,23634.988241130242,,28227.151800338695,32308.799605679527,17.0,0.0,16.0,20.0
2017-11-29,23468.14541505272,,28026.05097481578,32077.329444854662,17.0,0.0,16.0,20.0
2017-11-30,24815.407816435534,,29649.948072963594,33946.46012342803,17.0,0.0,16.0,20.0
2017-12-01,24876.851887149314,,29738.06490756514,33911.2253650388,17.0,0.0,16.0,20.0
2017-12-02,24876.851887149314,,29738.06490756514,33911.2253650388,17.0,0.0,16.0,20.0
2017-12-03,24876.851887149314,,29738.06490756514,33911.2253650388,17.0,0.0,16.0,20.0
2017-12-04,24782.83089939883,,29624.658372040733,33781.471697353074,17.0,0.0,16.0,20.0
2017-12-05,24615.682919522656,,29423.04728741817,33550.79912143044,17.0,0.0,16.0,20.0
2017-12-06,24438.08794183408,,29208.83520958248,33305.709165783395,17.0,0.0,16.0,20.0
2017-12-07,24406.747446537167,,29171.032830791533,33262.457714068645,17.0,0.0,16.0,20.0
2017-12-08,24411.82835511226,,29177.837851587414,33140.795541525884,17.0,0.0,16.0,20.0
2017-12-09,24411.82835511226,,29177.837851587414,33140.795541525884,17.0,0.0,16.0,20.0
2017-12-10,24411.82835511226,,29177.837851587414,33140.795541525884,17.0,0.0,16.0,20.0
2017-12-11,24589.827288698038,,29392.54468692687,33385.0140512852,17.0,0.0,16.0,20.0
2017-12-12,24527.00404756045,,29316.76569758862,33298.81916224966,17.0,0.0,16.0,20.0
2017-12-13,24390.887274733068,,29152.578188474654,33112.06391184737,17.0,0.0,16.0,20.0
2017-12-14,24254.770002630936,,28988.390077122833,32925.307976428994,17.0,0.0,16.0,20.0
2017-12-15,24351.488616518283,,29083.66924072998,32960.32646847855,17.0,0.0,16.0,20.0
2017-12-16,24351.488616518283,,29083.66924072998,32960.32646847855,17.0,0.0,16.0,20.0
2017-12-17,24351.488616518283,,29083.66924072998,32960.32646847855,17.0,0.0,16.0,20.0
2017-12-18,24288.531739648162,,29007.813370099026,32874.33334725807,17.0,0.0,16.0,20.0
2017-12-19,24236.06742542133,,28944.59984314881,32802.672071201385,17.0,0.0,16.0,20.0
2017-12-20,24194.096174174574,,28894.029262728174,32745.343323721067,17.0,0.0,16.0,20.0
2017-12-21,24267.54611402478,,28982.528079888718,32845.66897351792,17.0,0.0,16.0,20.0
2017-12-22,24275.643732893972,,28920.52939222116,32824.5131294607,17.0,0.0,16.0,20.0
2017-12-23,24275.643732893972,,28920.52939222116,32824.5131294607,17.0,0.0,16.0,20.0
2017-12-24,24275.643732893972,,28920.52939222116,32824.5131294607,17.0,0.0,16.0,20.0
2017-12-25,24275.643732893972,,28920.52939222116,32824.5131294607,17.0,0.0,16.0,20.0
2017-12-26,24286.155532061177,,28933.1474525676,32838.8499409896,17.0,0.0,16.0,20.0
2017-12-27,24317.691932070935,,28971.002836988784,32881.8617428751,17.0,0.0,16.0,20.0
2017-12-28,24317.691932070935,,28971.002836988784,32881.8617428751,17.0,0.0,16.0,20.0
2017-12-29,24204.381021398367,,28879.505090042083,32867.764728842725,17.0,0.0,16.0,20.0
2017-12-30,24204.381021398367,,28879.505090042083,32867.764728842725,17.0,0.0,16.0,20.0
2017-12-31,24204.381021398367,,28879.505090042083,32867.764728842725,17.0,0.0,16.0,20.0
2018-01-01,23480.901107634527,,28101.03890018687,32562.301621968203,18.0,0.0,16.0,22.0
2018-01-02,23301.04795494149,,27885.766259754575,32308.27087936359,18.0,0.0,16.0,22.0
2018-01-03,23440.84566619216,,28053.09511652856,32505.72594685436,18.0,0.0,16.0,22.0
2018-01-04,23740.411169985728,,28411.655731221457,32928.84250749252,18.0,0.0,16.0,22.0
2018-01-05,23417.85238037958,,28254.64460209967,33046.879101797094,18.0,0.0,16.0,22.0
2018-01-06,23417.85238037958,,28254.64460209967,33046.879101797094,18.0,0.0,16.0,22.0
2018-01-07,23417.85238037958,,28254.64460209967,33046.879101797094,18.0,0.0,16.0,22.0
2018-01-08,23250.751667904104,,28052.131237684553,32804.58849636941,18.0,0.0,16.0,22.0
2018-01-09,23181.945823029266,,27968.7437827144,32704.822256209685,18.0,0.0,16.0,22.0
2018-01-10,23191.775028566528,,27980.656032838233,32719.07428497256,18.0,0.0,16.0,22.0
2018-01-11,23280.24022192523,,28087.86912412493,32847.345941871106,18.0,0.0,16.0,22.0
2018-01-12,22846.672964183188,,28566.603419808507,33460.32173195388,18.0,0.0,16.0,22.0
2018-01-13,22846.672964183188,,28566.603419808507,33460.32173195388,18.0,0.0,16.0,22.0
2018-01-14,22846.672964183188,,28566.603419808507,33460.32173195388,18.0,0.0,16.0,22.0
2018-01-15,22846.672964183188,,28566.603419808507,33460.32173195388,18.0,0.0,16.0,22.0
2018-01-16,22875.02297560266,,28602.896538621142,33503.82095095465,18.0,0.0,16.0,22.0
2018-01-17,22837.223260782124,,28554.50609811066,33445.82245321804,18.0,0.0,16.0,22.0
2018-01-18,22761.62338053291,,28457.72464023016,33329.82476634818,18.0,0.0,16.0,22.0
2018-01-19,22926.72560377122,,28338.350257539198,33212.34532791173,18.0,0.0,16.0,22.0
2018-01-20,22926.72560377122,,28338.350257539198,33212.34532791173,18.0,0.0,16.0,22.0
2018-01-21,22926.72560377122,,28338.350257539198,33212.34532791173,18.0,0.0,16.0,22.0
2018-01-22,22898.037057112688,,28302.265197532834,33169.045834079574,18.0,0.0,16.0,22.0
2018-01-23,22936.288148664746,,28350.378228506266,33226.77803370771,18.0,0.0,16.0,22.0
2018-01-24,22869.348966443133,,28266.180711079047,33125.747028469545,18.0,0.0,16.0,22.0
2018-01-25,22878.911511336653,,28278.208682046115,33140.17973426551,18.0,0.0,16.0,22.0
2018-01-26,23191.40395458489,,28043.754597303374,32856.240826869376,18.0,0.0,16.0,22.0
2018-01-27,23191.40395458489,,28043.754597303374,32856.240826869376,18.0,0.0,16.0,22.0
2018-01-28,23191.40395458489,,28043.754597303374,32856.240826869376,18.0,0.0,16.0,22.0
2018-01-29,23162.031643143586,,28008.033619815447,32813.3832990387,18.0,0.0,16.0,22.0
2018-01-30,22966.214210455517,,27769.891309538903,32527.663494932345,18.0,0.0,16.0,22.0
2018-01-31,22927.050817290794,,27722.262961038534,32470.519670352696,18.0,0.0,16.0,22.0
2018-02-01,22952.186901349072,,27752.832073536698,32896.30566510892,18.0,0.0,16.0,21.0
2018-02-02,22662.29544204402,,27400.600154198022,32708.443112896606,18.0,0.0,16.0,21.0
2018-02-03,22662.29544204402,,27400.600154198022,32708.443112896606,18.0,0.0,16.0,21.0
2018-02-04,22662.29544204402,,27400.600154198022,32708.443112896606,18.0,0.0,16.0,21.0
2018-02-05,22427.953306936168,,27115.601105984402,32356.442074798993,18.0,0.0,16.0,21.0
2018-02-06,22437.717329767453,,27127.475783205253,32371.108435037782,18.0,0.0,16.0,21.0
2018-02-07,22369.367773159203,,27044.351343931,32268.441815274593,18.0,0.0,16.0,21.0
2018-02-08,22281.489239695547,,26937.476417729504,32136.44107630604,18.0,0.0,16.0,21.0
2018-02-09,22269.15871363871,,26897.720384067354,32084.225241322845,18.0,0.0,16.0,21.0
2018-02-10,22269.15871363871,,26897.720384067354,32084.225241322845,18.0,0.0,16.0,21.0
2018-02-11,22269.15871363871,,26897.720384067354,32084.225241322845,18.0,0.0,16.0,21.0
2018-02-12,22376.694574853693,,27028.313517885737,32245.496545093258,18.0,0.0,16.0,21.0
2018-02-13,22327.814871015715,,26968.953285567008,32172.19175656226,18.0,0.0,16.0,21.0
2018-02-14,22396.24654962005,,27052.05772403453,32274.818600324234,18.0,0.0,16.0,21.0
2018-02-15,22327.814871015715,,26968.953285567008,32172.19175656226,18.0,0.0,16.0,21.0
2018-02-16,22317.907387020994,,27005.212878144972,32082.85813183068,18.0,0.0,16.0,21.0
2018-02-17,22317.907387020994,,27005.212878144972,32082.85813183068,18.0,0.0,16.0,21.0
2018-02-18,22317.907387020994,,27005.212878144972,32082.85813183068,18.0,0.0,16.0,21.0
2018-02-19,22317.907387020994,,27005.212878144972,32082.85813183068,18.0,0.0,16.0,21.0
2018-02-20,22386.38586457168,,27088.607306475504,32185.19558386543,18.0,0.0,16.0,21.0
2018-02-21,22396.16873745831,,27100.521080277013,32199.815568430007,18.0,0.0,16.0,21.0
2018-02-22,22454.864575358893,,27172.002018846037,32287.533384459788,18.0,0.0,16.0,21.0
2018-02-23,22732.467860128298,,27385.10086590585,32404.572365387157,18.0,0.0,16.0,21.0
2018-02-24,22732.467860128298,,27385.10086590585,32404.572365387157,18.0,0.0,16.0,21.0
2018-02-25,22732.467860128298,,27385.10086590585,32404.572365387157,18.0,0.0,16.0,21.0
2018-02-26,22594.458211740093,,27218.211518282835,32201.13993598355,18.0,0.0,16.0,21.0
2018-02-27,22466.30706688949,,27063.24365037623,32012.239384230237,18.0,0.0,16.0,21.0
2018-02-28,22194.155079010972,,26734.141531489608,31611.075112690203,18.0,0.0,16.0,21.0
2018-03-01,22194.155079010972,,26734.141531489608,31611.075112690203,18.0,0.0,16.0,21.0
2018-03-02,22397.52901359855,,26982.890061236852,31748.46472518578,18.0,0.0,16.0,21.0
2018-03-03,22397.52901359855,,26982.890061236852,31748.46472518578,18.0,0.0,16.0,21.0
2018-03-04,22397.52901359855,,26982.890061236852,31748.46472518578,18.0,0.0,16.0,21.0
2018-03-05,22407.41822767651,,26994.850631015095,31762.9292760832,18.0,0.0,16.0,21.0
2018-03-06,22802.99669368452,,27473.285399254593,32341.525796533428,18.0,0.0,16.0,21.0
2018-03-07,22842.5544931287,,27521.128819044683,32399.385379604384,18.0,0.0,16.0,21.0
2018-03-08,22674.433609707834,,27317.79399976751,32153.48180668249,18.0,0.0,16.0,21.0
2018-03-09,22722.74308517557,,27387.27130221568,32220.34516455678,18.0,0.0,16.0,21.0
2018-03-10,22722.74308517557,,27387.27130221568,32220.34516455678,18.0,0.0,16.0,21.0
2018-03-11,22722.74308517557,,27387.27130221568,32220.34516455678,18.0,0.0,16.0,21.0
2018-03-12,22752.408884762946,,27423.173252006913,32263.728400762404,18.0,0.0,16.0,21.0
2018-03-13,22880.961940386587,,27578.749889505467,32451.724263157706,18.0,0.0,16.0,21.0
2018-03-14,22841.40722658383,,27530.880242683023,32393.879488507475,18.0,0.0,16.0,21.0
2018-03-15,22861.184583485207,,27554.81506609424,32422.80187583259,18.0,0.0,16.0,21.0
2018-03-16,22807.871113245994,,27532.251504989505,32291.776672076205,18.0,0.0,16.0,21.0
2018-03-17,22807.871113245994,,27532.251504989505,32291.776672076205,18.0,0.0,16.0,21.0
2018-03-18,22807.871113245994,,27532.251504989505,32291.776672076205,18.0,0.0,16.0,21.0
2018-03-19,22758.407196334458,,27472.248168466598,32219.619554246452,18.0,0.0,16.0,21.0
2018-03-20,22797.97814117454,,27520.250608791233,32277.344973253745,18.0,0.0,16.0,21.0
2018-03-21,22936.476919837685,,27688.25972216167,32479.384627920546,18.0,0.0,16.0,21.0
2018-03-22,22857.334558434653,,27592.254269278183,32363.933101764684,18.0,0.0,16.0,21.0
2018-03-23,22921.494696728565,,27531.266242195492,32206.114175785122,18.0,0.0,16.0,21.0
2018-03-24,22921.494696728565,,27531.266242195492,32206.114175785122,18.0,0.0,16.0,21.0
2018-03-25,22921.494696728565,,27531.266242195492,32206.114175785122,18.0,0.0,16.0,21.0
2018-03-26,23060.971920578788,,27699.152868800335,32407.209696763217,18.0,0.0,16.0,21.0
2018-03-27,23060.971920578788,,27699.152868800335,32407.209696763217,18.0,0.0,16.0,21.0
2018-03-28,22861.718947245085,,27459.315075857867,32119.93067461977,18.0,0.0,16.0,21.0
2018-03-29,22901.569446900743,,27507.28252008295,32177.386342063335,18.0,0.0,16.0,21.0
2018-03-30,23017.30837872742,,27488.403363681045,32221.779974566838,18.0,0.0,16.0,21.0
2018-03-31,23017.30837872742,,27488.403363681045,32221.779974566838,18.0,0.0,16.0,21.0
2018-04-01,23017.30837872742,,27488.403363681045,32221.779974566838,18.0,0.0,16.0,21.0
2018-04-02,22943.323915708126,,27400.135786872906,32115.71948250952,18.0,0.0,16.0,21.0
2018-04-03,23023.412370577076,,27495.685765248043,32230.530357453576,18.0,0.0,16.0,21.0
2018-04-04,23013.401075036032,,27483.741733189752,32216.178655922162,18.0,0.0,16.0,21.0
2018-04-05,23063.45659801155,,27543.460754435622,32287.935794925597,18.0,0.0,16.0,21.0
2018-04-06,22842.92962166872,,27242.99491243172,31969.013854461653,18.0,0.0,16.0,21.0
2018-04-07,22842.92962166872,,27242.99491243172,31969.013854461653,18.0,0.0,16.0,21.0
2018-04-08,22842.92962166872,,27242.99491243172,31969.013854461653,18.0,0.0,16.0,21.0
2018-04-09,22862.964986107934,,27266.847318073236,31997.731774696662,18.0,0.0,16.0,21.0
2018-04-10,23053.30118712092,,27493.4454560107,32270.552359273934,18.0,0.0,16.0,21.0
2018-04-11,23203.566659255448,,27672.33878266515,32485.93710338117,18.0,0.0,16.0,21.0
2018-04-12,23373.867495829214,,27875.084514961105,32730.03976772343,18.0,0.0,16.0,21.0
2018-04-13,23327.643151010267,,27822.826146437335,32684.039813114643,18.0,0.0,16.0,21.0
2018-04-14,23327.643151010267,,27822.826146437335,32684.039813114643,18.0,0.0,16.0,21.0
2018-04-15,23327.643151010267,,27822.826146437335,32684.039813114643,18.0,0.0,16.0,21.0
2018-04-16,23407.75216223942,,27918.211759197973,32798.971792713484,18.0,0.0,16.0,21.0
2018-04-17,23347.670403817563,,27846.672549627496,32712.77280801435,18.0,0.0,16.0,21.0
2018-04-18,23387.724909432127,,27894.36535600781,32770.23879781377,18.0,0.0,16.0,21.0
2018-04-19,23427.779415046698,,27942.058162388123,32827.70478761318,18.0,0.0,16.0,21.0
2018-04-20,23426.96204354266,,27943.879288507218,32863.044682647436,18.0,0.0,16.0,21.0
2018-04-21,23426.96204354266,,27943.879288507218,32863.044682647436,18.0,0.0,16.0,21.0
2018-04-22,23426.96204354266,,27943.879288507218,32863.044682647436,18.0,0.0,16.0,21.0
2018-04-23,23396.942664250684,,27908.12979817811,32819.904360605375,18.0,0.0,16.0,21.0
2018-04-24,23326.89665065369,,27824.71337369701,32719.242466335494,18.0,0.0,16.0,21.0
2018-04-25,23106.752786297962,,27562.54836111453,32402.877590449232,18.0,0.0,16.0,21.0
2018-04-26,23096.74600843435,,27550.63148551956,32388.497025966502,18.0,0.0,16.0,21.0
2018-04-27,23002.842350458577,,27454.103684409576,32289.098399759998,18.0,0.0,16.0,21.0
2018-04-28,23002.842350458577,,27454.103684409576,32289.098399759998,18.0,0.0,16.0,21.0
2018-04-29,23002.842350458577,,27454.103684409576,32289.098399759998,18.0,0.0,16.0,21.0
2018-04-30,22852.883725311756,,27275.36658138574,32073.236957796955,18.0,0.0,16.0,21.0
2018-05-01,22862.881189450698,,27287.282653409136,32087.62804082331,18.0,0.0,16.0,21.0
2018-05-02,22832.8892737392,,27251.53500552853,32044.45547794886,18.0,0.0,16.0,21.0
2018-05-03,22802.897834733034,,27215.787925837514,32001.283601279018,18.0,0.0,16.0,21.0
2018-05-04,22768.746611604027,,27166.75884181623,31977.88990219453,18.0,0.0,16.0,21.0
2018-05-05,22768.746611604027,,27166.75884181623,31977.88990219453,18.0,0.0,16.0,21.0
2018-05-06,22768.746611604027,,27166.75884181623,31977.88990219453,18.0,0.0,16.0,21.0
2018-05-07,22878.68508687279,,27297.733016541086,32136.336972871148,18.0,0.0,16.0,21.0
2018-05-08,23018.60647939765,,27464.4270594364,32337.99644391948,18.0,0.0,16.0,21.0
2018-05-09,23158.527871922517,,27631.121102331723,32539.655914967803,18.0,0.0,16.0,21.0
2018-05-10,23158.527871922517,,27631.121102331723,32539.655914967803,18.0,0.0,16.0,21.0
2018-05-11,23195.887255400183,,27614.988803053588,32553.76778372352,18.0,0.0,16.0,21.0
2018-05-12,23195.887255400183,,27614.988803053588,32553.76778372352,18.0,0.0,16.0,21.0
2018-05-13,23195.887255400183,,27614.988803053588,32553.76778372352,18.0,0.0,16.0,21.0
2018-05-14,23286.0002098817,,27721.98121333431,32683.40392029828,18.0,0.0,16.0,21.0
2018-05-15,23215.912409444667,,27638.764957212443,32582.575890388962,18.0,0.0,16.0,21.0
2018-05-16,23185.874439659277,,27603.10044254005,32539.363386971087,18.0,0.0,16.0,21.0
2018-05-17,23245.94990179273,,27674.428905016608,32625.787706967403,18.0,0.0,16.0,21.0
2018-05-18,23223.88295141696,,27683.87512971949,32709.587514442508,18.0,0.0,16.0,21.0
2018-05-19,23223.88295141696,,27683.87512971949,32709.587514442508,18.0,0.0,16.0,21.0
2018-05-20,23223.88295141696,,27683.87512971949,32709.587514442508,18.0,0.0,16.0,21.0
2018-05-21,23293.77625880398,,27767.02557652413,32810.67095256608,18.0,0.0,16.0,21.0
2018-05-22,23293.77625880398,,27767.02557652413,32810.67095256608,18.0,0.0,16.0,21.0
2018-05-23,23323.730669429617,,27802.661644130705,32853.9926227832,18.0,0.0,16.0,21.0
2018-05-24,23263.822324287543,,27731.39007533363,32767.349970923537,18.0,0.0,16.0,21.0
2018-05-25,23152.64562738031,,27824.423500308298,32791.9090976687,18.0,0.0,16.0,21.0
2018-05-26,23152.64562738031,,27824.423500308298,32791.9090976687,18.0,0.0,16.0,21.0
2018-05-27,23152.64562738031,,27824.423500308298,32791.9090976687,18.0,0.0,16.0,21.0
2018-05-28,23152.64562738031,,27824.423500308298,32791.9090976687,18.0,0.0,16.0,21.0
2018-05-29,23400.42965103161,,28122.923624400762,33153.32569568153,18.0,0.0,16.0,21.0
2018-05-30,24439.723457258955,,29374.9386879869,34669.23469678441,18.0,0.0,16.0,21.0
2018-05-31,24935.291504561545,,29971.938936171853,35392.06789281007,18.0,0.0,16.0,21.0
2018-06-01,24839.821214480362,,30004.50270760246,35316.261923144164,18.0,0.0,16.0,21.0
2018-06-02,24839.821214480362,,30004.50270760246,35316.261923144164,18.0,0.0,16.0,21.0
2018-06-03,24839.821214480362,,30004.50270760246,35316.261923144164,18.0,0.0,16.0,21.0
2018-06-04,24770.673067622418,,29920.59055121211,35215.140139320676,18.0,0.0,16.0,21.0
2018-06-05,24760.794491764755,,29908.60277366566,35200.693776579894,18.0,0.0,16.0,21.0
2018-06-06,24879.334575838166,,30052.452674570854,35374.0459964263,18.0,0.0,16.0,21.0
2018-06-07,24810.18642898022,,29968.540518180507,35272.924212602804,18.0,0.0,16.0,21.0
2018-06-08,24732.156506115713,,29863.030564216453,35166.78860689231,18.0,0.0,16.0,21.0
2018-06-09,24732.156506115713,,29863.030564216453,35166.78860689231,18.0,0.0,16.0,21.0
2018-06-10,24732.156506115713,,29863.030564216453,35166.78860689231,18.0,0.0,16.0,21.0
2018-06-11,24781.55093878514,,29922.939137567744,35239.04642544908,18.0,0.0,16.0,21.0
2018-06-12,24702.519469662282,,29827.08496313692,35123.43336447169,18.0,0.0,16.0,21.0
2018-06-13,24840.824540627287,,29994.82976839086,35325.75622118212,18.0,0.0,16.0,21.0
2018-06-14,24801.308806065852,,29946.902681175445,35267.949690693415,18.0,0.0,16.0,21.0
2018-06-15,24617.962279412575,,29740.55458352158,35007.12863226405,18.0,0.0,16.0,21.0
2018-06-16,24617.962279412575,,29740.55458352158,35007.12863226405,18.0,0.0,16.0,21.0
2018-06-17,24617.962279412575,,29740.55458352158,35007.12863226405,18.0,0.0,16.0,21.0
2018-06-18,25121.619289109738,,30351.910124941016,35744.141106148454,18.0,0.0,16.0,21.0
2018-06-19,25180.873498162913,,30423.834844263132,35830.84910457104,18.0,0.0,16.0,21.0
2018-06-20,25111.74390153878,,30339.923052788872,35729.69023247032,18.0,0.0,16.0,21.0
2018-06-21,25091.99265549001,,30315.948336882273,35700.78779602561,18.0,0.0,16.0,21.0
2018-06-22,25635.850690435494,,30726.64969420291,36142.76331342842,18.0,0.0,16.0,21.0
2018-06-23,25635.850690435494,,30726.64969420291,36142.76331342842,18.0,0.0,16.0,21.0
2018-06-24,25635.850690435494,,30726.64969420291,36142.76331342842,18.0,0.0,16.0,21.0
2018-06-25,25486.44554800061,,30547.426319015394,35927.15633772231,18.0,0.0,16.0,21.0
2018-06-26,25317.119751570797,,30344.306531785234,35682.80181094842,18.0,0.0,16.0,21.0
2018-06-27,25317.119751570797,,30344.306531785234,35682.80181094842,18.0,0.0,16.0,21.0
2018-06-28,25147.79395514099,,30141.186744555085,35438.44728417454,18.0,0.0,16.0,21.0
2018-06-29,25111.306315960603,,30126.372976041224,35384.397250481634,18.0,0.0,16.0,21.0
2018-06-30,25111.306315960603,,30126.372976041224,35384.397250481634,18.0,0.0,16.0,21.0
2018-07-01,25111.306315960603,,30126.372976041224,35850.96612101901,18.0,0.0,16.0,21.0
2018-07-02,24688.789763085326,,29618.81003761295,35229.65401675274,18.0,0.0,16.0,21.0
2018-07-03,24600.740324861275,,29513.03753878934,35100.177002491015,18.0,0.0,16.0,21.0
2018-07-04,24600.740324861275,,29513.03753878934,35100.177002491015,18.0,0.0,16.0,21.0
2018-07-05,24600.740324861275,,29513.03753878934,35100.177002491015,18.0,0.0,16.0,21.0
2018-07-06,24489.36833345255,,29395.94262612984,34969.96142313421,18.0,0.0,16.0,21.0
2018-07-07,24489.36833345255,,29395.94262612984,34969.96142313421,18.0,0.0,16.0,21.0
2018-07-08,24489.36833345255,,29395.94262612984,34969.96142313421,18.0,0.0,16.0,21.0
2018-07-09,24577.34493872488,,29501.71743683086,35099.51185048808,18.0,0.0,16.0,21.0
2018-07-10,24782.623373616312,,29748.524954857112,35401.79572339264,18.0,0.0,16.0,21.0
2018-07-11,24450.26772357951,,29348.931723688092,34912.38360795065,18.0,0.0,16.0,21.0
2018-07-12,24323.19050843414,,29196.14601054533,34725.25536541321,18.0,0.0,16.0,21.0
2018-07-13,24203.96447592717,,29115.277979261235,34608.19461550902,18.0,0.0,16.0,21.0
2018-07-14,24203.96447592717,,29115.277979261235,34608.19461550902,18.0,0.0,16.0,21.0
2018-07-15,24203.96447592717,,29115.277979261235,34608.19461550902,18.0,0.0,16.0,21.0
2018-07-16,24057.621547886654,,28938.75999454884,34392.163728432846,18.0,0.0,16.0,21.0
2018-07-17,24125.914573150578,,29021.134642582147,34492.977638790006,18.0,0.0,16.0,21.0
2018-07-18,24233.23278240847,,29150.581239522595,34651.4003808783,18.0,0.0,16.0,21.0
2018-07-19,24360.063351057684,,29303.563530349023,34838.62719546054,18.0,0.0,16.0,21.0
2018-07-20,24232.35219860633,,29130.060011066063,34842.433293435715,18.0,0.0,16.0,21.0
2018-07-21,24232.35219860633,,29130.060011066063,34842.433293435715,18.0,0.0,16.0,21.0
2018-07-22,24232.35219860633,,29130.060011066063,34842.433293435715,18.0,0.0,16.0,21.0
2018-07-23,24349.06628992932,,29270.698780877352,35016.12068287404,18.0,0.0,16.0,21.0
2018-07-24,24271.256895713992,,29176.93960100316,34900.32908991515,18.0,0.0,16.0,21.0
2018-07-25,24144.81639822381,,29024.580654283203,34712.167406270804,18.0,0.0,16.0,21.0
2018-07-26,24222.62579243913,,29118.339834157392,34827.95899922969,18.0,0.0,16.0,21.0
2018-07-27,24178.08498537406,,29007.294020959445,34630.23995695415,18.0,0.0,16.0,21.0
2018-07-28,24178.08498537406,,29007.294020959445,34630.23995695415,18.0,0.0,16.0,21.0
2018-07-29,24178.08498537406,,29007.294020959445,34630.23995695415,18.0,0.0,16.0,21.0
2018-07-30,24031.711134907855,,28831.43914032117,34413.613738994,18.0,0.0,16.0,21.0
2018-07-31,24060.986091124956,,28866.610340059728,34456.93925804033,18.0,0.0,16.0,21.0
2018-08-01,24240.032042769166,,29081.717781415366,35455.36032069062,18.0,0.0,16.0,19.0
2018-08-02,24329.061505811107,,29188.678591332333,35591.17403380462,18.0,0.0,16.0,19.0
2018-08-03,24250.020393774088,,29114.6816754111,35457.33730483416,18.0,0.0,16.0,19.0
2018-08-04,24250.020393774088,,29114.6816754111,35457.33730483416,18.0,0.0,16.0,19.0
2018-08-05,24250.020393774088,,29114.6816754111,35457.33730483416,18.0,0.0,16.0,19.0
2018-08-06,24240.128381685372,,29102.784453662465,35442.25526122103,18.0,0.0,16.0,19.0
2018-08-07,24210.451402020073,,29067.091653780935,35397.00769201019,18.0,0.0,16.0,19.0
2018-08-08,24259.912877562387,,29126.579464477545,35472.420067633015,18.0,0.0,16.0,19.0
2018-08-09,24259.912877562387,,29126.579464477545,35472.420067633015,18.0,0.0,16.0,19.0
2018-08-10,24054.2054803488,,28941.270705123214,35425.93196579778,18.0,0.0,16.0,19.0
2018-08-11,24054.2054803488,,28941.270705123214,35425.93196579778,18.0,0.0,16.0,19.0
2018-08-12,24054.2054803488,,28941.270705123214,35425.93196579778,18.0,0.0,16.0,19.0
2018-08-13,23945.9824247696,,28810.687608490753,35259.11153340829,18.0,0.0,16.0,19.0
2018-08-14,23778.728014519853,,28608.876647795165,35001.29721752534,18.0,0.0,16.0,19.0
2018-08-15,23552.442718735336,,28335.838389100725,34652.489741298305,18.0,0.0,16.0,19.0
2018-08-16,23690.181451649813,,28502.03541776475,34864.80711543452,18.0,0.0,16.0,19.0
2018-08-17,24061.770216449604,,29205.408543407597,35741.98670238733,18.0,0.0,16.0,19.0
2018-08-18,24061.770216449604,,29205.408543407597,35741.98670238733,18.0,0.0,16.0,19.0
2018-08-19,24061.770216449604,,29205.408543407597,35741.98670238733,18.0,0.0,16.0,19.0
2018-08-20,23925.231770215072,,29038.473668551254,35528.91003176366,18.0,0.0,16.0,19.0
2018-08-21,24120.28669340727,,29276.952061203177,35833.30527551176,18.0,0.0,16.0,19.0
2018-08-22,24344.600087602095,,29551.20249704156,36183.36016868982,18.0,0.0,16.0,19.0
2018-08-23,24295.836589327857,,29491.58318316724,36107.26172062055,18.0,0.0,16.0,19.0
2018-08-24,24164.346827742058,,29377.27070409573,36100.1081896971,18.0,0.0,16.0,19.0
2018-08-25,24164.346827742058,,29377.27070409573,36100.1081896971,18.0,0.0,16.0,19.0
2018-08-26,24164.346827742058,,29377.27070409573,36100.1081896971,18.0,0.0,16.0,19.0
2018-08-27,24329.492419465416,,29579.659844849535,36359.868422782485,18.0,0.0,16.0,19.0
2018-08-28,24348.921285361066,,29603.470298603745,36390.42840734503,18.0,0.0,16.0,19.0
2018-08-29,24378.06481581489,,29639.186263078067,36436.26874849261,18.0,0.0,16.0,19.0
2018-08-30,24407.207883048013,,29674.90165986639,36482.108361032675,18.0,0.0,16.0,19.0
2018-08-31,24180.52437618159,,29793.76452008495,36682.00377985583,18.0,0.0,16.0,19.0
2018-09-01,24180.52437618159,,29793.76452008495,36682.00377985583,18.0,0.0,16.0,19.0
2018-09-02,24180.52437618159,,29793.76452008495,36682.00377985583,18.0,0.0,16.0,19.0
2018-09-03,24180.52437618159,,29793.76452008495,36682.00377985583,18.0,0.0,16.0,19.0
2018-09-04,24008.221606861745,,29578.344646752477,36405.0106745242,18.0,0.0,16.0,19.0
2018-09-05,23969.93164612155,,29530.472993121384,36343.45591733533,18.0,0.0,16.0,19.0
2018-09-06,23931.642141828248,,29482.60191015861,36281.9018939283,18.0,0.0,16.0,19.0
2018-09-07,23865.49794542891,,29384.74530161992,36184.61837857001,18.0,0.0,16.0,19.0
2018-09-08,23865.49794542891,,29384.74530161992,36184.61837857001,18.0,0.0,16.0,19.0
2018-09-09,23865.49794542891,,29384.74530161992,36184.61837857001,18.0,0.0,16.0,19.0
2018-09-10,23922.935350012096,,29456.500507231664,36276.987516960275,18.0,0.0,16.0,19.0
2018-09-11,23980.372754595286,,29528.255712843405,36369.35665535053,18.0,0.0,16.0,19.0
2018-09-12,23970.79962559546,,29516.296226778268,36353.961431909825,18.0,0.0,16.0,19.0
2018-09-13,23894.216419484546,,29420.62261929596,36230.80258072281,18.0,0.0,16.0,19.0
2018-09-14,23915.126070675164,,29476.7699520582,36483.954192504745,18.0,0.0,16.0,19.0
2018-09-15,23915.126070675164,,29476.7699520582,36483.954192504745,18.0,0.0,16.0,19.0
2018-09-16,23915.126070675164,,29476.7699520582,36483.954192504745,18.0,0.0,16.0,19.0
2018-09-17,23829.324494568064,,29369.416796679256,36344.77702861552,18.0,0.0,16.0,19.0
2018-09-18,23896.059104272732,,29452.913758504706,36453.02601579446,18.0,0.0,16.0,19.0
2018-09-19,24029.527869089743,,29619.90711337912,36669.52325276644,18.0,0.0,16.0,19.0
2018-09-20,24029.527869089743,,29619.90711337912,36669.52325276644,18.0,0.0,16.0,19.0
2018-09-21,24106.110421593272,,29773.09447112302,36848.74785874951,18.0,0.0,16.0,19.0
2018-09-22,24106.110421593272,,29773.09447112302,36848.74785874951,18.0,0.0,16.0,19.0
2018-09-23,24106.110421593272,,29773.09447112302,36848.74785874951,18.0,0.0,16.0,19.0
2018-09-24,24286.926598355214,,29999.977411708387,37142.669147219756,18.0,0.0,16.0,19.0
2018-09-25,24229.82682471281,,29928.330257218422,37049.85201469941,18.0,0.0,16.0,19.0
2018-09-26,24248.860082593612,,29952.212642048416,37080.79105887286,18.0,0.0,16.0,19.0
2018-09-27,24334.50951616289,,30059.68308908287,37220.01638883087,18.0,0.0,16.0,19.0
2018-09-28,24481.848744363124,,30122.287789120648,37395.9071950752,18.0,0.0,16.0,19.0
2018-09-29,24481.848744363124,,30122.287789120648,37395.9071950752,18.0,0.0,16.0,19.0
2018-09-30,24481.848744363124,,30122.287789120648,37395.9071950752,18.0,0.0,16.0,19.0
2018-10-01,24840.764553987057,,30569.96044353435,38524.26081151436,18.0,0.0,16.0,18.0
2018-10-02,24907.885771882313,,30653.680171049662,38635.301861302585,18.0,0.0,16.0,18.0
2018-10-03,25205.13609588838,,31024.437986684916,39127.05378509852,18.0,0.0,16.0,18.0
2018-10-04,25138.014877993122,,30940.7182591696,39016.01273531031,18.0,0.0,16.0,18.0
2018-10-05,25121.72336587505,,31100.148487860617,39176.25160092878,18.0,0.0,16.0,18.0
2018-10-06,25121.72336587505,,31100.148487860617,39176.25160092878,18.0,0.0,16.0,18.0
2018-10-07,25121.72336587505,,31100.148487860617,39176.25160092878,18.0,0.0,16.0,18.0
2018-10-08,24988.21233623572,,30932.208549160317,38953.9082573228,18.0,0.0,16.0,18.0
2018-10-09,25274.307854484858,,31292.080418375823,39430.35903663326,18.0,0.0,16.0,18.0
2018-10-10,24988.21233623572,,30932.208549160317,38953.9082573228,18.0,0.0,16.0,18.0
2018-10-11,24749.7995559402,,30632.31551548091,38556.86619366329,18.0,0.0,16.0,18.0
2018-10-12,24980.515659744753,,31108.0399487479,39036.0875398151,18.0,0.0,16.0,18.0
2018-10-13,24980.515659744753,,31108.0399487479,39036.0875398151,18.0,0.0,16.0,18.0
2018-10-14,24980.515659744753,,31108.0399487479,39036.0875398151,18.0,0.0,16.0,18.0
2018-10-15,25122.93398345107,,31288.752495570137,39274.067818897005,18.0,0.0,16.0,18.0
2018-10-16,25265.351854422,,31469.464467923037,39512.04734146047,18.0,0.0,16.0,18.0
2018-10-17,25284.340934067157,,31493.559435868043,39543.777994903496,18.0,0.0,16.0,18.0
2018-10-18,25018.49381903506,,31156.229884637916,39099.54884670115,18.0,0.0,16.0,18.0
2018-10-19,25092.389704640384,,31468.12464233622,39318.019710534194,18.0,0.0,16.0,18.0
2018-10-20,25092.389704640384,,31468.12464233622,39318.019710534194,18.0,0.0,16.0,18.0
2018-10-21,25092.389704640384,,31468.12464233622,39318.019710534194,18.0,0.0,16.0,18.0
2018-10-22,24941.172764550032,,31274.302538722462,39064.48992602916,18.0,0.0,16.0,18.0
2018-10-23,24695.444786241187,,30959.34104271466,38652.50327063013,18.0,0.0,16.0,18.0
2018-10-24,24733.24902126377,,31007.796568618098,38715.885716756384,18.0,0.0,16.0,18.0
2018-10-25,25130.19393966297,,31516.580168239674,39381.40215666044,18.0,0.0,16.0,18.0
2018-10-26,25483.250339435333,,32145.14657899935,40178.89436315857,18.0,0.0,16.0,18.0
2018-10-27,25483.250339435333,,32145.14657899935,40178.89436315857,18.0,0.0,16.0,18.0
2018-10-28,25483.250339435333,,32145.14657899935,40178.89436315857,18.0,0.0,16.0,18.0
2018-10-29,25596.070324350592,,32290.89822640145,40369.384723494,18.0,0.0,16.0,18.0
2018-10-30,25492.651780691558,,32157.292260033406,40194.76818138249,18.0,0.0,16.0,18.0
2018-10-31,25502.05367025454,,32169.43852023303,40210.64275654781,18.0,0.0,16.0,18.0
2018-11-01,25661.882206371218,,32375.920310302125,40480.50447882703,18.0,0.0,16.0,18.0
2018-11-02,25650.182645336958,,32450.06450018135,40494.86048528091,18.0,0.0,16.0,18.0
2018-11-03,25650.182645336958,,32450.06450018135,40494.86048528091,18.0,0.0,16.0,18.0
2018-11-04,25650.182645336958,,32450.06450018135,40494.86048528091,18.0,0.0,16.0,18.0
2018-11-05,25706.494571924006,,32523.100597347206,40590.049749453035,18.0,0.0,16.0,18.0
2018-11-06,25612.641360945585,,32401.37376873745,40431.400975832825,18.0,0.0,16.0,18.0
2018-11-07,25443.705133657037,,32182.264896800585,40145.83242681943,18.0,0.0,16.0,18.0
2018-11-08,25133.989313664562,,31780.566072168738,39622.291095624234,18.0,0.0,16.0,18.0
2018-11-09,25081.987086240122,,31628.93775642006,39564.50661814602,18.0,0.0,16.0,18.0
2018-11-10,25081.987086240122,,31628.93775642006,39564.50661814602,18.0,0.0,16.0,18.0
2018-11-11,25081.987086240122,,31628.93775642006,39564.50661814602,18.0,0.0,16.0,18.0
2018-11-12,24518.411944591957,,30900.78494194751,38610.84175224773,18.0,0.0,16.0,18.0
2018-11-13,24433.875964472805,,30791.562395921203,38467.79251500114,18.0,0.0,16.0,18.0
2018-11-14,24339.946400956982,,30670.20311127248,38308.84773909737,18.0,0.0,16.0,18.0
2018-11-15,24621.73419572574,,31034.279807850733,38785.68055099896,18.0,0.0,16.0,18.0
2018-11-16,24844.309456093684,,31294.84450499051,39052.84746586157,18.0,0.0,16.0,18.0
2018-11-17,24844.309456093684,,31294.84450499051,39052.84746586157,18.0,0.0,16.0,18.0
2018-11-18,24844.309456093684,,31294.84450499051,39052.84746586157,18.0,0.0,16.0,18.0
2018-11-19,24966.67175779043,,31452.741804997444,39259.103645282965,18.0,0.0,16.0,18.0
2018-11-20,24401.923259957108,,30723.985793102092,38307.15303727825,18.0,0.0,16.0,18.0
2018-11-21,24787.834651192537,,31221.96896171731,38957.65248071535,18.0,0.0,16.0,18.0
2018-11-22,24787.834651192537,,31221.96896171731,38957.65248071535,18.0,0.0,16.0,18.0
2018-11-23,24683.49910340643,,31259.81606904098,39040.79150404293,18.0,0.0,16.0,18.0
2018-11-24,24683.49910340643,,31259.81606904098,39040.79150404293,18.0,0.0,16.0,18.0
2018-11-25,24683.49910340643,,31259.81606904098,39040.79150404293,18.0,0.0,16.0,18.0
2018-11-26,24683.49910340643,,31259.81606904098,39040.79150404293,18.0,0.0,16.0,18.0
2018-11-27,25441.132989491103,,32245.369474916235,40329.7311798245,18.0,0.0,16.0,18.0
2018-11-28,25674.97062517193,,32549.552646366014,40727.5520955145,18.0,0.0,16.0,18.0
2018-11-29,26320.362553172177,,33389.098269189395,41825.537913872846,18.0,0.0,16.0,18.0
2018-11-30,25152.69118483147,,31849.88541408632,39583.498102604986,18.0,0.0,16.0,18.0
2018-12-01,25152.69118483147,,31849.88541408632,40145.55065900268,18.0,0.0,16.0,17.0
2018-12-02,25152.69118483147,,31849.88541408632,40145.55065900268,18.0,0.0,16.0,17.0
2018-12-03,25208.58153015556,,31922.522719486584,40241.641939857334,18.0,0.0,16.0,17.0
2018-12-04,24953.27770952392,,31590.71976708856,39802.70260267258,18.0,0.0,16.0,17.0
2018-12-05,24953.27770952392,,31590.71976708856,39802.70260267258,18.0,0.0,16.0,17.0
2018-12-06,24887.087663107275,,31504.696562398287,39688.903228145115,18.0,0.0,16.0,17.0
2018-12-07,24896.554791215796,,31611.98439288222,39805.29111544777,18.0,0.0,16.0,17.0
2018-12-08,24896.554791215796,,31611.98439288222,39805.29111544777,18.0,0.0,16.0,17.0
2018-12-09,24896.554791215796,,31611.98439288222,39805.29111544777,18.0,0.0,16.0,17.0
2018-12-10,24641.968878768184,,31279.671811742617,39366.06554000836,18.0,0.0,16.0,17.0
2018-12-11,24415.67048975472,,30984.283111567493,38975.64315104015,18.0,0.0,16.0,17.0
2018-12-12,24773.976721974308,,31451.98247372995,39593.81270927349,18.0,0.0,16.0,17.0
2018-12-13,24755.11852288985,,31427.36674871536,39561.277510192805,18.0,0.0,16.0,17.0
2018-12-14,24802.12780459547,,31282.59682033419,39508.77115324535,18.0,0.0,16.0,17.0
2018-12-15,24802.12780459547,,31282.59682033419,39508.77115324535,18.0,0.0,16.0,17.0
2018-12-16,24802.12780459547,,31282.59682033419,39508.77115324535,18.0,0.0,16.0,17.0
2018-12-17,24214.536268522428,,30522.87682812472,38499.73624897342,18.0,0.0,16.0,17.0
2018-12-18,24062.89985970671,,30326.82020672739,38239.34034491383,18.0,0.0,16.0,17.0
2018-12-19,23977.6041537918,,30216.538065043984,38092.867260859806,18.0,0.0,16.0,17.0
2018-12-20,23655.3767850584,,29799.917744574654,37539.52596473318,18.0,0.0,16.0,17.0
2018-12-21,23807.27324480133,,29751.309823834483,37579.60319342604,18.0,0.0,16.0,17.0
2018-12-22,23807.27324480133,,29751.309823834483,37579.60319342604,18.0,0.0,16.0,17.0
2018-12-23,23807.27324480133,,29751.309823834483,37579.60319342604,18.0,0.0,16.0,17.0
2018-12-24,23826.366662722336,,29775.69797194128,37612.12219831209,18.0,0.0,16.0,17.0
2018-12-25,23826.366662722336,,29775.69797194128,37612.12219831209,18.0,0.0,16.0,17.0
2018-12-26,24093.67451361633,,30117.1320454365,38067.38826671685,18.0,0.0,16.0,17.0
2018-12-27,23931.38023367634,,29909.832495799026,37790.97633752827,18.0,0.0,16.0,17.0
2018-12-28,23858.420041762365,,29809.270225480264,37491.46197383819,18.0,0.0,16.0,17.0
2018-12-29,23858.420041762365,,29809.270225480264,37491.46197383819,18.0,0.0,16.0,17.0
2018-12-30,23858.420041762365,,29809.270225480264,37491.46197383819,18.0,0.0,16.0,17.0
2018-12-31,23829.70416905459,,29772.60471181536,37442.874517438606,18.0,0.0,16.0,17.0
2019-01-01,23058.90419937304,,28787.97097029474,36552.03857936005,18.0,0.0,16.0,18.0
2019-01-02,23645.823726259478,,29536.251134204278,37558.28698964711,18.0,0.0,16.0,18.0
2019-01-03,23693.513727701025,,29597.052454420762,37640.04945611627,18.0,0.0,16.0,18.0
2019-01-04,24007.299438905018,,29915.369572775846,37858.3053814072,18.0,0.0,16.0,18.0
2019-01-05,24007.299438905018,,29915.369572775846,37858.3053814072,18.0,0.0,16.0,18.0
2019-01-06,24007.299438905018,,29915.369572775846,37858.3053814072,18.0,0.0,16.0,18.0
2019-01-07,24074.339239225446,,30000.500261860238,37971.91142425523,18.0,0.0,16.0,18.0
2019-01-08,24189.264219770794,,30146.43808894318,38166.66397724224,18.0,0.0,16.0,18.0
2019-01-09,24285.035036891917,,30268.05294484563,38328.9577713981,18.0,0.0,16.0,18.0
2019-01-10,23873.22029493544,,29745.10877451241,37631.09406958901,18.0,0.0,16.0,18.0
2019-01-11,23778.679117806674,,29652.11305091055,36996.67920811424,18.0,0.0,16.0,18.0
2019-01-12,23778.679117806674,,29652.11305091055,36996.67920811424,18.0,0.0,16.0,18.0
2019-01-13,23778.679117806674,,29652.11305091055,36996.67920811424,18.0,0.0,16.0,18.0
2019-01-14,23653.411503145082,,29492.82811689039,36788.1413954924,18.0,0.0,16.0,18.0
2019-01-15,23826.858651499122,,29713.376082589206,37076.88552956856,18.0,0.0,16.0,18.0
2019-01-16,23740.135307061337,,29603.10239186637,36932.513844986206,18.0,0.0,16.0,18.0
2019-01-17,23778.679117806674,,29652.11305091055,36996.67920811424,18.0,0.0,16.0,18.0
2019-01-18,23953.134029780904,,29803.17183729752,37377.03817651393,18.0,0.0,16.0,18.0
2019-01-19,23953.134029780904,,29803.17183729752,37377.03817651393,18.0,0.0,16.0,18.0
2019-01-20,23953.134029780904,,29803.17183729752,37377.03817651393,18.0,0.0,16.0,18.0
2019-01-21,23953.134029780904,,29803.17183729752,37377.03817651393,18.0,0.0,16.0,18.0
2019-01-22,23799.041159783457,,29607.91333798223,37119.65046036077,18.0,0.0,16.0,18.0
2019-01-23,23808.672165072123,,29620.117248777024,37135.73752821505,18.0,0.0,16.0,18.0
2019-01-24,23750.887511034936,,29546.895529751735,37039.21742231023,18.0,0.0,16.0,18.0
2019-01-25,23599.60024752008,,29317.384756666794,36925.436481153934,18.0,0.0,16.0,18.0
2019-01-26,23599.60024752008,,29317.384756666794,36925.436481153934,18.0,0.0,16.0,18.0
2019-01-27,23599.60024752008,,29317.384756666794,36925.436481153934,18.0,0.0,16.0,18.0
2019-01-28,23359.230076592343,,29013.379049888117,36521.809020489134,18.0,0.0,16.0,18.0
2019-01-29,23359.230076592343,,29013.379049888117,36521.809020489134,18.0,0.0,16.0,18.0
2019-01-30,23484.2226755075,,29171.462156575803,36731.69548480082,18.0,0.0,16.0,18.0
2019-01-31,23301.541290586054,,28940.417749842618,36424.93852231257,18.0,0.0,16.0,18.0
2019-02-01,23257.978866976384,,28775.01036071671,36329.29919961922,18.0,0.0,16.0,18.0
2019-02-02,23257.978866976384,,28775.01036071671,36329.29919961922,18.0,0.0,16.0,18.0
2019-02-03,23257.978866976384,,28775.01036071671,36329.29919961922,18.0,0.0,16.0,18.0
2019-02-04,23277.250322639495,,28799.245299225124,36361.63143355549,18.0,0.0,16.0,18.0
2019-02-05,23508.50779059681,,29090.064561326053,36749.618240790805,18.0,0.0,16.0,18.0
2019-02-06,23421.786010378946,,28981.00704913495,36604.12280264694,18.0,0.0,16.0,18.0
2019-02-07,23209.799998084738,,28714.422725542427,36248.4682293479,18.0,0.0,16.0,18.0
2019-02-08,23090.51014724677,,28540.753541790495,36086.64406591994,18.0,0.0,16.0,18.0
2019-02-09,23090.51014724677,,28540.753541790495,36086.64406591994,18.0,0.0,16.0,18.0
2019-02-10,23090.51014724677,,28540.753541790495,36086.64406591994,18.0,0.0,16.0,18.0
2019-02-11,23215.744652168105,,28698.04792547327,36297.06921359759,18.0,0.0,16.0,18.0
2019-02-12,23658.881318411957,,29254.627031589825,37041.649139827285,18.0,0.0,16.0,18.0
2019-02-13,23658.881318411957,,29254.627031589825,37041.649139827285,18.0,0.0,16.0,18.0
2019-02-14,23851.54989352717,,29496.618524244535,37365.38031437001,18.0,0.0,16.0,18.0
2019-02-15,24021.60525211104,,29641.751509273607,37656.70813451496,18.0,0.0,16.0,18.0
2019-02-16,24021.60525211104,,29641.751509273607,37656.70813451496,18.0,0.0,16.0,18.0
2019-02-17,24021.60525211104,,29641.751509273607,37656.70813451496,18.0,0.0,16.0,18.0
2019-02-18,24021.60525211104,,29641.751509273607,37656.70813451496,18.0,0.0,16.0,18.0
2019-02-19,24040.89111144391,,29665.892623501517,37689.119870613824,18.0,0.0,16.0,18.0
2019-02-20,23896.246936541815,,29484.833979007417,37446.03146349396,18.0,0.0,16.0,18.0
2019-02-21,23915.532795874682,,29508.97509323532,37478.443199592824,18.0,0.0,16.0,18.0
2019-02-22,24216.372925641703,,29860.044737156935,38040.07345658414,18.0,0.0,16.0,18.0
2019-02-23,24216.372925641703,,29860.044737156935,38040.07345658414,18.0,0.0,16.0,18.0
2019-02-24,24216.372925641703,,29860.044737156935,38040.07345658414,18.0,0.0,16.0,18.0
2019-02-25,23985.052272904843,,29570.85029758552,37650.52234758215,18.0,0.0,16.0,18.0
2019-02-26,24119.98932033468,,29739.547054002178,37877.76049449998,18.0,0.0,16.0,18.0
2019-02-27,24447.694037971854,,30149.239751306635,38429.62533955541,18.0,0.0,16.0,18.0
2019-02-28,24102.85736100667,,29718.128874008282,37848.90974694829,18.0,0.0,16.0,18.0
2019-03-01,24217.08548109069,,29890.10495855546,38132.923521072145,18.0,0.0,16.0,18.0
2019-03-02,24217.08548109069,,29890.10495855546,38132.923521072145,18.0,0.0,16.0,18.0
2019-03-03,24217.08548109069,,29890.10495855546,38132.923521072145,18.0,0.0,16.0,18.0
2019-03-04,24303.67545889337,,29998.513570148825,38279.23012411548,18.0,0.0,16.0,18.0
2019-03-05,24390.26589546792,,30106.92275611375,38425.537502321895,18.0,0.0,16.0,18.0
2019-03-06,24207.464117572687,,29878.059238171994,38116.66680119895,18.0,0.0,16.0,18.0
2019-03-07,23995.79916666718,,29613.059707822977,37759.027490782595,18.0,0.0,16.0,18.0
2019-03-08,23986.17780314918,,29601.013987439514,37742.7707709094,18.0,0.0,16.0,18.0
2019-03-09,23986.17780314918,,29601.013987439514,37742.7707709094,18.0,0.0,16.0,18.0
2019-03-10,23986.17780314918,,29601.013987439514,37742.7707709094,18.0,0.0,16.0,18.0
2019-03-11,23861.102830046366,,29444.42306868386,37531.438063536385,18.0,0.0,16.0,18.0
2019-03-12,24120.87368099814,,29769.650052207075,37970.35942299254,18.0,0.0,16.0,18.0
2019-03-13,24178.600944562415,,29841.92322576473,38067.89819190553,18.0,0.0,16.0,18.0
2019-03-14,23995.79916666718,,29613.059707822977,37759.027490782595,18.0,0.0,16.0,18.0
2019-03-15,24134.518594077683,,29819.48335382098,38025.60877001758,18.0,0.0,16.0,18.0
2019-03-16,24134.518594077683,,29819.48335382098,38025.60877001758,18.0,0.0,16.0,18.0
2019-03-17,24134.518594077683,,29819.48335382098,38025.60877001758,18.0,0.0,16.0,18.0
2019-03-18,24384.434237073932,,30132.876062188563,38448.37394848593,18.0,0.0,16.0,18.0
2019-03-19,24336.373395469378,,30072.608056807625,38367.072714058624,18.0,0.0,16.0,18.0
2019-03-20,24345.985288784996,,30084.661313028842,38383.33249573646,18.0,0.0,16.0,18.0
2019-03-21,24605.51282509686,,30410.10727761763,38822.35745588266,18.0,0.0,16.0,18.0
2019-03-22,24467.2976349291,,30270.33691622502,38612.47426533946,18.0,0.0,16.0,18.0
2019-03-23,24467.2976349291,,30270.33691622502,38612.47426533946,18.0,0.0,16.0,18.0
2019-03-24,24467.2976349291,,30270.33691622502,38612.47426533946,18.0,0.0,16.0,18.0
2019-03-25,24188.76876699601,,29920.499285245645,38140.90376906266,18.0,0.0,16.0,18.0
2019-03-26,24236.790717136686,,29980.815780971545,38222.20857250393,18.0,0.0,16.0,18.0
2019-03-27,24198.37297383389,,29932.562354300335,38157.16441959592,18.0,0.0,16.0,18.0
2019-03-28,23939.052977552205,,29606.85143665656,37718.11599977312,18.0,0.0,16.0,18.0
2019-03-29,24073.369381983317,,29786.59175977662,37974.939256611775,18.0,0.0,16.0,18.0
2019-03-30,24073.369381983317,,29786.59175977662,37974.939256611775,18.0,0.0,16.0,18.0
2019-03-31,24073.369381983317,,29786.59175977662,37974.939256611775,18.0,0.0,16.0,18.0
2019-04-01,23815.94612938111,,29463.08751046246,37942.59618036874,18.0,0.0,16.0,19.0
2019-04-02,23778.93165355291,,29416.571354305182,37878.92097296298,18.0,0.0,16.0,19.0
2019-04-03,23788.185493133635,,29428.200670602662,37894.840154348596,18.0,0.0,16.0,19.0
2019-04-04,23843.707206875944,,29497.974904838586,37990.352965457234,18.0,0.0,16.0,19.0
2019-04-05,23873.58540387234,,29561.13115061944,38012.131402998944,18.0,0.0,16.0,19.0
2019-04-06,23873.58540387234,,29561.13115061944,38012.131402998944,18.0,0.0,16.0,19.0
2019-04-07,23873.58540387234,,29561.13115061944,38012.131402998944,18.0,0.0,16.0,19.0
2019-04-08,24715.777490508517,,30620.86572789083,39459.37447768458,18.0,0.0,16.0,19.0
2019-04-09,24484.406120577696,,30329.72995875095,39061.7803680672,18.0,0.0,16.0,19.0
2019-04-10,24919.384101873053,,30877.064960403055,39809.256960473605,18.0,0.0,16.0,19.0
2019-04-11,24854.599959422318,,30795.546745136824,39697.93033677453,18.0,0.0,16.0,19.0
2019-04-12,24811.875201985935,,30790.297439123584,39674.585565675174,18.0,0.0,16.0,19.0
2019-04-13,24811.875201985935,,30790.297439123584,39674.585565675174,18.0,0.0,16.0,19.0
2019-04-14,24811.875201985935,,30790.297439123584,39674.585565675174,18.0,0.0,16.0,19.0
2019-04-15,24700.97585641799,,30650.434084086177,39483.68507520893,18.0,0.0,16.0,19.0
2019-04-16,24719.459080679317,,30673.74464325908,39515.501823619976,18.0,0.0,16.0,19.0
2019-04-17,24719.459080679317,,30673.74464325908,39515.501823619976,18.0,0.0,16.0,19.0
2019-04-18,24673.25124036342,,30615.468523210613,39435.960331877934,18.0,0.0,16.0,19.0
2019-04-19,24662.430900210296,,30635.441905307474,39578.97475052982,18.0,0.0,16.0,19.0
2019-04-20,24662.430900210296,,30635.441905307474,39578.97475052982,18.0,0.0,16.0,19.0
2019-04-21,24662.430900210296,,30635.441905307474,39578.97475052982,18.0,0.0,16.0,19.0
2019-04-22,24973.278899778128,,31028.098793942696,40117.061712318595,18.0,0.0,16.0,19.0
2019-04-23,24862.710865676505,,30888.43149573516,39925.66521749342,18.0,0.0,16.0,19.0
2019-04-24,24899.56687704371,,30934.987261804337,39989.464049101814,18.0,0.0,16.0,19.0
2019-04-25,24927.20866588996,,30969.903808861967,40037.31279253708,18.0,0.0,16.0,19.0
2019-04-26,24835.986481352236,,30879.834942271704,40030.41498489325,18.0,0.0,16.0,19.0
2019-04-27,24835.986481352236,,30879.834942271704,40030.41498489325,18.0,0.0,16.0,19.0
2019-04-28,24835.986481352236,,30879.834942271704,40030.41498489325,18.0,0.0,16.0,19.0
2019-04-29,25001.397934069948,,31089.025105057844,40318.22208691196,18.0,0.0,16.0,19.0
2019-04-30,24973.828774363716,,31054.15933904183,40270.253220005965,18.0,0.0,16.0,19.0
2019-05-01,24854.365921156394,,30903.078786282378,40062.39422949724,18.0,0.0,16.0,19.0
2019-05-02,24790.03875822177,,30821.7264405725,39950.46839823757,18.0,0.0,16.0,19.0
2019-05-03,24974.62611716689,,31092.89987033095,40411.3714694028,18.0,0.0,16.0,19.0
2019-05-04,24974.62611716689,,31092.89987033095,40411.3714694028,18.0,0.0,16.0,19.0
2019-05-05,24974.62611716689,,31092.89987033095,40411.3714694028,18.0,0.0,16.0,19.0
2019-05-06,24727.163806170596,,30779.395908377104,39978.7749292488,18.0,0.0,16.0,19.0
2019-05-07,24589.685084421482,,30605.227471255606,39738.444112268946,18.0,0.0,16.0,19.0
2019-05-08,24672.172230064112,,30709.72842279492,39882.642449658255,18.0,0.0,16.0,19.0
2019-05-09,24681.337711265627,,30721.339947225933,39898.66491158654,18.0,0.0,16.0,19.0
2019-05-10,24761.397297208434,,30717.00964950665,39720.777346146526,18.0,0.0,16.0,19.0
2019-05-11,24761.397297208434,,30717.00964950665,39720.777346146526,18.0,0.0,16.0,19.0
2019-05-12,24761.397297208434,,30717.00964950665,39720.777346146526,18.0,0.0,16.0,19.0
2019-05-13,24484.824951695606,,30368.361753300313,39242.50665361898,18.0,0.0,16.0,19.0
2019-05-14,25286.88457784297,,31379.44043063447,40629.49135787274,18.0,0.0,16.0,19.0
2019-05-15,25766.275881425852,,31983.762490180496,41458.492573923955,18.0,0.0,16.0,19.0
2019-05-16,26015.191256147184,,32297.545929262527,41888.936653312936,18.0,0.0,16.0,19.0
2019-05-17,25706.283840903594,,32014.17892897474,41567.49223776318,18.0,0.0,16.0,19.0
2019-05-18,25706.283840903594,,32014.17892897474,41567.49223776318,18.0,0.0,16.0,19.0
2019-05-19,25706.283840903594,,32014.17892897474,41567.49223776318,18.0,0.0,16.0,19.0
2019-05-20,25990.821179263075,,32374.56220045722,42062.936495330214,18.0,0.0,16.0,19.0
2019-05-21,25779.712887921734,,32107.181135078205,41695.34891869479,18.0,0.0,16.0,19.0
2019-05-22,25467.639000422976,,31711.92120480162,41151.9572626495,18.0,0.0,16.0,19.0
2019-05-23,25192.279636433293,,31363.16237757676,40672.49394707002,18.0,0.0,16.0,19.0
2019-05-24,25255.05214650406,,31461.396903818197,40877.65140378529,18.0,0.0,16.0,19.0
2019-05-25,25255.05214650406,,31461.396903818197,40877.65140378529,18.0,0.0,16.0,19.0
2019-05-26,25255.05214650406,,31461.396903818197,40877.65140378529,18.0,0.0,16.0,19.0
2019-05-27,25255.05214650406,,31461.396903818197,40877.65140378529,18.0,0.0,16.0,19.0
2019-05-28,25117.601839566414,,31287.15965705806,40637.55989281493,18.0,0.0,16.0,19.0
2019-05-29,24796.88620447627,,30880.608296817103,40077.34942012722,18.0,0.0,16.0,19.0
2019-05-30,24414.807231327773,,30396.270430939956,39409.95245305576,18.0,0.0,16.0,19.0
2019-05-31,24324.51423581067,,30463.887188641187,39294.54327754925,18.0,0.0,16.0,19.0
2019-06-01,24324.51423581067,,30463.887188641187,39294.54327754925,18.0,0.0,16.0,19.0
2019-06-02,24324.51423581067,,30463.887188641187,39294.54327754925,18.0,0.0,16.0,19.0
2019-06-03,24242.312711230425,,30358.774054805803,39150.74587565483,18.0,0.0,16.0,19.0
2019-06-04,24306.24727873935,,30440.528776334268,39262.58838400213,18.0,0.0,16.0,19.0
2019-06-05,24507.183806523848,,30697.471311710397,39614.09221302047,18.0,0.0,16.0,19.0
2019-06-06,24260.579668301743,,30382.132467112726,39182.70076920195,18.0,0.0,16.0,19.0
2019-06-07,24669.3708737618,,30258.44729810548,38990.41263218987,18.0,0.0,16.0,19.0
2019-06-08,24669.3708737618,,30258.44729810548,38990.41263218987,18.0,0.0,16.0,19.0
2019-06-09,24669.3708737618,,30258.44729810548,38990.41263218987,18.0,0.0,16.0,19.0
2019-06-10,24538.59891566726,,30096.267388082357,38768.726481474056,18.0,0.0,16.0,19.0
2019-06-11,24613.325748864143,,30188.941622381284,38895.40428188309,18.0,0.0,16.0,19.0
2019-06-12,24118.259810824235,,29574.973991577874,38056.16272158433,18.0,0.0,16.0,19.0
2019-06-13,24837.506248454774,,30466.96432527807,39275.43768311021,18.0,0.0,16.0,19.0
2019-06-14,24565.804909445596,,29975.90353547992,38604.0042540001,18.0,0.0,16.0,19.0
2019-06-15,24565.804909445596,,29975.90353547992,38604.0042540001,18.0,0.0,16.0,19.0
2019-06-16,24565.804909445596,,29975.90353547992,38604.0042540001,18.0,0.0,16.0,19.0
2019-06-17,24575.19817900329,,29987.465953060953,38619.808985997806,18.0,0.0,16.0,19.0
2019-06-18,24650.34254388193,,30079.963088403554,38746.24382753504,18.0,0.0,16.0,19.0
2019-06-19,24697.307547983204,,30137.773522329473,38825.26522669026,18.0,0.0,16.0,19.0
2019-06-20,24969.706094616115,,30473.075913609635,39283.59190406828,18.0,0.0,16.0,19.0
2019-06-21,25331.068683260746,,30850.90451467723,39737.337801061236,18.0,0.0,16.0,19.0
2019-06-22,25331.068683260746,,30850.90451467723,39737.337801061236,18.0,0.0,16.0,19.0
2019-06-23,25331.068683260746,,30850.90451467723,39737.337801061236,18.0,0.0,16.0,19.0
2019-06-24,25020.013158866437,,30469.21365655349,39216.7216393884,18.0,0.0,16.0,19.0
2019-06-25,24878.623712097633,,30295.717110006342,38980.07697210222,18.0,0.0,16.0,19.0
2019-06-26,24831.494345971267,,30237.88547935252,38901.19616861044,18.0,0.0,16.0,19.0
2019-06-27,25133.124176925598,,30608.010231956927,39406.03647049302,18.0,0.0,16.0,19.0
2019-06-28,24886.750001503242,,30438.08172044694,39321.03503287006,18.0,0.0,16.0,19.0
2019-06-29,24886.750001503242,,30438.08172044694,39321.03503287006,18.0,0.0,16.0,19.0
2019-06-30,24886.750001503242,,30438.08172044694,39321.03503287006,18.0,0.0,16.0,19.0
2019-07-01,24989.741130015722,,30565.26313801669,39495.39709853502,18.0,0.0,16.0,19.0
2019-07-02,24886.750001503242,,30438.08172044694,39321.03503287006,18.0,0.0,16.0,19.0
2019-07-03,24821.20982716774,,30357.147640005744,39210.07673630381,18.0,0.0,16.0,19.0
2019-07-04,24821.20982716774,,30357.147640005744,39210.07673630381,18.0,0.0,16.0,19.0
2019-07-05,24984.218752483466,,30412.5047284189,39358.667492861794,18.0,0.0,16.0,19.0
2019-07-06,24984.218752483466,,30412.5047284189,39358.667492861794,18.0,0.0,16.0,19.0
2019-07-07,24984.218752483466,,30412.5047284189,39358.667492861794,18.0,0.0,16.0,19.0
2019-07-08,25463.67207629933,,31000.47474550839,40166.797879986574,18.0,0.0,16.0,19.0
2019-07-09,24993.620009002178,,30424.033810983125,39374.51354229462,18.0,0.0,16.0,19.0
2019-07-10,25115.83365408581,,30573.90858589655,39580.507651434025,18.0,0.0,16.0,19.0
2019-07-11,25059.427011526757,,30504.735189985036,39485.43286599951,18.0,0.0,16.0,19.0
2019-07-12,25064.922238780848,,30412.43478177545,39319.64621885045,18.0,0.0,16.0,19.0
2019-07-13,25064.922238780848,,30412.43478177545,39319.64621885045,18.0,0.0,16.0,19.0
2019-07-14,25064.922238780848,,30412.43478177545,39319.64621885045,18.0,0.0,16.0,19.0
2019-07-15,24989.40023358759,,30320.255358595758,39193.12227450876,18.0,0.0,16.0,19.0
2019-07-16,25329.249256957257,,30735.062762904396,39762.48002404635,18.0,0.0,16.0,19.0
2019-07-17,25121.564192822454,,30481.56989859293,39414.53993124892,18.0,0.0,16.0,19.0
2019-07-18,24772.274243583634,,30055.23924223777,38829.36555745532,18.0,0.0,16.0,19.0
2019-07-19,24964.952461272413,,30074.43743548945,38789.47349999931,18.0,0.0,16.0,19.0
2019-07-20,24964.952461272413,,30074.43743548945,38789.47349999931,18.0,0.0,16.0,19.0
2019-07-21,24964.952461272413,,30074.43743548945,38789.47349999931,18.0,0.0,16.0,19.0
2019-07-22,25107.773653037013,,30246.952047771603,39025.70972677562,18.0,0.0,16.0,19.0
2019-07-23,25193.467185327267,,30350.46180227993,39167.45281459938,18.0,0.0,16.0,19.0
2019-07-24,25298.20266541898,,30476.972444832096,39340.69261410512,18.0,0.0,16.0,19.0
2019-07-25,25222.031242073193,,30384.96450537213,39214.699759563984,18.0,0.0,16.0,19.0
2019-07-26,25242.915977375316,,30400.932933019652,39182.559209882915,18.0,0.0,16.0,19.0
2019-07-27,25242.915977375316,,30400.932933019652,39182.559209882915,18.0,0.0,16.0,19.0
2019-07-28,25242.915977375316,,30400.932933019652,39182.559209882915,18.0,0.0,16.0,19.0
2019-07-29,24833.000216874607,,29906.011969818373,38506.10623721816,18.0,0.0,16.0,19.0
2019-07-30,24699.53949359214,,29744.87518006476,38285.86610083469,18.0,0.0,16.0,19.0
2019-07-31,24594.67726944487,,29618.26742798662,38112.819904323456,18.0,0.0,16.0,19.0
2019-08-01,24556.545634221307,,29572.22834519987,38049.894151071036,18.0,0.0,16.0,19.0
2019-08-02,24468.330361055145,,29486.66423013397,38001.73044543177,18.0,0.0,16.0,19.0
2019-08-03,24468.330361055145,,29486.66423013397,38001.73044543177,18.0,0.0,16.0,19.0
2019-08-04,24468.330361055145,,29486.66423013397,38001.73044543177,18.0,0.0,16.0,19.0
2019-08-05,23983.060360476175,,28900.149129990947,37198.07269321694,18.0,0.0,16.0,19.0
2019-08-06,24268.51316854749,,29245.157851140633,37670.812326460924,18.0,0.0,16.0,19.0
2019-08-07,24201.907286473128,,29164.655542017143,37560.50603633726,18.0,0.0,16.0,19.0
2019-08-08,24392.209612236133,,29394.661904494053,37875.666543233376,18.0,0.0,16.0,19.0
2019-08-09,24387.072626287878,,29378.14373826086,37823.493685951034,18.0,0.0,16.0,19.0
2019-08-10,24387.072626287878,,29378.14373826086,37823.493685951034,18.0,0.0,16.0,19.0
2019-08-11,24387.072626287878,,29378.14373826086,37823.493685951034,18.0,0.0,16.0,19.0
2019-08-12,24139.47107009018,,29079.038268973312,37414.095508269085,18.0,0.0,16.0,19.0
2019-08-13,24396.59551855032,,29389.647499395775,37839.23936541436,18.0,0.0,16.0,19.0
2019-08-14,23749.022951268737,,28607.372542772147,36768.506882819514,18.0,0.0,16.0,19.0
2019-08-15,23691.884235399608,,28538.348330295565,36674.030553546254,18.0,0.0,16.0,19.0
2019-08-16,24259.406986301983,,29196.709281014802,37545.055025999245,18.0,0.0,16.0,19.0
2019-08-17,24259.406986301983,,29196.709281014802,37545.055025999245,18.0,0.0,16.0,19.0
2019-08-18,24259.406986301983,,29196.709281014802,37545.055025999245,18.0,0.0,16.0,19.0
2019-08-19,24917.496328423975,,29990.59381124931,38630.46698936492,18.0,0.0,16.0,19.0
2019-08-20,25060.55940684462,,30163.177619459384,38866.42640535088,18.0,0.0,16.0,19.0
2019-08-21,25203.622485265263,,30335.76142766946,39102.38582133684,18.0,0.0,16.0,19.0
2019-08-22,25051.022110835234,,30151.672324847408,38850.696177668775,18.0,0.0,16.0,19.0
2019-08-23,25157.576614619793,,30240.527493236394,38949.518495559074,18.0,0.0,16.0,19.0
2019-08-24,25157.576614619793,,30240.527493236394,38949.518495559074,18.0,0.0,16.0,19.0
2019-08-25,25157.576614619793,,30240.527493236394,38949.518495559074,18.0,0.0,16.0,19.0
2019-08-26,25415.54180391585,,30551.12990047069,39373.84042312587,18.0,0.0,16.0,19.0
2019-08-27,25234.010812275483,,30332.557917386497,39075.24362215381,18.0,0.0,16.0,19.0
2019-08-28,25711.725003207255,,30907.748616869234,39861.026412751766,18.0,0.0,16.0,19.0
2019-08-29,25893.255994847623,,31126.320599953422,40159.62321372384,18.0,0.0,16.0,19.0
2019-08-30,25735.86945557626,,30901.372617282264,39878.54693525821,18.0,0.0,16.0,19.0
2019-08-31,25735.86945557626,,30901.372617282264,39878.54693525821,18.0,0.0,16.0,19.0
2019-09-01,25735.86945557626,,30901.372617282264,39878.54693525821,18.0,0.0,16.0,19.0
2019-09-02,25735.86945557626,,30901.372617282264,39878.54693525821,18.0,0.0,16.0,19.0
2019-09-03,25576.91905262141,,30710.304670487807,39617.29031629614,18.0,0.0,16.0,19.0
2019-09-04,25624.79870319143,,30767.858890908687,39695.98703799343,18.0,0.0,16.0,19.0
2019-09-05,25576.91905262141,,30710.304670487807,39617.29031629614,18.0,0.0,16.0,19.0
2019-09-06,25645.827340043325,,31580.24819081445,40062.74693494199,18.0,0.0,16.0,19.0
2019-09-07,25645.827340043325,,31580.24819081445,40062.74693494199,18.0,0.0,16.0,19.0
2019-09-08,25645.827340043325,,31580.24819081445,40062.74693494199,18.0,0.0,16.0,19.0
2019-09-09,26164.449786823512,,32226.6691725246,40924.882903176345,18.0,0.0,16.0,19.0
2019-09-10,25975.860051430747,,31991.60730304729,40611.3793224283,18.0,0.0,16.0,19.0
2019-09-11,25862.7053109283,,31850.569060497506,40423.27567907649,18.0,0.0,16.0,19.0
2019-09-12,25853.27649860876,,31838.81680767119,40407.60162121634,18.0,0.0,16.0,19.0
2019-09-13,26332.131808330225,,32360.812683463726,41132.51470533503,18.0,0.0,16.0,19.0
2019-09-14,26332.131808330225,,32360.812683463726,41132.51470533503,18.0,0.0,16.0,19.0
2019-09-15,26332.131808330225,,32360.812683463726,41132.51470533503,18.0,0.0,16.0,19.0
2019-09-16,26162.07236818982,,32149.53805853794,40850.47129418155,18.0,0.0,16.0,19.0
2019-09-17,25944.772943273503,,31879.57448310876,40490.08041558941,18.0,0.0,16.0,19.0
2019-09-18,26010.90802094921,,31961.737894436228,40599.76537567841,18.0,0.0,16.0,19.0
2019-09-19,25973.116934139052,,31914.787853410788,40537.08889605261,18.0,0.0,16.0,19.0
2019-09-20,26172.651587262906,,32140.964357574994,40843.748336181314,18.0,0.0,16.0,19.0
2019-09-21,26172.651587262906,,32140.964357574994,40843.748336181314,18.0,0.0,16.0,19.0
2019-09-22,26172.651587262906,,32140.964357574994,40843.748336181314,18.0,0.0,16.0,19.0
2019-09-23,26153.744645869217,,32117.49764952646,40812.41630619106,18.0,0.0,16.0,19.0
2019-09-24,25917.413287643612,,31824.170512645134,40420.77489527331,18.0,0.0,16.0,19.0
2019-09-25,26087.57215405648,,32035.36640926504,40702.75718921198,18.0,0.0,16.0,19.0
2019-09-26,26390.07600409482,,32410.824786407775,41204.057717108815,18.0,0.0,16.0,19.0
2019-09-27,26238.258766851788,,32089.930838286244,41191.51416614495,18.0,0.0,16.0,19.0
2019-09-28,26238.258766851788,,32089.930838286244,41191.51416614495,18.0,0.0,16.0,19.0
2019-09-29,26238.258766851788,,32089.930838286244,41191.51416614495,18.0,0.0,16.0,19.0
2019-09-30,26219.392214608615,,32066.650551953484,41160.003114788604,18.0,0.0,16.0,19.0
2019-10-01,26511.83052174998,,32427.503315996895,41648.43568032164,18.0,0.0,16.0,19.0
2019-10-02,26492.963969506804,,32404.22302966414,41616.92462896528,18.0,0.0,16.0,19.0
2019-10-03,26549.56452588594,,32474.064998780497,41711.45928563562,18.0,0.0,16.0,19.0
2019-10-04,27445.849489827393,,33503.61453046891,42831.98788739137,18.0,0.0,16.0,19.0
2019-10-05,27445.849489827393,,33503.61453046891,42831.98788739137,18.0,0.0,16.0,19.0
2019-10-06,27445.849489827393,,33503.61453046891,42831.98788739137,18.0,0.0,16.0,19.0
2019-10-07,28223.90858778241,,34460.65442335005,44116.52105567393,18.0,0.0,16.0,19.0
2019-10-08,28423.167503675144,,34705.74985636125,44445.486666657685,18.0,0.0,16.0,19.0
2019-10-09,28318.793225653106,,34577.36584527482,44273.170421802715,18.0,0.0,16.0,19.0
2019-10-10,28309.304490397357,,34565.69436916637,44257.50503700984,18.0,0.0,16.0,19.0
2019-10-11,28500.240077055572,,34938.53523274115,44568.03174354629,18.0,0.0,16.0,19.0
2019-10-12,28500.240077055572,,34938.53523274115,44568.03174354629,18.0,0.0,16.0,19.0
2019-10-13,28500.240077055572,,34938.53523274115,44568.03174354629,18.0,0.0,16.0,19.0
2019-10-14,28765.444667014068,,35266.52267818623,45005.80958797512,18.0,0.0,16.0,19.0
2019-10-15,27865.64270219316,,34153.70729330073,43520.490783222296,18.0,0.0,16.0,19.0
2019-10-16,27685.68176725959,,33931.14354605184,43223.426127633415,18.0,0.0,16.0,19.0
2019-10-17,27941.415442181304,,34247.41799199932,43645.57016734481,18.0,0.0,16.0,19.0
2019-10-18,27632.27901129764,,34123.37060599727,43473.340492291325,18.0,0.0,16.0,19.0
2019-10-19,27632.27901129764,,34123.37060599727,43473.340492291325,18.0,0.0,16.0,19.0
2019-10-20,27632.27901129764,,34123.37060599727,43473.340492291325,18.0,0.0,16.0,19.0
2019-10-21,27510.123755646608,,33970.69808194032,43269.60364792256,18.0,0.0,16.0,19.0
2019-10-22,27472.537592071276,,33923.72200684571,43206.91550308626,18.0,0.0,16.0,19.0
2019-10-23,27716.848103373333,,34229.06705495962,43614.38919182381,18.0,0.0,16.0,19.0
2019-10-24,27453.7440622212,,33900.23340929942,43175.57068336648,18.0,0.0,16.0,19.0
2019-10-25,27258.413486668433,,33760.98175801458,42836.98230678614,18.0,0.0,16.0,19.0
2019-10-26,27258.413486668433,,33760.98175801458,42836.98230678614,18.0,0.0,16.0,19.0
2019-10-27,27258.413486668433,,33760.98175801458,42836.98230678614,18.0,0.0,16.0,19.0
2019-10-28,27295.948857737767,,33808.09772306428,42899.56090469266,18.0,0.0,16.0,19.0
2019-10-29,27493.009779580178,,34055.45682040845,43228.098916699746,18.0,0.0,16.0,19.0
2019-10-30,27558.69645522304,,34137.909478412104,43337.61109003828,18.0,0.0,16.0,19.0
2019-10-31,27361.635533380624,,33890.55038106793,43009.0730780312,18.0,0.0,16.0,19.0
2019-11-01,27437.654887580433,,34185.763060708974,43124.202309907116,18.0,0.0,16.0,19.0
2019-11-02,27437.654887580433,,34185.763060708974,43124.202309907116,18.0,0.0,16.0,19.0
2019-11-03,27437.654887580433,,34185.763060708974,43124.202309907116,18.0,0.0,16.0,19.0
2019-11-04,27250.418625803115,,33948.82145954357,42812.1551411773,18.0,0.0,16.0,19.0
2019-11-05,26819.774777308812,,33403.85521194982,42094.44590911959,18.0,0.0,16.0,19.0
2019-11-06,26501.47268588091,,33001.0539250553,41563.96497829977,18.0,0.0,16.0,19.0
2019-11-07,26454.66339723335,,32941.81824230728,41485.95281412774,18.0,0.0,16.0,19.0
2019-11-08,26478.1158149803,,33081.663728924075,41900.61290389986,18.0,0.0,16.0,19.0
2019-11-09,26478.1158149803,,33081.663728924075,41900.61290389986,18.0,0.0,16.0,19.0
2019-11-10,26478.1158149803,,33081.663728924075,41900.61290389986,18.0,0.0,16.0,19.0
2019-11-11,26310.74103579156,,32868.863594172915,41618.28284342012,18.0,0.0,16.0,19.0
2019-11-12,26682.684891012985,,33341.75265723618,42245.68281161554,18.0,0.0,16.0,19.0
2019-11-13,26729.17798376341,,33400.86393105082,42324.10799461945,18.0,0.0,16.0,19.0
2019-11-14,26840.76087429524,,33542.73031173367,42512.32753632729,18.0,0.0,16.0,19.0
2019-11-15,27528.005568306817,,34128.46214265024,43070.15733092986,18.0,0.0,16.0,19.0
2019-11-16,27528.005568306817,,34128.46214265024,43070.15733092986,18.0,0.0,16.0,19.0
2019-11-17,27528.005568306817,,34128.46214265024,43070.15733092986,18.0,0.0,16.0,19.0
2019-11-18,27424.548685193757,,33998.44546749437,42898.815161839666,18.0,0.0,16.0,19.0
2019-11-19,27405.738913590863,,33974.806789325645,42867.66298549767,18.0,0.0,16.0,19.0
2019-11-20,27838.374423761896,,34518.50991370193,43584.18086722373,18.0,0.0,16.0,19.0
2019-11-21,27970.046412750315,,34683.98516971487,43802.25204357109,18.0,0.0,16.0,19.0
2019-11-22,27977.916135622367,,34713.45021565007,43983.30256298723,18.0,0.0,16.0,19.0
2019-11-23,27977.916135622367,,34713.45021565007,43983.30256298723,18.0,0.0,16.0,19.0
2019-11-24,27977.916135622367,,34713.45021565007,43983.30256298723,18.0,0.0,16.0,19.0
2019-11-25,28287.536079344867,,35102.85870203712,44498.67697230816,18.0,0.0,16.0,19.0
2019-11-26,28146.800066662912,,34925.855253810456,44264.41641875948,18.0,0.0,16.0,19.0
2019-11-27,28006.06315920321,,34748.8506802233,44030.15437581851,18.0,0.0,16.0,19.0
2019-11-28,28006.06315920321,,34748.8506802233,44030.15437581851,18.0,0.0,16.0,19.0
2019-11-29,28008.788627528873,,34849.46003934065,44363.80681302499,18.0,0.0,16.0,19.0
2019-11-30,28008.788627528873,,34849.46003934065,44363.80681302499,18.0,0.0,16.0,19.0
2019-12-01,28008.788627528873,,34849.46003934065,44363.80681302499,18.0,0.0,16.0,19.0
2019-12-02,30212.150056935414,,37631.27332609013,48067.452388447164,18.0,0.0,16.0,19.0
2019-12-03,30106.4642454472,,37497.84165632635,47889.80437170365,18.0,0.0,16.0,19.0
2019-12-04,30307.26708569589,,37751.361574377785,48227.335264680914,18.0,0.0,16.0,19.0
2019-12-05,30127.601810902677,,37524.5284992786,47925.33465272318,18.0,0.0,16.0,19.0
2019-12-06,30550.537931130475,,38163.72826569733,48823.79929521941,18.0,0.0,16.0,19.0
2019-12-07,30550.537931130475,,38163.72826569733,48823.79929521941,18.0,0.0,16.0,19.0
2019-12-08,30550.537931130475,,38163.72826569733,48823.79929521941,18.0,0.0,16.0,19.0
2019-12-09,30877.09927943325,,38577.53951590174,49375.42270186013,18.0,0.0,16.0,19.0
2019-12-10,30866.564815541147,,38564.1904784358,49357.62801522774,18.0,0.0,16.0,19.0
2019-12-11,30634.812637645526,,38270.51929239064,48966.155091283734,18.0,0.0,16.0,19.0
2019-12-12,30466.264229237197,,38056.938512038316,48681.44519614983,18.0,0.0,16.0,19.0
2019-12-13,30509.874292993863,,38369.464388133536,49166.48529355986,18.0,0.0,16.0,19.0
2019-12-14,30509.874292993863,,38369.464388133536,49166.48529355986,18.0,0.0,16.0,19.0
2019-12-15,30509.874292993863,,38369.464388133536,49166.48529355986,18.0,0.0,16.0,19.0
2019-12-16,30624.90033458481,,38516.53173215335,49362.878862625024,18.0,0.0,16.0,19.0
2019-12-17,30509.874292993863,,38369.464388133536,49166.48529355986,18.0,0.0,16.0,19.0
2019-12-18,30865.409602616426,,38824.036526479365,49773.52042594995,18.0,0.0,16.0,19.0
2019-12-19,31346.429135931703,,39439.0473901749,50594.80525529148,18.0,0.0,16.0,19.0
2019-12-20,31243.535470295574,,39199.80960782459,50505.18995300866,18.0,0.0,16.0,19.0
2019-12-21,31243.535470295574,,39199.80960782459,50505.18995300866,18.0,0.0,16.0,19.0
2019-12-22,31243.535470295574,,39199.80960782459,50505.18995300866,18.0,0.0,16.0,19.0
2019-12-23,31682.75878356705,,39759.35536296936,51256.73206589327,18.0,0.0,16.0,19.0
2019-12-24,31724.589527815584,,39812.645374386295,51328.307423954124,18.0,0.0,16.0,19.0
2019-12-25,31724.589527815584,,39812.645374386295,51328.307423954124,18.0,0.0,16.0,19.0
2019-12-26,31912.827378272214,,40052.449790495426,51650.39568198244,18.0,0.0,16.0,19.0
2019-12-27,31583.237552513707,,39746.30071653716,51255.277390421244,18.0,0.0,16.0,19.0
2019-12-28,31583.237552513707,,39746.30071653716,51255.277390421244,18.0,0.0,16.0,19.0
2019-12-29,31583.237552513707,,39746.30071653716,51255.277390421244,18.0,0.0,16.0,19.0
2019-12-30,31916.92426578272,,40173.00131018425,51828.61788694087,18.0,0.0,16.0,19.0
2019-12-31,27316.2548058238,,36088.35712246219,43923.747816885174,18.0,0.0,26.0,19.0
2020-01-01,26633.304061996754,,35244.38090978791,42683.42164729274,18.0,0.0,26.0,19.0
2020-01-02,28029.803930956197,,37159.14001177377,45076.19138900937,18.0,0.0,26.0,19.0
2020-01-03,28264.56067624231,,37499.17910225839,45368.409152436485,18.0,0.0,26.0,19.0
2020-01-04,28264.56067624231,,37499.17910225839,45368.409152436485,18.0,0.0,26.0,19.0
2020-01-05,28264.56067624231,,37499.17910225839,45368.409152436485,18.0,0.0,26.0,19.0
2020-01-06,28013.106740868963,,37154.1831381164,44938.92494737679,18.0,0.0,26.0,19.0
2020-01-07,28082.473286701996,,37249.35436032588,45057.403251367534,18.0,0.0,26.0,19.0
2020-01-08,27865.702624245157,,36951.94400728862,44687.158198303216,18.0,0.0,26.0,19.0
2020-01-09,28229.877403325798,,37451.593491153646,45309.17000044111,18.0,0.0,26.0,19.0
2020-01-10,27477.98438226884,,36690.76682379485,44697.3832876479,18.0,0.0,26.0,19.0
2020-01-11,27477.98438226884,,36690.76682379485,44697.3832876479,18.0,0.0,26.0,19.0
2020-01-12,27477.98438226884,,36690.76682379485,44697.3832876479,18.0,0.0,26.0,19.0
2020-01-13,27649.2982836389,,36928.17924134945,44995.871165083336,18.0,0.0,26.0,19.0
2020-01-14,27349.498343574465,,36512.70666157513,44473.516312094456,18.0,0.0,26.0,19.0
2020-01-15,26946.910879577135,,35954.78776333978,43772.070155946785,18.0,0.0,26.0,19.0
2020-01-16,27041.133321108377,,36085.364309976874,43936.238132710656,18.0,0.0,26.0,19.0
2020-01-17,27162.35210557473,,36328.77956261921,44896.989052158504,18.0,0.0,26.0,19.0
2020-01-18,27162.35210557473,,36328.77956261921,44896.989052158504,18.0,0.0,26.0,19.0
2020-01-19,27162.35210557473,,36328.77956261921,44896.989052158504,18.0,0.0,26.0,19.0
2020-01-20,27162.35210557473,,36328.77956261921,44896.989052158504,18.0,0.0,26.0,19.0
2020-01-21,26754.7945143473,,35762.37729324714,44171.02694457859,18.0,0.0,26.0,19.0
2020-01-22,26839.70258202816,,35880.37809425687,44322.26947101147,18.0,0.0,26.0,19.0
2020-01-23,26228.366600058696,,35030.77525286829,43233.327030819426,18.0,0.0,26.0,19.0
2020-01-24,26191.17264060174,,34409.21772658409,42151.48896481269,18.0,0.0,26.0,19.0
2020-01-25,26191.17264060174,,34409.21772658409,42151.48896481269,18.0,0.0,26.0,19.0
2020-01-26,26191.17264060174,,34409.21772658409,42151.48896481269,18.0,0.0,26.0,19.0
2020-01-27,25913.984450006883,,34032.630325122795,41673.13493899259,18.0,0.0,26.0,19.0
2020-01-28,25706.093926623365,,33750.19061576357,41314.37048882992,18.0,0.0,26.0,19.0
2020-01-29,25576.16255602954,,33573.66607799295,41090.14306387904,18.0,0.0,26.0,19.0
2020-01-30,25039.11079816353,,32844.028478674816,40163.332762554,18.0,0.0,26.0,19.0
2020-01-31,24538.222879000437,,32019.137292978638,38914.64001086438,18.0,0.0,26.0,19.0
2020-02-01,24538.222879000437,,32019.137292978638,39531.95910872301,18.0,0.0,26.0,18.0
2020-02-02,24538.222879000437,,32019.137292978638,39531.95910872301,18.0,0.0,26.0,18.0
2020-02-03,24437.939542944387,,31883.762600227612,39357.49217035228,18.0,0.0,26.0,18.0
2020-02-04,24446.691673752215,,31895.577295127317,39372.71860304104,18.0,0.0,26.0,18.0
2020-02-05,24604.225855047454,,32108.236169765343,39646.78713107603,18.0,0.0,26.0,18.0
2020-02-06,24017.846445309115,,31316.669638866446,38626.63937408969,18.0,0.0,26.0,18.0
2020-02-07,23938.816154035972,,30980.811631538978,37909.8592154343,18.0,0.0,26.0,18.0
2020-02-08,23938.816154035972,,30980.811631538978,37909.8592154343,18.0,0.0,26.0,18.0
2020-02-09,23938.816154035972,,30980.811631538978,37909.8592154343,18.0,0.0,26.0,18.0
2020-02-10,24160.268705571412,,31276.59173776706,38287.13239504931,18.0,0.0,26.0,18.0
2020-02-11,24408.29532675426,,31607.86514081525,38709.677953246886,18.0,0.0,26.0,18.0
2020-02-12,24426.011936368828,,31631.528090903044,38739.860498423914,18.0,0.0,26.0,18.0
2020-02-13,24293.1398985829,,31454.05935017927,38513.49572714512,18.0,0.0,26.0,18.0
2020-02-14,24358.125054638906,,31395.658036170633,38453.272569864515,18.0,0.0,26.0,18.0
2020-02-15,24358.125054638906,,31395.658036170633,38453.272569864515,18.0,0.0,26.0,18.0
2020-02-16,24358.125054638906,,31395.658036170633,38453.272569864515,18.0,0.0,26.0,18.0
2020-02-17,24358.125054638906,,31395.658036170633,38453.272569864515,18.0,0.0,26.0,18.0
2020-02-18,24358.125054638906,,31395.658036170633,38453.272569864515,18.0,0.0,26.0,18.0
2020-02-19,24553.98667907747,,31655.53038184508,38784.91448711287,18.0,0.0,26.0,18.0
2020-02-20,24358.125054638906,,31395.658036170633,38453.272569864515,18.0,0.0,26.0,18.0
2020-02-21,24430.719670197614,,31275.940212573503,38370.34583657593,18.0,0.0,26.0,18.0
2020-02-22,24430.719670197614,,31275.940212573503,38370.34583657593,18.0,0.0,26.0,18.0
2020-02-23,24430.719670197614,,31275.940212573503,38370.34583657593,18.0,0.0,26.0,18.0
2020-02-24,23785.14322263532,,30427.814229927466,37285.263408544655,18.0,0.0,26.0,18.0
2020-02-25,23560.9848170328,,30133.326150726487,36908.4988163213,18.0,0.0,26.0,18.0
2020-02-26,23704.44648735121,,30321.798903365285,37149.62864400682,18.0,0.0,26.0,18.0
2020-02-27,23973.436317545307,,30675.184261391612,37601.74572350198,18.0,0.0,26.0,18.0
2020-02-28,24245.934239314214,,30882.840948267196,37835.28135796837,18.0,0.0,26.0,18.0
2020-02-29,24245.934239314214,,30882.840948267196,37835.28135796837,18.0,0.0,26.0,18.0
2020-03-01,24245.934239314214,,31006.099711611103,37835.28135796837,18.0,0.0,27.0,18.0
2020-03-02,23908.43638431186,,30563.27092625414,37272.65012656013,18.0,0.0,27.0,18.0
2020-03-03,23547.271307831183,,30089.38853037883,36670.56407264858,18.0,0.0,27.0,18.0
2020-03-04,23411.834188879562,,29911.6823494694,36444.781443560154,18.0,0.0,27.0,18.0
2020-03-05,22563.09539806449,,28798.05758933765,35029.87778138162,18.0,0.0,27.0,18.0
2020-03-06,22834.79220494059,,29258.75338556154,35495.871760390764,18.0,0.0,27.0,18.0
2020-03-07,22834.79220494059,,29258.75338556154,35495.871760390764,18.0,0.0,27.0,18.0
2020-03-08,22834.79220494059,,29258.75338556154,35495.871760390764,18.0,0.0,27.0,18.0
2020-03-09,23303.200543438805,,29876.616451000424,36277.14885505462,18.0,0.0,27.0,18.0
2020-03-10,25185.841527071014,,32359.95040059936,39417.28142123195,18.0,0.0,27.0,18.0
2020-03-11,24762.473054881026,,31801.498040685885,38711.12812988501,18.0,0.0,27.0,18.0
2020-03-12,24573.30810764829,,31551.976363626225,38395.61231122971,18.0,0.0,27.0,18.0
2020-03-13,25004.205461251673,,32068.412352018695,38774.43528596749,18.0,0.0,27.0,18.0
2020-03-14,25004.205461251673,,32068.412352018695,38774.43528596749,18.0,0.0,27.0,18.0
2020-03-15,25004.205461251673,,32068.412352018695,38774.43528596749,18.0,0.0,27.0,18.0
2020-03-16,23573.55511275904,,30185.629568133816,36416.61972986759,18.0,0.0,27.0,18.0
2020-03-17,23292.858015455917,,29816.22298123045,35954.01055127221,18.0,0.0,27.0,18.0
2020-03-18,22342.109434458274,,28565.00666412587,34387.10792088594,18.0,0.0,27.0,18.0
2020-03-19,22831.06572418164,,29208.489179146636,35192.9433560622,18.0,0.0,27.0,18.0
2020-03-20,22305.312613206996,,28491.606084362647,34413.399325935134,18.0,0.0,27.0,18.0
2020-03-21,22305.312613206996,,28491.606084362647,34413.399325935134,18.0,0.0,27.0,18.0
2020-03-22,22305.312613206996,,28491.606084362647,34413.399325935134,18.0,0.0,27.0,18.0
2020-03-23,22603.91955565438,,28884.065036889242,34907.32687848653,18.0,0.0,27.0,18.0
2020-03-24,23336.863986609438,,29847.373529569457,36119.69470212345,18.0,0.0,27.0,18.0
2020-03-25,23517.837760372848,,30085.227268346778,36419.04451769815,18.0,0.0,27.0,18.0
2020-03-26,24377.464264437807,,31215.03394525916,37840.957925943636,18.0,0.0,27.0,18.0
2020-03-27,25096.089925937726,,32026.71680382977,38910.41268746803,18.0,0.0,27.0,18.0
2020-03-28,25096.089925937726,,32026.71680382977,38910.41268746803,18.0,0.0,27.0,18.0
2020-03-29,25096.089925937726,,32026.71680382977,38910.41268746803,18.0,0.0,27.0,18.0
2020-03-30,26140.766512422477,,33391.66820415963,40631.176774909734,18.0,0.0,27.0,18.0
2020-03-31,25295.94054153871,,32287.83721291182,39239.60142073566,18.0,0.0,27.0,18.0
2020-04-01,25659.30695108299,,32762.60375401831,39838.12911458435,18.0,0.0,27.0,18.0
2020-04-02,24214.927400732715,,30875.409271664314,37458.98470660901,18.0,0.0,27.0,18.0
2020-04-03,23721.730442447042,,30221.13924834875,36717.5967345009,18.0,0.0,27.0,18.0
2020-04-04,23721.730442447042,,30221.13924834875,36717.5967345009,18.0,0.0,27.0,18.0
2020-04-05,23721.730442447042,,30221.13924834875,36717.5967345009,18.0,0.0,27.0,18.0
2020-04-06,24184.6783739135,,30825.72808166521,37482.229353000555,18.0,0.0,27.0,18.0
2020-04-07,23930.51100094815,,30493.79711266517,37062.43124889831,18.0,0.0,27.0,18.0
2020-04-08,23812.504504220382,,30339.68602299162,36867.52462882312,18.0,0.0,27.0,18.0
2020-04-09,24529.620241497043,,31276.206390583724,38051.9560663376,18.0,0.0,27.0,18.0
2020-04-10,24465.49909645569,,31202.81057514366,37792.89153990927,18.0,0.0,27.0,18.0
2020-04-11,24465.49909645569,,31202.81057514366,37792.89153990927,18.0,0.0,27.0,18.0
2020-04-12,24465.49909645569,,31202.81057514366,37792.89153990927,18.0,0.0,27.0,18.0
2020-04-13,24578.32724691475,,31350.22941655695,37978.20234112967,18.0,0.0,27.0,18.0
2020-04-14,24578.32724691475,,31350.22941655695,37978.20234112967,18.0,0.0,27.0,18.0
2020-04-15,24569.232968597815,,31338.347027565218,37963.265749555874,18.0,0.0,27.0,18.0
2020-04-16,25060.3127230967,,31979.981301948046,38769.823176927086,18.0,0.0,27.0,18.0
2020-04-17,25236.673934053375,,32357.313797421015,39174.83367451442,18.0,0.0,27.0,18.0
2020-04-18,25236.673934053375,,32357.313797421015,39174.83367451442,18.0,0.0,27.0,18.0
2020-04-19,25236.673934053375,,32357.313797421015,39174.83367451442,18.0,0.0,27.0,18.0
2020-04-20,26341.74115017177,,33810.5328949292,40997.16543316389,18.0,0.0,27.0,18.0
2020-04-21,26214.930639638205,,33643.770680844675,40788.046189279725,18.0,0.0,27.0,18.0
2020-04-22,26459.494384118505,,33965.384333709386,41191.34860571206,18.0,0.0,27.0,18.0
2020-04-23,26169.640801376874,,33584.212260393455,40713.36013452767,18.0,0.0,27.0,18.0
2020-04-24,26034.063979727613,,33525.05530927962,40839.35301595452,18.0,0.0,27.0,18.0
2020-04-25,26034.063979727613,,33525.05530927962,40839.35301595452,18.0,0.0,27.0,18.0
2020-04-26,26034.063979727613,,33525.05530927962,40839.35301595452,18.0,0.0,27.0,18.0
2020-04-27,26196.13751378844,,33739.254734108064,41109.74709559903,18.0,0.0,27.0,18.0
2020-04-28,25917.01034703394,,33370.355031147505,40644.06752739738,18.0,0.0,27.0,18.0
2020-04-29,24836.51639893026,,31942.353947839423,38841.434121814316,18.0,0.0,27.0,18.0
2020-04-30,24917.55273661088,,32049.45309281691,38976.63044533429,18.0,0.0,27.0,18.0
2020-05-01,24555.281018060028,,31545.125159600055,38827.830949322306,18.0,0.0,27.0,18.0
2020-05-02,24555.281018060028,,31545.125159600055,38827.830949322306,18.0,0.0,27.0,18.0
2020-05-03,24555.281018060028,,31545.125159600055,38827.830949322306,18.0,0.0,27.0,18.0
2020-05-04,24573.19937521597,,31568.778922466157,38858.21494066748,18.0,0.0,27.0,18.0
2020-05-05,23739.975688241197,,30468.85244290147,37445.3252949647,18.0,0.0,27.0,18.0
2020-05-06,23103.85777493948,,29629.12243053663,36366.666073917775,18.0,0.0,27.0,18.0
2020-05-07,23489.11227979521,,30137.69130332148,37019.93854970072,18.0,0.0,27.0,18.0
2020-05-08,23820.259596728178,,30314.388232837322,37326.76008953562,18.0,0.0,27.0,18.0
2020-05-09,23820.259596728178,,30314.388232837322,37326.76008953562,18.0,0.0,27.0,18.0
2020-05-10,23820.259596728178,,30314.388232837322,37326.76008953562,18.0,0.0,27.0,18.0
2020-05-11,23494.79872103206,,29890.075265794476,36780.084919183064,18.0,0.0,27.0,18.0
2020-05-12,23187.418574007977,,29489.334679341846,36263.77986752985,18.0,0.0,27.0,18.0
2020-05-13,23413.433286563602,,29783.996743022126,36643.41576454591,18.0,0.0,27.0,18.0
2020-05-14,23060.85045568171,,29324.324081047405,36051.183967948295,18.0,0.0,27.0,18.0
2020-05-15,23453.0729054204,,29629.418022428243,36568.99987525025,18.0,0.0,27.0,18.0
2020-05-16,23453.0729054204,,29629.418022428243,36568.99987525025,18.0,0.0,27.0,18.0
2020-05-17,23453.0729054204,,29629.418022428243,36568.99987525025,18.0,0.0,27.0,18.0
2020-05-18,23507.677656072967,,29699.883864558815,36660.22431150664,18.0,0.0,27.0,18.0
2020-05-19,23735.197667438664,,29993.491820109248,37040.32649173529,18.0,0.0,27.0,18.0
2020-05-20,23798.902992886666,,30075.701689255216,37146.7546382074,18.0,0.0,27.0,18.0
2020-05-21,23971.818253599802,,30298.843802675063,37435.63238217967,18.0,0.0,27.0,18.0
2020-05-22,24170.63906022344,,30100.2301862253,37361.62200076055,18.0,0.0,27.0,18.0
2020-05-23,24170.63906022344,,30100.2301862253,37361.62200076055,18.0,0.0,27.0,18.0
2020-05-24,24170.63906022344,,30100.2301862253,37361.62200076055,18.0,0.0,27.0,18.0
2020-05-25,24170.63906022344,,30100.2301862253,37361.62200076055,18.0,0.0,27.0,18.0
2020-05-26,24604.89650534076,,30648.480576054513,38076.26814972538,18.0,0.0,27.0,18.0
2020-05-27,25113.069998842035,,31290.050039158763,38912.55601126929,18.0,0.0,27.0,18.0
2020-05-28,25113.069998842035,,31290.050039158763,38912.55601126929,18.0,0.0,27.0,18.0
2020-05-29,25320.334985561432,,31235.917125431075,38980.52173292494,18.0,0.0,27.0,18.0
2020-05-30,25320.334985561432,,31235.917125431075,38980.52173292494,18.0,0.0,27.0,18.0
2020-05-31,25320.334985561432,,31235.917125431075,38980.52173292494,18.0,0.0,27.0,18.0
2020-06-01,25603.749633852087,,31588.59146928351,39864.016885843266,18.0,0.0,27.0,19.0
2020-06-02,25458.185104266446,,31407.454484059104,39623.28167227444,18.0,0.0,27.0,19.0
2020-06-03,24466.525661923002,,30173.457422640844,37983.27123621799,18.0,0.0,27.0,19.0
2020-06-04,24430.134529526593,,30128.17317633474,37923.08743282578,18.0,0.0,27.0,19.0
2020-06-05,24740.822706253628,,30245.182141043424,38322.09671957771,18.0,0.0,27.0,19.0
2020-06-06,24740.822706253628,,30245.182141043424,38322.09671957771,18.0,0.0,27.0,19.0
2020-06-07,24740.822706253628,,30245.182141043424,38322.09671957771,18.0,0.0,27.0,19.0
2020-06-08,25501.34086166597,,31179.3799304719,39574.661157272974,18.0,0.0,27.0,19.0
2020-06-09,25327.246712648433,,30965.52787709596,39287.930145898295,18.0,0.0,27.0,19.0
2020-06-10,24814.125597823047,,30335.225223875215,38442.82571796739,18.0,0.0,27.0,19.0
2020-06-11,24145.236493792192,,29513.58182468559,37341.17324786082,18.0,0.0,27.0,19.0
2020-06-12,24616.618940227763,,29954.48899408436,38030.280287477355,18.0,0.0,27.0,19.0
2020-06-13,24616.618940227763,,29954.48899408436,38030.280287477355,18.0,0.0,27.0,19.0
2020-06-14,24616.618940227763,,29954.48899408436,38030.280287477355,18.0,0.0,27.0,19.0
2020-06-15,24736.224339261054,,30100.420628104028,38226.64480303702,18.0,0.0,27.0,19.0
2020-06-16,24589.017964272145,,29920.812792555862,37984.965842508274,18.0,0.0,27.0,19.0
2020-06-17,24313.005572458347,,29584.047565629488,37531.81707125674,18.0,0.0,27.0,19.0
2020-06-18,24543.01575273331,,29864.685076310278,37909.44080721298,18.0,0.0,27.0,19.0
2020-06-19,24216.30896912502,,29616.68890727043,37514.210463139265,18.0,0.0,27.0,19.0
2020-06-20,24216.30896912502,,29616.68890727043,37514.210463139265,18.0,0.0,27.0,19.0
2020-06-21,24216.30896912502,,29616.68890727043,37514.210463139265,18.0,0.0,27.0,19.0
2020-06-22,24014.866647490202,,29369.048101546006,37181.7463240986,18.0,0.0,27.0,19.0
2020-06-23,24133.900964945493,,29515.38157330237,37378.202766557646,18.0,0.0,27.0,19.0
2020-06-24,24115.587590000167,,29492.868236034465,37347.97803332028,18.0,0.0,27.0,19.0
2020-06-25,24005.70996001753,,29357.79143291206,37166.63395747993,18.0,0.0,27.0,19.0
2020-06-26,23683.283390436503,,28900.097039472847,36658.84152443875,18.0,0.0,27.0,19.0
2020-06-27,23683.283390436503,,28900.097039472847,36658.84152443875,18.0,0.0,27.0,19.0
2020-06-28,23683.283390436503,,28900.097039472847,36658.84152443875,18.0,0.0,27.0,19.0
2020-06-29,23784.10927626614,,29023.654529220952,36825.40192850258,18.0,0.0,27.0,19.0
2020-06-30,23664.951450928198,,28877.632090028346,36628.557880247055,18.0,0.0,27.0,19.0
2020-07-01,24077.420308399007,,29383.09372033302,37309.940235569666,18.0,0.0,27.0,19.0
2020-07-02,23655.785262640093,,28866.399347502775,36613.4156971417,18.0,0.0,27.0,19.0
2020-07-03,23678.09803171657,,28787.082100892094,36522.51836823471,18.0,0.0,27.0,19.0
2020-07-04,23678.09803171657,,28787.082100892094,36522.51836823471,18.0,0.0,27.0,19.0
2020-07-05,23678.09803171657,,28787.082100892094,36522.51836823471,18.0,0.0,27.0,19.0
2020-07-06,24144.630691930142,,29355.64333958532,37289.43524689318,18.0,0.0,27.0,19.0
2020-07-07,23840.897070189698,,28985.48455127998,36790.13806795146,18.0,0.0,27.0,19.0
2020-07-08,24117.018783890126,,29321.99283239311,37244.04498778857,18.0,0.0,27.0,19.0
2020-07-09,23960.549842052107,,29131.304842086676,36986.83111464522,18.0,0.0,27.0,19.0
2020-07-10,24313.1750251674,,29503.82811362035,37399.549804343726,18.0,0.0,27.0,19.0
2020-07-11,24313.1750251674,,29503.82811362035,37399.549804343726,18.0,0.0,27.0,19.0
2020-07-12,24313.1750251674,,29503.82811362035,37399.549804343726,18.0,0.0,27.0,19.0
2020-07-13,24165.386910273446,,29324.23451831176,37158.108984157334,18.0,0.0,27.0,19.0
2020-07-14,24322.411534599643,,29515.052412260527,37414.63945085948,18.0,0.0,27.0,19.0
2020-07-15,24507.146568106586,,29739.544272588893,37716.44029620543,18.0,0.0,27.0,19.0
2020-07-16,24368.595403086878,,29571.175511150002,37490.089842083034,18.0,0.0,27.0,19.0
2020-07-17,24399.82948996873,,29610.91119880855,37571.92649377355,18.0,0.0,27.0,19.0
2020-07-18,24399.82948996873,,29610.91119880855,37571.92649377355,18.0,0.0,27.0,19.0
2020-07-19,24399.82948996873,,29610.91119880855,37571.92649377355,18.0,0.0,27.0,19.0
2020-07-20,24390.59573649096,,29599.68925346153,37556.82411128466,18.0,0.0,27.0,19.0
2020-07-21,24252.092516351506,,29431.363818898873,37330.29341479988,18.0,0.0,27.0,19.0
2020-07-22,24307.494156638968,,29498.694420797383,37420.906269490784,18.0,0.0,27.0,19.0
2020-07-23,24427.529869822865,,29644.575964665994,37617.23220099777,18.0,0.0,27.0,19.0
2020-07-24,24443.305538781187,,29605.092517155586,37665.977110533444,18.0,0.0,27.0,19.0
2020-07-25,24443.305538781187,,29605.092517155586,37665.977110533444,18.0,0.0,27.0,19.0
2020-07-26,24443.305538781187,,29605.092517155586,37665.977110533444,18.0,0.0,27.0,19.0
2020-07-27,24535.72942953538,,29717.08929011683,37817.270326229234,18.0,0.0,27.0,19.0
2020-07-28,24665.12225959758,,29873.88402460631,38029.079818216,18.0,0.0,27.0,19.0
2020-07-29,25025.574375835506,,30310.670157458713,38619.1216280227,18.0,0.0,27.0,19.0
2020-07-30,24776.030399650885,,30008.27951131158,38210.63081134751,18.0,0.0,27.0,19.0
2020-07-31,24743.940102881235,,30000.15353412807,38100.730798919314,18.0,0.0,27.0,19.0
2020-08-01,24743.940102881235,,30000.15353412807,38100.730798919314,18.0,0.0,27.0,19.0
2020-08-02,24743.940102881235,,30000.15353412807,38100.730798919314,18.0,0.0,27.0,19.0
2020-08-03,24679.224725567932,,29921.61503043362,37995.015386227424,18.0,0.0,27.0,19.0
2020-08-04,24891.860461497417,,30179.669502572742,38342.36520492667,18.0,0.0,27.0,19.0
2020-08-05,25002.800730459567,,30314.306478906245,38523.59100943218,18.0,0.0,27.0,19.0
2020-08-06,24891.860461497417,,30179.669502572742,38342.36520492667,18.0,0.0,27.0,19.0
2020-08-07,25007.238193208734,,30325.36763085286,38181.94987247843,18.0,0.0,27.0,19.0
2020-08-08,25007.238193208734,,30325.36763085286,38181.94987247843,18.0,0.0,27.0,19.0
2020-08-09,25007.238193208734,,30325.36763085286,38181.94987247843,18.0,0.0,27.0,19.0
2020-08-10,25007.238193208734,,30325.36763085286,38181.94987247843,18.0,0.0,27.0,19.0
2020-08-11,25211.56531431807,,30573.406556406,38511.56092698005,18.0,0.0,27.0,19.0
2020-08-12,25425.179347411307,,30832.719147724532,38856.15319804978,18.0,0.0,27.0,19.0
2020-08-13,25248.715619453113,,30618.50444512307,38571.49007972364,18.0,0.0,27.0,19.0
2020-08-14,25281.999960072197,,30902.91310667452,38825.81365948426,18.0,0.0,27.0,19.0
2020-08-15,25281.999960072197,,30902.91310667452,38825.81365948426,18.0,0.0,27.0,19.0
2020-08-16,25281.999960072197,,30902.91310667452,38825.81365948426,18.0,0.0,27.0,19.0
2020-08-17,25328.10760023308,,30959.53169738063,38900.72446129189,18.0,0.0,27.0,19.0
2020-08-18,25199.00638366861,,30800.999859385483,38690.97450199145,18.0,0.0,27.0,19.0
2020-08-19,25033.019230861468,,30597.17336480742,38421.29618700584,18.0,0.0,27.0,19.0
2020-08-20,25042.240934779657,,30608.497298930597,38436.278633128306,18.0,0.0,27.0,19.0
2020-08-21,24980.871151147654,,30609.008192819496,38416.63414156476,18.0,0.0,27.0,19.0
2020-08-22,24980.871151147654,,30609.008192819496,38416.63414156476,18.0,0.0,27.0,19.0
2020-08-23,24980.871151147654,,30609.008192819496,38416.63414156476,18.0,0.0,27.0,19.0
2020-08-24,24980.871151147654,,30609.008192819496,38416.63414156476,18.0,0.0,27.0,19.0
2020-08-25,24999.267455595782,,30631.679917288813,38446.608716447416,18.0,0.0,27.0,19.0
2020-08-26,24907.284178903366,,30518.319132744502,38296.73298336508,18.0,0.0,27.0,19.0
2020-08-27,24447.364725150586,,29951.511426176952,37547.34931528245,18.0,0.0,27.0,19.0
2020-08-28,24487.937276051154,,29976.5129266916,37740.19544177391,18.0,0.0,27.0,19.0
2020-08-29,24487.937276051154,,29976.5129266916,37740.19544177391,18.0,0.0,27.0,19.0
2020-08-30,24487.937276051154,,29976.5129266916,37740.19544177391,18.0,0.0,27.0,19.0
2020-08-31,24606.504551351754,,30122.457341869278,37934.29232898581,18.0,0.0,27.0,19.0
2020-09-01,24441.07961021373,,29918.835843197052,37663.48855061865,18.0,0.0,27.0,19.0
2020-09-02,24183.751485772176,,29602.09075029365,37242.23751132847,18.0,0.0,27.0,19.0
2020-09-03,24064.277698059068,,29455.03050932374,37046.65664603712,18.0,0.0,27.0,19.0
2020-09-04,24329.01461678596,,29777.405559032737,37320.565991530966,18.0,0.0,27.0,19.0
2020-09-05,24329.01461678596,,29777.405559032737,37320.565991530966,18.0,0.0,27.0,19.0
2020-09-06,24329.01461678596,,29777.405559032737,37320.565991530966,18.0,0.0,27.0,19.0
2020-09-07,24329.01461678596,,29777.405559032737,37320.565991530966,18.0,0.0,27.0,19.0
2020-09-08,24439.53317270821,,29913.41933921865,37500.41443366963,18.0,0.0,27.0,19.0
2020-09-09,24531.63240847179,,30026.764696510952,37650.28885010603,18.0,0.0,27.0,19.0
2020-09-10,24080.347646380058,,29471.374283379075,36915.90663939188,18.0,0.0,27.0,19.0
2020-09-11,24197.79120377721,,29661.218139331606,37092.640406719845,18.0,0.0,27.0,19.0
2020-09-12,24197.79120377721,,29661.218139331606,37092.640406719845,18.0,0.0,27.0,19.0
2020-09-13,24197.79120377721,,29661.218139331606,37092.640406719845,18.0,0.0,27.0,19.0
2020-09-14,24464.690169359055,,29990.42911872672,37526.73344192304,18.0,0.0,27.0,19.0
2020-09-15,24124.16408452108,,29570.401541419695,36972.89089925554,18.0,0.0,27.0,19.0
2020-09-16,24124.16408452108,,29570.401541419695,36972.89089925554,18.0,0.0,27.0,19.0
2020-09-17,24059.740574598087,,29490.937288901583,36868.11043710594,18.0,0.0,27.0,19.0
2020-09-18,23903.440470855756,,29316.808866314946,36632.96406148817,18.0,0.0,27.0,19.0
2020-09-19,23903.440470855756,,29316.808866314946,36632.96406148817,18.0,0.0,27.0,19.0
2020-09-20,23903.440470855756,,29316.808866314946,36632.96406148817,18.0,0.0,27.0,19.0
2020-09-21,23397.539689751662,,28692.20727746912,35809.548251858716,18.0,0.0,27.0,19.0
2020-09-22,23415.936073817185,,28714.920052672325,35839.49063195646,18.0,0.0,27.0,19.0
2020-09-23,23029.61156983681,,28237.951231889707,35210.69993602106,18.0,0.0,27.0,19.0
2020-09-24,23121.59349016442,,28351.515107905736,35360.41183650981,18.0,0.0,27.0,19.0
2020-09-25,23267.541778909424,,28447.94599920018,35493.31321728125,18.0,0.0,27.0,19.0
2020-09-26,23267.541778909424,,28447.94599920018,35493.31321728125,18.0,0.0,27.0,19.0
2020-09-27,23267.541778909424,,28447.94599920018,35493.31321728125,18.0,0.0,27.0,19.0
2020-09-28,23212.158178585185,,28379.869406052792,35403.54664756519,18.0,0.0,27.0,19.0
2020-09-29,23184.46659849793,,28345.831379991443,35358.663719407814,18.0,0.0,27.0,19.0
2020-09-30,23332.156199362573,,28527.368961717784,35598.04123865062,18.0,0.0,27.0,19.0
2020-10-01,23341.38701949148,,28538.715331088017,35613.00269030393,18.0,0.0,27.0,19.0
2020-10-02,23537.85867055229,,28626.915898321302,35340.00084434746,18.0,0.0,27.0,19.0
2020-10-03,23537.85867055229,,28626.915898321302,35340.00084434746,18.0,0.0,27.0,19.0
2020-10-04,23537.85867055229,,28626.915898321302,35340.00084434746,18.0,0.0,27.0,19.0
2020-10-05,23780.76250940068,,28923.1085392639,35724.51805931693,18.0,0.0,27.0,19.0
2020-10-06,23687.33768185431,,28809.18795846223,35576.62638882113,18.0,0.0,27.0,19.0
2020-10-07,23640.625713563724,,28752.22821127498,35502.68125877298,18.0,0.0,27.0,19.0
2020-10-08,23855.50201505169,,29014.244569334358,35842.83083155376,18.0,0.0,27.0,19.0
2020-10-09,23547.598975397268,,28925.667551816874,35904.68874673569,18.0,0.0,27.0,19.0
2020-10-10,23547.598975397268,,28925.667551816874,35904.68874673569,18.0,0.0,27.0,19.0
2020-10-11,23547.598975397268,,28925.667551816874,35904.68874673569,18.0,0.0,27.0,19.0
2020-10-12,23575.24718103107,,28959.888061077072,35949.42621460358,18.0,0.0,27.0,19.0
2020-10-13,23464.65347957527,,28823.004936185887,35770.47492095353,18.0,0.0,27.0,19.0
2020-10-14,23566.031258973235,,28948.481405965405,35934.51396234403,18.0,0.0,27.0,19.0
2020-10-15,23566.031258973235,,28948.481405965405,35934.51396234403,18.0,0.0,27.0,19.0
2020-10-16,23171.88519673079,,28993.03157994544,35857.451796553694,18.0,0.0,27.0,19.0
2020-10-17,23171.88519673079,,28993.03157994544,35857.451796553694,18.0,0.0,27.0,19.0
2020-10-18,23171.88519673079,,28993.03157994544,35857.451796553694,18.0,0.0,27.0,19.0
2020-10-19,23108.58520080579,,28912.47823701989,35752.70275879529,18.0,0.0,27.0,19.0
2020-10-20,23045.285636076733,,28831.925442819094,35647.95443458133,18.0,0.0,27.0,19.0
2020-10-21,22846.343038138704,,28578.758107181508,35318.74358079458,18.0,0.0,27.0,19.0
2020-10-22,22972.942598792757,,28739.864244307853,35528.240942766955,18.0,0.0,27.0,19.0
2020-10-23,22327.614735874544,,28601.296670329484,35354.892396189294,18.0,0.0,27.0,19.0
2020-10-24,22327.614735874544,,28601.296670329484,35354.892396189294,18.0,0.0,27.0,19.0
2020-10-25,22327.614735874544,,28601.296670329484,35354.892396189294,18.0,0.0,27.0,19.0
2020-10-26,22248.478602462343,,28496.847312393886,35219.03221992485,18.0,0.0,27.0,19.0
2020-10-27,22195.721319946744,,28427.214591567372,35128.45900901917,18.0,0.0,27.0,19.0
2020-10-28,21852.798773956547,,27974.601629499197,34539.73277822637,18.0,0.0,27.0,19.0
2020-10-29,21923.14181731068,,28067.445257267875,34660.497059433925,18.0,0.0,27.0,19.0
2020-10-30,20988.691693509067,,27958.162052872536,34500.74491899351,18.0,0.0,27.0,19.0
2020-10-31,20988.691693509067,,27958.162052872536,34500.74491899351,18.0,0.0,27.0,19.0
2020-11-01,20988.691693509067,,27958.162052872536,34500.74491899351,18.0,0.0,27.0,19.0
2020-11-02,21147.81883731582,,28181.851526161907,34791.4900476057,18.0,0.0,27.0,19.0
2020-11-03,21181.319246606043,,28228.943987761086,34852.69947155839,18.0,0.0,27.0,19.0
2020-11-04,21139.44393467145,,28170.078691455314,34776.18805645448,18.0,0.0,27.0,19.0
2020-11-05,21256.695367187232,,28334.90230705248,34990.42104028887,18.0,0.0,27.0,19.0
2020-11-06,20928.179520027585,,28254.64473884954,35075.47218385714,18.0,0.0,27.0,19.0
2020-11-07,20928.179520027585,,28254.64473884954,35075.47218385714,18.0,0.0,27.0,19.0
2020-11-08,20928.179520027585,,28254.64473884954,35075.47218385714,18.0,0.0,27.0,19.0
2020-11-09,21413.200876904102,,28950.6535541294,35987.17243283976,18.0,0.0,27.0,19.0
2020-11-10,21684.484487081678,,29339.947306760205,36497.10736959509,18.0,0.0,27.0,19.0
2020-11-11,21651.60169651357,,29292.760287504407,36435.29720820084,18.0,0.0,27.0,19.0
2020-11-12,21380.318086335985,,28903.4665348736,35925.36227144552,18.0,0.0,27.0,19.0
2020-11-13,22060.174178434583,,28837.080927029445,35823.30297731181,18.0,0.0,27.0,19.0
2020-11-14,22060.174178434583,,28837.080927029445,35823.30297731181,18.0,0.0,27.0,19.0
2020-11-15,22060.174178434583,,28837.080927029445,35823.30297731181,18.0,0.0,27.0,19.0
2020-11-16,22463.080565619166,,29385.613282323186,36541.39459976992,18.0,0.0,27.0,19.0
2020-11-17,22360.210901925362,,29245.56253924975,36358.052150870586,18.0,0.0,27.0,19.0
2020-11-18,22360.210901925362,,29245.56253924975,36358.052150870586,18.0,0.0,27.0,19.0
2020-11-19,22540.23301777337,,29490.651617884367,36678.90180071349,18.0,0.0,27.0,19.0
2020-11-20,22701.10241770962,,29583.834199704368,36715.46775352992,18.0,0.0,27.0,19.0
2020-11-21,22701.10241770962,,29583.834199704368,36715.46775352992,18.0,0.0,27.0,19.0
2020-11-22,22701.10241770962,,29583.834199704368,36715.46775352992,18.0,0.0,27.0,19.0
2020-11-23,22968.51628109396,,29945.62889682689,37187.55545820332,18.0,0.0,27.0,19.0
2020-11-24,23097.910192107516,,30120.69099066218,37415.98518011835,18.0,0.0,27.0,19.0
2020-11-25,22545.82997129249,,29373.76002100624,36441.352522926725,18.0,0.0,27.0,19.0
2020-11-26,22545.82997129249,,29373.76002100624,36441.352522926725,18.0,0.0,27.0,19.0
2020-11-27,22468.784505392294,,29200.395450205266,36164.73433571197,18.0,0.0,27.0,19.0
2020-11-28,22468.784505392294,,29200.395450205266,36164.73433571197,18.0,0.0,27.0,19.0
2020-11-29,22468.784505392294,,29200.395450205266,36164.73433571197,18.0,0.0,27.0,19.0
2020-11-30,22157.903468992165,,28781.267051154264,35618.91006755769,18.0,0.0,27.0,19.0
2020-12-01,22062.672442626277,,28652.87701462162,35451.70975880409,18.0,0.0,27.0,19.0
2020-12-02,22036.70060722687,,28617.86190428418,35406.11013583044,18.0,0.0,27.0,19.0
2020-12-03,22088.644690840563,,28687.892681514215,35497.31010657068,18.0,0.0,27.0,19.0
2020-12-04,22545.59250417841,,29219.215480304985,36157.6605034,18.0,0.0,27.0,19.0
2020-12-05,22545.59250417841,,29219.215480304985,36157.6605034,18.0,0.0,27.0,19.0
2020-12-06,22545.59250417841,,29219.215480304985,36157.6605034,18.0,0.0,27.0,19.0
2020-12-07,22528.208137555215,,29195.878510288676,36127.30661763616,18.0,0.0,27.0,19.0
2020-12-08,22458.670671062435,,29102.53063022343,36005.8910745808,18.0,0.0,27.0,19.0
2020-12-09,22415.209547266448,,29044.18792698403,35930.005998324326,18.0,0.0,27.0,19.0
2020-12-10,22736.820537033567,,29475.922150484406,36491.55324680227,18.0,0.0,27.0,19.0
2020-12-11,22587.119429079987,,29325.61103641453,36407.33853862143,18.0,0.0,27.0,19.0
2020-12-12,22587.119429079987,,29325.61103641453,36407.33853862143,18.0,0.0,27.0,19.0
2020-12-13,22587.119429079987,,29325.61103641453,36407.33853862143,18.0,0.0,27.0,19.0
2020-12-14,22535.15763969391,,29255.677792146253,36315.98425024228,18.0,0.0,27.0,19.0
2020-12-15,22535.15763969391,,29255.677792146253,36315.98425024228,18.0,0.0,27.0,19.0
2020-12-16,22569.798832617962,,29302.299954991773,36376.88710916171,18.0,0.0,27.0,19.0
2020-12-17,22517.837043231884,,29232.366710723494,36285.53282078257,18.0,0.0,27.0,19.0
2020-12-18,22269.323653363474,,29001.756896787243,36044.30340043509,18.0,0.0,27.0,19.0
2020-12-19,22269.323653363474,,29001.756896787243,36044.30340043509,18.0,0.0,27.0,19.0
2020-12-20,22269.323653363474,,29001.756896787243,36044.30340043509,18.0,0.0,27.0,19.0
2020-12-21,22140.096074935773,,28826.90102131928,35815.348311706686,18.0,0.0,27.0,19.0
2020-12-22,22010.86849650807,,28652.045145851313,35586.39322297827,18.0,0.0,27.0,19.0
2020-12-23,22183.172071346056,,28885.186498425774,35891.66691722554,18.0,0.0,27.0,19.0
2020-12-24,22243.477973356676,,28966.78549935305,35998.51209155814,18.0,0.0,27.0,19.0
2020-12-25,22218.687013275437,,28765.8566245887,35979.57591611611,18.0,0.0,27.0,19.0
2020-12-26,22218.687013275437,,28765.8566245887,35979.57591611611,18.0,0.0,27.0,19.0
2020-12-27,22218.687013275437,,28765.8566245887,35979.57591611611,18.0,0.0,27.0,19.0
2020-12-28,22156.313359931846,,28682.18875168203,35868.95844763491,18.0,0.0,27.0,19.0
2020-12-29,22121.729819941196,,28635.798471916616,35807.6257624415,18.0,0.0,27.0,19.0
2020-12-30,22078.50018881872,,28577.810345701964,35730.95954037812,18.0,0.0,27.0,19.0
2020-12-31,22113.083728809375,,28624.200625467383,35792.29222557152,18.0,0.0,27.0,19.0
2021-01-01,21555.72638532714,,28099.126990613146,34886.92891757079,18.0,0.0,27.0,19.0
2021-01-02,21555.72638532714,,28099.126990613146,34886.92891757079,18.0,0.0,27.0,19.0
2021-01-03,21555.72638532714,,28099.126990613146,34886.92891757079,18.0,0.0,27.0,19.0
2021-01-04,22770.910980851546,,29748.606305922618,37041.84706033644,18.0,0.0,27.0,19.0
2021-01-05,22877.754992686867,,29893.635290108345,37231.31629850634,18.0,0.0,27.0,19.0
2021-01-06,22717.48897493389,,29676.091813829767,36947.1124412515,18.0,0.0,27.0,19.0
2021-01-07,22770.910980851546,,29748.606305922618,37041.84706033644,18.0,0.0,27.0,19.0
2021-01-08,22744.748673707898,,29923.86922695351,37513.70544004584,18.0,0.0,27.0,19.0
2021-01-09,22744.748673707898,,29923.86922695351,37513.70544004584,18.0,0.0,27.0,19.0
2021-01-10,22744.748673707898,,29923.86922695351,37513.70544004584,18.0,0.0,27.0,19.0
2021-01-11,22542.756357448896,,29646.805232739243,37148.42185930402,18.0,0.0,27.0,19.0
2021-01-12,22753.531148609854,,29935.91576228955,37529.587697051335,18.0,0.0,27.0,19.0
2021-01-13,22656.926018545604,,29803.406745645225,37354.88665652933,18.0,0.0,27.0,19.0
2021-01-14,22735.966617577396,,29911.82326602789,37497.823940348026,18.0,0.0,27.0,19.0
2021-01-15,22407.162073518786,,29593.70113516029,37026.22380626213,18.0,0.0,27.0,19.0
2021-01-16,22407.162073518786,,29593.70113516029,37026.22380626213,18.0,0.0,27.0,19.0
2021-01-17,22407.162073518786,,29593.70113516029,37026.22380626213,18.0,0.0,27.0,19.0
2021-01-18,22407.162073518786,,29593.70113516029,37026.22380626213,18.0,0.0,27.0,19.0
2021-01-19,22328.477572424425,,29485.04880518405,36883.260050756886,18.0,0.0,27.0,19.0
2021-01-20,22302.249683316164,,29448.831745631825,36835.60597055377,18.0,0.0,27.0,19.0
2021-01-21,22310.992174057323,,29460.9039069293,36851.49041147215,18.0,0.0,27.0,19.0
2021-01-22,22315.334603939245,,29480.43539889457,36820.11592675255,18.0,0.0,27.0,19.0
2021-01-23,22315.334603939245,,29480.43539889457,36820.11592675255,18.0,0.0,27.0,19.0
2021-01-24,22315.334603939245,,29480.43539889457,36820.11592675255,18.0,0.0,27.0,19.0
2021-01-25,22210.39044580464,,29335.42312275075,36629.727617489865,18.0,0.0,27.0,19.0
2021-01-26,22201.645307798935,,29323.339054519212,36613.862303319256,18.0,0.0,27.0,19.0
2021-01-27,22079.210039630878,,29154.157489457208,36391.741852643565,18.0,0.0,27.0,19.0
2021-01-28,21991.75657451871,,29033.31392600403,36233.084928257995,18.0,0.0,27.0,19.0
2021-01-29,22062.182805951692,,29020.49977827308,36562.62740677208,18.0,0.0,27.0,19.0
2021-01-30,22062.182805951692,,29020.49977827308,36562.62740677208,18.0,0.0,27.0,19.0
2021-01-31,22062.182805951692,,29020.49977827308,36562.62740677208,18.0,0.0,27.0,19.0
2021-02-01,22132.104483653842,,29116.571400746416,36690.479573171506,18.0,0.0,27.0,19.0
2021-02-02,22193.286160026255,,29200.634356726605,36802.350599800506,18.0,0.0,27.0,19.0
2021-02-03,22341.86951676028,,29404.786268166423,37074.03607236975,18.0,0.0,27.0,19.0
2021-02-04,22324.38909733474,,29380.76836254809,37042.07303076989,18.0,0.0,27.0,19.0
2021-02-05,22475.283105548475,,29900.194482509945,37328.66900729493,18.0,0.0,27.0,19.0
2021-02-06,22475.283105548475,,29900.194482509945,37328.66900729493,18.0,0.0,27.0,19.0
2021-02-07,22475.283105548475,,29900.194482509945,37328.66900729493,18.0,0.0,27.0,19.0
2021-02-08,22631.502589254833,,30118.199673070503,37614.432262313254,18.0,0.0,27.0,19.0
2021-02-09,22605.465870690572,,30081.86528213856,37566.80480080593,18.0,0.0,27.0,19.0
2021-02-10,22813.75837768585,,30372.538677047454,37947.822221826085,18.0,0.0,27.0,19.0
2021-02-11,22709.612331108012,,30227.202268350782,37757.31388982242,18.0,0.0,27.0,19.0
2021-02-12,23008.54685963035,,30645.109655197928,38413.92820229386,18.0,0.0,27.0,19.0
2021-02-13,23008.54685963035,,30645.109655197928,38413.92820229386,18.0,0.0,27.0,19.0
2021-02-14,23008.54685963035,,30645.109655197928,38413.92820229386,18.0,0.0,27.0,19.0
2021-02-15,23008.54685963035,,30645.109655197928,38413.92820229386,18.0,0.0,27.0,19.0
2021-02-16,23424.517868934414,,31225.620136883797,39177.87678367474,18.0,0.0,27.0,19.0
2021-02-17,23363.85528372526,,31140.962154061886,39066.46734677441,18.0,0.0,27.0,19.0
2021-02-18,23077.87529230935,,30741.86130603135,38541.25283937155,18.0,0.0,27.0,19.0
2021-02-19,23372.483629152786,,30834.698614334437,38803.18815603715,18.0,0.0,27.0,19.0
2021-02-20,23372.483629152786,,30834.698614334437,38803.18815603715,18.0,0.0,27.0,19.0
2021-02-21,23372.483629152786,,30834.698614334437,38803.18815603715,18.0,0.0,27.0,19.0
2021-02-22,23162.489829546572,,30545.980459593717,38421.33114627605,18.0,0.0,27.0,19.0
2021-02-23,22996.24485988075,,30317.412087732973,38119.02790149711,18.0,0.0,27.0,19.0
2021-02-24,23022.494241288936,,30353.502072187126,38166.7603122226,18.0,0.0,27.0,19.0
2021-02-25,23118.741416825942,,30485.831250344578,38341.77813997481,18.0,0.0,27.0,19.0
2021-02-26,22767.401889532903,,29900.945380571684,38200.4343546535,18.0,0.0,27.0,19.0
2021-02-27,22767.401889532903,,29900.945380571684,38200.4343546535,18.0,0.0,27.0,19.0
2021-02-28,22767.401889532903,,29900.945380571684,38200.4343546535,18.0,0.0,27.0,19.0
2021-03-01,22838.696107341308,,29813.88282801126,38082.5667428599,19.0,0.0,27.0,19.0
2021-03-02,22977.203970317376,,30001.642958739314,38336.761428727994,19.0,0.0,27.0,19.0
2021-03-03,23176.308636359754,,30271.547622066217,38702.16557945307,19.0,0.0,27.0,19.0
2021-03-04,22951.233617014128,,29966.43775936291,38289.099688390954,19.0,0.0,27.0,19.0
2021-03-05,22834.21069968434,,29907.179726903778,38410.8046513429,19.0,0.0,27.0,19.0
2021-03-06,22834.21069968434,,29907.179726903778,38410.8046513429,19.0,0.0,27.0,19.0
2021-03-07,22834.21069968434,,29907.179726903778,38410.8046513429,19.0,0.0,27.0,19.0
2021-03-08,22834.21069968434,,29907.179726903778,38410.8046513429,19.0,0.0,27.0,19.0
2021-03-09,22799.814571579383,,29860.3226501468,38346.9010080863,19.0,0.0,27.0,19.0
2021-03-10,23126.578198610656,,30305.46543791853,38953.986380815564,19.0,0.0,27.0,19.0
2021-03-11,23410.346460493638,,30692.03660045383,39481.19181857833,19.0,0.0,27.0,19.0
2021-03-12,23615.18368100314,,30419.655732754836,39397.58139018516,19.0,0.0,27.0,19.0
2021-03-13,23615.18368100314,,30419.655732754836,39397.58139018516,19.0,0.0,27.0,19.0
2021-03-14,23615.18368100314,,30419.655732754836,39397.58139018516,19.0,0.0,27.0,19.0
2021-03-15,23921.165269658235,,30825.702872726662,39956.97813690883,19.0,0.0,27.0,19.0
2021-03-16,23667.637631898273,,30489.26376647611,39493.47791001341,19.0,0.0,27.0,19.0
2021-03-17,23702.606932495033,,30535.669122290295,39557.40892323224,19.0,0.0,27.0,19.0
2021-03-18,23711.349466077696,,30547.270737841576,39573.39205759584,19.0,0.0,27.0,19.0
2021-03-19,23711.27027707296,,30538.081531395008,39594.77351918995,19.0,0.0,27.0,19.0
2021-03-20,23711.27027707296,,30538.081531395008,39594.77351918995,19.0,0.0,27.0,19.0
2021-03-21,23711.27027707296,,30538.081531395008,39594.77351918995,19.0,0.0,27.0,19.0
2021-03-22,23693.78571473508,,30514.88906055068,39562.7842627691,19.0,0.0,27.0,19.0
2021-03-23,23247.92874982175,,29923.480224592033,38747.05708001126,19.0,0.0,27.0,19.0
2021-03-24,23396.54773812619,,30120.616503244913,39018.96614093054,19.0,0.0,27.0,19.0
2021-03-25,23562.651288768517,,30340.945252742127,39322.86445827067,19.0,0.0,27.0,19.0
2021-03-26,23923.405889310474,,30904.51903226452,40056.6546900936,19.0,0.0,27.0,19.0
2021-03-27,23923.405889310474,,30904.51903226452,40056.6546900936,19.0,0.0,27.0,19.0
2021-03-28,23923.405889310474,,30904.51903226452,40056.6546900936,19.0,0.0,27.0,19.0
2021-03-29,23225.83243261017,,29975.50089767365,38777.16876165033,19.0,0.0,27.0,19.0
2021-03-30,23077.5980418774,,29778.084502542755,38505.27794465868,19.0,0.0,27.0,19.0
2021-03-31,23103.75722321275,,29812.922917928492,38553.25899109426,19.0,0.0,27.0,19.0
2021-04-01,22687.607713299298,,29095.723583435516,38034.16696036733,20.0,0.0,27.0,20.0
2021-04-02,23322.033685283543,,29122.268262839214,37979.87063592704,20.0,0.0,27.0,20.0
2021-04-03,23322.033685283543,,29122.268262839214,37979.87063592704,20.0,0.0,27.0,20.0
2021-04-04,23322.033685283543,,29122.268262839214,37979.87063592704,20.0,0.0,27.0,20.0
2021-04-05,23205.90165926824,,28975.02900215295,37774.22799091757,20.0,0.0,27.0,20.0
2021-04-06,23292.489406500124,,29084.810225510162,37927.55463109717,20.0,0.0,27.0,20.0
2021-04-07,23439.688783235808,,29271.438566956516,38188.21028496204,20.0,0.0,27.0,20.0
2021-04-08,23379.07756661496,,29194.591972345548,38080.882002395876,20.0,0.0,27.0,20.0
2021-04-09,23541.62383034287,,28845.934253980096,37492.46062527035,20.0,0.0,27.0,20.0
2021-04-10,23541.62383034287,,28845.934253980096,37492.46062527035,20.0,0.0,27.0,20.0
2021-04-11,23541.62383034287,,28845.934253980096,37492.46062527035,20.0,0.0,27.0,20.0
2021-04-12,23010.044759545974,,28190.903916317446,36581.072248790915,20.0,0.0,27.0,20.0
2021-04-13,22921.44831815669,,28081.732280135577,36429.1743067621,20.0,0.0,27.0,20.0
2021-04-14,23151.799065768842,,28365.57853420844,36824.10895603703,20.0,0.0,27.0,20.0
2021-04-15,23204.956930602413,,28431.081515917558,36915.247721254316,20.0,0.0,27.0,20.0
2021-04-16,23441.982771303203,,28439.63291976625,36833.19561153155,20.0,0.0,27.0,20.0
2021-04-17,23441.982771303203,,28439.63291976625,36833.19561153155,20.0,0.0,27.0,20.0
2021-04-18,23441.982771303203,,28439.63291976625,36833.19561153155,20.0,0.0,27.0,20.0
2021-04-19,23782.896352978358,,28853.4712996639,37406.927008285886,20.0,0.0,27.0,20.0
2021-04-20,23639.35397239515,,28679.22377941166,37165.35619699472,20.0,0.0,27.0,20.0
2021-04-21,23818.781948124157,,28897.03317972696,37467.31971110868,20.0,0.0,27.0,20.0
2021-04-22,23720.096347578183,,28777.237749904256,37301.239418377096,20.0,0.0,27.0,20.0
2021-04-23,24173.90440305501,,28696.046195034953,37099.93917280748,20.0,0.0,27.0,20.0
2021-04-24,24173.90440305501,,28696.046195034953,37099.93917280748,20.0,0.0,27.0,20.0
2021-04-25,24173.90440305501,,28696.046195034953,37099.93917280748,20.0,0.0,27.0,20.0
2021-04-26,24127.88576598496,,28641.97881766491,37025.23402810495,20.0,0.0,27.0,20.0
2021-04-27,24017.441563656343,,28512.21773072648,36845.94253574818,20.0,0.0,27.0,20.0
2021-04-28,24247.53387127409,,28782.553586327238,37219.46683437865,20.0,0.0,27.0,20.0
2021-04-29,24450.014908876557,,29020.448912381024,37548.16790369939,20.0,0.0,27.0,20.0
2021-04-30,24489.713882584707,,29019.27039411592,37245.81119875885,20.0,0.0,27.0,20.0
2021-05-01,24489.713882584707,,29019.27039411592,37245.81119875885,20.0,0.0,27.0,20.0
2021-05-02,24489.713882584707,,29019.27039411592,37245.81119875885,20.0,0.0,27.0,20.0
2021-05-03,24785.934284296898,,29366.442756308203,37720.10830243301,20.0,0.0,27.0,20.0
2021-05-04,24582.28262018147,,29127.76159563637,37394.02882279534,20.0,0.0,27.0,20.0
2021-05-05,24693.365546700134,,29257.95155478776,37571.89067839651,20.0,0.0,27.0,20.0
2021-05-06,24647.080957200476,,29203.705695364108,37497.78151299957,20.0,0.0,27.0,20.0
2021-05-07,24791.436270852337,,29381.491766718296,37696.89851636396,20.0,0.0,27.0,20.0
2021-05-08,24791.436270852337,,29381.491766718296,37696.89851636396,20.0,0.0,27.0,20.0
2021-05-09,24791.436270852337,,29381.491766718296,37696.89851636396,20.0,0.0,27.0,20.0
2021-05-10,24865.515491305017,,29468.351002754836,37815.370401271,20.0,0.0,27.0,20.0
2021-05-11,24763.656342409104,,29348.91929434365,37652.471206449765,20.0,0.0,27.0,20.0
2021-05-12,24689.577121956416,,29262.060058307114,37533.99932154274,20.0,0.0,27.0,20.0
2021-05-13,24717.35705039966,,29294.63253068176,37578.42663145693,20.0,0.0,27.0,20.0
2021-05-14,24709.475073905356,,29178.365610119166,37779.88765363165,20.0,0.0,27.0,20.0
2021-05-15,24709.475073905356,,29178.365610119166,37779.88765363165,20.0,0.0,27.0,20.0
2021-05-16,24709.475073905356,,29178.365610119166,37779.88765363165,20.0,0.0,27.0,20.0
2021-05-17,24727.975933337384,,29199.939916267722,37809.711920923844,20.0,0.0,27.0,20.0
2021-05-18,24885.23345905729,,29383.321775716395,38063.2185484407,20.0,0.0,27.0,20.0
2021-05-19,25088.743353904927,,29620.63965772246,38391.28619972134,20.0,0.0,27.0,20.0
2021-05-20,25320.004317352963,,29890.31874176534,38764.08989640694,20.0,0.0,27.0,20.0
2021-05-21,25610.169435074797,,30279.12443286886,39305.97937993621,20.0,0.0,27.0,20.0
2021-05-22,25610.169435074797,,30279.12443286886,39305.97937993621,20.0,0.0,27.0,20.0
2021-05-23,25610.169435074797,,30279.12443286886,39305.97937993621,20.0,0.0,27.0,20.0
2021-05-24,25610.169435074797,,30279.12443286886,39305.97937993621,20.0,0.0,27.0,20.0
2021-05-25,25407.047320723137,,30041.67797223738,38977.68325329806,20.0,0.0,27.0,20.0
2021-05-26,25250.088762942858,,29858.195961282036,38723.99897708597,20.0,0.0,27.0,20.0
2021-05-27,25010.03439451265,,29577.576294020215,38336.01109309926,20.0,0.0,27.0,20.0
2021-05-28,25252.0012239635,,29833.133667753653,38801.59477693358,20.0,0.0,27.0,20.0
2021-05-29,25252.0012239635,,29833.133667753653,38801.59477693358,20.0,0.0,27.0,20.0
2021-05-30,25252.0012239635,,29833.133667753653,38801.59477693358,20.0,0.0,27.0,20.0
2021-05-31,25252.0012239635,,29833.133667753653,38801.59477693358,20.0,0.0,27.0,20.0
2021-06-01,25035.36763663947,,29580.234705116043,38877.10501422669,20.0,0.0,27.0,21.0
2021-06-02,24892.119430469396,,29413.006145650244,38641.381729468536,20.0,0.0,27.0,21.0
2021-06-03,24739.917997957036,,29235.32555202762,38390.92538815759,20.0,0.0,27.0,21.0
2021-06-04,24668.306068500064,,29214.141348467598,38300.766201035134,20.0,0.0,27.0,21.0
2021-06-05,24668.306068500064,,29214.141348467598,38300.766201035134,20.0,0.0,27.0,21.0
2021-06-06,24668.306068500064,,29214.141348467598,38300.766201035134,20.0,0.0,27.0,21.0
2021-06-07,24856.01775455306,,29433.97841282085,38609.96793067454,20.0,0.0,27.0,21.0
2021-06-08,24829.202042961522,,29402.57340315532,38565.796656205915,20.0,0.0,27.0,21.0
2021-06-09,24811.324333596425,,29381.636064480124,38536.34820377382,20.0,0.0,27.0,21.0
2021-06-10,25034.790585923518,,29643.34680783651,38904.44543409789,20.0,0.0,27.0,21.0
2021-06-11,25007.01673525563,,29840.723644422815,38957.30098591528,20.0,0.0,27.0,21.0
2021-06-12,25007.01673525563,,29840.723644422815,38957.30098591528,20.0,0.0,27.0,21.0
2021-06-13,25007.01673525563,,29840.723644422815,38957.30098591528,20.0,0.0,27.0,21.0
2021-06-14,24882.60037373286,,29693.33545206899,38751.64024392347,20.0,0.0,27.0,21.0
2021-06-15,24838.16674588348,,29640.69774422826,38678.19127980778,20.0,0.0,27.0,21.0
2021-06-16,24900.374502886305,,29714.391338405218,38781.0209503291,20.0,0.0,27.0,21.0
2021-06-17,24669.31590899421,,29440.67084003379,38399.0801727511,20.0,0.0,27.0,21.0
2021-06-18,24271.775628937077,,29237.922227233754,37884.6163859046,20.0,0.0,27.0,21.0
2021-06-19,24271.775628937077,,29237.922227233754,37884.6163859046,20.0,0.0,27.0,21.0
2021-06-20,24271.775628937077,,29237.922227233754,37884.6163859046,20.0,0.0,27.0,21.0
2021-06-21,24562.862633265577,,29587.543549841317,38368.331980536794,20.0,0.0,27.0,21.0
2021-06-22,24598.145881026023,,29629.921861358034,38426.96413146492,20.0,0.0,27.0,21.0
2021-06-23,24730.45784982299,,29788.840276951058,38646.834347970194,20.0,0.0,27.0,21.0
2021-06-24,24818.666389833605,,29894.786560932163,38793.41542424087,20.0,0.0,27.0,21.0
2021-06-25,24815.961719918658,,29888.67406683017,38955.62730582315,20.0,0.0,27.0,21.0
2021-06-26,24815.961719918658,,29888.67406683017,38955.62730582315,20.0,0.0,27.0,21.0
2021-06-27,24815.961719918658,,29888.67406683017,38955.62730582315,20.0,0.0,27.0,21.0
2021-06-28,24604.738553012703,,29635.012210100722,38602.53564357669,20.0,0.0,27.0,21.0
2021-06-29,24595.937377893388,,29624.44271407967,38587.8231402177,20.0,0.0,27.0,21.0
2021-06-30,24956.77716452262,,30057.781971316468,39191.021747320796,20.0,0.0,27.0,21.0
2021-07-01,25202.193694845766,,30352.50727851532,39887.55624675217,20.0,0.0,27.0,19.0
2021-07-02,25200.65494508256,,30563.63003964521,40520.64606732761,20.0,0.0,27.0,19.0
2021-07-03,25200.65494508256,,30563.63003964521,40520.64606732761,20.0,0.0,27.0,19.0
2021-07-04,25200.65494508256,,30563.63003964521,40520.64606732761,20.0,0.0,27.0,19.0
2021-07-05,25200.65494508256,,30563.63003964521,40520.64606732761,20.0,0.0,27.0,19.0
2021-07-06,25146.89561248988,,30498.40497483341,40427.902662670895,20.0,0.0,27.0,19.0
2021-07-07,25039.377801780127,,30367.955881927046,40242.41732746387,20.0,0.0,27.0,19.0
2021-07-08,24869.141481775256,,30161.41174400461,39948.73258191268,20.0,0.0,27.0,19.0
2021-07-09,24961.364226076945,,30450.317847494985,39857.91475020019,20.0,0.0,27.0,19.0
2021-07-10,24961.364226076945,,30450.317847494985,39857.91475020019,20.0,0.0,27.0,19.0
2021-07-11,24961.364226076945,,30450.317847494985,39857.91475020019,20.0,0.0,27.0,19.0
2021-07-12,24889.750151305805,,30362.683920367737,39735.42242366401,20.0,0.0,27.0,19.0
2021-07-13,24504.823859130567,,29891.650778549654,39077.02507336426,20.0,0.0,27.0,19.0
2021-07-14,24657.003981446025,,30077.873134864763,39337.32163230957,20.0,0.0,27.0,19.0
2021-07-15,24486.91991358423,,29869.741774428432,39046.40126161836,20.0,0.0,27.0,19.0
2021-07-16,24237.149213679993,,29636.95405942847,38767.16426635504,20.0,0.0,27.0,19.0
2021-07-17,24237.149213679993,,29636.95405942847,38767.16426635504,20.0,0.0,27.0,19.0
2021-07-18,24237.149213679993,,29636.95405942847,38767.16426635504,20.0,0.0,27.0,19.0
2021-07-19,24058.693619916296,,29417.779222280074,38460.30136403327,20.0,0.0,27.0,19.0
2021-07-20,24147.92141679814,,29527.366640854274,38613.732815194155,20.0,0.0,27.0,19.0
2021-07-21,24531.601581597628,,29998.59332455437,39273.48915261427,20.0,0.0,27.0,19.0
2021-07-22,24335.300002985867,,29757.500481137104,38935.93922844145,20.0,0.0,27.0,19.0
2021-07-23,24388.364934912308,,29726.685672975924,38894.5200369009,20.0,0.0,27.0,19.0
2021-07-24,24388.364934912308,,29726.685672975924,38894.5200369009,20.0,0.0,27.0,19.0
2021-07-25,24388.364934912308,,29726.685672975924,38894.5200369009,20.0,0.0,27.0,19.0
2021-07-26,24486.888132743054,,29847.113464628554,39063.13925317303,20.0,0.0,27.0,19.0
2021-07-27,24271.929399030952,,29584.363105653538,38695.24444253511,20.0,0.0,27.0,19.0
2021-07-28,24325.668975687924,,29650.050564887915,38787.21796245946,20.0,0.0,27.0,19.0
2021-07-29,24343.582167906916,,29671.946384632698,38817.87580243423,20.0,0.0,27.0,19.0
2021-07-30,24334.02096308541,,29693.16560328541,38703.787535611824,20.0,0.0,27.0,19.0
2021-07-31,24334.02096308541,,29693.16560328541,38703.787535611824,20.0,0.0,27.0,19.0
2021-08-01,24334.02096308541,,29693.16560328541,39118.350009579975,20.0,0.0,27.0,20.0
2021-08-02,23809.87656490858,,29051.43453469055,38211.14550611399,20.0,0.0,27.0,20.0
2021-08-03,23740.331138018555,,28966.287271323326,38090.77424069638,20.0,0.0,27.0,20.0
2021-08-04,23523.001471725518,,28700.201819541882,37714.61367753173,20.0,0.0,27.0,20.0
2021-08-05,23436.06927358955,,28593.76723281512,37564.14887829038,20.0,0.0,27.0,20.0
2021-08-06,23545.31498106314,,28849.78800697873,37409.89134699105,20.0,0.0,27.0,20.0
2021-08-07,23545.31498106314,,28849.78800697873,37409.89134699105,20.0,0.0,27.0,20.0
2021-08-08,23545.31498106314,,28849.78800697873,37409.89134699105,20.0,0.0,27.0,20.0
2021-08-09,23257.86763549448,,28495.598145894754,36918.705669080875,20.0,0.0,27.0,20.0
2021-08-10,23257.86763549448,,28495.598145894754,36918.705669080875,20.0,0.0,27.0,20.0
2021-08-11,23606.288824049032,,28924.919391247426,37514.08252796219,20.0,0.0,27.0,20.0
2021-08-12,23466.920099417024,,28753.190586031942,37275.93135856305,20.0,0.0,27.0,20.0
2021-08-13,23293.9751921416,,28718.12643522932,37175.64425098401,20.0,0.0,27.0,20.0
2021-08-14,23293.9751921416,,28718.12643522932,37175.64425098401,20.0,0.0,27.0,20.0
2021-08-15,23293.9751921416,,28718.12643522932,37175.64425098401,20.0,0.0,27.0,20.0
2021-08-16,23293.9751921416,,28718.12643522932,37175.64425098401,20.0,0.0,27.0,20.0
2021-08-17,23371.888914220162,,28815.0362093223,37309.77473671198,20.0,0.0,27.0,20.0
2021-08-18,23406.517739681265,,28858.107847578227,37369.3891544984,20.0,0.0,27.0,20.0
2021-08-19,23190.089954168023,,28588.913060806473,36996.80312957909,20.0,0.0,27.0,20.0
2021-08-20,23257.52482968964,,28501.249415675276,36897.543949404586,20.0,0.0,27.0,20.0
2021-08-21,23257.52482968964,,28501.249415675276,36897.543949404586,20.0,0.0,27.0,20.0
2021-08-22,23257.52482968964,,28501.249415675276,36897.543949404586,20.0,0.0,27.0,20.0
2021-08-23,23431.831043267157,,28716.097111968258,37195.1611633665,20.0,0.0,27.0,20.0
2021-08-24,23510.26886015593,,28812.778600911894,37329.088945128045,20.0,0.0,27.0,20.0
2021-08-25,23492.83828035596,,28791.293882506205,37299.327294689225,20.0,0.0,27.0,20.0
2021-08-26,23579.99117935581,,28898.717474534642,37448.13554688333,20.0,0.0,27.0,20.0
2021-08-27,23256.07705105429,,28714.548364070783,37096.968615858066,20.0,0.0,27.0,20.0
2021-08-28,23256.07705105429,,28714.548364070783,37096.968615858066,20.0,0.0,27.0,20.0
2021-08-29,23256.07705105429,,28714.548364070783,37096.968615858066,20.0,0.0,27.0,20.0
2021-08-30,23178.22407316978,,28617.49228630092,36963.01111926026,20.0,0.0,27.0,20.0
2021-08-31,23535.945479860056,,29063.448723820668,37578.52340179317,20.0,0.0,27.0,20.0
2021-09-01,23766.945229669676,,29202.47655692325,37770.41061697612,21.0,0.0,27.0,20.0
2021-09-02,23895.76282747474,,29361.85346454085,37990.38377116207,21.0,0.0,27.0,20.0
2021-09-03,23609.133066698152,,29412.65624461791,37856.367556719335,21.0,0.0,27.0,20.0
2021-09-04,23609.133066698152,,29412.65624461791,37856.367556719335,21.0,0.0,27.0,20.0
2021-09-05,23609.133066698152,,29412.65624461791,37856.367556719335,21.0,0.0,27.0,20.0
2021-09-06,23609.133066698152,,29412.65624461791,37856.367556719335,21.0,0.0,27.0,20.0
2021-09-07,23795.67071225764,,29648.28198385081,38179.145012985595,21.0,0.0,27.0,20.0
2021-09-08,23668.485751766708,,29487.627815384712,37959.06912482125,21.0,0.0,27.0,20.0
2021-09-09,23922.85567274857,,29808.936152316906,38399.220901149936,21.0,0.0,27.0,20.0
2021-09-10,23833.951064110235,,29437.201477914627,38072.36201360683,21.0,0.0,27.0,20.0
2021-09-11,23833.951064110235,,29437.201477914627,38072.36201360683,21.0,0.0,27.0,20.0
2021-09-12,23833.951064110235,,29437.201477914627,38072.36201360683,21.0,0.0,27.0,20.0
2021-09-13,23808.328828403082,,29405.25567915411,38028.30575420679,21.0,0.0,27.0,20.0
2021-09-14,23765.625237975044,,29352.012850473668,37954.87888862357,21.0,0.0,27.0,20.0
2021-09-15,23927.89831144934,,29554.33488859362,38233.89999748914,21.0,0.0,27.0,20.0
2021-09-16,23944.979666170228,,29575.631918513536,38263.270603672325,21.0,0.0,27.0,20.0
2021-09-17,24278.143574259742,,29477.760020875616,38089.00334225276,21.0,0.0,27.0,20.0
2021-09-18,24278.143574259742,,29477.760020875616,38089.00334225276,21.0,0.0,27.0,20.0
2021-09-19,24278.143574259742,,29477.760020875616,38089.00334225276,21.0,0.0,27.0,20.0
2021-09-20,23781.70263365344,,28874.42213303289,37258.13982272781,21.0,0.0,27.0,20.0
2021-09-21,24112.663537591692,,29276.647728079013,37812.04929912083,21.0,0.0,27.0,20.0
2021-09-22,24478.462387702282,,29721.21280631667,38424.26496302211,21.0,0.0,27.0,20.0
2021-09-23,24408.786495357614,,29636.533839933578,38307.6525880056,21.0,0.0,27.0,20.0
2021-09-24,24764.358631393563,,29932.331324294053,38864.68840380708,21.0,0.0,27.0,20.0
2021-09-25,24764.358631393563,,29932.331324294053,38864.68840380708,21.0,0.0,27.0,20.0
2021-09-26,24764.358631393563,,29932.331324294053,38864.68840380708,21.0,0.0,27.0,20.0
2021-09-27,25140.002115669286,,30385.811274349107,39492.529042096576,21.0,0.0,27.0,20.0
2021-09-28,25043.90763897703,,30269.805219898328,39331.91926152529,21.0,0.0,27.0,20.0
2021-09-29,25271.04011416955,,30544.001440031847,39711.542505825935,21.0,0.0,27.0,20.0
2021-09-30,25568.060466097402,,30902.566888377845,40207.97450889636,21.0,0.0,27.0,20.0
2021-10-01,25434.05071423394,,30494.150963840166,40148.4325373577,21.0,0.0,27.0,21.0
2021-10-02,25434.05071423394,,30494.150963840166,40148.4325373577,21.0,0.0,27.0,21.0
2021-10-03,25434.05071423394,,30494.150963840166,40148.4325373577,21.0,0.0,27.0,21.0
2021-10-04,25049.277761114736,,30035.083934600367,39501.710132595654,21.0,0.0,27.0,21.0
2021-10-05,25143.33393362513,,30147.300989738942,39659.79877571759,21.0,0.0,27.0,21.0
2021-10-06,25015.075738958378,,29994.2779980655,39444.223727074226,21.0,0.0,27.0,21.0
2021-10-07,24963.773113444102,,29933.06957970833,39357.9948040841,21.0,0.0,27.0,21.0
2021-10-08,24966.559336503666,,29569.074992259077,38849.20095989425,21.0,0.0,27.0,21.0
2021-10-09,24966.559336503666,,29569.074992259077,38849.20095989425,21.0,0.0,27.0,21.0
2021-10-10,24966.559336503666,,29569.074992259077,38849.20095989425,21.0,0.0,27.0,21.0
2021-10-11,25148.530190242363,,29782.249075147443,39149.55814418447,21.0,0.0,27.0,21.0
2021-10-12,25070.542563442177,,29690.888615611202,39020.83344177242,21.0,0.0,27.0,21.0
2021-10-13,24801.918607395444,,29376.20269588509,38577.448507243535,21.0,0.0,27.0,21.0
2021-10-14,24975.22481201152,,29579.226369560576,38863.50400772086,21.0,0.0,27.0,21.0
2021-10-15,25051.447325031688,,29783.13856268004,39127.88863776828,21.0,0.0,27.0,21.0
2021-10-16,25051.447325031688,,29783.13856268004,39127.88863776828,21.0,0.0,27.0,21.0
2021-10-17,25051.447325031688,,29783.13856268004,39127.88863776828,21.0,0.0,27.0,21.0
2021-10-18,25189.517018283535,,29945.810074636778,39356.90361917744,21.0,0.0,27.0,21.0
2021-10-19,25586.46779786272,,30413.491156311717,40015.32237324725,21.0,0.0,27.0,21.0
2021-10-20,25457.026843218904,,30260.985886653263,39800.61980439845,21.0,0.0,27.0,21.0
2021-10-21,25215.40488002818,,29976.310740728986,39399.84358693242,21.0,0.0,27.0,21.0
2021-10-22,25240.71460753958,,30044.22889398852,39486.761135383436,21.0,0.0,27.0,21.0
2021-10-23,25240.71460753958,,30044.22889398852,39486.761135383436,21.0,0.0,27.0,21.0
2021-10-24,25240.71460753958,,30044.22889398852,39486.761135383436,21.0,0.0,27.0,21.0
2021-10-25,25283.794749439166,,30095.080265486395,39558.32987815937,21.0,0.0,27.0,21.0
2021-10-26,25120.088073798044,,29901.842531982362,39286.365106386525,21.0,0.0,27.0,21.0
2021-10-27,25008.077897116833,,29769.62683224688,39100.28337197931,21.0,0.0,27.0,21.0
2021-10-28,24964.996933516213,,29718.774490821266,39028.713264117105,21.0,0.0,27.0,21.0
2021-10-29,24986.319116959752,,29545.009806748036,38694.09491858053,21.0,0.0,27.0,21.0
2021-10-30,24986.319116959752,,29545.009806748036,38694.09491858053,21.0,0.0,27.0,21.0
2021-10-31,24986.319116959752,,29545.009806748036,38694.09491858053,21.0,0.0,27.0,21.0
2021-11-01,25126.700110287984,,29572.32460554442,38732.41434714093,22.0,0.0,27.0,21.0
2021-11-02,24971.549175260498,,29392.23649963173,38479.77205749646,22.0,0.0,27.0,21.0
2021-11-03,25074.982857939543,,29512.294918860356,38648.19980441118,22.0,0.0,27.0,21.0
2021-11-04,24997.407390425797,,29422.250865904007,38521.878659588954,22.0,0.0,27.0,21.0
2021-11-05,24652.123472033883,,29094.92888706687,38003.02461614917,22.0,0.0,27.0,21.0
2021-11-06,24652.123472033883,,29094.92888706687,38003.02461614917,22.0,0.0,27.0,21.0
2021-11-07,24652.123472033883,,29094.92888706687,38003.02461614917,22.0,0.0,27.0,21.0
2021-11-08,24540.30460149852,,28964.645144543843,37820.65185451001,22.0,0.0,27.0,21.0
2021-11-09,24514.500499158854,,28934.579959578525,37778.56624424788,22.0,0.0,27.0,21.0
2021-11-10,24359.674244525624,,28754.186938276638,37526.049906920205,22.0,0.0,27.0,21.0
2021-11-11,24523.102140037947,,28944.602006485296,37792.59522696107,22.0,0.0,27.0,21.0
2021-11-12,24455.26269075426,,28903.52986495349,37700.995721384206,22.0,0.0,27.0,21.0
2021-11-13,24455.26269075426,,28903.52986495349,37700.995721384206,22.0,0.0,27.0,21.0
2021-11-14,24455.26269075426,,28903.52986495349,37700.995721384206,22.0,0.0,27.0,21.0
2021-11-15,24094.35730919659,,28482.19619004238,37111.954424225856,22.0,0.0,27.0,21.0
2021-11-16,23862.346765301732,,28211.338895935423,36733.28511444607,22.0,0.0,27.0,21.0
2021-11-17,23759.231059069654,,28090.957982632593,36564.98779204485,22.0,0.0,27.0,21.0
2021-11-18,23630.33622140686,,27940.48160182846,36354.61580466629,22.0,0.0,27.0,21.0
2021-11-19,23423.44425761179,,27724.668107870784,36147.71026488834,22.0,0.0,27.0,21.0
2021-11-20,23423.44425761179,,27724.668107870784,36147.71026488834,22.0,0.0,27.0,21.0
2021-11-21,23423.44425761179,,27724.668107870784,36147.71026488834,22.0,0.0,27.0,21.0
2021-11-22,23303.414708378343,,27584.341606256105,35950.79179219518,22.0,0.0,27.0,21.0
2021-11-23,23234.82639453066,,27504.155033904855,35838.26695065623,22.0,0.0,27.0,21.0
2021-11-24,23389.150100687948,,27684.57482169517,36091.44784411886,22.0,0.0,27.0,21.0
2021-11-25,23389.150100687948,,27684.57482169517,36091.44784411886,22.0,0.0,27.0,21.0
2021-11-26,23104.31307801766,,27261.377407019034,35462.96979051215,22.0,0.0,27.0,21.0
2021-11-27,23104.31307801766,,27261.377407019034,35462.96979051215,22.0,0.0,27.0,21.0
2021-11-28,23104.31307801766,,27261.377407019034,35462.96979051215,22.0,0.0,27.0,21.0
2021-11-29,22957.917710454803,,27091.09911206134,35224.35512460155,22.0,0.0,27.0,21.0
2021-11-30,23404.33171744143,,27610.34106090427,35951.98012331737,22.0,0.0,27.0,21.0
2021-12-01,22343.94588103558,,26376.963972363883,34540.364848579215,22.0,0.0,27.0,23.0
2021-12-02,22698.1000637006,,26788.894837255786,35125.41675708312,22.0,0.0,27.0,23.0
2021-12-03,22630.172692657456,,26550.684169404623,34728.58002183519,22.0,0.0,27.0,23.0
2021-12-04,22630.172692657456,,26550.684169404623,34728.58002183519,22.0,0.0,27.0,23.0
2021-12-05,22630.172692657456,,26550.684169404623,34728.58002183519,22.0,0.0,27.0,23.0
2021-12-06,22862.71165989908,,26818.634225941747,35108.21254339769,22.0,0.0,27.0,23.0
2021-12-07,23169.99588920047,,27172.711770840797,35609.87077380028,22.0,0.0,27.0,23.0
2021-12-08,23294.57013793111,,27316.25621582735,35813.24501566757,22.0,0.0,27.0,23.0
2021-12-09,23037.116083336234,,27019.596996502914,35392.93725782504,22.0,0.0,27.0,23.0
2021-12-10,23161.41323545556,,27009.086159961033,35361.1496672087,22.0,0.0,27.0,23.0
2021-12-11,23161.41323545556,,27009.086159961033,35361.1496672087,22.0,0.0,27.0,23.0
2021-12-12,23161.41323545556,,27009.086159961033,35361.1496672087,22.0,0.0,27.0,23.0
2021-12-13,22935.57812841636,,26751.146306245355,34995.95081111308,22.0,0.0,27.0,23.0
2021-12-14,22734.83598831004,,26521.86663873728,34671.3298923456,22.0,0.0,27.0,23.0
2021-12-15,22743.20004472821,,26531.41973044768,34684.8554414787,22.0,0.0,27.0,23.0
2021-12-16,22826.842603105848,,26626.952925242713,34820.11415763181,22.0,0.0,27.0,23.0
2021-12-17,22894.974696130816,,26592.95586131442,34707.6373168973,22.0,0.0,27.0,23.0
2021-12-18,22894.974696130816,,26592.95586131442,34707.6373168973,22.0,0.0,27.0,23.0
2021-12-19,22894.974696130816,,26592.95586131442,34707.6373168973,22.0,0.0,27.0,23.0
2021-12-20,23004.393689364257,,26717.110112155235,34882.94684553418,22.0,0.0,27.0,23.0
2021-12-21,23012.810318888147,,26726.66019393047,34896.43184764342,22.0,0.0,27.0,23.0
2021-12-22,23248.481965748935,,26994.069314557233,35274.02155216665,22.0,0.0,27.0,23.0
2021-12-23,23223.231274485017,,26965.418158442175,35233.565259776995,22.0,0.0,27.0,23.0
2021-12-24,23186.511211956476,,26831.99387157152,35101.28175650961,22.0,0.0,27.0,23.0
2021-12-25,23186.511211956476,,26831.99387157152,35101.28175650961,22.0,0.0,27.0,23.0
2021-12-26,23186.511211956476,,26831.99387157152,35101.28175650961,22.0,0.0,27.0,23.0
2021-12-27,23255.60242663468,,26909.9728307044,35211.64518728159,22.0,0.0,27.0,23.0
2021-12-28,23356.930573363177,,27024.33561111799,35373.50255161956,22.0,0.0,27.0,23.0
2021-12-29,23188.050328815676,,26833.730977095343,35103.740277722936,22.0,0.0,27.0,23.0
2021-12-30,23247.158615728436,,26900.442826221915,35198.15739516875,22.0,0.0,27.0,23.0
2021-12-31,23761.76537619597,,27260.788654240965,35647.06763490524,20.0,0.0,27.0,23.0
2022-01-01,23899.919922297868,,27258.538219689464,35424.10926640473,18.0,0.0,27.0,23.0
2022-01-02,23899.919922297868,,27258.538219689464,35424.10926640473,18.0,0.0,27.0,23.0
2022-01-03,25816.670721255792,,29369.380261708226,38402.643534487324,18.0,0.0,27.0,23.0
2022-01-04,25704.998573052137,,29246.400130186183,38229.110636837926,18.0,0.0,27.0,23.0
2022-01-05,25537.49101636252,,29061.93066591961,37968.81232469736,18.0,0.0,27.0,23.0
2022-01-06,25611.938819335683,,29143.91709448253,38084.5004634265,18.0,0.0,27.0,23.0
2022-01-07,25461.33318312388,,29321.198815628784,38280.1748485243,18.0,0.0,27.0,23.0
2022-01-08,25461.33318312388,,29321.198815628784,38280.1748485243,18.0,0.0,27.0,23.0
2022-01-09,25461.33318312388,,29321.198815628784,38280.1748485243,18.0,0.0,27.0,23.0
2022-01-10,25415.536227033757,,29269.838130465752,38207.84868259953,18.0,0.0,27.0,23.0
2022-01-11,25726.954480241468,,29619.08961402603,38699.66495547977,18.0,0.0,27.0,23.0
2022-01-12,25772.751436331593,,29670.450299189055,38771.99112140455,18.0,0.0,27.0,23.0
2022-01-13,25589.564048723227,,29465.008048348747,38482.68714745887,18.0,0.0,27.0,23.0
2022-01-14,25289.687478923915,,29499.75607673712,38426.45153110442,18.0,0.0,27.0,23.0
2022-01-15,25289.687478923915,,29499.75607673712,38426.45153110442,18.0,0.0,27.0,23.0
2022-01-16,25289.687478923915,,29499.75607673712,38426.45153110442,18.0,0.0,27.0,23.0
2022-01-17,25289.687478923915,,29499.75607673712,38426.45153110442,18.0,0.0,27.0,23.0
2022-01-18,25009.678113278238,,29179.54230004981,37977.27974346892,18.0,0.0,27.0,23.0
2022-01-19,24865.157483813724,,29014.271054699322,37745.44967829556,18.0,0.0,27.0,23.0
2022-01-20,24621.278706239616,,28735.375581896795,37354.23609786148,18.0,0.0,27.0,23.0
2022-01-21,24315.37265210341,,28382.92024620146,36982.04848992531,18.0,0.0,27.0,23.0
2022-01-22,24315.37265210341,,28382.92024620146,36982.04848992531,18.0,0.0,27.0,23.0
2022-01-23,24315.37265210341,,28382.92024620146,36982.04848992531,18.0,0.0,27.0,23.0
2022-01-24,24252.248002388827,,28310.74249021928,36880.315292582796,18.0,0.0,27.0,23.0
2022-01-25,24369.47931042955,,28444.78668347014,37069.24807636145,18.0,0.0,27.0,23.0
2022-01-26,24324.390643491846,,28393.23156491494,36996.5821008317,18.0,0.0,27.0,23.0
2022-01-27,24396.532854593377,,28475.720147939854,37112.84821607988,18.0,0.0,27.0,23.0
2022-01-28,24498.994154947093,,28440.85448529455,37233.29772098504,18.0,0.0,27.0,23.0
2022-01-29,24498.994154947093,,28440.85448529455,37233.29772098504,18.0,0.0,27.0,23.0
2022-01-30,24498.994154947093,,28440.85448529455,37233.29772098504,18.0,0.0,27.0,23.0
2022-01-31,24444.662088068126,,28379.24645718814,37145.88655721824,18.0,0.0,27.0,23.0
2022-02-01,24652.935227000617,,28615.41080973793,37480.96303233208,18.0,0.0,27.0,23.0
2022-02-02,24734.43311142263,,28707.82260708901,37612.0794306412,18.0,0.0,27.0,23.0
2022-02-03,24489.938594570816,,28430.5862358016,37218.72884634949,18.0,0.0,27.0,23.0
2022-02-04,24798.308654521054,,28751.402434091455,37630.89417004326,18.0,0.0,27.0,23.0
2022-02-05,24798.308654521054,,28751.402434091455,37630.89417004326,18.0,0.0,27.0,23.0
2022-02-06,24798.308654521054,,28751.402434091455,37630.89417004326,18.0,0.0,27.0,23.0
2022-02-07,24979.824288891505,,28956.904779132656,37921.98756149261,18.0,0.0,27.0,23.0
2022-02-08,24961.672725454457,,28936.354544628535,37892.87822234768,18.0,0.0,27.0,23.0
2022-02-09,25061.50654074191,,29049.381079379305,38052.97993465551,18.0,0.0,27.0,23.0
2022-02-10,25215.795046340507,,29224.058317642444,38300.409664398154,18.0,0.0,27.0,23.0
2022-02-11,25472.245222543017,,29471.066397429033,38610.52168328487,18.0,0.0,27.0,23.0
2022-02-12,25472.245222543017,,29471.066397429033,38610.52168328487,18.0,0.0,27.0,23.0
2022-02-13,25472.245222543017,,29471.066397429033,38610.52168328487,18.0,0.0,27.0,23.0
2022-02-14,25390.3327729758,,29378.538562933714,38479.648231720996,18.0,0.0,27.0,23.0
2022-02-15,25454.04250419331,,29450.504710899993,38581.438771091925,18.0,0.0,27.0,23.0
2022-02-16,25554.157238123193,,29563.593741695084,38741.39444145741,18.0,0.0,27.0,23.0
2022-02-17,26036.52949138403,,30108.478679829295,39512.09196126583,18.0,0.0,27.0,23.0
2022-02-18,25946.848848656926,,29894.773204347388,39285.813895685475,18.0,0.0,27.0,23.0
2022-02-19,25946.848848656926,,29894.773204347388,39285.813895685475,18.0,0.0,27.0,23.0
2022-02-20,25946.848848656926,,29894.773204347388,39285.813895685475,18.0,0.0,27.0,23.0
2022-02-21,25946.848848656926,,29894.773204347388,39285.813895685475,18.0,0.0,27.0,23.0
2022-02-22,26312.265207721415,,30305.191691569617,39867.9103279281,18.0,0.0,27.0,23.0
2022-02-23,26357.942470409802,,30356.494247101116,39940.67272891527,18.0,0.0,27.0,23.0
2022-02-24,26787.306474505247,,30838.73572495852,40624.635689843504,18.0,0.0,27.0,23.0
2022-02-25,26859.017719847478,,31005.360757381077,40651.48008665192,18.0,0.0,27.0,23.0
2022-02-26,26859.017719847478,,31005.360757381077,40651.48008665192,18.0,0.0,27.0,23.0
2022-02-27,26859.017719847478,,31005.360757381077,40651.48008665192,18.0,0.0,27.0,23.0
2022-02-28,27716.998228947905,,31973.02629905346,42014.13205771972,18.0,0.0,27.0,23.0
2022-03-01,27829.659202409417,,32100.089956973014,42193.0611778121,18.0,0.0,27.0,23.0
2022-03-02,27482.287643732274,,31708.31009260134,41641.36270202667,18.0,0.0,27.0,23.0
2022-03-03,27444.733985911764,,31665.955539961487,41581.71966199588,18.0,0.0,27.0,23.0
2022-03-04,27742.64670710614,,31976.283500952304,42095.51218643942,18.0,0.0,27.0,23.0
2022-03-05,27742.64670710614,,31976.283500952304,42095.51218643942,18.0,0.0,27.0,23.0
2022-03-06,27742.64670710614,,31976.283500952304,42095.51218643942,18.0,0.0,27.0,23.0
2022-03-07,28578.107472069576,,32917.43603360358,43424.162469229406,18.0,0.0,27.0,23.0
2022-03-08,27695.711443366534,,31923.410590348154,42020.87007988499,18.0,0.0,27.0,23.0
2022-03-09,27141.86673700458,,31299.500563752397,41140.07955495621,18.0,0.0,27.0,23.0
2022-03-10,27057.38182990086,,31204.327711087124,41005.72148522716,18.0,0.0,27.0,23.0
2022-03-11,26932.219338573388,,30629.329957347207,40249.57268597923,18.0,0.0,27.0,23.0
2022-03-12,26932.219338573388,,30629.329957347207,40249.57268597923,18.0,0.0,27.0,23.0
2022-03-13,26932.219338573388,,30629.329957347207,40249.57268597923,18.0,0.0,27.0,23.0
2022-03-14,26703.471432600843,,30377.028810509466,39892.70262522505,18.0,0.0,27.0,23.0
2022-03-15,26865.501426572235,,30555.74237349178,40145.485939444814,18.0,0.0,27.0,23.0
2022-03-16,27094.24933254478,,30808.043520329516,40502.35600019899,18.0,0.0,27.0,23.0
2022-03-17,27246.74793652647,,30976.24428488801,40740.26937403511,18.0,0.0,27.0,23.0
2022-03-18,27425.194156977785,,30933.772818581434,40860.93523103343,18.0,0.0,27.0,23.0
2022-03-19,27425.194156977785,,30933.772818581434,40860.93523103343,18.0,0.0,27.0,23.0
2022-03-20,27425.194156977785,,30933.772818581434,40860.93523103343,18.0,0.0,27.0,23.0
2022-03-21,27271.790082813226,,30766.512637242817,40622.88750692848,18.0,0.0,27.0,23.0
2022-03-22,27262.20209958784,,30756.058626671824,40608.009169452824,18.0,0.0,27.0,23.0
2022-03-23,27271.790082813226,,30766.512637242817,40622.88750692848,18.0,0.0,27.0,23.0
2022-03-24,27032.095988341003,,30505.1683546639,40250.93758329539,18.0,0.0,27.0,23.0
2022-03-25,27605.808646343092,,30978.832927814274,40785.25829591805,18.0,0.0,27.0,23.0
2022-03-26,27605.808646343092,,30978.832927814274,40785.25829591805,18.0,0.0,27.0,23.0
2022-03-27,27605.808646343092,,30978.832927814274,40785.25829591805,18.0,0.0,27.0,23.0
2022-03-28,27335.33702459991,,30686.080683334392,40370.586804471386,18.0,0.0,27.0,23.0
2022-03-29,27248.400704630953,,30591.982815936306,40237.30105260555,18.0,0.0,27.0,23.0
2022-03-30,27644.447317846603,,31020.65453458201,40844.49687864482,18.0,0.0,27.0,23.0
2022-03-31,27683.08598935011,,31062.47614134974,40903.735461371594,18.0,0.0,27.0,23.0
2022-04-01,28279.86852431321,,31577.144178075032,42718.29443056604,18.0,0.0,27.0,21.0
2022-04-02,28279.86852431321,,31577.144178075032,42718.29443056604,18.0,0.0,27.0,21.0
2022-04-03,28279.86852431321,,31577.144178075032,42718.29443056604,18.0,0.0,27.0,21.0
2022-04-04,28553.51667949589,,31871.51880136644,43150.27951622304,18.0,0.0,27.0,21.0
2022-04-05,28377.599542286553,,31682.277470790206,42872.57408263377,18.0,0.0,27.0,21.0
2022-04-06,28543.743298086272,,31861.005171304438,43134.851109616124,18.0,0.0,27.0,21.0
2022-04-07,27840.07568128987,,31104.04085163446,42024.03084659287,18.0,0.0,27.0,21.0
2022-04-08,28890.13431606695,,32294.464183782944,43618.12709857451,18.0,0.0,27.0,21.0
2022-04-09,28890.13431606695,,32294.464183782944,43618.12709857451,18.0,0.0,27.0,21.0
2022-04-10,28890.13431606695,,32294.464183782944,43618.12709857451,18.0,0.0,27.0,21.0
2022-04-11,28470.000373212668,,31841.255541330862,42956.206389360515,18.0,0.0,27.0,21.0
2022-04-12,28382.06527523924,,31746.397824990025,42817.66470900987,18.0,0.0,27.0,21.0
2022-04-13,28450.458826199803,,31820.175602078754,42925.418696821274,18.0,0.0,27.0,21.0
2022-04-14,28548.164697679662,,31925.573288045645,43079.35422344154,18.0,0.0,27.0,21.0
2022-04-15,28437.1213195189,,32122.848742902206,43127.60025974046,18.0,0.0,27.0,21.0
2022-04-16,28437.1213195189,,32122.848742902206,43127.60025974046,18.0,0.0,27.0,21.0
2022-04-17,28437.1213195189,,32122.848742902206,43127.60025974046,18.0,0.0,27.0,21.0
2022-04-18,28267.383955052752,,31937.050089752076,42858.279312391656,18.0,0.0,27.0,21.0
2022-04-19,27918.529094063946,,31555.185062446766,42304.75403559571,18.0,0.0,27.0,21.0
2022-04-20,27821.625684793446,,31449.112230547074,42150.998154749184,18.0,0.0,27.0,21.0
2022-04-21,27569.675157223362,,31173.321046736608,41751.23022513849,18.0,0.0,27.0,21.0
2022-04-22,27440.249151814256,,31195.897660463288,41798.15725880572,18.0,0.0,27.0,21.0
2022-04-23,27440.249151814256,,31195.897660463288,41798.15725880572,18.0,0.0,27.0,21.0
2022-04-24,27440.249151814256,,31195.897660463288,41798.15725880572,18.0,0.0,27.0,21.0
2022-04-25,27093.586314479016,,30813.42638998285,41243.493332542144,18.0,0.0,27.0,21.0
2022-04-26,27141.73416036152,,30866.54765307275,41320.5303563074,18.0,0.0,27.0,21.0
2022-04-27,27324.694872702512,,31068.40723696981,41613.26928338452,18.0,0.0,27.0,21.0
2022-04-28,27382.47247143027,,31132.152955318463,41705.71400577463,18.0,0.0,27.0,21.0
2022-04-29,27095.881694775933,,30935.688948083836,41383.71178741097,18.0,0.0,27.0,21.0
2022-04-30,27095.881694775933,,30935.688948083836,41383.71178741097,18.0,0.0,27.0,21.0
2022-05-01,27095.881694775933,,30935.688948083836,41383.71178741097,18.0,0.0,27.0,21.0
2022-05-02,26990.381116227203,,30818.611581498153,41214.135310548634,18.0,0.0,27.0,21.0
2022-05-03,27210.973484465878,,31063.409988460025,41568.70470858617,18.0,0.0,27.0,21.0
2022-05-04,27537.067345921518,,31425.286777044184,42092.8520536791,18.0,0.0,27.0,21.0
2022-05-05,27364.429204052478,,31233.704708961606,41815.361936819776,18.0,0.0,27.0,21.0
2022-05-06,27456.990981726358,,31487.59893928196,41967.36524549894,18.0,0.0,27.0,21.0
2022-05-07,27456.990981726358,,31487.59893928196,41967.36524549894,18.0,0.0,27.0,21.0
2022-05-08,27456.990981726358,,31487.59893928196,41967.36524549894,18.0,0.0,27.0,21.0
2022-05-09,26366.568081969184,,30268.827663006865,40214.487323346046,18.0,0.0,27.0,21.0
2022-05-10,26643.95624346005,,30578.865835975448,40660.3946720015,18.0,0.0,27.0,21.0
2022-05-11,26596.13096574438,,30525.41127740674,40583.514524448394,18.0,0.0,27.0,21.0
2022-05-12,26404.82848658172,,30311.59151377595,40275.991734664705,18.0,0.0,27.0,21.0
2022-05-13,26654.044102329786,,30736.038342124106,40747.11766624407,18.0,0.0,27.0,21.0
2022-05-14,26654.044102329786,,30736.038342124106,40747.11766624407,18.0,0.0,27.0,21.0
2022-05-15,26654.044102329786,,30736.038342124106,40747.11766624407,18.0,0.0,27.0,21.0
2022-05-16,27216.328534976397,,31369.024519919236,41653.18517499483,18.0,0.0,27.0,21.0
2022-05-17,26873.240144541473,,30982.796133895656,41100.33109411713,18.0,0.0,27.0,21.0
2022-05-18,27235.38945554903,,31390.48216405449,41683.90002288144,18.0,0.0,27.0,21.0
2022-05-19,27473.645509458634,,31658.69657680451,42067.82683407653,18.0,0.0,27.0,21.0
2022-05-20,27217.219241764727,,31424.277826753416,42166.063935091806,18.0,0.0,27.0,21.0
2022-05-21,27217.219241764727,,31424.277826753416,42166.063935091806,18.0,0.0,27.0,21.0
2022-05-22,27217.219241764727,,31424.277826753416,42166.063935091806,18.0,0.0,27.0,21.0
2022-05-23,27463.015403537625,,31701.692729398765,42568.85594492535,18.0,0.0,27.0,21.0
2022-05-24,28020.783270032218,,32331.210770959013,43482.88339899724,18.0,0.0,27.0,21.0
2022-05-25,28881.068934663206,,33302.16191266683,44892.65395598364,18.0,0.0,27.0,21.0
2022-05-26,29211.948452555505,,33675.60512911641,45434.87408286965,18.0,0.0,27.0,21.0
2022-05-27,29765.76818560914,,34323.94110838039,46293.316513168196,18.0,0.0,27.0,21.0
2022-05-28,29765.76818560914,,34323.94110838039,46293.316513168196,18.0,0.0,27.0,21.0
2022-05-29,29765.76818560914,,34323.94110838039,46293.316513168196,18.0,0.0,27.0,21.0
2022-05-30,29765.76818560914,,34323.94110838039,46293.316513168196,18.0,0.0,27.0,21.0
2022-05-31,27715.37527513282,,32007.54599657068,42938.02370084283,18.0,0.0,27.0,21.0
2022-06-01,28131.44495117766,,32477.59335131823,43618.886176677035,18.0,0.0,27.0,21.0
2022-06-02,28197.637628732897,,32552.3733576005,43727.20483799061,18.0,0.0,27.0,21.0
2022-06-03,28345.495075065493,,32860.70334214952,43996.39445017368,18.0,0.0,27.0,21.0
2022-06-04,28345.495075065493,,32860.70334214952,43996.39445017368,18.0,0.0,27.0,21.0
2022-06-05,28345.495075065493,,32860.70334214952,43996.39445017368,18.0,0.0,27.0,21.0
2022-06-06,28326.631471230034,,32839.25824364243,43965.49989276312,18.0,0.0,27.0,21.0
2022-06-07,28345.495075065493,,32860.70334214952,43996.39445017368,18.0,0.0,27.0,21.0
2022-06-08,27987.078506610465,,32453.2372670487,43409.3846005384,18.0,0.0,27.0,21.0
2022-06-09,27298.539426190055,,31670.47123069666,42281.70452757794,18.0,0.0,27.0,21.0
2022-06-10,27366.901622175268,,31702.231430586457,42297.65756074832,18.0,0.0,27.0,21.0
2022-06-11,27366.901622175268,,31702.231430586457,42297.65756074832,18.0,0.0,27.0,21.0
2022-06-12,27366.901622175268,,31702.231430586457,42297.65756074832,18.0,0.0,27.0,21.0
2022-06-13,26847.0365810145,,31112.488655357454,41448.874548695705,18.0,0.0,27.0,21.0
2022-06-14,26818.67961768275,,31080.320086732427,41402.57616960937,18.0,0.0,27.0,21.0
2022-06-15,26922.653347053267,,31198.26945984851,41572.33394942161,18.0,0.0,27.0,21.0
2022-06-16,26629.63770258584,,30865.8680755048,41093.92766779459,18.0,0.0,27.0,21.0
2022-06-17,26392.072274892103,,30703.96358368337,40757.617305437314,18.0,0.0,27.0,21.0
2022-06-18,26392.072274892103,,30703.96358368337,40757.617305437314,18.0,0.0,27.0,21.0
2022-06-19,26392.072274892103,,30703.96358368337,40757.617305437314,18.0,0.0,27.0,21.0
2022-06-20,26392.072274892103,,30703.96358368337,40757.617305437314,18.0,0.0,27.0,21.0
2022-06-21,27051.9302435309,,31456.483694517363,41836.86783474678,18.0,0.0,27.0,21.0
2022-06-22,26750.281091921257,,31112.474735330983,41343.49650028819,18.0,0.0,27.0,21.0
2022-06-23,26656.015282550547,,31004.971422971452,41189.31722308859,18.0,0.0,27.0,21.0
2022-06-24,27007.916930464573,,31357.863484083948,41766.89663281231,18.0,0.0,27.0,21.0
2022-06-25,27007.916930464573,,31357.863484083948,41766.89663281231,18.0,0.0,27.0,21.0
2022-06-26,27007.916930464573,,31357.863484083948,41766.89663281231,18.0,0.0,27.0,21.0
2022-06-27,27460.69843410355,,31873.043439154557,42507.506339782034,18.0,0.0,27.0,21.0
2022-06-28,27375.801845946546,,31776.44713360572,42368.6419277591,18.0,0.0,27.0,21.0
2022-06-29,27149.4115439246,,31518.857667855187,41998.33781000311,18.0,0.0,27.0,21.0
2022-06-30,26894.721779453597,,31229.068751208677,41581.74457393431,18.0,0.0,27.0,21.0
2022-07-01,27178.318119119507,,31435.302036037378,41654.796658528154,18.0,0.0,27.0,21.0
2022-07-02,27178.318119119507,,31435.302036037378,41654.796658528154,18.0,0.0,27.0,21.0
2022-07-03,27178.318119119507,,31435.302036037378,41654.796658528154,18.0,0.0,27.0,21.0
2022-07-04,27178.318119119507,,31435.302036037378,41654.796658528154,18.0,0.0,27.0,21.0
2022-07-05,27007.310540811002,,31241.793569460333,41378.65891134814,18.0,0.0,27.0,21.0
2022-07-06,26370.78333936181,,30521.513194138042,40350.814477986925,18.0,0.0,27.0,21.0
2022-07-07,26560.79125635503,,30736.52203186641,40657.633384282526,18.0,0.0,27.0,21.0
2022-07-08,26672.525570907776,,30702.129007205087,40478.771189799954,18.0,0.0,27.0,21.0
2022-07-09,26672.525570907776,,30702.129007205087,40478.771189799954,18.0,0.0,27.0,21.0
2022-07-10,26672.525570907776,,30702.129007205087,40478.771189799954,18.0,0.0,27.0,21.0
2022-07-11,26433.16872262217,,30433.39591064228,40096.996526425355,18.0,0.0,27.0,21.0
2022-07-12,26557.634393299548,,30573.13724387119,40295.51952614271,18.0,0.0,27.0,21.0
2022-07-13,26873.585359990644,,30927.864849323254,40799.461965288814,18.0,0.0,27.0,21.0
2022-07-14,26816.139314649572,,30863.368455088603,40707.83540528281,18.0,0.0,27.0,21.0
2022-07-15,27518.290858356355,,31249.301746349312,41071.08599219376,18.0,0.0,27.0,21.0
2022-07-16,27518.290858356355,,31249.301746349312,41071.08599219376,18.0,0.0,27.0,21.0
2022-07-17,27518.290858356355,,31249.301746349312,41071.08599219376,18.0,0.0,27.0,21.0
2022-07-18,27849.37080627429,,31614.011365491275,41585.98895511351,18.0,0.0,27.0,21.0
2022-07-19,28112.2883007268,,31903.63488352836,41994.88414115055,18.0,0.0,27.0,21.0
2022-07-20,28044.12491860493,,31828.547759438152,41888.8749200005,18.0,0.0,27.0,21.0
2022-07-21,28092.812518031154,,31882.180834939536,41964.594966954915,18.0,0.0,27.0,21.0
2022-07-22,27800.492504587197,,31590.30524033397,41423.740203302616,18.0,0.0,27.0,21.0
2022-07-23,27800.492504587197,,31590.30524033397,41423.740203302616,18.0,0.0,27.0,21.0
2022-07-24,27800.492504587197,,31590.30524033397,41423.740203302616,18.0,0.0,27.0,21.0
2022-07-25,28014.82747432785,,31826.74604492647,41756.12131330208,18.0,0.0,27.0,21.0
2022-07-26,27966.11485450735,,31773.009358663356,41680.57995546153,18.0,0.0,27.0,21.0
2022-07-27,28540.921724334206,,32407.100001695657,42571.96480815051,18.0,0.0,27.0,21.0
2022-07-28,28102.50907506562,,31923.470850269638,41892.09402841718,18.0,0.0,27.0,21.0
2022-07-29,28683.401505455662,,31984.439047459364,41672.69111872021,18.0,0.0,27.0,21.0
2022-07-30,28683.401505455662,,31984.439047459364,41672.69111872021,18.0,0.0,27.0,21.0
2022-07-31,28683.401505455662,,31984.439047459364,41672.69111872021,18.0,0.0,27.0,21.0
2022-08-01,29202.18453095553,,32541.82658824477,42448.4081501344,18.0,0.0,27.0,21.0
2022-08-02,29441.62380186031,,32799.08339854322,42806.432818060406,18.0,0.0,27.0,21.0
2022-08-03,29401.717415283394,,32756.207433867417,42746.76227718239,18.0,0.0,27.0,21.0
2022-08-04,29331.88052519132,,32681.173729002036,42642.33776365243,18.0,0.0,27.0,21.0
2022-08-05,29661.913865732316,,32828.518565154794,43081.532016349236,18.0,0.0,27.0,21.0
2022-08-06,29661.913865732316,,32828.518565154794,43081.532016349236,18.0,0.0,27.0,21.0
2022-08-07,29661.913865732316,,32828.518565154794,43081.532016349236,18.0,0.0,27.0,21.0
2022-08-08,30032.459567527963,,33223.009612840666,43634.64477122092,18.0,0.0,27.0,21.0
2022-08-09,30312.873305439123,,33521.54420308966,44053.21774164884,18.0,0.0,27.0,21.0
2022-08-10,30102.56347954633,,33297.64376880305,43739.28872665168,18.0,0.0,27.0,21.0
2022-08-11,30623.330076230628,,33852.06326235067,44516.63588124382,18.0,0.0,27.0,21.0
2022-08-12,30560.463290129803,,33312.878343805736,44951.67356498041,18.0,0.0,27.0,21.0
2022-08-13,30560.463290129803,,33312.878343805736,44951.67356498041,18.0,0.0,27.0,21.0
2022-08-14,30560.463290129803,,33312.878343805736,44951.67356498041,18.0,0.0,27.0,21.0
2022-08-15,30430.22869016548,,33177.01526677503,44754.15091833517,18.0,0.0,27.0,21.0
2022-08-16,30620.57097910134,,33375.58376601392,45042.836971729776,18.0,0.0,27.0,21.0
2022-08-17,31401.978578887283,,34190.76222819815,46227.97285160124,18.0,0.0,27.0,21.0
2022-08-18,31191.599756697913,,33971.29125710005,45908.89802994604,18.0,0.0,27.0,21.0
2022-08-19,31078.089759314786,,33714.679604275196,45270.364334963524,18.0,0.0,27.0,21.0
2022-08-20,31078.089759314786,,33714.679604275196,45270.364334963524,18.0,0.0,27.0,21.0
2022-08-21,31078.089759314786,,33714.679604275196,45270.364334963524,18.0,0.0,27.0,21.0
2022-08-22,31108.36847608042,,33746.08160556323,45315.661751877626,18.0,0.0,27.0,21.0
2022-08-23,30956.977779789602,,33589.07459378274,45089.17898710657,18.0,0.0,27.0,21.0
2022-08-24,31350.592435130802,,33997.29162654813,45678.03244759155,18.0,0.0,27.0,21.0
2022-08-25,31108.36847608042,,33746.08160556323,45315.661751877626,18.0,0.0,27.0,21.0
2022-08-26,31209.595145010484,,33950.51542698239,45422.7872331133,18.0,0.0,27.0,21.0
2022-08-27,31209.595145010484,,33950.51542698239,45422.7872331133,18.0,0.0,27.0,21.0
2022-08-28,31209.595145010484,,33950.51542698239,45422.7872331133,18.0,0.0,27.0,21.0
2022-08-29,31753.881152603128,,34517.37665024484,46235.985460937714,18.0,0.0,27.0,21.0
2022-08-30,31159.198096646694,,33898.02807274988,45347.490808356255,18.0,0.0,27.0,21.0
2022-08-31,31045.244459258694,,33779.348008622066,45177.2367605112,18.0,0.0,27.0,21.0
2022-09-01,30849.440166121505,,33575.42238940817,44884.69257977094,18.0,0.0,27.0,21.0
2022-09-02,31094.51980346127,,33846.53702978042,45245.66123878087,18.0,0.0,27.0,21.0
2022-09-03,31094.51980346127,,33846.53702978042,45245.66123878087,18.0,0.0,27.0,21.0
2022-09-04,31094.51980346127,,33846.53702978042,45245.66123878087,18.0,0.0,27.0,21.0
2022-09-05,31094.51980346127,,33846.53702978042,45245.66123878087,18.0,0.0,27.0,21.0
2022-09-06,32141.634832376876,,34937.81834313089,46809.87752990923,18.0,0.0,27.0,21.0
2022-09-07,31221.739534691373,,33979.12276443907,45435.70643023342,18.0,0.0,27.0,21.0
2022-09-08,31348.95926592149,,34111.70849909772,45625.75162168596,18.0,0.0,27.0,21.0
2022-09-09,32075.355090184974,,34684.410297140705,46414.19214432283,18.0,0.0,27.0,21.0
2022-09-10,32075.355090184974,,34684.410297140705,46414.19214432283,18.0,0.0,27.0,21.0
2022-09-11,32075.355090184974,,34684.410297140705,46414.19214432283,18.0,0.0,27.0,21.0
2022-09-12,32213.17496895411,,34826.965850631605,46618.3381243028,18.0,0.0,27.0,21.0
2022-09-13,31888.314697903603,,34490.94294769187,46137.13817707852,18.0,0.0,27.0,21.0
2022-09-14,32557.7241964664,,35183.35424881871,47128.70237893737,18.0,0.0,27.0,21.0
2022-09-15,32193.48601249233,,34806.60035538422,46589.17381689249,18.0,0.0,27.0,21.0
2022-09-16,32181.49781137094,,34564.86319339132,46488.368461639126,18.0,0.0,27.0,21.0
2022-09-17,32181.49781137094,,34564.86319339132,46488.368461639126,18.0,0.0,27.0,21.0
2022-09-18,32181.49781137094,,34564.86319339132,46488.368461639126,18.0,0.0,27.0,21.0
2022-09-19,33120.519503566145,,35527.058595587296,47876.00375738129,18.0,0.0,27.0,21.0
2022-09-20,32843.75542371628,,35243.46437477436,47467.01682024731,18.0,0.0,27.0,21.0
2022-09-21,32547.222009693127,,34939.612940944826,47028.815833959656,18.0,0.0,27.0,21.0
2022-09-22,32290.22632136281,,34676.27496723142,46649.04155297684,18.0,0.0,27.0,21.0
2022-09-23,31599.305953804007,,33806.83703429896,45474.204555890574,18.0,0.0,27.0,21.0
2022-09-24,31599.305953804007,,33806.83703429896,45474.204555890574,18.0,0.0,27.0,21.0
2022-09-25,31599.305953804007,,33806.83703429896,45474.204555890574,18.0,0.0,27.0,21.0
2022-09-26,31410.767924953343,,33614.96385410689,45196.848684230434,18.0,0.0,27.0,21.0
2022-09-27,31222.228949764405,,33423.08971083626,44919.49142042423,18.0,0.0,27.0,21.0
2022-09-28,31142.844416949567,,33342.30090201028,44802.70985423617,18.0,0.0,27.0,21.0
2022-09-29,30329.15248242838,,32514.215130004704,43605.69810473551,18.0,0.0,27.0,21.0
2022-09-30,30532.1522770127,,32606.743700788455,43642.007770108496,18.0,0.0,27.0,21.0
2022-10-01,30532.1522770127,,32606.743700788455,43642.007770108496,18.0,0.0,27.0,21.0
2022-10-02,30532.1522770127,,32606.743700788455,43642.007770108496,18.0,0.0,27.0,21.0
2022-10-03,30432.45163663179,,32505.795476076644,43496.52630902091,18.0,0.0,27.0,21.0
2022-10-04,30252.990864272473,,32324.089056680827,43234.6602340289,18.0,0.0,27.0,21.0
2022-10-05,29933.950336358812,,32001.056277944823,42769.12177841114,18.0,0.0,27.0,21.0
2022-10-06,30382.60131644134,,32455.32136372074,43423.78557847713,18.0,0.0,27.0,21.0
2022-10-07,30588.77305851911,,32513.197463320594,43562.04633341749,18.0,0.0,27.0,21.0
2022-10-08,30588.77305851911,,32513.197463320594,43562.04633341749,18.0,0.0,27.0,21.0
2022-10-09,30588.77305851911,,32513.197463320594,43562.04633341749,18.0,0.0,27.0,21.0
2022-10-10,30538.704033517377,,32462.843846376374,43489.35493936697,18.0,0.0,27.0,21.0
2022-10-11,30238.29083849421,,32160.723105126446,43053.207961536784,18.0,0.0,27.0,21.0
2022-10-12,30508.663000511224,,32432.632060375992,43445.74065752584,18.0,0.0,27.0,21.0
2022-10-13,31059.41941056862,,32986.51896551628,44245.341832662656,18.0,0.0,27.0,21.0
2022-10-14,31657.45192880088,,33470.093119870464,45123.97644843895,18.0,0.0,27.0,21.0
2022-10-15,31657.45192880088,,33470.093119870464,45123.97644843895,18.0,0.0,27.0,21.0
2022-10-16,31657.45192880088,,33470.093119870464,45123.97644843895,18.0,0.0,27.0,21.0
2022-10-17,32229.156080919412,,34042.13765118937,45954.24668578202,18.0,0.0,27.0,21.0
2022-10-18,32530.053355491407,,34343.21407291874,46391.231533012884,18.0,0.0,27.0,21.0
2022-10-19,32189.03650807822,,34001.99419209849,45895.98213209367,18.0,0.0,27.0,21.0
2022-10-20,31898.169365848044,,33710.953874415725,45473.563770569024,18.0,0.0,27.0,21.0
2022-10-21,32114.910519044253,,34001.31375525275,45917.2880028263,18.0,0.0,27.0,21.0
2022-10-22,32114.910519044253,,34001.31375525275,45917.2880028263,18.0,0.0,27.0,21.0
2022-10-23,32114.910519044253,,34001.31375525275,45917.2880028263,18.0,0.0,27.0,21.0
2022-10-24,32394.98841002979,,34282.429869392145,46325.56665716074,18.0,0.0,27.0,21.0
2022-10-25,32465.00740580754,,34352.70841919028,46427.63562545166,18.0,0.0,27.0,21.0
2022-10-26,32575.037392592185,,34463.14627708356,46588.02991713528,18.0,0.0,27.0,21.0
2022-10-27,32455.0044195715,,34342.668352798144,46413.05394695714,18.0,0.0,27.0,21.0
2022-10-28,32368.25190599206,,33511.85939816448,46445.624645269934,18.0,0.0,27.0,21.0
2022-10-29,32368.25190599206,,33511.85939816448,46445.624645269934,18.0,0.0,27.0,21.0
2022-10-30,32368.25190599206,,33511.85939816448,46445.624645269934,18.0,0.0,27.0,21.0
2022-10-31,32459.127054903835,,33600.24016717805,46578.70171121934,18.0,0.0,27.0,21.0
2022-11-01,33125.54352966209,,34248.3645579247,47554.59831467113,18.0,0.0,27.0,21.0
2022-11-02,33034.66838075031,,34159.983788911115,47421.52124872171,18.0,0.0,27.0,21.0
2022-11-03,33054.862323316214,,34179.623439517054,47451.09314663661,18.0,0.0,27.0,21.0
2022-11-04,32894.64006692866,,34848.880987836696,48646.21920889196,18.0,0.0,27.0,21.0
2022-11-05,32894.64006692866,,34848.880987836696,48646.21920889196,18.0,0.0,27.0,21.0
2022-11-06,32894.64006692866,,34848.880987836696,48646.21920889196,18.0,0.0,27.0,21.0
2022-11-07,32825.89079972103,,34779.693864958834,48541.51440096877,18.0,0.0,27.0,21.0
2022-11-08,33199.1019102526,,35155.281911384816,49109.913152405505,18.0,0.0,27.0,21.0
2022-11-09,32560.713449111307,,34512.827632251894,48137.65055355759,18.0,0.0,27.0,21.0
2022-11-10,32413.39332319825,,34364.56924248395,47913.28270043762,18.0,0.0,27.0,21.0
2022-11-11,32471.05692895041,,34636.940025560805,48300.33674436919,18.0,0.0,27.0,21.0
2022-11-12,32471.05692895041,,34636.940025560805,48300.33674436919,18.0,0.0,27.0,21.0
2022-11-13,32471.05692895041,,34636.940025560805,48300.33674436919,18.0,0.0,27.0,21.0
2022-11-14,32617.410997341256,,34785.53465133739,48525.05997354484,18.0,0.0,27.0,21.0
2022-11-15,33222.33872741464,,35399.723314901414,49453.91227273027,18.0,0.0,27.0,21.0
2022-11-16,33095.498907005465,,35270.94168378928,49259.15271227659,18.0,0.0,27.0,21.0
2022-11-17,33407.71943078771,,35587.942040535716,49738.5599818571,18.0,0.0,27.0,21.0
2022-11-18,33107.3873473987,,35693.15956694039,49633.44746469247,18.0,0.0,27.0,21.0
2022-11-19,33107.3873473987,,35693.15956694039,49633.44746469247,18.0,0.0,27.0,21.0
2022-11-20,33107.3873473987,,35693.15956694039,49633.44746469247,18.0,0.0,27.0,21.0
2022-11-21,33232.99314963875,,35822.781537955285,49828.12932526583,18.0,0.0,27.0,21.0
2022-11-22,32991.443742585834,,35573.508736211326,49453.74146143468,18.0,0.0,27.0,21.0
2022-11-23,32662.936401563806,,35234.49757369549,48944.573738116065,18.0,0.0,27.0,21.0
2022-11-24,32662.936401563806,,35234.49757369549,48944.573738116065,18.0,0.0,27.0,21.0
2022-11-25,32545.86949651221,,35059.813025969335,48927.411920321036,18.0,0.0,27.0,21.0
2022-11-26,32545.86949651221,,35059.813025969335,48927.411920321036,18.0,0.0,27.0,21.0
2022-11-27,32545.86949651221,,35059.813025969335,48927.411920321036,18.0,0.0,27.0,21.0
2022-11-28,31783.833604788637,,34275.11858111765,47741.0939856518,18.0,0.0,27.0,21.0
2022-11-29,31754.89486921376,,34245.31937442244,47696.04290421064,18.0,0.0,27.0,21.0
2022-11-30,34360.75207941493,,36928.65975133913,51752.77458473127,18.0,0.0,27.0,21.0
2022-12-01,34208.67717959381,,36772.06302093959,51516.02828048203,18.0,0.0,27.0,21.0
2022-12-02,35415.732831006935,,37596.30479777535,52346.73005757607,18.0,0.0,27.0,21.0
2022-12-03,35415.732831006935,,37596.30479777535,52346.73005757607,18.0,0.0,27.0,21.0
2022-12-04,35415.732831006935,,37596.30479777535,52346.73005757607,18.0,0.0,27.0,21.0
2022-12-05,34864.12422114504,,37036.87428586089,51509.48311496706,18.0,0.0,27.0,21.0
2022-12-06,33992.58265964764,,36152.9741197172,50186.63300952169,18.0,0.0,27.0,21.0
2022-12-07,33087.944876149304,,35235.50842162677,48813.5485346579,18.0,0.0,27.0,21.0
2022-12-08,33871.2291442376,,36029.89979122647,50002.43925703957,18.0,0.0,27.0,21.0
2022-12-09,35253.301305777226,,35373.67122624929,48797.46309592623,18.0,0.0,27.0,21.0
2022-12-10,35253.301305777226,,35373.67122624929,48797.46309592623,18.0,0.0,27.0,21.0
2022-12-11,35253.301305777226,,35373.67122624929,48797.46309592623,18.0,0.0,27.0,21.0
2022-12-12,36895.49395812587,,36912.847738157776,51087.32558858565,18.0,0.0,27.0,21.0
2022-12-13,36602.24519030252,,36637.99471471118,50678.421460621794,18.0,0.0,27.0,21.0
2022-12-14,36109.58828952215,,36176.2425999235,49991.46396070033,18.0,0.0,27.0,21.0
2022-12-15,36426.29637707063,,36473.08332003566,50433.079607781656,18.0,0.0,27.0,21.0
2022-12-16,35150.44798967041,,36517.04293298875,50326.304178038605,18.0,0.0,27.0,21.0
2022-12-17,35150.44798967041,,36517.04293298875,50326.304178038605,18.0,0.0,27.0,21.0
2022-12-18,35150.44798967041,,36517.04293298875,50326.304178038605,18.0,0.0,27.0,21.0
2022-12-19,34436.21937006361,,35814.39718360569,49285.57823450189,18.0,0.0,27.0,21.0
2022-12-20,34662.95943813697,,36037.46013666163,49615.96862324482,18.0,0.0,27.0,21.0
2022-12-21,34311.51319756469,,35691.713410339304,49103.864781027776,18.0,0.0,27.0,21.0
2022-12-22,33869.37136223378,,35256.74192825179,48459.605413480815,18.0,0.0,27.0,21.0
2022-12-23,33578.06704784956,,35482.54460622421,48800.7613930352,18.0,0.0,27.0,21.0
2022-12-24,33578.06704784956,,35482.54460622421,48800.7613930352,18.0,0.0,27.0,21.0
2022-12-25,33578.06704784956,,35482.54460622421,48800.7613930352,18.0,0.0,27.0,21.0
2022-12-26,33578.06704784956,,35482.54460622421,48800.7613930352,18.0,0.0,27.0,21.0
2022-12-27,33566.90487640051,,35471.335427713995,48784.15589819504,18.0,0.0,27.0,21.0
2022-12-28,32941.83817801947,,34843.63639666705,47854.27035736531,18.0,0.0,27.0,21.0
2022-12-29,33098.10538485636,,35000.56168891183,48086.74253436631,18.0,0.0,27.0,21.0
2022-12-30,33123.25062097646,,35108.44286272406,48251.19105464402,18.0,0.0,27.0,21.0
2022-12-31,33123.25062097646,,35108.44286272406,48251.19105464402,18.0,0.0,27.0,21.0
2023-01-01,32642.90630368635,,34927.674322506224,48215.73920890679,18.0,0.0,26.0,23.0
2023-01-02,32642.90630368635,,34927.674322506224,48215.73920890679,18.0,0.0,26.0,23.0
2023-01-03,32497.98341740235,,34780.30659125382,47994.81073469384,18.0,0.0,26.0,23.0
2023-01-04,31544.524000416885,,33810.762341030735,46541.304393357466,18.0,0.0,26.0,23.0
2023-01-05,31982.895785757068,,34256.52944591746,47209.58262156926,18.0,0.0,26.0,23.0
2023-01-06,32163.34308482776,,34161.353579886,47271.170947287945,18.0,0.0,26.0,23.0
2023-01-07,32163.34308482776,,34161.353579886,47271.170947287945,18.0,0.0,26.0,23.0
2023-01-08,32163.34308482776,,34161.353579886,47271.170947287945,18.0,0.0,26.0,23.0
2023-01-09,32383.719371377014,,34382.80755746549,47605.10214034442,18.0,0.0,26.0,23.0
2023-01-10,35590.19723047036,,37604.965835180774,52463.80537816719,18.0,0.0,26.0,23.0
2023-01-11,34367.10805199428,,36375.895467632676,50610.48606247166,18.0,0.0,26.0,23.0
2023-01-12,35149.44465737187,,37162.05788002178,51795.94299205425,18.0,0.0,26.0,23.0
2023-01-13,35633.54705153049,,37414.457003324096,52177.878993384234,18.0,0.0,26.0,23.0
2023-01-14,35633.54705153049,,37414.457003324096,52177.878993384234,18.0,0.0,26.0,23.0
2023-01-15,35633.54705153049,,37414.457003324096,52177.878993384234,18.0,0.0,26.0,23.0
2023-01-16,35633.54705153049,,37414.457003324096,52177.878993384234,18.0,0.0,26.0,23.0
2023-01-17,35644.63898095864,,37425.506050840675,52194.54044612651,18.0,0.0,26.0,23.0
2023-01-18,35045.68854303878,,36828.8711829824,51294.842654050815,18.0,0.0,26.0,23.0
2023-01-19,35056.78047246692,,36839.92023049898,51311.50410679307,18.0,0.0,26.0,23.0
2023-01-20,35664.26248180924,,37376.398796244015,51973.315944862734,18.0,0.0,26.0,23.0
2023-01-21,35664.26248180924,,37376.398796244015,51973.315944862734,18.0,0.0,26.0,23.0
2023-01-22,35664.26248180924,,37376.398796244015,51973.315944862734,18.0,0.0,26.0,23.0
2023-01-23,35430.48762683879,,37144.12743818103,51624.34705950676,18.0,0.0,26.0,23.0
2023-01-24,35263.50498092103,,36978.218722527374,51375.08266438149,18.0,0.0,26.0,23.0
2023-01-25,34929.54075072852,,36646.40234603523,50876.55545890522,18.0,0.0,26.0,23.0
2023-01-26,34896.14464620218,,36613.22102483057,50826.70321378988,18.0,0.0,26.0,23.0
2023-01-27,35646.11754988494,,37208.35428755526,51721.15181019329,18.0,0.0,26.0,23.0
2023-01-28,35646.11754988494,,37208.35428755526,51721.15181019329,18.0,0.0,26.0,23.0
2023-01-29,35646.11754988494,,37208.35428755526,51721.15181019329,18.0,0.0,26.0,23.0
2023-01-30,35277.164633491666,,36843.84380923448,51173.50010278236,18.0,0.0,26.0,23.0
2023-01-31,35523.13359983567,,37086.85114591739,51538.601768613364,18.0,0.0,26.0,23.0
2023-02-01,36249.85878273262,,37804.82607511717,52617.30929347216,18.0,0.0,26.0,23.0
2023-02-02,36294.58138229104,,37849.0101848842,52683.6928533243,18.0,0.0,26.0,23.0
2023-02-03,36520.43036175032,,37941.68423103923,52622.859817596014,18.0,0.0,26.0,23.0
2023-02-04,36520.43036175032,,37941.68423103923,52622.859817596014,18.0,0.0,26.0,23.0
2023-02-05,36520.43036175032,,37941.68423103923,52622.859817596014,18.0,0.0,26.0,23.0
2023-02-06,37307.58271549143,,38715.6406640077,53779.97353776747,18.0,0.0,26.0,23.0
2023-02-07,37498.748424995596,,38903.60164758419,54060.987072494616,18.0,0.0,26.0,23.0
2023-02-08,37442.52302706902,,38848.31881927953,53978.3357546732,18.0,0.0,26.0,23.0
2023-02-09,38656.98690367765,,40042.42327115825,55763.597283267525,18.0,0.0,26.0,23.0
2023-02-10,38328.409534901744,,39822.41483016609,55209.757483116395,18.0,0.0,26.0,23.0
2023-02-11,38328.409534901744,,39822.41483016609,55209.757483116395,18.0,0.0,26.0,23.0
2023-02-12,38328.409534901744,,39822.41483016609,55209.757483116395,18.0,0.0,26.0,23.0
2023-02-13,39317.51073355277,,40798.39873409609,56661.35513328556,18.0,0.0,26.0,23.0
2023-02-14,39609.74571456404,,41086.758143650215,57090.237043763205,18.0,0.0,26.0,23.0
2023-02-15,39778.342241811,,41253.118771941794,57337.66806812365,18.0,0.0,26.0,23.0
2023-02-16,39632.22582321594,,41108.94012485981,57123.22868601292,18.0,0.0,26.0,23.0
2023-02-17,39389.470385638095,,40921.20123523329,56809.31837681326,18.0,0.0,26.0,23.0
2023-02-18,39389.470385638095,,40921.20123523329,56809.31837681326,18.0,0.0,26.0,23.0
2023-02-19,39389.470385638095,,40921.20123523329,56809.31837681326,18.0,0.0,26.0,23.0
2023-02-20,39389.470385638095,,40921.20123523329,56809.31837681326,18.0,0.0,26.0,23.0
2023-02-21,39400.699685425694,,40932.30069199111,56825.81401524997,18.0,0.0,26.0,23.0
2023-02-22,39221.03517236389,,40754.713617875605,56561.89009270508,18.0,0.0,26.0,23.0
2023-02-23,40265.33649314181,,41786.93980930003,58095.94985888556,18.0,0.0,26.0,23.0
2023-02-24,39965.79607649073,,42014.415405431224,58434.016420954904,18.0,0.0,26.0,23.0
2023-02-25,39965.79607649073,,42014.415405431224,58434.016420954904,18.0,0.0,26.0,23.0
2023-02-26,39965.79607649073,,42014.415405431224,58434.016420954904,18.0,0.0,26.0,23.0
2023-02-27,40531.18411796452,,42582.7949797594,59278.722982500694,18.0,0.0,26.0,23.0
2023-02-28,40370.91337045102,,42421.67622137264,59039.27371559436,18.0,0.0,26.0,23.0
2023-03-01,39971.816053793125,,42020.467235122705,58443.01044621661,18.0,0.0,26.0,23.0
2023-03-02,39727.92101719528,,41775.28172196454,58078.62400251748,18.0,0.0,26.0,23.0
2023-03-03,39048.901202641544,,42979.32299327227,59894.73907731673,18.0,0.0,26.0,23.0
2023-03-04,39048.901202641544,,42979.32299327227,59894.73907731673,18.0,0.0,26.0,23.0
2023-03-05,39048.901202641544,,42979.32299327227,59894.73907731673,18.0,0.0,26.0,23.0
2023-03-06,38234.00434783517,,42109.11688511541,58600.74611989608,18.0,0.0,26.0,23.0
2023-03-07,38191.67311850724,,42063.91252077202,58533.527413250915,18.0,0.0,26.0,23.0
2023-03-08,38625.578816560424,,42527.26857201075,59222.535984279115,18.0,0.0,26.0,23.0
2023-03-09,38244.58765980724,,42120.41851509264,58617.55159788667,18.0,0.0,26.0,23.0
2023-03-10,37609.44330593973,,41712.822404416096,58486.9016792458,18.0,0.0,26.0,23.0
2023-03-11,37609.44330593973,,41712.822404416096,58486.9016792458,18.0,0.0,26.0,23.0
2023-03-12,37609.44330593973,,41712.822404416096,58486.9016792458,18.0,0.0,26.0,23.0
2023-03-13,37222.295393748784,,41295.74766571375,57860.3014536701,18.0,0.0,26.0,23.0
2023-03-14,37515.27224610251,,41611.371850407784,58334.48549546022,18.0,0.0,26.0,23.0
2023-03-15,35746.95145062112,,39706.358519602145,55472.45221451523,18.0,0.0,26.0,23.0
2023-03-16,35401.658229798515,,39334.373871576325,54913.5939506729,18.0,0.0,26.0,23.0
2023-03-17,35323.75064718885,,39415.034819876935,55172.93293365723,18.0,0.0,26.0,23.0
2023-03-18,35323.75064718885,,39415.034819876935,55172.93293365723,18.0,0.0,26.0,23.0
2023-03-19,35323.75064718885,,39415.034819876935,55172.93293365723,18.0,0.0,26.0,23.0
2023-03-20,36093.33715212492,,40248.9049452815,56429.73774787798,18.0,0.0,26.0,23.0
2023-03-21,36966.92226229202,,41195.46068748115,57856.38175092058,18.0,0.0,26.0,23.0
2023-03-22,36488.53145528111,,40677.10985924292,57075.12601751839,18.0,0.0,26.0,23.0
2023-03-23,36176.53563958805,,40339.053008857685,56565.60845105284,18.0,0.0,26.0,23.0
2023-03-24,35379.780331361355,,39909.81571869164,56128.44641449262,18.0,0.0,26.0,23.0
2023-03-25,35379.780331361355,,39909.81571869164,56128.44641449262,18.0,0.0,26.0,23.0
2023-03-26,35379.780331361355,,39909.81571869164,56128.44641449262,18.0,0.0,26.0,23.0
2023-03-27,35759.26648457566,,40327.22154607685,56760.56498361356,18.0,0.0,26.0,23.0
2023-03-28,35831.060686367346,,40406.18969273118,56880.15419055392,18.0,0.0,26.0,23.0
2023-03-29,35513.114097184734,,40056.47269252453,56350.543449005985,18.0,0.0,26.0,23.0
2023-03-30,35390.036925366636,,39921.09718988807,56145.531052421466,18.0,0.0,26.0,23.0
2023-03-31,35552.677296316564,,40221.28606695229,56575.733385709544,18.0,0.0,26.0,23.0
2023-04-01,35552.677296316564,,40221.28606695229,56575.733385709544,18.0,0.0,26.0,23.0
2023-04-02,35552.677296316564,,40221.28606695229,56575.733385709544,18.0,0.0,26.0,23.0
2023-04-03,33865.66475755875,,38358.02278757558,53755.5558452885,18.0,0.0,26.0,23.0
2023-04-04,33916.786556474755,,38414.48553963433,53841.01611651743,18.0,0.0,26.0,23.0
2023-04-05,34407.55348590713,,38956.52537474849,54661.43080826933,18.0,0.0,26.0,23.0
2023-04-06,33865.66475755875,,38358.02278757558,53755.5558452885,18.0,0.0,26.0,23.0
2023-04-07,33845.22490761035,,38663.61945826862,54028.22761648072,18.0,0.0,26.0,23.0
2023-04-08,33845.22490761035,,38663.61945826862,54028.22761648072,18.0,0.0,26.0,23.0
2023-04-09,33845.22490761035,,38663.61945826862,54028.22761648072,18.0,0.0,26.0,23.0
2023-04-10,33732.23869277215,,38537.34248150414,53837.95875217305,18.0,0.0,26.0,23.0
2023-04-11,33854.02526804609,,38673.45502017194,54043.04742957035,18.0,0.0,26.0,23.0
2023-04-12,33925.067194987474,,38752.853730629904,54162.68208391047,18.0,0.0,26.0,23.0
2023-04-13,34442.66086580694,,39331.332831262764,55034.31018527398,18.0,0.0,26.0,23.0
2023-04-14,34757.03847606084,,39828.51412679977,55575.52485296386,18.0,0.0,26.0,23.0
2023-04-15,34757.03847606084,,39828.51412679977,55575.52485296386,18.0,0.0,26.0,23.0
2023-04-16,34757.03847606084,,39828.51412679977,55575.52485296386,18.0,0.0,26.0,23.0
2023-04-17,35415.41776484271,,40568.05294093552,56684.53657366022,18.0,0.0,26.0,23.0
2023-04-18,35830.7032515484,,41034.53137000998,57384.06719383483,18.0,0.0,26.0,23.0
2023-04-19,35395.15946501858,,40545.29736632433,56650.41233505012,18.0,0.0,26.0,23.0
2023-04-20,34706.39369246941,,39771.62627531727,55490.21588357185,18.0,0.0,26.0,23.0
2023-04-21,34197.74578427978,,39171.47322853225,54431.88219273271,18.0,0.0,26.0,23.0
2023-04-22,34197.74578427978,,39171.47322853225,54431.88219273271,18.0,0.0,26.0,23.0
2023-04-23,34197.74578427978,,39171.47322853225,54431.88219273271,18.0,0.0,26.0,23.0
2023-04-24,35273.90236435978,,40379.06407881924,56236.04790989933,18.0,0.0,26.0,23.0
2023-04-25,34613.99508232265,,39638.56031702784,55129.719967666715,18.0,0.0,26.0,23.0
2023-04-26,33994.69746428456,,38943.62600078577,54091.473719983886,18.0,0.0,26.0,23.0
2023-04-27,34197.74578427978,,39171.47322853225,54431.88219273271,18.0,0.0,26.0,23.0
2023-04-28,34428.881312089805,,39177.94354305564,54464.82332667049,18.0,0.0,26.0,23.0
2023-04-29,34428.881312089805,,39177.94354305564,54464.82332667049,18.0,0.0,26.0,23.0
2023-04-30,34428.881312089805,,39177.94354305564,54464.82332667049,18.0,0.0,26.0,23.0
2023-05-01,34724.26785518681,,39778.82887230131,54955.93317042182,18.0,0.0,25.0,23.0
2023-05-02,34384.7174037817,,39397.59076206236,54391.39638622414,18.0,0.0,25.0,23.0
2023-05-03,34004.009351638866,,38970.14200518079,53758.43095035001,18.0,0.0,25.0,23.0
2023-05-04,33849.66761291634,,38796.85125395935,53501.822282962494,18.0,0.0,25.0,23.0
2023-05-05,34364.50525678212,,39138.42102973105,54075.511426589874,18.0,0.0,25.0,23.0
2023-05-06,34364.50525678212,,39138.42102973105,54075.511426589874,18.0,0.0,25.0,23.0
2023-05-07,34364.50525678212,,39138.42102973105,54075.511426589874,18.0,0.0,25.0,23.0
2023-05-08,33681.52970268442,,38377.93735320927,52947.56734433026,18.0,0.0,25.0,23.0
2023-05-09,33795.35945513666,,38504.685182063564,53135.558839623525,18.0,0.0,25.0,23.0
2023-05-10,34178.23910685804,,38931.016290782565,53767.89016507968,18.0,0.0,25.0,23.0
2023-05-11,34343.80857929194,,39115.375570350996,54041.33056205171,18.0,0.0,25.0,23.0
2023-05-12,34180.26518311177,,38838.2623374372,53446.708996758745,18.0,0.0,25.0,23.0
2023-05-13,34180.26518311177,,38838.2623374372,53446.708996758745,18.0,0.0,25.0,23.0
2023-05-14,34180.26518311177,,38838.2623374372,53446.708996758745,18.0,0.0,25.0,23.0
2023-05-15,34201.0561617556,,38861.33465625051,53480.77868458519,18.0,0.0,25.0,23.0
2023-05-16,34180.26518311177,,38838.2623374372,53446.708996758745,18.0,0.0,25.0,23.0
2023-05-17,34013.93239688261,,38653.678285924856,53174.14337109917,18.0,0.0,25.0,23.0
2023-05-18,33847.60060206914,,38469.095334613696,52901.57937004921,18.0,0.0,25.0,23.0
2023-05-19,34103.07884088447,,38649.84616572908,53618.515143625686,18.0,0.0,25.0,23.0
2023-05-20,34103.07884088447,,38649.84616572908,53618.515143625686,18.0,0.0,25.0,23.0
2023-05-21,34103.07884088447,,38649.84616572908,53618.515143625686,18.0,0.0,25.0,23.0
2023-05-22,33854.035712097706,,38374.49167473019,53207.46627891887,18.0,0.0,25.0,23.0
2023-05-23,33667.25287070292,,38167.975259400286,52899.178813707294,18.0,0.0,25.0,23.0
2023-05-24,33594.61553887581,,38087.66380639932,52779.28996984189,18.0,0.0,25.0,23.0
2023-05-25,33656.876815877215,,38156.50297622978,52882.0530027001,18.0,0.0,25.0,23.0
2023-05-26,34674.64098744496,,38813.34103883681,54357.93335266047,18.0,0.0,25.0,23.0
2023-05-27,34674.64098744496,,38813.34103883681,54357.93335266047,18.0,0.0,25.0,23.0
2023-05-28,34674.64098744496,,38813.34103883681,54357.93335266047,18.0,0.0,25.0,23.0
2023-05-29,34674.64098744496,,38813.34103883681,54357.93335266047,18.0,0.0,25.0,23.0
2023-05-30,34767.07029398056,,38913.85547050006,54509.75766784394,18.0,0.0,25.0,23.0
2023-05-31,33825.927864689605,,37890.38791524044,52963.83776242777,18.0,0.0,25.0,23.0
2023-06-01,34275.585312844814,,38379.378523722946,53702.44477671942,18.0,0.0,25.0,23.0
2023-06-02,34700.31660734535,,38477.820375834235,54057.220503588214,18.0,0.0,25.0,23.0
2023-06-03,34700.31660734535,,38477.820375834235,54057.220503588214,18.0,0.0,25.0,23.0
2023-06-04,34700.31660734535,,38477.820375834235,54057.220503588214,18.0,0.0,25.0,23.0
2023-06-05,33561.892366561486,,37255.851852968546,52202.37640294795,18.0,0.0,25.0,23.0
2023-06-06,33730.54851704855,,37436.88498604817,52477.16927414702,18.0,0.0,25.0,23.0
2023-06-07,33878.12126648678,,37595.28749381812,52717.610784354416,18.0,0.0,25.0,23.0
2023-06-08,34131.10398432143,,37866.83557488332,53129.79763432561,18.0,0.0,25.0,23.0
2023-06-09,34806.87545026646,,38383.378098441455,53702.388104576596,18.0,0.0,25.0,23.0
2023-06-10,34806.87545026646,,38383.378098441455,53702.388104576596,18.0,0.0,25.0,23.0
2023-06-11,34806.87545026646,,38383.378098441455,53702.388104576596,18.0,0.0,25.0,23.0
2023-06-12,34796.24728722977,,38372.05565184172,53685.288358755686,18.0,0.0,25.0,23.0
2023-06-13,35210.73652364375,,38813.62135131988,54352.16376927805,18.0,0.0,25.0,23.0
2023-06-14,35944.06254269896,,39594.85181064655,55532.018508655994,18.0,0.0,25.0,23.0
2023-06-15,35550.82963235834,,39175.93100436785,54899.342589775464,18.0,0.0,25.0,23.0
2023-06-16,35574.35918244254,,39190.50432186108,54393.30022113248,18.0,0.0,25.0,23.0
2023-06-17,35574.35918244254,,39190.50432186108,54393.30022113248,18.0,0.0,25.0,23.0
2023-06-18,35574.35918244254,,39190.50432186108,54393.30022113248,18.0,0.0,25.0,23.0
2023-06-19,35574.35918244254,,39190.50432186108,54393.30022113248,18.0,0.0,25.0,23.0
2023-06-20,35349.81158912185,,38951.376521732986,54036.60251566641,18.0,0.0,25.0,23.0
2023-06-21,35520.89527551109,,39133.56892450631,54308.37188747423,18.0,0.0,25.0,23.0
2023-06-22,35178.72790273259,,38769.184118959645,53764.83314385859,18.0,0.0,25.0,23.0
2023-06-23,34671.273039910455,,38083.321269826905,52952.207813526176,18.0,0.0,25.0,23.0
2023-06-24,34671.273039910455,,38083.321269826905,52952.207813526176,18.0,0.0,25.0,23.0
2023-06-25,34671.273039910455,,38083.321269826905,52952.207813526176,18.0,0.0,25.0,23.0
2023-06-26,33996.35826425399,,37368.39289976935,51880.2649917596,18.0,0.0,25.0,23.0
2023-06-27,33610.692094356185,,36959.861784173016,51267.72530922256,18.0,0.0,25.0,23.0
2023-06-28,34007.07041878971,,37379.74014457456,51897.278720862,18.0,0.0,25.0,23.0
2023-06-29,34210.61667993905,,37595.35402941397,52220.56391390616,18.0,0.0,25.0,23.0
2023-06-30,34901.616806908016,,38445.2287943216,53055.689088317005,18.0,0.0,25.0,23.0
2023-07-01,34901.616806908016,,38445.2287943216,53055.689088317005,18.0,0.0,25.0,23.0
2023-07-02,34901.616806908016,,38445.2287943216,53055.689088317005,18.0,0.0,25.0,23.0
2023-07-03,34976.716369870475,,38525.12134772331,53174.20918518685,18.0,0.0,25.0,23.0
2023-07-04,34976.716369870475,,38525.12134772331,53174.20918518685,18.0,0.0,25.0,23.0
2023-07-05,35502.40819490345,,39084.36377933745,54003.84178980962,18.0,0.0,25.0,23.0
2023-07-06,35148.37075982893,,38707.7310324594,53445.10949570097,18.0,0.0,25.0,23.0
2023-07-07,35555.75993707153,,39536.51719779404,54426.35163622667,18.0,0.0,25.0,23.0
2023-07-08,35555.75993707153,,39536.51719779404,54426.35163622667,18.0,0.0,25.0,23.0
2023-07-09,35555.75993707153,,39536.51719779404,54426.35163622667,18.0,0.0,25.0,23.0
2023-07-10,35289.69445961477,,39249.524005976695,54003.077206560316,18.0,0.0,25.0,23.0
2023-07-11,35938.89385922394,,39949.78699988584,55035.86623366727,18.0,0.0,25.0,23.0
2023-07-12,35960.17958460091,,39972.74698073144,55069.7289630792,18.0,0.0,25.0,23.0
2023-07-13,36162.388900885984,,40190.86132480408,55391.41681917358,18.0,0.0,25.0,23.0
2023-07-14,35665.343310299366,,39527.31912502001,54028.69121256952,18.0,0.0,25.0,23.0
2023-07-15,35665.343310299366,,39527.31912502001,54028.69121256952,18.0,0.0,25.0,23.0
2023-07-16,35665.343310299366,,39527.31912502001,54028.69121256952,18.0,0.0,25.0,23.0
2023-07-17,35547.41584271014,,39400.67728715159,53843.60481069343,18.0,0.0,25.0,23.0
2023-07-18,35515.254270821235,,39366.13910316432,53793.12743047586,18.0,0.0,25.0,23.0
2023-07-19,35386.606960867655,,39227.98526926618,53591.21630495856,18.0,0.0,25.0,23.0
2023-07-20,35343.724524216464,,39181.933991300146,53523.9125964528,18.0,0.0,25.0,23.0
2023-07-21,35481.30862002679,,39103.13824775253,52917.83147640638,18.0,0.0,25.0,23.0
2023-07-22,35481.30862002679,,39103.13824775253,52917.83147640638,18.0,0.0,25.0,23.0
2023-07-23,35481.30862002679,,39103.13824775253,52917.83147640638,18.0,0.0,25.0,23.0
2023-07-24,35687.31262750932,,39322.60928485803,53234.78240289625,18.0,0.0,25.0,23.0
2023-07-25,36435.43364142661,,40119.63695830644,54385.81655696604,18.0,0.0,25.0,23.0
2023-07-26,36294.48412967895,,39969.47320226692,54168.95631777626,18.0,0.0,25.0,23.0
2023-07-27,36272.79895309862,,39946.370408044306,54135.59222504707,18.0,0.0,25.0,23.0
2023-07-28,37036.99313913577,,40601.81408903719,54843.29212043319,18.0,0.0,25.0,23.0
2023-07-29,37036.99313913577,,40601.81408903719,54843.29212043319,18.0,0.0,25.0,23.0
2023-07-30,37036.99313913577,,40601.81408903719,54843.29212043319,18.0,0.0,25.0,23.0
2023-07-31,37964.48365531101,,41584.70524240543,56254.86828091178,18.0,0.0,25.0,23.0
2023-08-01,37713.516245414095,,41318.74710841972,55872.9133102794,18.0,0.0,25.0,23.0
2023-08-02,37484.370550249994,,41075.91413850645,55524.169474165785,18.0,0.0,25.0,23.0
2023-08-03,38270.00847388751,,41908.47959489331,56719.85583907639,18.0,0.0,25.0,23.0
2023-08-04,38271.36867526588,,41875.59446450938,56847.57465521731,18.0,0.0,25.0,23.0
2023-08-05,38271.36867526588,,41875.59446450938,56847.57465521731,18.0,0.0,25.0,23.0
2023-08-06,38271.36867526588,,41875.59446450938,56847.57465521731,18.0,0.0,25.0,23.0
2023-08-07,38293.16918176663,,41898.6716735427,56880.846779037776,18.0,0.0,25.0,23.0
2023-08-08,38314.969688267374,,41921.74888257601,56914.118902858245,18.0,0.0,25.0,23.0
2023-08-09,38598.37003574492,,42221.745997717735,57346.646993511116,18.0,0.0,25.0,23.0
2023-08-10,38685.569982737194,,42314.052633087216,57479.73231578859,18.0,0.0,25.0,23.0
2023-08-11,38861.66108939261,,42352.54027375118,57032.58331138886,18.0,0.0,25.0,23.0
2023-08-12,38861.66108939261,,42352.54027375118,57032.58331138886,18.0,0.0,25.0,23.0
2023-08-13,38861.66108939261,,42352.54027375118,57032.58331138886,18.0,0.0,25.0,23.0
2023-08-14,38982.580465212486,,42479.94405283694,57214.24211307965,18.0,0.0,25.0,23.0
2023-08-15,39037.542674217584,,42537.853656543295,57296.81257756021,18.0,0.0,25.0,23.0
2023-08-16,39114.49270216815,,42618.9301944859,57412.415637638805,18.0,0.0,25.0,23.0
2023-08-17,39444.2701495465,,42966.39223494366,57907.844724244744,18.0,0.0,25.0,23.0
2023-08-18,39396.77238071778,,43020.607762599066,57877.06056735874,18.0,0.0,25.0,23.0
2023-08-19,39396.77238071778,,43020.607762599066,57877.06056735874,18.0,0.0,25.0,23.0
2023-08-20,39396.77238071778,,43020.607762599066,57877.06056735874,18.0,0.0,25.0,23.0
2023-08-21,39352.8556047136,,42974.185763845824,57811.025375607045,18.0,0.0,25.0,23.0
2023-08-22,39232.08080590986,,42846.52139342493,57629.423087747484,18.0,0.0,25.0,23.0
2023-08-23,39111.30600710612,,42718.85702300402,57447.82079988792,18.0,0.0,25.0,23.0
2023-08-24,39308.936734542425,,42927.761551464304,57744.98703497397,18.0,0.0,25.0,23.0
2023-08-25,39785.565720784034,,43434.71754584538,58291.913469649466,18.0,0.0,25.0,23.0
2023-08-26,39785.565720784034,,43434.71754584538,58291.913469649466,18.0,0.0,25.0,23.0
2023-08-27,39785.565720784034,,43434.71754584538,58291.913469649466,18.0,0.0,25.0,23.0
2023-08-28,39521.64491409842,,43155.714620720726,57896.52121295745,18.0,0.0,25.0,23.0
2023-08-29,39917.52717285491,,43574.220117066776,58489.61116914466,18.0,0.0,25.0,23.0
2023-08-30,39565.63276394074,,43202.216216900575,57962.42149355528,18.0,0.0,25.0,23.0
2023-08-31,38114.34614409486,,41667.99382187132,55788.18029243872,18.0,0.0,25.0,23.0
2023-09-01,37982.04081807437,,41549.33755497029,55497.680432477544,18.0,0.0,25.0,23.0
2023-09-02,37982.04081807437,,41549.33755497029,55497.680432477544,18.0,0.0,25.0,23.0
2023-09-03,37982.04081807437,,41549.33755497029,55497.680432477544,18.0,0.0,25.0,23.0
2023-09-04,37982.04081807437,,41549.33755497029,55497.680432477544,18.0,0.0,25.0,23.0
2023-09-05,36980.594736192026,,40489.932045835674,54000.54475802971,18.0,0.0,25.0,23.0
2023-09-06,36848.5370655146,,40350.23144051082,53803.12199765099,18.0,0.0,25.0,23.0
2023-09-07,36881.55043367454,,40385.1554815915,53852.47611875655,18.0,0.0,25.0,23.0
2023-09-08,37685.65058187261,,41261.05625495356,54991.739802541706,18.0,0.0,25.0,23.0
2023-09-09,37685.65058187261,,41261.05625495356,54991.739802541706,18.0,0.0,25.0,23.0
2023-09-10,37685.65058187261,,41261.05625495356,54991.739802541706,18.0,0.0,25.0,23.0
2023-09-11,37146.188309885285,,40689.89873782538,54186.43565945285,18.0,0.0,25.0,23.0
2023-09-12,37245.273045566566,,40794.80503907337,54334.34840943453,18.0,0.0,25.0,23.0
2023-09-13,37146.188309885285,,40689.89873782538,54186.43565945285,18.0,0.0,25.0,23.0
2023-09-14,36353.512524310725,,39850.65055109206,53003.136794274,18.0,0.0,25.0,23.0
2023-09-15,36378.18949165109,,40209.19277245102,53918.60191395402,18.0,0.0,25.0,23.0
2023-09-16,36378.18949165109,,40209.19277245102,53918.60191395402,18.0,0.0,25.0,23.0
2023-09-17,36378.18949165109,,40209.19277245102,53918.60191395402,18.0,0.0,25.0,23.0
2023-09-18,36943.26153157822,,40814.301082972044,54780.20568985143,18.0,0.0,25.0,23.0
2023-09-19,37008.46151382518,,40884.12058971768,54879.62053773468,18.0,0.0,25.0,23.0
2023-09-20,37475.73254404685,,41384.49853035921,55592.100461636706,18.0,0.0,25.0,23.0
2023-09-21,38040.804583973986,,41989.606840880246,56453.70423753412,18.0,0.0,25.0,23.0
2023-09-22,37842.68462761862,,42184.1224145603,56894.31916527742,18.0,0.0,25.0,23.0
2023-09-23,37842.68462761862,,42184.1224145603,56894.31916527742,18.0,0.0,25.0,23.0
2023-09-24,37842.68462761862,,42184.1224145603,56894.31916527742,18.0,0.0,25.0,23.0
2023-09-25,38175.648980912396,,42545.3565929786,57410.557333579025,18.0,0.0,25.0,23.0
2023-09-26,38229.35423056995,,42603.6216040673,57493.82360348792,18.0,0.0,25.0,23.0
2023-09-27,38186.390030843904,,42557.009595196345,57427.210587560796,18.0,0.0,25.0,23.0
2023-09-28,38508.61538285195,,42906.59299397983,57926.79867816403,18.0,0.0,25.0,23.0
2023-09-29,38457.24298892969,,43171.33074457519,58296.386303143445,18.0,0.0,25.0,23.0
2023-09-30,38457.24298892969,,43171.33074457519,58296.386303143445,18.0,0.0,25.0,23.0
2023-10-01,38457.24298892969,,43171.33074457519,58296.386303143445,18.0,0.0,25.0,23.0
2023-10-02,37572.43903959002,,42201.8098874501,56911.1102173132,18.0,0.0,25.0,23.0
2023-10-03,37647.06074094692,,42283.57635776669,57027.940231974455,18.0,0.0,25.0,23.0
2023-10-04,36943.481794883504,,41512.632169111515,55926.39554605542,18.0,0.0,25.0,23.0
2023-10-05,38361.30022053115,,43066.2017890341,58146.175374756385,18.0,0.0,25.0,23.0
2023-10-06,37803.370834273715,,42618.093846362004,57490.992618568445,18.0,0.0,25.0,23.0
2023-10-07,37803.370834273715,,42618.093846362004,57490.992618568445,18.0,0.0,25.0,23.0
2023-10-08,37803.370834273715,,42618.093846362004,57490.992618568445,18.0,0.0,25.0,23.0
2023-10-09,38854.73058470336,,43776.055911566116,59144.975744062,18.0,0.0,25.0,23.0
2023-10-10,39311.38221910087,,44279.009605037536,59863.37313107807,18.0,0.0,25.0,23.0
2023-10-11,39842.37211480669,,44863.839066107124,60698.718337080216,18.0,0.0,25.0,23.0
2023-10-12,40054.76685774959,,45097.76951196656,61032.85450752762,18.0,0.0,25.0,23.0
2023-10-13,40206.59941293305,,45368.693609760456,61458.829808728806,18.0,0.0,25.0,23.0
2023-10-14,40206.59941293305,,45368.693609760456,61458.829808728806,18.0,0.0,25.0,23.0
2023-10-15,40206.59941293305,,45368.693609760456,61458.829808728806,18.0,0.0,25.0,23.0
2023-10-16,40640.87613314613,,45848.44222390844,62144.62307471868,18.0,0.0,25.0,23.0
2023-10-17,40863.30966386123,,46094.166144012335,62495.88163958011,18.0,0.0,25.0,23.0
2023-10-18,40577.32196412491,,45778.233476600275,62044.26075016454,18.0,0.0,25.0,23.0
2023-10-19,40301.928646178494,,45474.004498897804,61609.37010520067,18.0,0.0,25.0,23.0
2023-10-20,40658.03809896508,,45863.65422008628,62307.93403295506,18.0,0.0,25.0,23.0
2023-10-21,40658.03809896508,,45863.65422008628,62307.93403295506,18.0,0.0,25.0,23.0
2023-10-22,40658.03809896508,,45863.65422008628,62307.93403295506,18.0,0.0,25.0,23.0
2023-10-23,40531.076920866326,,45723.414274393406,62106.89720912092,18.0,0.0,25.0,23.0
2023-10-24,41060.08653830471,,46307.75258261915,62944.55809774945,18.0,0.0,25.0,23.0
2023-10-25,41165.88684738315,,46424.61846100529,63112.08771913698,18.0,0.0,25.0,23.0
2023-10-26,41028.34523477425,,46272.69148165904,62894.297294079566,18.0,0.0,25.0,23.0
2023-10-27,41948.51468957695,,47309.94939085656,64261.29328510837,18.0,0.0,25.0,23.0
2023-10-28,41948.51468957695,,47309.94939085656,64261.29328510837,18.0,0.0,25.0,23.0
2023-10-29,41948.51468957695,,47309.94939085656,64261.29328510837,18.0,0.0,25.0,23.0
2023-10-30,41503.865953879285,,46818.514679111155,63558.4253335513,18.0,0.0,25.0,23.0
2023-10-31,41927.340459475694,,47286.54720654601,64227.82262266802,18.0,0.0,25.0,23.0
2023-11-01,42435.50986619138,,47848.186239467876,65031.09936960808,18.0,0.0,25.0,23.0
2023-11-02,42477.85832639389,,47894.99060808892,65098.04069448878,18.0,0.0,25.0,23.0
2023-11-03,42397.81665474789,,48190.87221917849,64440.61878975975,18.0,0.0,25.0,23.0
2023-11-04,42397.81665474789,,48190.87221917849,64440.61878975975,18.0,0.0,25.0,23.0
2023-11-05,42397.81665474789,,48190.87221917849,64440.61878975975,18.0,0.0,25.0,23.0
2023-11-06,41984.61065737759,,47729.44738060616,63794.00234379531,18.0,0.0,25.0,23.0
2023-11-07,41476.04709810194,,47161.537283134254,62998.16306910264,18.0,0.0,25.0,23.0
2023-11-08,41052.2458160755,,46688.28074912864,62334.966308835086,18.0,0.0,25.0,23.0
2023-11-09,40914.51115723336,,46534.473221826236,62119.42854763746,18.0,0.0,25.0,23.0
2023-11-10,41062.1788274041,,46716.06611706314,62487.02472122375,18.0,0.0,25.0,23.0
2023-11-11,41062.1788274041,,46716.06611706314,62487.02472122375,18.0,0.0,25.0,23.0
2023-11-12,41062.1788274041,,46716.06611706314,62487.02472122375,18.0,0.0,25.0,23.0
2023-11-13,41231.47275746179,,46905.20358099128,62752.66747052783,18.0,0.0,25.0,23.0
2023-11-14,41115.082423743566,,46775.17072902954,62570.03689286452,18.0,0.0,25.0,23.0
2023-11-15,41400.766687519485,,47094.34104491943,63018.31021983192,18.0,0.0,25.0,23.0
2023-11-16,40924.62624789296,,46562.39051843627,62271.188008219586,18.0,0.0,25.0,23.0
2023-11-17,41393.29128798343,,47122.33659172841,63181.88643200794,18.0,0.0,25.0,23.0
2023-11-18,41393.29128798343,,47122.33659172841,63181.88643200794,18.0,0.0,25.0,23.0
2023-11-19,41393.29128798343,,47122.33659172841,63181.88643200794,18.0,0.0,25.0,23.0
2023-11-20,41784.058599112665,,47559.34424510241,63797.156193049515,18.0,0.0,25.0,23.0
2023-11-21,41720.689620400146,,47488.47667789512,63697.3806609631,18.0,0.0,25.0,23.0
2023-11-22,41509.46573455689,,47252.25821217401,63364.805069126865,18.0,0.0,25.0,23.0
2023-11-23,41509.46573455689,,47252.25821217401,63364.805069126865,18.0,0.0,25.0,23.0
2023-11-24,42082.15254520808,,48362.899900200166,64030.86865086663,18.0,0.0,25.0,23.0
2023-11-25,42082.15254520808,,48362.899900200166,64030.86865086663,18.0,0.0,25.0,23.0
2023-11-26,42082.15254520808,,48362.899900200166,64030.86865086663,18.0,0.0,25.0,23.0
2023-11-27,41723.95613506247,,47957.241453125396,63469.42617879855,18.0,0.0,25.0,23.0
2023-11-28,41112.915554712956,,47265.2362685299,62511.67192931876,18.0,0.0,25.0,23.0
2023-11-29,40638.83348911568,,46728.33698905911,61768.588527774096,18.0,0.0,25.0,23.0
2023-11-30,39180.47097352396,,45076.73731750878,59482.72905868448,18.0,0.0,25.0,23.0
2023-12-01,33454.09225995628,,38710.58567339921,51525.83899825843,18.0,0.0,25.0,34.0
2023-12-02,33454.09225995628,,38710.58567339921,51525.83899825843,18.0,0.0,25.0,34.0
2023-12-03,33454.09225995628,,38710.58567339921,51525.83899825843,18.0,0.0,25.0,34.0
2023-12-04,33089.670378929455,,38296.110755733345,50939.51805655204,18.0,0.0,25.0,34.0
2023-12-05,32725.248497902634,,37881.635838067494,50353.19711484563,18.0,0.0,25.0,34.0
2023-12-06,32674.3994218063,,37823.80268444613,50271.38567669132,18.0,0.0,25.0,34.0
2023-12-07,32750.673844182285,,37910.55333411958,50394.104134292145,18.0,0.0,25.0,34.0
2023-12-08,32667.86387885295,,37884.2807298935,50599.336597818095,18.0,0.0,25.0,34.0
2023-12-09,32667.86387885295,,37884.2807298935,50599.336597818095,18.0,0.0,25.0,34.0
2023-12-10,32667.86387885295,,37884.2807298935,50599.336597818095,18.0,0.0,25.0,34.0
2023-12-11,32356.04472735798,,37528.74246284871,50093.2077671868,18.0,0.0,25.0,34.0
2023-12-12,32010.516309644154,,37134.768666628275,49532.36378704978,18.0,0.0,25.0,34.0
2023-12-13,32297.052305907768,,37461.47891219563,49997.454298737044,18.0,0.0,25.0,34.0
2023-12-14,32263.34303968888,,37423.04338301996,49942.73914923128,18.0,0.0,25.0,34.0
2023-12-15,32878.33639930926,,38270.937009309775,52057.096124860705,18.0,0.0,25.0,34.0
2023-12-16,32878.33639930926,,38270.937009309775,52057.096124860705,18.0,0.0,25.0,34.0
2023-12-17,32878.33639930926,,38270.937009309775,52057.096124860705,18.0,0.0,25.0,34.0
2023-12-18,33292.431428910815,,38745.62409693462,52748.51043408585,18.0,0.0,25.0,34.0
2023-12-19,33350.40448031148,,38812.07999947609,52845.30801537157,18.0,0.0,25.0,34.0
2023-12-20,33043.97504300875,,38460.812568674744,52333.66290356528,18.0,0.0,25.0,34.0
2023-12-21,33516.043124010976,,39001.95555884103,53121.87479407614,18.0,0.0,25.0,34.0
2023-12-22,33940.07942594373,,39494.09628874069,54067.07963356286,18.0,0.0,25.0,34.0
2023-12-23,33940.07942594373,,39494.09628874069,54067.07963356286,18.0,0.0,25.0,34.0
2023-12-24,33940.07942594373,,39494.09628874069,54067.07963356286,18.0,0.0,25.0,34.0
2023-12-25,33940.07942594373,,39494.09628874069,54067.07963356286,18.0,0.0,25.0,34.0
2023-12-26,33279.66865178246,,38736.89176275671,52958.13584716223,18.0,0.0,25.0,34.0
2023-12-27,32850.4008613059,,38244.70791820814,52237.321064036565,18.0,0.0,25.0,34.0
2023-12-28,32701.808043483725,,38074.33644853224,51987.808051113774,18.0,0.0,25.0,34.0
2023-12-29,32799.42343504013,,38141.523639287545,52088.25399701097,18.0,0.0,25.0,34.0
2023-12-30,32799.42343504013,,38141.523639287545,52088.25399701097,18.0,0.0,25.0,34.0
2023-12-31,32799.42343504013,,38141.523639287545,52474.512128365306,18.0,0.0,25.0,33.0
2024-01-01,32184.49961170852,,37436.544037951644,51346.5304930243,18.0,0.0,25.0,33.0
2024-01-02,34184.085878337966,,39723.86206526787,54731.72939600638,18.0,0.0,25.0,33.0
2024-01-03,35011.81026944606,,40670.692393634876,56133.025127784844,18.0,0.0,25.0,33.0
2024-01-04,34847.98952581882,,40483.29855801978,55855.68485451548,18.0,0.0,25.0,33.0
2024-01-05,36187.64634304237,,41801.6456782368,57581.169953431774,18.0,0.0,25.0,33.0
2024-01-06,36187.64634304237,,41801.6456782368,57581.169953431774,18.0,0.0,25.0,33.0
2024-01-07,36187.64634304237,,41801.6456782368,57581.169953431774,18.0,0.0,25.0,33.0
2024-01-08,35787.92119494791,,41347.568224542876,56912.47916006624,18.0,0.0,25.0,33.0
2024-01-09,35900.88649323574,,41475.89388843179,57101.45614911728,18.0,0.0,25.0,33.0
2024-01-10,35813.989217476344,,41377.18082547373,56956.087741485535,18.0,0.0,25.0,33.0
2024-01-11,35466.40177186644,,40982.330456436604,56374.61688363035,18.0,0.0,25.0,33.0
2024-01-12,35877.970776141876,,41708.3615540292,57533.69334264514,18.0,0.0,25.0,33.0
2024-01-13,35877.970776141876,,41708.3615540292,57533.69334264514,18.0,0.0,25.0,33.0
2024-01-14,35877.970776141876,,41708.3615540292,57533.69334264514,18.0,0.0,25.0,33.0
2024-01-15,35877.970776141876,,41708.3615540292,57533.69334264514,18.0,0.0,25.0,33.0
2024-01-16,35990.003508607486,,41836.71186702842,57723.08361471037,18.0,0.0,25.0,33.0
2024-01-17,36179.59521406806,,42053.91762647367,58043.586595296954,18.0,0.0,25.0,33.0
2024-01-18,35843.500304113106,,41668.8704537342,57475.42133649061,18.0,0.0,25.0,33.0
2024-01-19,35938.54770527406,,42221.62843806277,57390.20611319585,18.0,0.0,25.0,33.0
2024-01-20,35938.54770527406,,42221.62843806277,57390.20611319585,18.0,0.0,25.0,33.0
2024-01-21,35938.54770527406,,42221.62843806277,57390.20611319585,18.0,0.0,25.0,33.0
2024-01-22,35353.09465829993,,41541.19911897045,56405.87961434177,18.0,0.0,25.0,33.0
2024-01-23,35008.710996006565,,41140.94713966672,55826.86483882766,18.0,0.0,25.0,33.0
2024-01-24,35585.554246154505,,41811.36992070744,56796.71562317386,18.0,0.0,25.0,33.0
2024-01-25,35533.89710734822,,41751.332600949885,56709.86409708683,18.0,0.0,25.0,33.0
2024-01-26,36264.807702365804,,42704.77750442641,58183.895517819285,18.0,0.0,25.0,33.0
2024-01-27,36264.807702365804,,42704.77750442641,58183.895517819285,18.0,0.0,25.0,33.0
2024-01-28,36264.807702365804,,42704.77750442641,58183.895517819285,18.0,0.0,25.0,33.0
2024-01-29,35861.70718362858,,42234.73698546937,57502.51356767014,18.0,0.0,25.0,33.0
2024-01-30,36402.03348048317,,42864.79137928481,58415.85544830327,18.0,0.0,25.0,33.0
2024-01-31,36221.925260151744,,42654.773883851616,58111.409076485725,18.0,0.0,25.0,33.0
2024-02-01,35664.44533206742,,42004.717278799915,57169.07151324698,18.0,0.0,25.0,33.0
2024-02-02,35318.15719284034,,41065.67232206256,56406.51303215046,18.0,0.0,25.0,33.0
2024-02-03,35318.15719284034,,41065.67232206256,56406.51303215046,18.0,0.0,25.0,33.0
2024-02-04,35318.15719284034,,41065.67232206256,56406.51303215046,18.0,0.0,25.0,33.0
2024-02-05,35568.57179555053,,41352.54702388934,56828.10538109738,18.0,0.0,25.0,33.0
2024-02-06,35361.33161320461,,41115.13289199138,56479.2005076363,18.0,0.0,25.0,33.0
2024-02-07,36095.308288387205,,41955.9757883799,57714.90700084186,18.0,0.0,25.0,33.0
2024-02-08,35879.43289256871,,41708.66916513621,57351.46407771371,18.0,0.0,25.0,33.0
2024-02-09,36058.05690084238,,41941.62014558954,57579.78812870596,18.0,0.0,25.0,33.0
2024-02-10,36058.05690084238,,41941.62014558954,57579.78812870596,18.0,0.0,25.0,33.0
2024-02-11,36058.05690084238,,41941.62014558954,57579.78812870596,18.0,0.0,25.0,33.0
2024-02-12,36783.79119006682,,42773.78472325339,58799.66425831628,18.0,0.0,25.0,33.0
2024-02-13,36541.87921102849,,42496.39590084652,58393.03795847449,18.0,0.0,25.0,33.0
2024-02-14,36870.18679525358,,42872.85040523886,58944.885364767244,18.0,0.0,25.0,33.0
2024-02-15,37483.60580900092,,43576.22846258757,59975.97239404231,18.0,0.0,25.0,33.0
2024-02-16,37779.89903615699,,43872.33239209844,60203.52525044018,18.0,0.0,25.0,33.0
2024-02-17,37779.89903615699,,43872.33239209844,60203.52525044018,18.0,0.0,25.0,33.0
2024-02-18,37779.89903615699,,43872.33239209844,60203.52525044018,18.0,0.0,25.0,33.0
2024-02-19,37779.89903615699,,43872.33239209844,60203.52525044018,18.0,0.0,25.0,33.0
2024-02-20,37251.07573817159,,43266.762613060266,59319.63213471006,18.0,0.0,25.0,33.0
2024-02-21,36791.604743124175,,42740.61002105967,58551.65679975933,18.0,0.0,25.0,33.0
2024-02-22,36843.61979709202,,42800.17385808796,58638.59651722574,18.0,0.0,25.0,33.0
2024-02-23,36791.42122592257,,42623.158411610915,58318.029732025505,18.0,0.0,25.0,33.0
2024-02-24,36791.42122592257,,42623.158411610915,58318.029732025505,18.0,0.0,25.0,33.0
2024-02-25,36791.42122592257,,42623.158411610915,58318.029732025505,18.0,0.0,25.0,33.0
2024-02-26,37035.076714317314,,42901.14093777347,58723.22614342553,18.0,0.0,25.0,33.0
2024-02-27,36295.40974933968,,42057.267102638085,57493.16807326003,18.0,0.0,25.0,33.0
2024-02-28,41265.9602600471,,47728.086161498686,65759.13919047193,18.0,0.0,25.0,33.0
2024-02-29,41083.21988857646,,47519.60068707756,65455.243952052966,18.0,0.0,25.0,33.0
2024-03-01,36217.70229416247,,42416.26168473343,58697.26712398724,18.0,0.0,25.0,41.0
2024-03-02,36217.70229416247,,42416.26168473343,58697.26712398724,18.0,0.0,25.0,41.0
2024-03-03,36217.70229416247,,42416.26168473343,58697.26712398724,18.0,0.0,25.0,41.0
2024-03-04,36202.97088674361,,42399.211124675785,58672.04297327229,18.0,0.0,25.0,41.0
2024-03-05,36784.848836009216,,43072.69361267483,59668.37527694593,18.0,0.0,25.0,41.0
2024-03-06,36755.38602117151,,43038.59249255954,59617.926975516035,18.0,0.0,25.0,41.0
2024-03-07,36895.33158192193,,43200.569561045406,59857.55159629319,18.0,0.0,25.0,41.0
2024-03-08,36757.17280606163,,42896.855027503865,59466.087501994094,18.0,0.0,25.0,41.0
2024-03-09,36757.17280606163,,42896.855027503865,59466.087501994094,18.0,0.0,25.0,41.0
2024-03-10,36757.17280606163,,42896.855027503865,59466.087501994094,18.0,0.0,25.0,41.0
2024-03-11,36387.7876009392,,42471.242809025316,58835.673676814724,18.0,0.0,25.0,41.0
2024-03-12,36373.01185455204,,42454.217930626546,58810.45654664645,18.0,0.0,25.0,41.0
2024-03-13,36860.60021258624,,43016.02592913169,59642.60260349619,18.0,0.0,25.0,41.0
2024-03-14,37326.024951039704,,43552.29661003868,60436.92296509354,18.0,0.0,25.0,41.0
2024-03-15,37182.88627993436,,43296.38141125305,59982.43877268397,18.0,0.0,25.0,41.0
2024-03-16,37182.88627993436,,43296.38141125305,59982.43877268397,18.0,0.0,25.0,41.0
2024-03-17,37182.88627993436,,43296.38141125305,59982.43877268397,18.0,0.0,25.0,41.0
2024-03-18,37212.53646429947,,43330.44860259053,60032.819046251774,18.0,0.0,25.0,41.0
2024-03-19,36871.56641309371,,42938.68402427487,59453.45791154013,18.0,0.0,25.0,41.0
2024-03-20,36434.23609029855,,42436.20432293855,58710.36569226039,18.0,0.0,25.0,41.0
2024-03-21,37027.22705341333,,43117.533529970504,59717.94954324387,18.0,0.0,25.0,41.0
2024-03-22,36630.379475977876,,42617.42378698177,59336.037916819434,18.0,0.0,25.0,41.0
2024-03-23,36630.379475977876,,42617.42378698177,59336.037916819434,18.0,0.0,25.0,41.0
2024-03-24,36630.379475977876,,42617.42378698177,59336.037916819434,18.0,0.0,25.0,41.0
2024-03-25,36622.993912488935,,42608.94986056295,59323.41007789051,18.0,0.0,25.0,41.0
2024-03-26,36453.128769547926,,42414.05278540255,59032.97459955313,18.0,0.0,25.0,41.0
2024-03-27,36807.62877375563,,42820.79317232478,59639.098825571746,18.0,0.0,25.0,41.0
2024-03-28,36881.48159134054,,42905.52920404054,59765.37239783305,18.0,0.0,25.0,41.0
2024-03-29,36894.857991738485,,43208.14899666424,59971.693371952264,18.0,0.0,25.0,41.0
2024-03-30,36894.857991738485,,43208.14899666424,59971.693371952264,18.0,0.0,25.0,41.0
2024-03-31,36894.857991738485,,43208.14899666424,59971.693371952264,18.0,0.0,25.0,41.0
2024-04-01,37284.428821041045,,43997.337141168406,60640.35869931619,18.0,0.0,24.0,41.0
2024-04-02,37055.50844568027,,43729.55814106083,60247.43626720052,18.0,0.0,24.0,41.0
2024-04-03,37661.040578983244,,44437.877743164136,61286.78087847257,18.0,0.0,24.0,41.0
2024-04-04,37535.50332633584,,44291.03087583222,61071.30681875378,18.0,0.0,24.0,41.0
2024-04-05,37248.60694531545,,44004.31965537356,60631.24804843382,18.0,0.0,24.0,41.0
2024-04-06,37248.60694531545,,44004.31965537356,60631.24804843382,18.0,0.0,24.0,41.0
2024-04-07,37248.60694531545,,44004.31965537356,60631.24804843382,18.0,0.0,24.0,41.0
2024-04-08,36931.392634978634,,43632.70693996333,60086.185025369196,18.0,0.0,24.0,41.0
2024-04-09,36614.17832464183,,43261.09422455311,59541.12200230457,18.0,0.0,24.0,41.0
2024-04-10,36643.68728702887,,43295.66361592118,59591.82666386005,18.0,0.0,24.0,41.0
2024-04-11,37646.96808808706,,44470.99490032737,61315.74405531334,18.0,0.0,24.0,41.0
2024-04-12,37399.83668970648,,44160.18003500406,60810.96160797849,18.0,0.0,24.0,41.0
2024-04-13,37399.83668970648,,44160.18003500406,60810.96160797849,18.0,0.0,24.0,41.0
2024-04-14,37399.83668970648,,44160.18003500406,60810.96160797849,18.0,0.0,24.0,41.0
2024-04-15,37458.92267011938,,44229.35396757099,60912.32017706355,18.0,0.0,24.0,41.0
2024-04-16,37599.25240187034,,44393.64267588118,61153.04768485765,18.0,0.0,24.0,41.0
2024-04-17,37370.29440386048,,44125.59389333892,60760.28353172543,18.0,0.0,24.0,41.0
2024-04-18,36506.16105987129,,43113.92409877472,59277.91294849468,18.0,0.0,24.0,41.0
2024-04-19,36520.61576572686,,43341.009998175796,59621.69920795509,18.0,0.0,24.0,41.0
2024-04-20,36520.61576572686,,43341.009998175796,59621.69920795509,18.0,0.0,24.0,41.0
2024-04-21,36520.61576572686,,43341.009998175796,59621.69920795509,18.0,0.0,24.0,41.0
2024-04-22,36366.39030968906,,43159.268362265175,59355.336171875875,18.0,0.0,24.0,41.0
2024-04-23,36748.28044764953,,43609.29354094939,60014.899250560695,18.0,0.0,24.0,41.0
2024-04-24,36241.54166461595,,43012.14480964461,59139.70987381585,18.0,0.0,24.0,41.0
2024-04-25,36770.31305587306,,43635.25710341693,60052.95180407509,18.0,0.0,24.0,41.0
2024-04-26,37088.17469291238,,43941.47037414187,60490.46638259322,18.0,0.0,24.0,41.0
2024-04-27,37088.17469291238,,43941.47037414187,60490.46638259322,18.0,0.0,24.0,41.0
2024-04-28,37088.17469291238,,43941.47037414187,60490.46638259322,18.0,0.0,24.0,41.0
2024-04-29,37014.59456326793,,43854.94254050541,60363.679711792465,18.0,0.0,24.0,41.0
2024-04-30,36860.07320342238,,43673.23045896107,60097.422382849254,18.0,0.0,24.0,41.0
2024-05-01,36907.495916824155,,44103.783606845056,60179.13694331014,18.0,0.0,23.0,41.0
2024-05-02,37779.55820869254,,45141.08033099054,61681.79636034514,18.0,0.0,23.0,41.0
2024-05-03,37984.3831805811,,45286.009642300814,61868.18486748015,18.0,0.0,23.0,41.0
2024-05-04,37984.3831805811,,45286.009642300814,61868.18486748015,18.0,0.0,23.0,41.0
2024-05-05,37984.3831805811,,45286.009642300814,61868.18486748015,18.0,0.0,23.0,41.0
2024-05-06,37902.864836405985,,45189.32473926438,61728.19082847394,18.0,0.0,23.0,41.0
2024-05-07,38080.723298875724,,45400.27392342783,62033.63280947255,18.0,0.0,23.0,41.0
2024-05-08,38399.38296155209,,45778.22049360472,62580.877159168704,18.0,0.0,23.0,41.0
2024-05-09,38718.04403771063,,46156.168740243396,63128.12393628266,18.0,0.0,23.0,41.0
2024-05-10,39167.67382492203,,46442.486255013864,63731.085403485005,18.0,0.0,23.0,41.0
2024-05-11,39167.67382492203,,46442.486255013864,63731.085403485005,18.0,0.0,23.0,41.0
2024-05-12,39167.67382492203,,46442.486255013864,63731.085403485005,18.0,0.0,23.0,41.0
2024-05-13,39450.304685571624,,46775.374578406816,64214.8625799646,18.0,0.0,23.0,41.0
2024-05-14,39591.62082520798,,46941.81957554472,64456.75238232779,18.0,0.0,23.0,41.0
2024-05-15,39866.81384496902,,47265.947460047995,64927.79826097281,18.0,0.0,23.0,41.0
2024-05-16,40008.129984605366,,47432.3924571859,65169.68806333599,18.0,0.0,23.0,41.0
2024-05-17,40213.11116771137,,47543.93025874,65352.51264930344,18.0,0.0,23.0,41.0
2024-05-18,40213.11116771137,,47543.93025874,65352.51264930344,18.0,0.0,23.0,41.0
2024-05-19,40213.11116771137,,47543.93025874,65352.51264930344,18.0,0.0,23.0,41.0
2024-05-20,40675.527784579535,,48086.639470693764,66141.52529688556,18.0,0.0,23.0,41.0
2024-05-21,41279.651503459034,,48795.661368773915,67172.3300679783,18.0,0.0,23.0,41.0
2024-05-22,40600.94427572181,,47999.10551140168,66014.26487923804,18.0,0.0,23.0,41.0
2024-05-23,40571.11030315389,,47964.091259856286,65963.3597412628,18.0,0.0,23.0,41.0
2024-05-24,41027.919915760096,,48688.9605205857,66591.1917123391,18.0,0.0,23.0,41.0
2024-05-25,41027.919915760096,,48688.9605205857,66591.1917123391,18.0,0.0,23.0,41.0
2024-05-26,41027.919915760096,,48688.9605205857,66591.1917123391,18.0,0.0,23.0,41.0
2024-05-27,41027.919915760096,,48688.9605205857,66591.1917123391,18.0,0.0,23.0,41.0
2024-05-28,41520.42825214677,,49269.90361522378,67429.20598405969,18.0,0.0,23.0,41.0
2024-05-29,41154.778209878554,,48838.59748004585,66807.04402001238,18.0,0.0,23.0,41.0
2024-05-30,42751.31587907169,,50721.80932789394,69523.58961584768,18.0,0.0,23.0,41.0
2024-05-31,43016.38203876873,,50978.67549309704,70011.60807514444,18.0,0.0,23.0,41.0
2024-06-01,43016.38203876873,,50978.67549309704,70011.60807514444,18.0,0.0,23.0,41.0
2024-06-02,43016.38203876873,,50978.67549309704,70011.60807514444,18.0,0.0,23.0,41.0
2024-06-03,42740.30876925771,,50653.48552723873,69541.56130628892,18.0,0.0,23.0,41.0
2024-06-04,41941.931219384474,,49713.06717871413,68182.23090711843,18.0,0.0,23.0,41.0
2024-06-05,42367.235706445485,,50214.038358835016,68906.36113630315,18.0,0.0,23.0,41.0
2024-06-06,41904.62448236755,,49669.12313241694,68118.71185935839,18.0,0.0,23.0,41.0
2024-06-07,41418.68425174874,,49067.888259202926,67449.27868187401,18.0,0.0,23.0,41.0
2024-06-08,41418.68425174874,,49067.888259202926,67449.27868187401,18.0,0.0,23.0,41.0
2024-06-09,41418.68425174874,,49067.888259202926,67449.27868187401,18.0,0.0,23.0,41.0
2024-06-10,41783.693955208335,,49497.51115021372,68072.53723498397,18.0,0.0,23.0,41.0
2024-06-11,41172.861332242544,,48778.55032557001,67029.53302667485,18.0,0.0,23.0,41.0
2024-06-12,41582.56572448002,,49260.77965751534,67729.1083099851,18.0,0.0,23.0,41.0
2024-06-13,41053.67454828916,,48638.26536819215,66826.02012876405,18.0,0.0,23.0,41.0
2024-06-14,39758.47844542343,,47109.48632523399,64654.157031247705,18.0,0.0,23.0,41.0
2024-06-15,39758.47844542343,,47109.48632523399,64654.157031247705,18.0,0.0,23.0,41.0
2024-06-16,39758.47844542343,,47109.48632523399,64654.157031247705,18.0,0.0,23.0,41.0
2024-06-17,39691.46622783208,,47030.62119769612,64539.645894692316,18.0,0.0,23.0,41.0
2024-06-18,40235.008508142724,,47670.30352428812,65468.45628959409,18.0,0.0,23.0,41.0
2024-06-19,40235.008508142724,,47670.30352428812,65468.45628959409,18.0,0.0,23.0,41.0
2024-06-20,40726.430490364895,,48248.64667865447,66308.20300646461,18.0,0.0,23.0,41.0
2024-06-21,41015.56177751825,,48513.52275055966,66761.90188094697,18.0,0.0,23.0,41.0
2024-06-22,41015.56177751825,,48513.52275055966,66761.90188094697,18.0,0.0,23.0,41.0
2024-06-23,41015.56177751825,,48513.52275055966,66761.90188094697,18.0,0.0,23.0,41.0
2024-06-24,41276.39829772401,,48819.87782072377,67207.29130309305,18.0,0.0,23.0,41.0
2024-06-25,41015.56177751825,,48513.52275055966,66761.90188094697,18.0,0.0,23.0,41.0
2024-06-26,41321.112683019535,,48872.39530805166,67283.64301263385,18.0,0.0,23.0,41.0
2024-06-27,41447.80462589407,,49021.19624673132,67499.9748789804,18.0,0.0,23.0,41.0
2024-06-28,41072.41903897349,,48568.325358861206,66852.4797064297,18.0,0.0,23.0,41.0
2024-06-29,41072.41903897349,,48568.325358861206,66852.4797064297,18.0,0.0,23.0,41.0
2024-06-30,41072.41903897349,,48568.325358861206,66852.4797064297,18.0,0.0,23.0,41.0
2024-07-01,40476.13343183049,,47868.20582479323,65834.41835725476,18.0,0.0,23.0,41.0
2024-07-02,40737.00829610219,,48174.50801662217,66279.82004581603,18.0,0.0,23.0,41.0
2024-07-03,40655.02010913094,,48078.242853462485,66139.83846107799,18.0,0.0,23.0,41.0
2024-07-04,40655.02010913094,,48078.242853462485,66139.83846107799,18.0,0.0,23.0,41.0
2024-07-05,39944.881360705425,,47220.64890752645,65166.083352718044,18.0,0.0,23.0,41.0
2024-07-06,39944.881360705425,,47220.64890752645,65166.083352718044,18.0,0.0,23.0,41.0
2024-07-07,39944.881360705425,,47220.64890752645,65166.083352718044,18.0,0.0,23.0,41.0
2024-07-08,39528.61745053112,,46732.22084697007,64452.152213025096,18.0,0.0,23.0,41.0
2024-07-09,39305.62004119577,,46470.56426447856,64069.69101304097,18.0,0.0,23.0,41.0
2024-07-10,39186.68790051252,,46331.01386534017,63865.71138216555,18.0,0.0,23.0,41.0
2024-07-11,39201.55477254367,,46348.45808112547,63891.20944393223,18.0,0.0,23.0,41.0
2024-07-12,39795.825244574415,,46424.17814323962,63962.021717981814,18.0,0.0,23.0,41.0
2024-07-13,39795.825244574415,,46424.17814323962,63962.021717981814,18.0,0.0,23.0,41.0
2024-07-14,39795.825244574415,,46424.17814323962,63962.021717981814,18.0,0.0,23.0,41.0
2024-07-15,39826.011315399075,,46458.9848240053,64012.859062371535,18.0,0.0,23.0,41.0
2024-07-16,39992.03830348394,,46650.42571759924,64292.47051694905,18.0,0.0,23.0,41.0
2024-07-17,39697.71727569995,,46311.05269630677,63796.7948943246,18.0,0.0,23.0,41.0
2024-07-18,39826.011315399075,,46458.9848240053,64012.859062371535,18.0,0.0,23.0,41.0
2024-07-19,40195.822123133505,,46861.44149977493,64418.4658749848,18.0,0.0,23.0,41.0
2024-07-20,40195.822123133505,,46861.44149977493,64418.4658749848,18.0,0.0,23.0,41.0
2024-07-21,40195.822123133505,,46861.44149977493,64418.4658749848,18.0,0.0,23.0,41.0
2024-07-22,41398.96756615325,,48247.82457145891,66436.30147931802,18.0,0.0,23.0,41.0
2024-07-23,41171.959591096565,,47986.243550160325,66055.57878515455,18.0,0.0,23.0,41.0
2024-07-24,40619.57246005219,,47349.728512066606,65129.15178760118,18.0,0.0,23.0,41.0
2024-07-25,40112.58663536286,,46765.5293456143,64278.868844765326,18.0,0.0,23.0,41.0
2024-07-26,39994.66487090132,,46602.053850099575,63878.712107505926,18.0,0.0,23.0,41.0
2024-07-27,39994.66487090132,,46602.053850099575,63878.712107505926,18.0,0.0,23.0,41.0
2024-07-28,39994.66487090132,,46602.053850099575,63878.712107505926,18.0,0.0,23.0,41.0
2024-07-29,40298.1183921155,,46951.45139924477,64385.65230309495,18.0,0.0,23.0,41.0
2024-07-30,40442.25935730995,,47117.415859860834,64626.44980248031,18.0,0.0,23.0,41.0
2024-07-31,40768.47243523291,,47493.01884996402,65171.4114192191,18.0,0.0,23.0,41.0
2024-08-01,40449.845876212865,,47126.15100684683,64639.123609530245,18.0,0.0,23.0,41.0
2024-08-02,39808.310254042044,,46448.11709555241,63440.99210490246,18.0,0.0,23.0,41.0
2024-08-03,39808.310254042044,,46448.11709555241,63440.99210490246,18.0,0.0,23.0,41.0
2024-08-04,39808.310254042044,,46448.11709555241,63440.99210490246,18.0,0.0,23.0,41.0
2024-08-05,38950.111553944385,,45458.28588846508,62010.851230762804,18.0,0.0,23.0,41.0
2024-08-06,39428.57603392304,,46010.13836005678,62808.185938405215,18.0,0.0,23.0,41.0
2024-08-07,39398.1980495705,,45975.100930010405,62757.562700346694,18.0,0.0,23.0,41.0
2024-08-08,39664.012293368,,46281.6863790086,63200.52749968757,18.0,0.0,23.0,41.0
2024-08-09,39536.28232581203,,46297.58482342279,63143.15924486606,18.0,0.0,23.0,41.0
2024-08-10,39536.28232581203,,46297.58482342279,63143.15924486606,18.0,0.0,23.0,41.0
2024-08-11,39536.28232581203,,46297.58482342279,63143.15924486606,18.0,0.0,23.0,41.0
2024-08-12,39998.1935845172,,46832.82725833508,63915.27347433022,18.0,0.0,23.0,41.0
2024-08-13,39892.181732736935,,46709.98539075321,63738.06787972996,18.0,0.0,23.0,41.0
2024-08-14,40217.78976953393,,47087.28565169678,64282.34255089428,18.0,0.0,23.0,41.0
2024-08-15,40861.43625027805,,47833.114862575814,65358.238834349635,18.0,0.0,23.0,41.0
2024-08-16,41159.96278360218,,48170.853986526556,65771.28136893973,18.0,0.0,23.0,41.0
2024-08-17,41159.96278360218,,48170.853986526556,65771.28136893973,18.0,0.0,23.0,41.0
2024-08-18,41159.96278360218,,48170.853986526556,65771.28136893973,18.0,0.0,23.0,41.0
2024-08-19,41137.22153352316,,48144.50824076916,65733.3290097117,18.0,0.0,23.0,41.0
2024-08-20,40621.76621074851,,47547.35307841348,64873.09724989315,18.0,0.0,23.0,41.0
2024-08-21,40659.6668483969,,47591.2609796967,64936.3487690491,18.0,0.0,23.0,41.0
2024-08-22,40182.11216327064,,47038.01371862426,64139.36852838652,18.0,0.0,23.0,41.0
2024-08-23,40297.609145344366,,47170.957816714224,64286.273569162855,18.0,0.0,23.0,41.0
2024-08-24,40297.609145344366,,47170.957816714224,64286.273569162855,18.0,0.0,23.0,41.0
2024-08-25,40297.609145344366,,47170.957816714224,64286.273569162855,18.0,0.0,23.0,41.0
2024-08-26,40418.95900065147,,47311.53831562508,64488.61292356305,18.0,0.0,23.0,41.0
2024-08-27,40199.012930383986,,47056.736789793555,64121.873748240934,18.0,0.0,23.0,41.0
2024-08-28,39797.04063055147,,46591.06283974399,63451.62312924314,18.0,0.0,23.0,41.0
2024-08-29,39781.87153698699,,46573.48985841719,63426.33010692427,18.0,0.0,23.0,41.0
2024-08-30,40380.34072343941,,47340.19169292161,64454.5525270672,18.0,0.0,23.0,41.0
2024-08-31,40380.34072343941,,47340.19169292161,64454.5525270672,18.0,0.0,23.0,41.0
2024-09-01,40380.34072343941,,47340.19169292161,64454.5525270672,18.0,0.0,23.0,41.0
2024-09-02,40380.34072343941,,47340.19169292161,64454.5525270672,18.0,0.0,23.0,41.0
2024-09-03,38509.12354576836,,45168.038507388665,61332.657567066126,18.0,0.0,23.0,41.0
2024-09-04,37925.56479759922,,44490.6297015552,60359.06180463237,18.0,0.0,23.0,41.0
2024-09-05,37955.88021359072,,44525.820553906524,60409.63933540942,18.0,0.0,23.0,41.0
2024-09-06,37896.23007208374,,44518.11461831471,60341.78594512358,18.0,0.0,23.0,41.0
2024-09-07,37896.23007208374,,44518.11461831471,60341.78594512358,18.0,0.0,23.0,41.0
2024-09-08,37896.23007208374,,44518.11461831471,60341.78594512358,18.0,0.0,23.0,41.0
2024-09-09,37903.803192112806,,44526.92189403796,60354.42910714765,18.0,0.0,23.0,41.0
2024-09-10,37578.16625298738,,44148.21743701834,59810.78519729486,18.0,0.0,23.0,41.0
2024-09-11,37949.24191228726,,44579.765548377494,60430.28807929217,18.0,0.0,23.0,41.0
2024-09-12,38350.60716285353,,45046.53940299751,61100.35878651267,18.0,0.0,23.0,41.0
2024-09-13,37954.43829472235,,44651.937375612266,60557.76984800015,18.0,0.0,23.0,41.0
2024-09-14,37954.43829472235,,44651.937375612266,60557.76984800015,18.0,0.0,23.0,41.0
2024-09-15,37954.43829472235,,44651.937375612266,60557.76984800015,18.0,0.0,23.0,41.0
2024-09-16,38596.90171116045,,45400.575608999716,61632.999814806266,18.0,0.0,23.0,41.0
2024-09-17,38604.460290861694,,45409.383335026876,61645.64989136056,18.0,0.0,23.0,41.0
2024-09-18,38536.43451520209,,45330.11548068436,61531.80161512727,18.0,0.0,23.0,41.0
2024-09-19,39141.10791643727,,46034.71844373991,62543.78602467268,18.0,0.0,23.0,41.0
2024-09-20,37804.566770860554,,44500.78650295706,60457.82892680369,18.0,0.0,23.0,41.0
2024-09-21,37804.566770860554,,44500.78650295706,60457.82892680369,18.0,0.0,23.0,41.0
2024-09-22,37804.566770860554,,44500.78650295706,60457.82892680369,18.0,0.0,23.0,41.0
2024-09-23,37879.99530416151,,44588.74236649629,60584.46384464835,18.0,0.0,23.0,41.0
2024-09-24,38136.451454177004,,44887.79129595855,61015.02111610414,18.0,0.0,23.0,41.0
2024-09-25,37201.14138181209,,43797.142949880305,59444.75441476667,18.0,0.0,23.0,41.0
2024-09-26,38264.67952918475,,45037.31576068968,61230.29975183202,18.0,0.0,23.0,41.0
2024-09-27,38053.10445978249,,44983.076148474494,61291.56518123079,18.0,0.0,23.0,41.0
2024-09-28,38053.10445978249,,44983.076148474494,61291.56518123079,18.0,0.0,23.0,41.0
2024-09-29,38053.10445978249,,44983.076148474494,61291.56518123079,18.0,0.0,23.0,41.0
2024-09-30,38068.092432939375,,45000.6532074945,61316.94414011719,18.0,0.0,23.0,41.0
2024-10-01,38522.4420071183,,45953.106769970356,62086.288936938836,18.0,0.0,22.0,41.0
2024-10-02,39117.12862926842,,46659.02136873013,63093.264808584456,18.0,0.0,22.0,41.0
2024-10-03,39644.06737843811,,47284.5167840233,63985.52400273032,18.0,0.0,22.0,41.0
2024-10-04,39364.00644310551,,46993.30669234987,63722.94772373069,18.0,0.0,22.0,41.0
2024-10-05,39364.00644310551,,46993.30669234987,63722.94772373069,18.0,0.0,22.0,41.0
2024-10-06,39364.00644310551,,46993.30669234987,63722.94772373069,18.0,0.0,22.0,41.0
2024-10-07,40242.29333469164,,48037.06416609576,65216.29544878736,18.0,0.0,22.0,41.0
2024-10-08,39754.356490875834,,47457.19928102502,64386.65836475011,18.0,0.0,22.0,41.0
2024-10-09,39123.79146964507,,46707.83485364098,63314.511155249216,18.0,0.0,22.0,41.0
2024-10-10,39311.45959663532,,46930.85994032561,63633.602528684634,18.0,0.0,22.0,41.0
2024-10-11,39120.98184289082,,46733.85980653626,63448.149709821955,18.0,0.0,22.0,41.0
2024-10-12,39120.98184289082,,46733.85980653626,63448.149709821955,18.0,0.0,22.0,41.0
2024-10-13,39120.98184289082,,46733.85980653626,63448.149709821955,18.0,0.0,22.0,41.0
2024-10-14,38326.736956654546,,45789.199504164,62094.02869418112,18.0,0.0,22.0,41.0
2024-10-15,37367.64779443192,,44648.476442942214,60458.86199314849,18.0,0.0,22.0,41.0
2024-10-16,37345.168639755575,,44621.74014860577,60420.53691698043,18.0,0.0,22.0,41.0
2024-10-17,37442.57688086631,,44737.59572425484,60586.60981045504,18.0,0.0,22.0,41.0
2024-10-18,37448.47595235218,,44799.522861008496,60739.48818530013,18.0,0.0,22.0,41.0
2024-10-19,37448.47595235218,,44799.522861008496,60739.48818530013,18.0,0.0,22.0,41.0
2024-10-20,37448.47595235218,,44799.522861008496,60739.48818530013,18.0,0.0,22.0,41.0
2024-10-21,37276.51273230046,,44594.6591356656,60445.43703151633,18.0,0.0,22.0,41.0
2024-10-22,36798.00985297653,,44024.60768852406,59627.21367124344,18.0,0.0,22.0,41.0
2024-10-23,35953.15302841384,,43018.11038980385,58182.537745949354,18.0,0.0,22.0,41.0
2024-10-24,35968.10517385442,,43035.92322336153,58208.10539708443,18.0,0.0,22.0,41.0
2024-10-25,35873.738800990206,,43121.85455593825,58410.96761709865,18.0,0.0,22.0,41.0
2024-10-26,35873.738800990206,,43121.85455593825,58410.96761709865,18.0,0.0,22.0,41.0
2024-10-27,35873.738800990206,,43121.85455593825,58410.96761709865,18.0,0.0,22.0,41.0
2024-10-28,35524.549436358044,,42703.264280008836,57809.104509339704,18.0,0.0,22.0,41.0
2024-10-29,35517.11969450479,,42694.357887067265,57796.29859949663,18.0,0.0,22.0,41.0
2024-10-30,35234.79658947344,,42355.92344889124,57309.68623784775,18.0,0.0,22.0,41.0
2024-10-31,35323.950657555615,,42462.79676674861,57463.35227100949,18.0,0.0,22.0,41.0
2024-11-01,35166.61506672252,,42362.26414948407,57378.426378465614,18.0,0.0,22.0,41.0
2024-11-02,35166.61506672252,,42362.26414948407,57378.426378465614,18.0,0.0,22.0,41.0
2024-11-03,35166.61506672252,,42362.26414948407,57378.426378465614,18.0,0.0,22.0,41.0
2024-11-04,34974.06091151531,,42130.78796372889,57045.1606803966,18.0,0.0,22.0,41.0
2024-11-05,34855.566264090514,,41988.34134143305,56840.07447309574,18.0,0.0,22.0,41.0
2024-11-06,34833.349400553125,,41961.63366106363,56801.62233723959,18.0,0.0,22.0,41.0
2024-11-07,35144.39820318513,,42335.556469114636,57339.97424260947,18.0,0.0,22.0,41.0
2024-11-08,34872.81671146544,,41995.299834009944,56895.168313752176,18.0,0.0,22.0,41.0
2024-11-09,34872.81671146544,,41995.299834009944,56895.168313752176,18.0,0.0,22.0,41.0
2024-11-10,34872.81671146544,,41995.299834009944,56895.168313752176,18.0,0.0,22.0,41.0
2024-11-11,34791.36684948635,,41897.42971423493,56754.1179170638,18.0,0.0,22.0,41.0
2024-11-12,34532.21076554331,,41586.02787315576,56305.325647117905,18.0,0.0,22.0,41.0
2024-11-13,35102.35556251273,,42271.11362054267,57292.671086733295,18.0,0.0,22.0,41.0
2024-11-14,35450.36758202722,,42689.2847162994,57895.339184776814,18.0,0.0,22.0,41.0
2024-11-15,35046.67374538067,,42123.176867213144,57231.0035228049,18.0,0.0,22.0,41.0
2024-11-16,35046.67374538067,,42123.176867213144,57231.0035228049,18.0,0.0,22.0,41.0
2024-11-17,35046.67374538067,,42123.176867213144,57231.0035228049,18.0,0.0,22.0,41.0
2024-11-18,35750.19763071099,,42966.32853630376,58450.272274049945,18.0,0.0,22.0,41.0
2024-11-19,35987.17368103611,,43250.337020638755,58860.97260559481,18.0,0.0,22.0,41.0
2024-11-20,35809.441643292266,,43037.33065738752,58552.94735693617,18.0,0.0,22.0,41.0
2024-11-21,35268.83985192698,,42389.43609089528,57616.036919603524,18.0,0.0,22.0,41.0
2024-11-22,35300.700901398144,,42362.04016451912,57659.880143433205,18.0,0.0,22.0,41.0
2024-11-23,35300.700901398144,,42362.04016451912,57659.880143433205,18.0,0.0,22.0,41.0
2024-11-24,35300.700901398144,,42362.04016451912,57659.880143433205,18.0,0.0,22.0,41.0
2024-11-25,34915.36415618498,,41901.1927602681,56992.22537137321,18.0,0.0,22.0,41.0
2024-11-26,34203.970523847805,,41050.394301683664,55759.627236512555,18.0,0.0,22.0,41.0
2024-11-27,33248.037052989006,,39907.13593311501,54103.326477451286,18.0,0.0,22.0,41.0
2024-11-28,33248.037052989006,,39907.13593311501,54103.326477451286,18.0,0.0,22.0,41.0
2024-11-29,32859.87425249372,,39143.135438539546,53433.45816671722,18.0,0.0,22.0,41.0
2024-11-30,32859.87425249372,,39143.135438539546,53433.45816671722,18.0,0.0,22.0,41.0
2024-12-01,32859.87425249372,,39143.135438539546,53433.45816671722,18.0,0.0,22.0,41.0
2024-12-02,32409.15667604617,,38609.79670490592,52652.47008748758,18.0,0.0,22.0,41.0
2024-12-03,33434.22621061438,,39822.77200478675,54428.675695418686,18.0,0.0,22.0,41.0
2024-12-04,32750.846520902236,,39014.12180486621,53244.53862346462,18.0,0.0,22.0,41.0
2024-12-05,32446.297015172648,,38653.745249341584,52716.825603296274,18.0,0.0,22.0,41.0
2024-12-06,32331.63270149912,,38340.16042100417,51982.082235748545,18.0,0.0,22.0,41.0
2024-12-07,32331.63270149912,,38340.16042100417,51982.082235748545,18.0,0.0,22.0,41.0
2024-12-08,32331.63270149912,,38340.16042100417,51982.082235748545,18.0,0.0,22.0,41.0
2024-12-09,32279.105119226384,,38278.407315902,51892.27952893986,18.0,0.0,22.0,41.0
2024-12-10,31986.44991306118,,37934.35249892641,51391.94754071265,18.0,0.0,22.0,41.0
2024-12-11,31528.70781528604,,37396.21625410888,50609.378124380986,18.0,0.0,22.0,41.0
2024-12-12,31161.012592472947,,36963.941994424786,49980.755506309855,18.0,0.0,22.0,41.0
2024-12-13,31364.79853341608,,37407.123277135535,50660.552546928426,18.0,0.0,22.0,41.0
2024-12-14,31364.79853341608,,37407.123277135535,50660.552546928426,18.0,0.0,22.0,41.0
2024-12-15,31364.79853341608,,37407.123277135535,50660.552546928426,18.0,0.0,22.0,41.0
2024-12-16,31066.739563557556,,37053.98233457411,50146.53325449275,18.0,0.0,22.0,41.0
2024-12-17,31081.642156736165,,37071.63896072498,50172.23360635521,18.0,0.0,22.0,41.0
2024-12-18,31044.38460784669,,37027.49613241619,50107.98088842109,18.0,0.0,22.0,41.0
2024-12-19,30716.519741002307,,36639.04109559864,49542.55966674185,18.0,0.0,22.0,41.0
2024-12-20,30281.646422535767,,36668.622710117015,49804.68364305204,18.0,0.0,22.0,41.0
2024-12-21,30281.646422535767,,36668.622710117015,49804.68364305204,18.0,0.0,22.0,41.0
2024-12-22,30281.646422535767,,36668.622710117015,49804.68364305204,18.0,0.0,22.0,41.0
2024-12-23,30784.729257773597,,37277.6544938418,50696.38681238937,18.0,0.0,22.0,41.0
2024-12-24,30988.87943889098,,37524.79858273697,51058.2384812842,18.0,0.0,22.0,41.0
2024-12-25,30988.87943889098,,37524.79858273697,51058.2384812842,18.0,0.0,22.0,41.0
2024-12-26,30792.020484669865,,37286.48124882356,50709.310350376276,18.0,0.0,22.0,41.0
2024-12-27,30472.893275976206,,37319.751740837935,50671.91591885759,18.0,0.0,22.0,41.0
2024-12-28,30472.893275976206,,37319.751740837935,50671.91591885759,18.0,0.0,22.0,41.0
2024-12-29,30472.893275976206,,37319.751740837935,50671.91591885759,18.0,0.0,22.0,41.0
2024-12-30,30393.661500701037,,37222.27373099386,50529.515346185544,18.0,0.0,22.0,41.0
2024-12-31,30609.748285437523,,37488.123002407534,50917.880768851755,18.0,0.0,22.0,41.0
2025-01-01,29992.964425403054,,36723.923847219994,49758.48186118852,18.0,0.0,22.0,41.0
2025-01-02,31940.426081060275,,39119.680136336756,53261.516581089774,18.0,0.0,22.0,41.0
2025-01-03,31844.519322953038,,38618.91022729124,52578.646927988855,18.0,0.0,22.0,41.0
2025-01-04,31844.519322953038,,38618.91022729124,52578.646927988855,18.0,0.0,22.0,41.0
2025-01-05,31844.519322953038,,38618.91022729124,52578.646927988855,18.0,0.0,22.0,41.0
2025-01-06,31859.601387140145,,38637.2074994218,52605.43397272028,18.0,0.0,22.0,41.0
2025-01-07,33088.76085229359,,40128.40027958535,54788.5270272678,18.0,0.0,22.0,41.0
2025-01-08,33035.97506594351,,40064.36157205225,54694.774925260994,18.0,0.0,22.0,41.0
2025-01-09,33035.97506594351,,40064.36157205225,54694.774925260994,18.0,0.0,22.0,41.0
2025-01-10,33744.363217988546,,41419.32739075302,56687.35669926627,18.0,0.0,22.0,41.0
2025-01-11,33744.363217988546,,41419.32739075302,56687.35669926627,18.0,0.0,22.0,41.0
2025-01-12,33744.363217988546,,41419.32739075302,56687.35669926627,18.0,0.0,22.0,41.0
2025-01-13,34539.90989724103,,42400.62767857379,58124.26261804905,18.0,0.0,22.0,41.0
2025-01-14,34651.436298952176,,42538.19457810706,58325.70013378335,18.0,0.0,22.0,41.0
2025-01-15,34837.311744314604,,42767.47041168148,58661.42591149463,18.0,0.0,22.0,41.0
2025-01-16,33937.67385133953,,41657.774467578696,57036.511815452126,18.0,0.0,22.0,41.0
2025-01-17,33229.803541930916,,41610.27951755723,57095.27363350942,18.0,0.0,22.0,41.0
2025-01-18,33229.803541930916,,41610.27951755723,57095.27363350942,18.0,0.0,22.0,41.0
2025-01-19,33229.803541930916,,41610.27951755723,57095.27363350942,18.0,0.0,22.0,41.0
2025-01-20,33229.803541930916,,41610.27951755723,57095.27363350942,18.0,0.0,22.0,41.0
2025-01-21,32533.850982942346,,40727.76937140017,55799.28620075807,18.0,0.0,22.0,41.0
2025-01-22,32707.838777006473,,40948.39646959236,56123.28241522265,18.0,0.0,22.0,41.0
2025-01-23,32860.078961020125,,41141.44627637822,56406.78071218731,18.0,0.0,22.0,41.0
2025-01-24,32255.96031258198,,40562.21592633955,55161.03430292884,18.0,0.0,22.0,41.0
2025-01-25,32255.96031258198,,40562.21592633955,55161.03430292884,18.0,0.0,22.0,41.0
2025-01-26,32255.96031258198,,40562.21592633955,55161.03430292884,18.0,0.0,22.0,41.0
2025-01-27,32219.69354605419,,40515.93171626594,55093.690310219645,18.0,0.0,22.0,41.0
2025-01-28,32553.34655299397,,40941.744859906896,55713.25273108047,18.0,0.0,22.0,41.0
2025-01-29,32937.77330976507,,41432.35625077005,56427.097255526096,18.0,0.0,22.0,41.0
2025-01-30,33329.45217472586,,41932.22289461173,57154.408266449864,18.0,0.0,22.0,41.0
2025-01-31,32883.49434086519,,41891.38801096587,57027.82315774355,18.0,0.0,22.0,41.0
2025-02-01,32883.49434086519,,41891.38801096587,57027.82315774355,18.0,0.0,22.0,41.0
2025-02-02,32883.49434086519,,41891.38801096587,57027.82315774355,18.0,0.0,22.0,41.0
2025-02-03,33048.014610789134,,42105.043938216564,57338.22519980971,18.0,0.0,22.0,41.0
2025-02-04,33992.22092432333,,43331.24710167706,59119.668714267056,18.0,0.0,22.0,41.0
2025-02-05,33720.403521167515,,42978.248657528005,58606.82809561445,18.0,0.0,22.0,41.0
2025-02-06,33326.98524711639,,42467.33200161308,57864.561895175626,18.0,0.0,22.0,41.0
2025-02-07,33137.375646318615,,42428.886830457035,57754.0274289445,18.0,0.0,22.0,41.0
2025-02-08,33137.375646318615,,42428.886830457035,57754.0274289445,18.0,0.0,22.0,41.0
2025-02-09,33137.375646318615,,42428.886830457035,57754.0274289445,18.0,0.0,22.0,41.0
2025-02-10,33087.551653798575,,42363.747242195255,57659.506318916545,18.0,0.0,22.0,41.0
2025-02-11,32824.19451927582,,42019.4357079135,57159.89142597394,18.0,0.0,22.0,41.0
2025-02-12,33037.72766127853,,42298.60765393345,57564.98520888859,18.0,0.0,22.0,41.0
2025-02-13,32753.016805274918,,41926.37839257352,57024.86016500239,18.0,0.0,22.0,41.0
2025-02-14,33002.26386124154,,42286.23945703561,57523.22512185038,18.0,0.0,22.0,41.0
2025-02-15,33002.26386124154,,42286.23945703561,57523.22512185038,18.0,0.0,22.0,41.0
2025-02-16,33002.26386124154,,42286.23945703561,57523.22512185038,18.0,0.0,22.0,41.0
2025-02-17,33002.26386124154,,42286.23945703561,57523.22512185038,18.0,0.0,22.0,41.0
2025-02-18,32980.92286858687,,42258.30770258923,57482.716098485165,18.0,0.0,22.0,41.0
2025-02-19,32831.539990382385,,42062.79074890193,57199.160661234775,18.0,0.0,22.0,41.0
2025-02-20,32354.935342103323,,41438.99577276572,56294.4797428946,18.0,0.0,22.0,41.0
2025-02-21,32382.070432001627,,41207.615296734344,55932.64498609943,18.0,0.0,22.0,41.0
2025-02-22,32382.070432001627,,41207.615296734344,55932.64498609943,18.0,0.0,22.0,41.0
2025-02-23,32382.070432001627,,41207.615296734344,55932.64498609943,18.0,0.0,22.0,41.0
2025-02-24,32245.82749171445,,41030.874776180164,55676.476088886455,18.0,0.0,22.0,41.0
2025-02-25,31829.929213512336,,40491.352669331216,54894.489124605905,18.0,0.0,22.0,41.0
2025-02-26,31973.342294987637,,40677.394622189815,55164.139580255265,18.0,0.0,22.0,41.0
2025-02-27,31500.078784195393,,40063.45573419744,54274.29243371498,18.0,0.0,22.0,41.0
2025-02-28,31723.04388478197,,39163.061428227,54916.12158253896,18.0,0.0,22.0,41.0
2025-03-01,31723.04388478197,,39163.061428227,54916.12158253896,18.0,0.0,22.0,41.0
2025-03-02,31723.04388478197,,39163.061428227,54916.12158253896,18.0,0.0,22.0,41.0
2025-03-03,31852.898423420836,,39324.61130487208,55161.57051181555,18.0,0.0,22.0,41.0
2025-03-04,32119.821794621377,,39656.68624151376,55666.104710980355,18.0,0.0,22.0,41.0
2025-03-05,31535.477058739423,,38929.7126525315,54561.58582966868,18.0,0.0,22.0,41.0
2025-03-06,31824.042623715464,,39288.71228330718,55107.02775023521,18.0,0.0,22.0,41.0
2025-03-07,32121.965920280258,,39706.54299797855,55592.96238831693,18.0,0.0,22.0,41.0
2025-03-08,32121.965920280258,,39706.54299797855,55592.96238831693,18.0,0.0,22.0,41.0
2025-03-09,32121.965920280258,,39706.54299797855,55592.96238831693,18.0,0.0,22.0,41.0
2025-03-10,31082.37524419834,,38411.051621470986,53631.46849060859,18.0,0.0,22.0,41.0
2025-03-11,31407.24728744306,,38815.89262300645,54244.43525245203,18.0,0.0,22.0,41.0
2025-03-12,31392.8081933685,,38797.89927015273,54217.19165016962,18.0,0.0,22.0,41.0
2025-03-13,31436.12478709829,,38851.87847074361,54298.92115797042,18.0,0.0,22.0,41.0
2025-03-14,31366.743156873727,,38558.446548989545,54052.01254511827,18.0,0.0,22.0,41.0
2025-03-15,31366.743156873727,,38558.446548989545,54052.01254511827,18.0,0.0,22.0,41.0
2025-03-16,31366.743156873727,,38558.446548989545,54052.01254511827,18.0,0.0,22.0,41.0
2025-03-17,31714.457490616624,,38988.48452169742,54706.246384957485,18.0,0.0,22.0,41.0
2025-03-18,31642.017349843674,,38898.89370458803,54569.94831824787,18.0,0.0,22.0,41.0
2025-03-19,32228.786151593522,,39624.58385154443,55673.96954778541,18.0,0.0,22.0,41.0
2025-03-20,32417.130379433802,,39857.519805146934,56028.344261261016,18.0,0.0,22.0,41.0
2025-03-21,31715.306849433917,,39121.43126962633,55044.3972567847,18.0,0.0,22.0,41.0
2025-03-22,31715.306849433917,,39121.43126962633,55044.3972567847,18.0,0.0,22.0,41.0
2025-03-23,31715.306849433917,,39121.43126962633,55044.3972567847,18.0,0.0,22.0,41.0
2025-03-24,31852.107774505672,,39291.42730847665,55303.85002665933,18.0,0.0,22.0,41.0
2025-03-25,31708.106656188407,,39112.48393005205,55030.74157368022,18.0,0.0,22.0,41.0
2025-03-26,31463.30557902691,,38808.28121064852,54566.45876634886,18.0,0.0,22.0,41.0
2025-03-27,30858.503079368693,,38056.721751714016,53419.407431124935,18.0,0.0,22.0,41.0
2025-03-28,30692.26026562074,,38351.46089158895,53464.83733394309,18.0,0.0,22.0,41.0
2025-03-29,30692.26026562074,,38351.46089158895,53464.83733394309,18.0,0.0,22.0,41.0
2025-03-30,30692.26026562074,,38351.46089158895,53464.83733394309,18.0,0.0,22.0,41.0
2025-03-31,30606.699483657194,,38243.129191599284,53301.11935205963,18.0,0.0,22.0,41.0
2025-04-01,30735.04031661418,,38405.62631111188,53546.69567432739,18.0,0.0,22.0,41.0
2025-04-02,30677.99979530516,,38333.40517778543,53437.55035307175,18.0,0.0,22.0,41.0
2025-04-03,30243.065650329652,,37782.718820935275,52605.31695321879,18.0,0.0,22.0,41.0
2025-04-04,29228.034446795376,,36614.197988531836,50415.541713889506,18.0,0.0,22.0,41.0
2025-04-05,29228.034446795376,,36614.197988531836,50415.541713889506,18.0,0.0,22.0,41.0
2025-04-06,29228.034446795376,,36614.197988531836,50415.541713889506,18.0,0.0,22.0,41.0
2025-04-07,30272.26071178762,,37942.45816745735,52400.636332264105,18.0,0.0,22.0,41.0
2025-04-08,29506.97183803715,,36969.0075174825,50945.80716763349,18.0,0.0,22.0,41.0
2025-04-09,30315.17441893645,,37997.044582535,52482.21613155815,18.0,0.0,22.0,41.0
2025-04-10,30086.302450959767,,37705.91848149023,52047.12602976811,18.0,0.0,22.0,41.0
2025-04-11,31058.482170999458,,39061.27740111885,54070.91084750463,18.0,0.0,22.0,41.0
2025-04-12,31058.482170999458,,39061.27740111885,54070.91084750463,18.0,0.0,22.0,41.0
2025-04-13,31058.482170999458,,39061.27740111885,54070.91084750463,18.0,0.0,22.0,41.0
2025-04-14,30695.043702251292,,38596.99460605563,53377.067072125676,18.0,0.0,22.0,41.0
2025-04-15,30360.11085107835,,38169.12696497545,52737.64363751589,18.0,0.0,22.0,41.0
2025-04-16,30538.26688325552,,38396.71646825918,53077.76298260922,18.0,0.0,22.0,41.0
2025-04-17,31015.72442424795,,39006.65553832933,53989.281633803206,18.0,0.0,22.0,41.0
2025-04-18,30908.283468694055,,38982.880423552444,53979.91110947081,18.0,0.0,22.0,41.0
2025-04-19,30908.283468694055,,38982.880423552444,53979.91110947081,18.0,0.0,22.0,41.0
2025-04-20,30908.283468694055,,38982.880423552444,53979.91110947081,18.0,0.0,22.0,41.0
2025-04-21,30519.317295799574,,38483.93967979518,53233.80114089905,18.0,0.0,22.0,41.0
2025-04-22,30597.399991901882,,38584.099131137555,53383.578376028156,18.0,0.0,22.0,41.0
2025-04-23,31115.58195679357,,39248.78956691691,54377.54843430538,18.0,0.0,22.0,41.0
2025-04-24,31534.387606444572,,39786.00646876638,55180.896107892295,18.0,0.0,22.0,41.0
2025-04-25,31589.47517210396,,40048.07777657583,55599.12870779457,18.0,0.0,22.0,41.0
2025-04-26,31589.47517210396,,40048.07777657583,55599.12870779457,18.0,0.0,22.0,41.0
2025-04-27,31589.47517210396,,40048.07777657583,55599.12870779457,18.0,0.0,22.0,41.0
2025-04-28,31398.989233532033,,39802.095565887656,55231.06436425318,18.0,0.0,22.0,41.0
2025-04-29,31709.411460800235,,40202.95636581145,55830.87427230569,18.0,0.0,22.0,41.0
2025-04-30,31765.851988089755,,40275.84030558761,55939.93085559833,18.0,0.0,22.0,41.0
2025-05-01,31730.577163151924,,40230.288494861335,55871.7714660832,18.0,0.0,22.0,41.0
2025-05-02,31982.848189537188,,40573.90125923669,56377.79216063141,18.0,0.0,22.0,41.0
2025-05-03,31982.848189537188,,40573.90125923669,56377.79216063141,18.0,0.0,22.0,41.0
2025-05-04,31982.848189537188,,40573.90125923669,56377.79216063141,18.0,0.0,22.0,41.0
2025-05-05,32448.30398246999,,41175.33010158675,57277.54584023589,18.0,0.0,22.0,41.0
2025-05-06,32293.15160311658,,40974.853241444085,56977.62708029733,18.0,0.0,22.0,41.0
2025-05-07,32004.00569902922,,40601.23948691375,56418.69088249879,18.0,0.0,22.0,41.0
2025-05-08,31968.7445283366,,40555.67751219656,56350.52894626432,18.0,0.0,22.0,41.0
2025-05-09,32149.1582417226,,41401.097978051104,56341.96060746882,18.0,0.0,22.0,41.0
2025-05-10,32149.1582417226,,41401.097978051104,56341.96060746882,18.0,0.0,22.0,41.0
2025-05-11,32149.1582417226,,41401.097978051104,56341.96060746882,18.0,0.0,22.0,41.0
2025-05-12,32262.050839615084,,41550.00104172018,56558.419747700034,18.0,0.0,22.0,41.0
2025-05-13,32494.89199099157,,41857.113832420706,57004.86704697652,18.0,0.0,22.0,41.0
2025-05-14,32748.90100914261,,42192.14661320838,57491.90140269502,18.0,0.0,22.0,41.0
2025-05-15,32657.174932238766,,42071.16176456192,57316.02673850934,18.0,0.0,22.0,41.0
2025-05-16,32875.382883494145,,42276.26062767134,57650.53064979639,18.0,0.0,22.0,41.0
2025-05-17,32875.382883494145,,42276.26062767134,57650.53064979639,18.0,0.0,22.0,41.0
2025-05-18,32875.382883494145,,42276.26062767134,57650.53064979639,18.0,0.0,22.0,41.0
2025-05-19,32931.92966718634,,42350.64592188148,57758.7512949087,18.0,0.0,22.0,41.0
2025-05-20,32649.195748725408,,41978.71945083083,57217.64806934719,18.0,0.0,22.0,41.0
2025-05-21,32437.145646925128,,41699.775040914166,56811.82129522198,18.0,0.0,22.0,41.0
2025-05-22,32069.59087883509,,41216.26974180568,56108.385811900174,18.0,0.0,22.0,41.0
2025-05-23,32898.70702833907,,42393.739291568585,57621.13162517063,18.0,0.0,22.0,41.0
2025-05-24,32898.70702833907,,42393.739291568585,57621.13162517063,18.0,0.0,22.0,41.0
2025-05-25,32898.70702833907,,42393.739291568585,57621.13162517063,18.0,0.0,22.0,41.0
2025-05-26,32898.70702833907,,42393.739291568585,57621.13162517063,18.0,0.0,22.0,41.0
2025-05-27,33188.622546997445,,42776.181278541284,58175.067854126,18.0,0.0,22.0,41.0
2025-05-28,32340.088466377787,,41656.83774940571,56553.78945228771,18.0,0.0,22.0,41.0
2025-05-29,32318.87599102232,,41628.8553176232,56513.25916725988,18.0,0.0,22.0,41.0
2025-05-30,32571.232938764137,,41897.133132857496,56945.92153790735,18.0,0.0,22.0,41.0
2025-05-31,32571.232938764137,,41897.133132857496,56945.92153790735,18.0,0.0,22.0,41.0
2025-06-01,32571.232938764137,,41897.133132857496,56945.92153790735,18.0,0.0,22.0,41.0
2025-06-02,32457.960748116122,,41748.02529609948,56729.73592198526,18.0,0.0,22.0,41.0
2025-06-03,32266.813420030958,,41496.40515500571,56364.92172869077,18.0,0.0,22.0,41.0
2025-06-04,32486.278120622617,,41785.30136653618,56783.781037397865,18.0,0.0,22.0,41.0
2025-06-05,32465.039078509475,,41757.34298057944,56743.24526798654,18.0,0.0,22.0,41.0
2025-06-06,32148.5500350878,,41292.911883547,56052.774131803286,18.0,0.0,22.0,41.0
2025-06-07,32148.5500350878,,41292.911883547,56052.774131803286,18.0,0.0,22.0,41.0
2025-06-08,32148.5500350878,,41292.911883547,56052.774131803286,18.0,0.0,22.0,41.0
2025-06-09,32042.18266351166,,41153.11636568732,55850.16989708823,18.0,0.0,22.0,41.0
2025-06-10,32091.820680078225,,41218.354155515415,55944.718368205075,18.0,0.0,22.0,41.0
2025-06-11,32382.558793569126,,41600.46273387686,56498.50447867748,18.0,0.0,22.0,41.0
2025-06-12,32673.298259594543,,41982.57308983478,57052.29316540252,18.0,0.0,22.0,41.0
2025-06-13,33664.70797040199,,43243.404102497996,58903.3986240388,18.0,0.0,22.0,41.0
2025-06-14,33664.70797040199,,43243.404102497996,58903.3986240388,18.0,0.0,22.0,41.0
2025-06-15,33664.70797040199,,43243.404102497996,58903.3986240388,18.0,0.0,22.0,41.0
2025-06-16,33061.46362409033,,42451.6232783893,57755.28839765333,18.0,0.0,22.0,41.0
2025-06-17,33685.99942508708,,43271.34993512802,58943.92107071904,18.0,0.0,22.0,41.0
2025-06-18,33529.864798016264,,43066.417382589585,58646.76161430821,18.0,0.0,22.0,41.0
2025-06-19,33529.864798016264,,43066.417382589585,58646.76161430821,18.0,0.0,22.0,41.0
2025-06-20,33233.44845922007,,42505.16558986563,57846.76068530074,18.0,0.0,22.0,41.0
2025-06-21,33233.44845922007,,42505.16558986563,57846.76068530074,18.0,0.0,22.0,41.0
2025-06-22,33233.44845922007,,42505.16558986563,57846.76068530074,18.0,0.0,22.0,41.0
2025-06-23,32948.27854704232,,42132.925008499944,57306.83351579894,18.0,0.0,22.0,41.0
2025-06-24,32199.707357601055,,41155.79326054215,55889.52437403478,18.0,0.0,22.0,41.0
2025-06-25,32292.387069134802,,41276.77078386734,56064.99973865692,18.0,0.0,22.0,41.0
2025-06-26,32099.896868490796,,41025.507725826836,55700.54793377728,18.0,0.0,22.0,41.0
2025-06-27,31447.032954743892,,40288.94099772898,55467.6916801094,18.0,0.0,22.0,41.0
2025-06-28,31447.032954743892,,40288.94099772898,55467.6916801094,18.0,0.0,22.0,41.0
2025-06-29,31447.032954743892,,40288.94099772898,55467.6916801094,18.0,0.0,22.0,41.0
2025-06-30,31047.18871626084,,39764.92069379922,54692.495647113516,18.0,0.0,22.0,41.0
2025-07-01,31110.322157912873,,39847.66092636614,54814.89529379521,18.0,0.0,22.0,41.0
2025-07-02,31454.047930257424,,40298.134551735435,55481.29192907207,18.0,0.0,22.0,41.0
2025-07-03,31769.71513851761,,40711.83571457005,56093.29016248053,18.0,0.0,22.0,41.0
2025-07-04,31651.986358039423,,40687.15519435626,56099.775077972205,18.0,0.0,22.0,41.0
2025-07-05,31651.986358039423,,40687.15519435626,56099.775077972205,18.0,0.0,22.0,41.0
2025-07-06,31651.986358039423,,40687.15519435626,56099.775077972205,18.0,0.0,22.0,41.0
2025-07-07,32431.872412314777,,41713.774985458,57619.98202375485,18.0,0.0,22.0,41.0
2025-07-08,32250.292914701084,,41474.74890608833,57266.034915750024,18.0,0.0,22.0,41.0
2025-07-09,31998.87494384243,,41143.78944950211,56775.95390519902,18.0,0.0,22.0,41.0
2025-07-10,32376.001900130417,,41640.228634381434,57511.07542102554,18.0,0.0,22.0,41.0
2025-07-11,32744.28199058183,,42236.65286417326,58390.840097821776,18.0,0.0,22.0,41.0
2025-07-12,32744.28199058183,,42236.65286417326,58390.840097821776,18.0,0.0,22.0,41.0
2025-07-13,32744.28199058183,,42236.65286417326,58390.840097821776,18.0,0.0,22.0,41.0
2025-07-14,32403.120345151965,,41785.92977909378,57723.46423494304,18.0,0.0,22.0,41.0
2025-07-15,32173.358366475168,,41482.381507327525,57274.00691513517,18.0,0.0,22.0,41.0
2025-07-16,32194.246301987165,,41509.97744274707,57314.86761613368,18.0,0.0,22.0,41.0
2025-07-17,32277.795388057573,,41620.357675500876,57478.30522453985,18.0,0.0,22.0,41.0
2025-07-18,32194.59951645303,,41564.03773964945,57375.28787590259,18.0,0.0,22.0,41.0
2025-07-19,32194.59951645303,,41564.03773964945,57375.28787590259,18.0,0.0,22.0,41.0
2025-07-20,32194.59951645303,,41564.03773964945,57375.28787590259,18.0,0.0,22.0,41.0
2025-07-21,32027.700857848686,,41343.14939150273,57048.3666592306,18.0,0.0,22.0,41.0
2025-07-22,32166.783736548623,,41527.2238926906,57320.8023055267,18.0,0.0,22.0,41.0
2025-07-23,32584.029719863178,,42079.44388532513,58138.10404813721,18.0,0.0,22.0,41.0
2025-07-24,32556.213939958765,,42042.63003836627,58083.61847776132,18.0,0.0,22.0,41.0
2025-07-25,32525.56079873262,,41699.763489363875,57575.27404737944,18.0,0.0,22.0,41.0
2025-07-26,32525.56079873262,,41699.763489363875,57575.27404737944,18.0,0.0,22.0,41.0
2025-07-27,32525.56079873262,,41699.763489363875,57575.27404737944,18.0,0.0,22.0,41.0
2025-07-28,32988.50344270597,,42306.42510142092,58473.13316644698,18.0,0.0,22.0,41.0
2025-07-29,32904.331444770585,,42196.12219322636,58309.88487446037,18.0,0.0,22.0,41.0
2025-07-30,32679.87456743423,,41901.983442314486,57874.55955548744,18.0,0.0,22.0,41.0
2025-07-31,32455.417690097882,,41607.84469140262,57439.23423651451,18.0,0.0,22.0,41.0
2025-08-01,32736.412906451365,,41926.53485079331,57969.87287677449,18.0,0.0,22.0,41.0
2025-08-02,32736.412906451365,,41926.53485079331,57969.87287677449,18.0,0.0,22.0,41.0
2025-08-03,32736.412906451365,,41926.53485079331,57969.87287677449,18.0,0.0,22.0,41.0
2025-08-04,33038.21381665411,,42321.389649782046,58555.01888814905,18.0,0.0,22.0,41.0
2025-08-05,33936.597765781386,,43496.7711733469,60296.848573691095,18.0,0.0,22.0,41.0
2025-08-06,33424.23876593266,,42826.43717813319,59303.46248697604,18.0,0.0,22.0,41.0
2025-08-07,33529.51781075566,,42964.17677624567,59507.582524646285,18.0,0.0,22.0,41.0
2025-08-08,33172.793777534374,,42200.34651064558,58374.36113265188,18.0,0.0,22.0,41.0
2025-08-09,33172.793777534374,,42200.34651064558,58374.36113265188,18.0,0.0,22.0,41.0
2025-08-10,33172.793777534374,,42200.34651064558,58374.36113265188,18.0,0.0,22.0,41.0
2025-08-11,32705.688307288045,,41595.0436440271,57477.37154076878,18.0,0.0,22.0,41.0
2025-08-12,32776.46214972813,,41686.75657063445,57613.27960455759,18.0,0.0,22.0,41.0
2025-08-13,32953.39608087897,,41916.03801251351,57953.04846791422,18.0,0.0,22.0,41.0
2025-08-14,32804.77222666368,,41723.442440988816,57667.64386696539,18.0,0.0,22.0,41.0
2025-08-15,32807.001937142486,,41698.795737930515,58033.715229407186,18.0,0.0,22.0,41.0
2025-08-16,32807.001937142486,,41698.795737930515,58033.715229407186,18.0,0.0,22.0,41.0
2025-08-17,32807.001937142486,,41698.795737930515,58033.715229407186,18.0,0.0,22.0,41.0
2025-08-18,32940.797340212055,,41872.018694635284,58292.70773376194,18.0,0.0,22.0,41.0
2025-08-19,32595.74370473938,,41425.28278602392,57624.77518049395,18.0,0.0,22.0,41.0
2025-08-20,32983.04979257581,,41926.72232838173,58374.49730352113,18.0,0.0,22.0,41.0
2025-08-21,33870.329801997796,,43075.470813987034,60092.03666908976,18.0,0.0,22.0,41.0
2025-08-22,34104.89846753113,,43172.02424570657,60521.80185669395,18.0,0.0,22.0,41.0
2025-08-23,34104.89846753113,,43172.02424570657,60521.80185669395,18.0,0.0,22.0,41.0
2025-08-24,34104.89846753113,,43172.02424570657,60521.80185669395,18.0,0.0,22.0,41.0
2025-08-25,34027.29770833243,,43072.204888651504,60371.66347003122,18.0,0.0,22.0,41.0
2025-08-26,33773.33391145628,,42745.52634605468,59880.30597395191,18.0,0.0,22.0,41.0
2025-08-27,34069.626129106335,,43126.6527547605,60453.55855547364,18.0,0.0,22.0,41.0
2025-08-28,34210.71682835898,,43308.14044935619,60726.5343636699,18.0,0.0,22.0,41.0
2025-08-29,34340.138231105535,,43491.05117070071,60962.72376497895,18.0,0.0,22.0,41.0
2025-08-30,34340.138231105535,,43491.05117070071,60962.72376497895,18.0,0.0,22.0,41.0
2025-08-31,34340.138231105535,,43491.05117070071,60962.72376497895,18.0,0.0,22.0,41.0
2025-09-01,34340.138231105535,,43875.6062001683,60962.72376497895,18.0,0.0,21.0,41.0
2025-09-02,34055.36726117707,,43504.73122356661,60411.92385383128,18.0,0.0,21.0,41.0
2025-09-03,34707.478053773324,,44354.01573808929,61673.22716262949,18.0,0.0,21.0,41.0
2025-09-04,34679.12611598702,,44317.091243061746,61618.38925265054,18.0,0.0,21.0,41.0
2025-09-05,34948.34814661513,,44695.973862971136,62126.239416684504,18.0,0.0,21.0,41.0
2025-09-06,34948.34814661513,,44695.973862971136,62126.239416684504,18.0,0.0,21.0,41.0
2025-09-07,34948.34814661513,,44695.973862971136,62126.239416684504,18.0,0.0,21.0,41.0
2025-09-08,35494.134089425315,,45407.38728742606,63181.616265686476,18.0,0.0,21.0,41.0
2025-09-09,35189.34450183124,,45010.10442020514,62592.24990548414,18.0,0.0,21.0,41.0
2025-09-10,35246.049447061356,,45084.01738883526,62701.89927848129,18.0,0.0,21.0,41.0
2025-09-11,35565.01560895109,,45499.77893876974,63318.678635494696,18.0,0.0,21.0,41.0
2025-09-12,35535.65202562261,,45716.950483922985,63666.58562399125,18.0,0.0,21.0,41.0
2025-09-13,35535.65202562261,,45716.950483922985,63666.58562399125,18.0,0.0,21.0,41.0
2025-09-14,35535.65202562261,,45716.950483922985,63666.58562399125,18.0,0.0,21.0,41.0
2025-09-15,36070.70883541318,,46419.59752765427,64709.48335632651,18.0,0.0,21.0,41.0
2025-09-16,35838.381660105515,,46114.50094740092,64256.6464241453,18.0,0.0,21.0,41.0
2025-09-17,35958.06543785887,,46271.67201985938,64489.92621450091,18.0,0.0,21.0,41.0
2025-09-18,35986.226958655054,,46308.65427851368,64544.81680862109,18.0,0.0,21.0,41.0
2025-09-19,35492.626817204226,,45737.458995350826,63630.871554975056,18.0,0.0,21.0,41.0
2025-09-20,35492.626817204226,,45737.458995350826,63630.871554975056,18.0,0.0,21.0,41.0
2025-09-21,35492.626817204226,,45737.458995350826,63630.871554975056,18.0,0.0,21.0,41.0
2025-09-22,35422.30354751267,,45644.90198522812,63493.67254335634,18.0,0.0,21.0,41.0
2025-09-23,36062.254959284684,,46487.183488309696,64742.20239079108,18.0,0.0,21.0,41.0
2025-09-24,35816.11949137304,,46163.22865664483,64261.99799941539,18.0,0.0,21.0,41.0
2025-09-25,35415.27095227743,,45635.645931133506,63479.952118813795,18.0,0.0,21.0,41.0
2025-09-26,35311.90236568129,,45694.158542906705,63468.59105604278,18.0,0.0,21.0,41.0
2025-09-27,35311.90236568129,,45694.158542906705,63468.59105604278,18.0,0.0,21.0,41.0
2025-09-28,35311.90236568129,,45694.158542906705,63468.59105604278,18.0,0.0,21.0,41.0
2025-09-29,35115.72155816217,,45434.482320501076,63084.40919417531,18.0,0.0,21.0,41.0
2025-09-30,35101.709693346274,,45415.935408750316,63056.96968884713,18.0,0.0,21.0,41.0
2025-10-01,35157.76116172711,,45490.128362451986,63166.7355612343,18.0,0.0,21.0,41.0
2025-10-02,35038.65162437129,,45332.468114723495,62933.48275528347,18.0,0.0,21.0,41.0
2025-10-03,35992.45129004222,,45680.87202024574,63331.09481504519,18.0,0.0,21.0,41.0
2025-10-04,35992.45129004222,,45680.87202024574,63331.09481504519,18.0,0.0,21.0,41.0
2025-10-05,35992.45129004222,,45680.87202024574,63331.09481504519,18.0,0.0,21.0,41.0
2025-10-06,35863.27378656743,,45514.316550116724,63085.25309349701,18.0,0.0,21.0,41.0
2025-10-07,35116.91685477454,,44551.99860531237,61664.83802070386,18.0,0.0,21.0,41.0
2025-10-08,35339.38846141903,,44838.843156711075,62088.230649465586,18.0,0.0,21.0,41.0
2025-10-09,35870.450466628456,,45523.56982788859,63098.911256363936,18.0,0.0,21.0,41.0
2025-10-10,35831.29940693897,,45196.79119543486,62717.78727459404,18.0,0.0,21.0,41.0
2025-10-11,35831.29940693897,,45196.79119543486,62717.78727459404,18.0,0.0,21.0,41.0
2025-10-12,35831.29940693897,,45196.79119543486,62717.78727459404,18.0,0.0,21.0,41.0
2025-10-13,35874.6005315246,,45252.16993756261,62799.69371294422,18.0,0.0,21.0,41.0
2025-10-14,35311.69830017907,,44532.26213352436,61734.933447475385,18.0,0.0,21.0,41.0
2025-10-15,35838.51626103658,,45206.02098578948,62731.43834765241,18.0,0.0,21.0,41.0
2025-10-16,36033.36719224936,,45455.220044156864,63100.00950920039,18.0,0.0,21.0,41.0
2025-10-17,36401.307697216704,,45743.97985809722,63544.45409833666,18.0,0.0,21.0,41.0
2025-10-18,36401.307697216704,,45743.97985809722,63544.45409833666,18.0,0.0,21.0,41.0
2025-10-19,36401.307697216704,,45743.97985809722,63544.45409833666,18.0,0.0,21.0,41.0
2025-10-20,36517.269026380294,,45891.5060767894,63762.72319652886,18.0,0.0,21.0,41.0
2025-10-21,36017.18493038229,,45255.29815952231,62821.436084342015,18.0,0.0,21.0,41.0
2025-10-22,36568.00193509336,,45956.04857763584,63858.21560174133,18.0,0.0,21.0,41.0
2025-10-23,37118.818939804405,,46656.798995749356,64894.99511914062,18.0,0.0,21.0,41.0
2025-10-24,36849.962013817065,,45731.03514240626,63742.87117084347,18.0,0.0,21.0,41.0
2025-10-25,36849.962013817065,,45731.03514240626,63742.87117084347,18.0,0.0,21.0,41.0
2025-10-26,36849.962013817065,,45731.03514240626,63742.87117084347,18.0,0.0,21.0,41.0
2025-10-27,37069.934001375404,,46006.215481004365,64151.74809840088,18.0,0.0,21.0,41.0
2025-10-28,37355.89786491079,,46363.950271092704,64683.28862414074,18.0,0.0,21.0,41.0
2025-10-29,37737.1839486565,,46840.93115757976,65392.01105817796,18.0,0.0,21.0,41.0
2025-10-30,37458.55267117943,,46492.36927871855,64874.10010996682,18.0,0.0,21.0,41.0
2025-10-31,37988.801900063634,,47080.014771082366,65782.87073508753,18.0,0.0,21.0,41.0
2025-11-01,37988.801900063634,,47080.014771082366,65782.87073508753,18.0,0.0,21.0,41.0
2025-11-02,37988.801900063634,,47080.014771082366,65782.87073508753,18.0,0.0,21.0,41.0
2025-11-03,37401.4082910561,,46346.74978614441,64692.61796106568,18.0,0.0,21.0,41.0
2025-11-04,36696.53764079124,,45466.83390210381,63384.31775147318,18.0,0.0,21.0,41.0
2025-11-05,36733.24912865581,,45512.662198808546,63452.4574126289,18.0,0.0,21.0,41.0
2025-11-06,37019.60265526923,,45870.12780817036,63983.954047855674,18.0,0.0,21.0,41.0
2025-11-07,36943.732010851105,,45784.514316153334,63929.1272600634,18.0,0.0,21.0,41.0
2025-11-08,36943.732010851105,,45784.514316153334,63929.1272600634,18.0,0.0,21.0,41.0
2025-11-09,36943.732010851105,,45784.514316153334,63929.1272600634,18.0,0.0,21.0,41.0
2025-11-10,37266.42640830963,,46187.45195357692,64529.08116905417,18.0,0.0,21.0,41.0
2025-11-11,37266.42640830963,,46187.45195357692,64529.08116905417,18.0,0.0,21.0,41.0
2025-11-12,37838.473977848764,,46901.748507776094,65592.63287052981,18.0,0.0,21.0,41.0
2025-11-13,37963.1512633095,,47057.42883950665,65824.43306713577,18.0,0.0,21.0,41.0
2025-11-14,38418.975636956726,,47389.08217273597,66380.56463691774,18.0,0.0,21.0,41.0
2025-11-15,38418.975636956726,,47389.08217273597,66380.56463691774,18.0,0.0,21.0,41.0
2025-11-16,38418.975636956726,,47389.08217273597,66380.56463691774,18.0,0.0,21.0,41.0
2025-11-17,38286.32333988319,,47224.52743035164,66135.26656025297,18.0,0.0,21.0,41.0
2025-11-18,38632.69353904896,,47654.19853406226,66775.76767138156,18.0,0.0,21.0,41.0
2025-11-19,38212.62886873738,,47133.10967896642,65998.9921614548,18.0,0.0,21.0,41.0
2025-11-20,38057.86738694095,,46941.12856495742,65712.81020559004,18.0,0.0,21.0,41.0
2025-11-21,38826.31864730242,,48041.73590947551,66772.18218886486,18.0,0.0,21.0,41.0
2025-11-22,38826.31864730242,,48041.73590947551,66772.18218886486,18.0,0.0,21.0,41.0
2025-11-23,38826.31864730242,,48041.73590947551,66772.18218886486,18.0,0.0,21.0,41.0
2025-11-24,38131.273399418555,,47176.060687958336,65495.443811486926,18.0,0.0,21.0,41.0
2025-11-25,37414.04677159163,,46282.75867371907,64177.96014576592,18.0,0.0,21.0,41.0
2025-11-26,37066.524852805465,,45849.921941228306,63539.592252387505,18.0,0.0,21.0,41.0
2025-11-27,37066.524852805465,,45849.921941228306,63539.592252387505,18.0,0.0,21.0,41.0
2025-11-28,37122.66155426417,,46204.11984076041,63334.03445446466,18.0,0.0,21.0,41.0
2025-11-29,37122.66155426417,,46204.11984076041,63334.03445446466,18.0,0.0,21.0,41.0
2025-11-30,37122.66155426417,,46204.11984076041,63334.03445446466,18.0,0.0,21.0,41.0
2025-12-01,34805.64458090408,,43294.57427640132,59103.621466931894,18.0,0.0,21.0,41.0
2025-12-02,35139.051777018925,,43713.24338402317,59712.356814492035,18.0,0.0,21.0,41.0
2025-12-03,35361.324654262986,,43992.357896993235,60118.18295969543,18.0,0.0,21.0,41.0
2025-12-04,35094.597766837105,,43657.42119125134,59631.19261751668,18.0,0.0,21.0,41.0
2025-12-05,35282.833914031566,,43970.08631797409,59690.98427868729,18.0,0.0,21.0,41.0
2025-12-06,35282.833914031566,,43970.08631797409,59690.98427868729,18.0,0.0,21.0,41.0
2025-12-07,35282.833914031566,,43970.08631797409,59690.98427868729,18.0,0.0,21.0,41.0
2025-12-08,35379.467438251464,,44091.716078864796,59866.36023322603,18.0,0.0,21.0,41.0
2025-12-09,34814.53746044789,,43380.65541254907,58841.093537173474,18.0,0.0,21.0,41.0
2025-12-10,34844.27128875769,,43418.08050344668,58895.05616105601,18.0,0.0,21.0,41.0
2025-12-11,34970.635805713464,,43577.13178618188,59124.38959331825,18.0,0.0,21.0,41.0
2025-12-12,34989.25721488369,,43012.61017213809,59178.18506304425,18.0,0.0,21.0,41.0
2025-12-13,34989.25721488369,,43012.61017213809,59178.18506304425,18.0,0.0,21.0,41.0
2025-12-14,34989.25721488369,,43012.61017213809,59178.18506304425,18.0,0.0,21.0,41.0
2025-12-15,34907.19314029612,,42911.2001098219,59029.186561065006,18.0,0.0,21.0,41.0
2025-12-16,34713.22441496313,,42671.504717870324,58677.009927736864,18.0,0.0,21.0,41.0
2025-12-17,35041.479290368574,,43077.14320874172,59273.001352103725,18.0,0.0,21.0,41.0
2025-12-18,34347.66846362415,,42219.771703251565,58013.29332077037,18.0,0.0,21.0,41.0
2025-12-19,34149.548532910805,,41853.93341780595,57677.45203017354,18.0,0.0,21.0,41.0
2025-12-20,34149.548532910805,,41853.93341780595,57677.45203017354,18.0,0.0,21.0,41.0
2025-12-21,34149.548532910805,,41853.93341780595,57677.45203017354,18.0,0.0,21.0,41.0
2025-12-22,34239.111995252286,,41964.17383351798,57840.15289124033,18.0,0.0,21.0,41.0
2025-12-23,33992.814253266886,,41661.014880574876,57392.72875585974,18.0,0.0,21.0,41.0
2025-12-24,33933.10575289354,,41587.521854170845,57284.26237716269,18.0,0.0,21.0,41.0
2025-12-25,33933.10575289354,,41587.521854170845,57284.26237716269,18.0,0.0,21.0,41.0
2025-12-26,34364.554577434596,,41884.08034830962,57762.39541994967,18.0,0.0,21.0,41.0
2025-12-27,34364.554577434596,,41884.08034830962,57762.39541994967,18.0,0.0,21.0,41.0
2025-12-28,34364.554577434596,,41884.08034830962,57762.39541994967,18.0,0.0,21.0,41.0
2025-12-29,34604.80820008932,,42177.54798961495,58195.90484677783,18.0,0.0,21.0,41.0
2025-12-30,34296.98306705988,,41801.542355541846,57640.47057066423,18.0,0.0,21.0,41.0
2025-12-31,34372.062682145624,,41893.25143075106,57775.94291252805,18.0,0.0,21.0,41.0
2026-01-01,33640.6076550474,,41081.42604018207,57245.82891062424,18.0,0.0,21.0,35.0
2026-01-02,36659.78143808455,,44664.32602139664,62677.614270128615,18.0,0.0,21.0,35.0
2026-01-03,36659.78143808455,,44664.32602139664,62677.614270128615,18.0,0.0,21.0,35.0
2026-01-04,36659.78143808455,,44664.32602139664,62677.614270128615,18.0,0.0,21.0,35.0
2026-01-05,36837.07656228923,,44880.23068461778,63003.123077305914,18.0,0.0,21.0,35.0
2026-01-06,37529.368281870135,,45723.282693167916,64274.15099118891,18.0,0.0,21.0,35.0
2026-01-07,39268.540359146,,47841.194075741325,67467.22147685307,18.0,0.0,21.0,35.0
2026-01-08,39910.1770190807,,48622.55987807219,68645.24814145245,18.0,0.0,21.0,35.0
2026-01-09,40107.82315991379,,49197.52109693872,69556.71757337343,18.0,0.0,21.0,35.0
2026-01-10,40107.82315991379,,49197.52109693872,69556.71757337343,18.0,0.0,21.0,35.0
2026-01-11,40107.82315991379,,49197.52109693872,69556.71757337343,18.0,0.0,21.0,35.0
2026-01-12,40266.84419960617,,49392.912499155675,69851.53190521145,18.0,0.0,21.0,35.0
2026-01-13,40986.62213008669,,50277.31382990714,71185.95186660076,18.0,0.0,21.0,35.0
2026-01-14,41053.57810526931,,50359.583584293374,71310.08374955296,18.0,0.0,21.0,35.0
2026-01-15,40919.666154904065,,50195.04407552089,71061.81998364857,18.0,0.0,21.0,35.0
2026-01-16,40868.14969153416,,50045.29952657444,72010.08119294114,18.0,0.0,21.0,35.0
2026-01-17,40868.14969153416,,50045.29952657444,72010.08119294114,18.0,0.0,21.0,35.0
2026-01-18,40868.14969153416,,50045.29952657444,72010.08119294114,18.0,0.0,21.0,35.0
2026-01-19,40868.14969153416,,50045.29952657444,72010.08119294114,18.0,0.0,21.0,35.0
2026-01-20,40561.766679323635,,49669.68846618841,71431.8517960303,18.0,0.0,21.0,35.0
2026-01-21,40934.394453714856,,50126.512467162065,72135.10336244028,18.0,0.0,21.0,35.0
2026-01-22,40056.64938057102,,49050.438584039555,70478.55589062207,18.0,0.0,21.0,35.0
2026-01-23,40309.26515780718,,49283.10449618527,72112.7120601963,18.0,0.0,21.0,35.0
2026-01-24,40309.26515780718,,49283.10449618527,72112.7120601963,18.0,0.0,21.0,35.0
2026-01-25,40309.26515780718,,49283.10449618527,72112.7120601963,18.0,0.0,21.0,35.0
2026-01-26,40816.58379266869,,49903.7820550998,73089.26076555483,18.0,0.0,21.0,35.0
2026-01-27,41111.15600392356,,50264.175599594055,73656.28923990624,18.0,0.0,21.0,35.0
2026-01-28,41945.77466798391,,51285.287459943705,75262.86491020212,18.0,0.0,21.0,35.0
2026-01-29,42150.338356755994,,51535.56033041353,75656.63401645284,18.0,0.0,21.0,35.0
2026-01-30,42756.90457432167,,51661.61654800159,75973.4239929381,18.0,0.0,21.0,35.0
2026-01-31,42756.90457432167,,51661.61654800159,75973.4239929381,18.0,0.0,21.0,35.0
2026-02-01,42756.90457432167,,51661.61654800159,75973.4239929381,18.0,0.0,21.0,35.0
2026-02-02,42740.346731473335,,51641.66621299774,75941.97585883594,18.0,0.0,21.0,35.0
2026-02-03,42972.1517942217,,51920.965195345634,76382.24073908872,18.0,0.0,21.0,35.0
2026-02-04,42442.3134554172,,51282.56969577179,75375.92444029279,18.0,0.0,21.0,35.0
2026-02-05,42276.738185019385,,51083.070150870626,75061.44909738949,18.0,0.0,21.0,35.0
2026-02-06,43224.28681724395,,52695.41220729806,77145.28295269157,18.0,0.0,21.0,35.0
2026-02-07,43224.28681724395,,52695.41220729806,77145.28295269157,18.0,0.0,21.0,35.0
2026-02-08,43224.28681724395,,52695.41220729806,77145.28295269157,18.0,0.0,21.0,35.0
2026-02-09,43001.99326149183,,52424.46526310504,76721.20651182353,18.0,0.0,21.0,35.0
2026-02-10,42960.82691579578,,52374.28883971661,76642.67217326723,18.0,0.0,21.0,35.0
2026-02-11,43465.38369248085,,53830.22101346969,78241.46785833316,18.0,0.0,21.0,35.0
2026-02-12,43115.24835113656,,53394.76610527276,77566.93240749852,18.0,0.0,21.0,35.0
2026-02-13,44116.797197475586,,54640.36833229403,79496.4154468411,18.0,0.0,21.0,35.0
2026-02-14,44116.797197475586,,54640.36833229403,79496.4154468411,18.0,0.0,21.0,35.0
2026-02-15,44116.797197475586,,54640.36833229403,79496.4154468411,18.0,0.0,21.0,35.0
2026-02-16,44116.797197475586,,54640.36833229403,79496.4154468411,18.0,0.0,21.0,35.0
2026-02-17,44605.358102767794,,55247.979787184064,80437.62763423756,18.0,0.0,21.0,35.0
2026-02-18,46038.46781375624,,57030.30388859763,83198.512328955,18.0,0.0,21.0,35.0
2026-02-19,46478.173094446924,,57577.15477746175,84045.60419522115,18.0,0.0,21.0,35.0
2026-02-20,47211.015228931385,,58488.57292556859,85457.42397233137,18.0,0.0,21.0,35.0
2026-02-21,47211.015228931385,,58488.57292556859,85457.42397233137,18.0,0.0,21.0,35.0
2026-02-22,47211.015228931385,,58488.57292556859,85457.42397233137,18.0,0.0,21.0,35.0
2026-02-23,47512.29339258185,,58863.26533619601,86037.83611000463,18.0,0.0,21.0,35.0
2026-02-24,48676.69639171572,,60311.405358695134,88281.05754248974,18.0,0.0,21.0,35.0
2026-02-25,48627.839214021886,,60250.64286112564,88186.93422932836,18.0,0.0,21.0,35.0
2026-02-26,49295.538444914564,,61081.04434580649,89473.25625555673,18.0,0.0,21.0,35.0
2026-02-27,50767.29605672594,,62911.433912534805,92308.59609983239,18.0,0.0,21.0,35.0
2026-02-28,50767.29605672594,,62911.433912534805,92308.59609983239,18.0,0.0,21.0,35.0
2026-03-01,50767.29605672594,,62911.433912534805,92308.59609983239,18.0,0.0,21.0,35.0
2026-03-02,52127.12148707571,,64602.61611557481,94928.2986873969,18.0,0.0,21.0,35.0
2026-03-03,50107.738168279284,,62091.15761976925,91037.95836321656,18.0,0.0,21.0,35.0
2026-03-04,49407.46752019171,,61220.24784640785,89688.88752820606,18.0,0.0,21.0,35.0
2026-03-05,48300.063063326204,,59842.99554091418,87555.47374112545,18.0,0.0,21.0,35.0
2026-03-06,48006.92933020104,,59478.432162771984,86990.7518422469,18.0,0.0,21.0,35.0
2026-03-07,48006.92933020104,,59478.432162771984,86990.7518422469,18.0,0.0,21.0,35.0
2026-03-08,48006.92933020104,,59478.432162771984,86990.7518422469,18.0,0.0,21.0,35.0
2026-03-09,48764.19846302276,,60420.229581584936,88449.63021182227,18.0,0.0,21.0,35.0
2026-03-10,48560.63155863378,,60167.058315518814,88057.4587357872,18.0,0.0,21.0,35.0
2026-03-11,47143.8045373654,,58404.9846039403,85327.94262959599,18.0,0.0,21.0,35.0
2026-03-12,44920.85431418,,55640.354842068584,81045.43082938058,18.0,0.0,21.0,35.0
2026-03-13,44440.43629557465,,55042.870499629025,80119.90590657537,18.0,0.0,21.0,35.0
2026-03-14,44440.43629557465,,55042.870499629025,80119.90590657537,18.0,0.0,21.0,35.0
2026-03-15,44440.43629557465,,55042.870499629025,80119.90590657537,18.0,0.0,21.0,35.0
2026-03-16,45783.97755392339,,56713.80046935679,82708.23705000056,18.0,0.0,21.0,35.0
2026-03-17,45352.41515750558,,56177.07668994096,81876.83244367513,18.0,0.0,21.0,35.0
2026-03-18,46052.685805593144,,57047.98646330235,83225.9032786856,18.0,0.0,21.0,35.0
2026-03-19,46638.959484212406,,57777.12094576064,84355.35904456636,18.0,0.0,21.0,35.0
2026-03-20,46060.82711504755,,57058.11161418675,83241.5875047398,18.0,0.0,21.0,35.0
2026-03-21,46060.82711504755,,57058.11161418675,83241.5875047398,18.0,0.0,21.0,35.0
2026-03-22,46060.82711504755,,57058.11161418675,83241.5875047398,18.0,0.0,21.0,35.0
2026-03-23,47412.514342127375,,58739.17252942932,85845.61185031195,18.0,0.0,21.0,35.0
2026-03-24,48723.4825971974,,60369.592237902165,88371.19112936579,18.0,0.0,21.0,35.0
2026-03-25,47347.371441754374,,58658.15587000643,85720.11410563106,18.0,0.0,21.0,35.0
2026-03-26,47200.80302209955,,58475.87224939186,85437.75016416085,18.0,0.0,21.0,35.0
2026-03-27,47265.945922472565,,58556.88890881475,85563.24790884176,18.0,0.0,21.0,35.0
2026-03-28,47265.945922472565,,58556.88890881475,85563.24790884176,18.0,0.0,21.0,35.0
2026-03-29,47265.945922472565,,58556.88890881475,85563.24790884176,18.0,0.0,21.0,35.0
2026-03-30,47054.23460244474,,58293.58862877728,85155.38622269066,18.0,0.0,21.0,35.0
2026-03-31,48251.2089942309,,59782.23690943395,87461.3564166766,18.0,0.0,21.0,35.0
2026-04-01,48226.781959683256,,59751.857593693836,87414.29775445217,18.0,0.0,21.0,35.0
2026-04-02,49668.032909314825,,61544.30675792552,90190.86653880597,18.0,0.0,21.0,35.0
2026-04-03,49668.032909314825,,61544.30675792552,90190.86653880597,18.0,0.0,21.0,35.0
2026-04-04,49668.032909314825,,61544.30675792552,90190.86653880597,18.0,0.0,21.0,35.0
2026-04-05,49668.032909314825,,61544.30675792552,90190.86653880597,18.0,0.0,21.0,35.0
2026-04-06,49570.32166493978,,61422.78563187812,90002.62590584646,18.0,0.0,21.0,35.0
2026-04-07,48348.920238605955,,59903.758035481354,87649.59704963611,18.0,0.0,21.0,35.0
2026-04-08,49171.33227180069,,60926.57211371721,89233.97316389238,18.0,0.0,21.0,35.0
