Date,Adj Close,Close,High,Low,Open,Volume
,DE000SL0DEX2.SG,DE000SL0DEX2.SG,DE000SL0DEX2.SG,DE000SL0DEX2.SG,DE000SL0DEX2.SG,DE000SL0DEX2.SG
2016-01-04,104.87000274658203,104.87000274658203,104.87000274658203,104.87000274658203,104.87000274658203,0
2016-01-05,102.75,102.75,102.75,102.75,102.75,0
2016-01-06,99.91999816894531,99.91999816894531,99.91999816894531,99.91999816894531,99.91999816894531,0
2016-01-07,95.68000030517578,95.68000030517578,95.68000030517578,95.68000030517578,95.68000030517578,0
2016-01-08,94.93000030517578,94.93000030517578,94.93000030517578,94.93000030517578,94.93000030517578,0
2016-01-11,92.2699966430664,92.2699966430664,92.2699966430664,92.2699966430664,92.2699966430664,0
2016-01-12,89.36000061035156,89.36000061035156,89.36000061035156,89.36000061035156,89.36000061035156,0
2016-01-13,87.55000305175781,87.55000305175781,87.55000305175781,87.55000305175781,87.55000305175781,0
2016-01-14,87.51000213623047,87.51000213623047,87.51000213623047,87.51000213623047,87.51000213623047,0
2016-01-15,84.72000122070312,84.72000122070312,84.72000122070312,84.72000122070312,84.72000122070312,0
2016-01-18,84.12000274658203,84.12000274658203,84.12000274658203,84.12000274658203,84.12000274658203,0
2016-01-19,84.44000244140625,84.44000244140625,84.44000244140625,84.44000244140625,84.44000244140625,0
2016-01-20,81.08999633789062,81.08999633789062,81.08999633789062,81.08999633789062,81.08999633789062,0
2016-01-21,83.77999877929688,83.77999877929688,83.77999877929688,83.77999877929688,83.77999877929688,0
2016-01-22,88.5199966430664,88.5199966430664,88.5199966430664,88.5199966430664,88.5199966430664,0
2016-01-25,87.08000183105469,87.08000183105469,87.08000183105469,87.08000183105469,87.08000183105469,0
2016-01-26,88.12999725341797,88.12999725341797,88.12999725341797,88.12999725341797,88.12999725341797,0
2016-01-27,88.29000091552734,88.29000091552734,88.29000091552734,88.29000091552734,88.29000091552734,0
2016-01-28,89.29000091552734,89.29000091552734,89.29000091552734,89.29000091552734,89.29000091552734,0
2016-01-29,89.94999694824219,89.94999694824219,89.94999694824219,89.94999694824219,89.94999694824219,0
2016-02-01,89.98999786376953,89.98999786376953,89.98999786376953,89.98999786376953,89.98999786376953,0
2016-02-02,86.77999877929688,86.77999877929688,86.77999877929688,86.77999877929688,86.77999877929688,0
2016-02-03,87.04000091552734,87.04000091552734,87.04000091552734,87.04000091552734,87.04000091552734,0
2016-02-04,88.06999969482422,88.06999969482422,88.06999969482422,88.06999969482422,88.06999969482422,0
2016-02-05,87.2699966430664,87.2699966430664,87.2699966430664,87.2699966430664,87.2699966430664,0
2016-02-08,84.51000213623047,84.51000213623047,84.51000213623047,84.51000213623047,84.51000213623047,0
2016-02-09,81.41999816894531,81.41999816894531,81.41999816894531,81.41999816894531,81.41999816894531,0
2016-02-10,80.5999984741211,80.5999984741211,80.5999984741211,80.5999984741211,80.5999984741211,0
2016-02-11,79.11000061035156,79.11000061035156,79.11000061035156,79.11000061035156,79.11000061035156,0
2016-02-12,81.22000122070312,81.22000122070312,81.22000122070312,81.22000122070312,81.22000122070312,0
2016-02-15,82.93000030517578,82.93000030517578,82.93000030517578,82.93000030517578,82.93000030517578,0
2016-02-16,84.22000122070312,84.22000122070312,84.22000122070312,84.22000122070312,84.22000122070312,0
2016-02-17,86.66999816894531,86.66999816894531,86.66999816894531,86.66999816894531,86.66999816894531,0
2016-02-18,86.83999633789062,86.83999633789062,86.83999633789062,86.83999633789062,86.83999633789062,0
2016-02-19,86.5999984741211,86.5999984741211,86.5999984741211,86.5999984741211,86.5999984741211,0
2016-02-22,88.47000122070312,88.47000122070312,88.47000122070312,88.47000122070312,88.47000122070312,0
2016-02-23,86.75,86.75,86.75,86.75,86.75,0
2016-02-24,85.83999633789062,85.83999633789062,85.83999633789062,85.83999633789062,85.83999633789062,0
2016-02-25,86.41999816894531,86.41999816894531,86.41999816894531,86.41999816894531,86.41999816894531,0
2016-02-26,87.11000061035156,87.11000061035156,87.11000061035156,87.11000061035156,87.11000061035156,0
2016-02-29,88.76000213623047,88.76000213623047,88.76000213623047,88.76000213623047,88.76000213623047,0
2016-03-01,89.77999877929688,89.77999877929688,89.77999877929688,89.77999877929688,89.77999877929688,0
2016-03-02,90.45999908447266,90.45999908447266,90.45999908447266,90.45999908447266,90.45999908447266,0
2016-03-03,92.0999984741211,92.0999984741211,92.0999984741211,92.0999984741211,92.0999984741211,0
2016-03-04,94.62999725341797,94.62999725341797,94.62999725341797,94.62999725341797,94.62999725341797,0
2016-03-07,96.11000061035156,96.11000061035156,96.11000061035156,96.11000061035156,96.11000061035156,0
2016-03-08,91.61000061035156,91.61000061035156,91.61000061035156,91.61000061035156,91.61000061035156,0
2016-03-09,92.05999755859375,92.05999755859375,92.05999755859375,92.05999755859375,92.05999755859375,0
2016-03-10,91.27999877929688,91.27999877929688,91.27999877929688,91.27999877929688,91.27999877929688,0
2016-03-11,93.62999725341797,93.62999725341797,93.62999725341797,93.62999725341797,93.62999725341797,0
2016-03-14,94.87999725341797,94.87999725341797,94.87999725341797,94.87999725341797,94.87999725341797,0
2016-03-15,93.4000015258789,93.4000015258789,93.4000015258789,93.4000015258789,93.4000015258789,0
2016-03-16,95.04000091552734,95.04000091552734,95.04000091552734,95.04000091552734,95.04000091552734,0
2016-03-17,97.19999694824219,97.19999694824219,97.19999694824219,97.19999694824219,97.19999694824219,0
2016-03-18,96.48999786376953,96.48999786376953,96.48999786376953,96.48999786376953,96.48999786376953,0
2016-03-21,95.11000061035156,95.11000061035156,95.11000061035156,95.11000061035156,95.11000061035156,0
2016-03-22,94.5199966430664,94.5199966430664,94.5199966430664,94.5199966430664,94.5199966430664,0
2016-03-23,91.56999969482422,91.56999969482422,91.56999969482422,91.56999969482422,91.56999969482422,0
2016-03-24,91.63999938964844,91.63999938964844,91.63999938964844,91.63999938964844,91.63999938964844,0
2016-03-29,91.05999755859375,91.05999755859375,91.05999755859375,91.05999755859375,91.05999755859375,0
2016-03-30,91.63999938964844,91.63999938964844,91.63999938964844,91.63999938964844,91.63999938964844,0
2016-03-31,92.16000366210938,92.16000366210938,92.16000366210938,92.16000366210938,92.16000366210938,0
2016-04-01,90.38999938964844,90.38999938964844,90.38999938964844,90.38999938964844,90.38999938964844,0
2016-04-04,90.12000274658203,90.12000274658203,90.12000274658203,90.12000274658203,90.12000274658203,0
2016-04-05,89.30000305175781,89.30000305175781,89.30000305175781,89.30000305175781,89.30000305175781,0
2016-04-06,90.05000305175781,90.05000305175781,90.05000305175781,90.05000305175781,90.05000305175781,0
2016-04-07,89.69000244140625,89.69000244140625,89.69000244140625,89.69000244140625,89.69000244140625,0
2016-04-08,91.33000183105469,91.33000183105469,91.33000183105469,91.33000183105469,91.33000183105469,0
2016-04-11,92.80999755859375,92.80999755859375,92.80999755859375,92.80999755859375,92.80999755859375,0
2016-04-12,94.44999694824219,94.44999694824219,94.44999694824219,94.44999694824219,94.44999694824219,0
2016-04-13,97.19999694824219,97.19999694824219,97.19999694824219,97.19999694824219,97.19999694824219,0
2016-04-14,97.91000366210938,97.91000366210938,97.91000366210938,97.91000366210938,97.91000366210938,0
2016-04-15,97.41999816894531,97.41999816894531,97.41999816894531,97.41999816894531,97.41999816894531,0
2016-04-18,97.27999877929688,97.27999877929688,97.27999877929688,97.27999877929688,97.27999877929688,0
2016-04-19,99.62999725341797,99.62999725341797,99.62999725341797,99.62999725341797,99.62999725341797,0
2016-04-20,100.75,100.75,100.75,100.75,100.75,0
2016-04-21,101.69999694824219,101.69999694824219,101.69999694824219,101.69999694824219,101.69999694824219,0
2016-04-22,102.87000274658203,102.87000274658203,102.87000274658203,102.87000274658203,102.87000274658203,0
2016-04-25,101.0999984741211,101.0999984741211,101.0999984741211,101.0999984741211,101.0999984741211,0
2016-04-26,100.83000183105469,100.83000183105469,100.83000183105469,100.83000183105469,100.83000183105469,0
2016-04-27,101.2300033569336,101.2300033569336,101.2300033569336,101.2300033569336,101.2300033569336,0
2016-04-28,100.72000122070312,100.72000122070312,100.72000122070312,100.72000122070312,100.72000122070312,0
2016-04-29,99.11000061035156,99.11000061035156,99.11000061035156,99.11000061035156,99.11000061035156,0
2016-05-02,98.52999877929688,98.52999877929688,98.52999877929688,98.52999877929688,98.52999877929688,0
2016-05-03,96.45999908447266,96.45999908447266,96.45999908447266,96.45999908447266,96.45999908447266,0
2016-05-04,95.80000305175781,95.80000305175781,95.80000305175781,95.80000305175781,95.80000305175781,0
2016-05-05,94.62000274658203,94.62000274658203,94.62000274658203,94.62000274658203,94.62000274658203,0
2016-05-06,94.80999755859375,94.80999755859375,94.80999755859375,94.80999755859375,94.80999755859375,0
2016-05-09,94.30999755859375,94.30999755859375,94.30999755859375,94.30999755859375,94.30999755859375,0
2016-05-10,95.08999633789062,95.08999633789062,95.08999633789062,95.08999633789062,95.08999633789062,0
2016-05-11,95.77999877929688,95.77999877929688,95.77999877929688,95.77999877929688,95.77999877929688,0
2016-05-12,94.98999786376953,94.98999786376953,94.98999786376953,94.98999786376953,94.98999786376953,0
2016-05-13,93.62999725341797,93.62999725341797,93.62999725341797,93.62999725341797,93.62999725341797,0
2016-05-17,95.6500015258789,95.6500015258789,95.6500015258789,95.6500015258789,95.6500015258789,0
2016-05-18,94.23999786376953,94.23999786376953,94.23999786376953,94.23999786376953,94.23999786376953,0
2016-05-19,93.0,93.0,93.0,93.0,93.0,0
2016-05-20,93.58999633789062,93.58999633789062,93.58999633789062,93.58999633789062,93.58999633789062,0
2016-05-23,93.20999908447266,93.20999908447266,93.20999908447266,93.20999908447266,93.20999908447266,0
2016-05-24,93.29000091552734,93.29000091552734,93.29000091552734,93.29000091552734,93.29000091552734,0
2016-05-25,94.80999755859375,94.80999755859375,94.80999755859375,94.80999755859375,94.80999755859375,0
2016-05-26,94.31999969482422,94.31999969482422,94.31999969482422,94.31999969482422,94.31999969482422,0
2016-05-27,95.41000366210938,95.41000366210938,95.41000366210938,95.41000366210938,95.41000366210938,0
2016-05-30,95.8499984741211,95.8499984741211,95.8499984741211,95.8499984741211,95.8499984741211,0
2016-05-31,97.54000091552734,97.54000091552734,97.54000091552734,97.54000091552734,97.54000091552734,0
2016-06-01,96.62999725341797,96.62999725341797,96.62999725341797,96.62999725341797,96.62999725341797,0
2016-06-02,96.51000213623047,96.51000213623047,96.51000213623047,96.51000213623047,96.51000213623047,0
2016-06-03,96.66999816894531,96.66999816894531,96.66999816894531,96.66999816894531,96.66999816894531,0
2016-06-06,97.86000061035156,97.86000061035156,97.86000061035156,97.86000061035156,97.86000061035156,0
2016-06-07,99.0999984741211,99.0999984741211,99.0999984741211,99.0999984741211,99.0999984741211,0
2016-06-08,99.77999877929688,99.77999877929688,99.77999877929688,99.77999877929688,99.77999877929688,0
2016-06-09,98.41999816894531,98.41999816894531,98.41999816894531,98.41999816894531,98.41999816894531,0
2016-06-10,95.13999938964844,95.13999938964844,95.13999938964844,95.13999938964844,95.13999938964844,0
2016-06-13,92.22000122070312,92.22000122070312,92.22000122070312,92.22000122070312,92.22000122070312,0
2016-06-14,89.87999725341797,89.87999725341797,89.87999725341797,89.87999725341797,89.87999725341797,0
2016-06-15,89.66000366210938,89.66000366210938,89.66000366210938,89.66000366210938,89.66000366210938,0
2016-06-16,87.75,87.75,87.75,87.75,87.75,0
2016-06-17,89.41000366210938,89.41000366210938,89.41000366210938,89.41000366210938,89.41000366210938,0
2016-06-20,91.0199966430664,91.0199966430664,91.0199966430664,91.0199966430664,91.0199966430664,0
2016-06-21,90.38999938964844,90.38999938964844,90.38999938964844,90.38999938964844,90.38999938964844,0
2016-06-22,90.1500015258789,90.1500015258789,90.1500015258789,90.1500015258789,90.1500015258789,0
2016-06-23,93.05000305175781,93.05000305175781,93.05000305175781,93.05000305175781,93.05000305175781,0
2016-06-24,89.33000183105469,89.33000183105469,89.33000183105469,89.33000183105469,89.33000183105469,0
2016-06-27,85.16000366210938,85.16000366210938,85.16000366210938,85.16000366210938,85.16000366210938,0
2016-06-28,87.0199966430664,87.0199966430664,87.0199966430664,87.0199966430664,87.0199966430664,0
2016-06-29,89.3499984741211,89.3499984741211,89.3499984741211,89.3499984741211,89.3499984741211,0
2016-06-30,88.77999877929688,88.77999877929688,88.77999877929688,88.77999877929688,88.77999877929688,0
2016-07-01,90.5999984741211,90.5999984741211,90.5999984741211,90.5999984741211,90.5999984741211,0
2016-07-04,90.77999877929688,90.77999877929688,90.77999877929688,90.77999877929688,90.77999877929688,0
2016-07-05,88.1500015258789,88.1500015258789,88.1500015258789,88.1500015258789,88.1500015258789,0
2016-07-06,87.5199966430664,87.5199966430664,87.5199966430664,87.5199966430664,87.5199966430664,0
2016-07-07,86.95999908447266,86.95999908447266,86.95999908447266,86.95999908447266,86.95999908447266,0
2016-07-08,88.12000274658203,88.12000274658203,88.12000274658203,88.12000274658203,88.12000274658203,0
2016-07-11,89.69999694824219,89.69999694824219,89.69999694824219,89.69999694824219,89.69999694824219,0
2016-07-12,91.77999877929688,91.77999877929688,91.77999877929688,91.77999877929688,91.77999877929688,0
2016-07-13,91.73999786376953,91.73999786376953,91.73999786376953,91.73999786376953,91.73999786376953,0
2016-07-14,91.88999938964844,91.88999938964844,91.88999938964844,91.88999938964844,91.88999938964844,0
2016-07-15,91.80000305175781,91.80000305175781,91.80000305175781,91.80000305175781,91.80000305175781,0
2016-07-18,92.4000015258789,92.4000015258789,92.4000015258789,92.4000015258789,92.4000015258789,0
2016-07-19,91.83999633789062,91.83999633789062,91.83999633789062,91.83999633789062,91.83999633789062,0
2016-07-20,92.29000091552734,92.29000091552734,92.29000091552734,92.29000091552734,92.29000091552734,0
2016-07-21,92.87000274658203,92.87000274658203,92.87000274658203,92.87000274658203,92.87000274658203,0
2016-07-22,91.93000030517578,91.93000030517578,91.93000030517578,91.93000030517578,91.93000030517578,0
2016-07-25,91.26000213623047,91.26000213623047,91.26000213623047,91.26000213623047,91.26000213623047,0
2016-07-26,91.5199966430664,91.5199966430664,91.5199966430664,91.5199966430664,91.5199966430664,0
2016-07-27,91.0,91.0,91.0,91.0,91.0,0
2016-07-28,90.87999725341797,90.87999725341797,90.87999725341797,90.87999725341797,90.87999725341797,0
2016-07-29,91.58000183105469,91.58000183105469,91.58000183105469,91.58000183105469,91.58000183105469,0
2016-08-01,90.72000122070312,90.72000122070312,90.72000122070312,90.72000122070312,90.72000122070312,0
2016-08-02,89.43000030517578,89.43000030517578,89.43000030517578,89.43000030517578,89.43000030517578,0
2016-08-03,89.73999786376953,89.73999786376953,89.73999786376953,89.73999786376953,89.73999786376953,0
2016-08-04,90.7300033569336,90.7300033569336,90.7300033569336,90.7300033569336,90.7300033569336,0
2016-08-05,92.12000274658203,92.12000274658203,92.12000274658203,92.12000274658203,92.12000274658203,0
2016-08-08,93.94000244140625,93.94000244140625,93.94000244140625,93.94000244140625,93.94000244140625,0
2016-08-09,93.62999725341797,93.62999725341797,93.62999725341797,93.62999725341797,93.62999725341797,0
2016-08-10,93.62000274658203,93.62000274658203,93.62000274658203,93.62000274658203,93.62000274658203,0
2016-08-11,94.19000244140625,94.19000244140625,94.19000244140625,94.19000244140625,94.19000244140625,0
2016-08-12,94.69999694824219,94.69999694824219,94.69999694824219,94.69999694824219,94.69999694824219,0
2016-08-15,95.80000305175781,95.80000305175781,95.80000305175781,95.80000305175781,95.80000305175781,0
2016-08-16,95.37999725341797,95.37999725341797,95.37999725341797,95.37999725341797,95.37999725341797,0
2016-08-17,94.3499984741211,94.3499984741211,94.3499984741211,94.3499984741211,94.3499984741211,0
2016-08-18,95.37999725341797,95.37999725341797,95.37999725341797,95.37999725341797,95.37999725341797,0
2016-08-19,95.3499984741211,95.3499984741211,95.3499984741211,95.3499984741211,95.3499984741211,0
2016-08-22,94.5,94.5,94.5,94.5,94.5,0
2016-08-23,95.16000366210938,95.16000366210938,95.16000366210938,95.16000366210938,95.16000366210938,0
2016-08-24,93.77999877929688,93.77999877929688,93.77999877929688,93.77999877929688,93.77999877929688,0
2016-08-25,92.5999984741211,92.5999984741211,92.5999984741211,92.5999984741211,92.5999984741211,0
2016-08-26,92.2300033569336,92.2300033569336,92.2300033569336,92.2300033569336,92.2300033569336,0
2016-08-29,91.94000244140625,91.94000244140625,91.94000244140625,91.94000244140625,91.94000244140625,0
2016-08-30,92.9000015258789,92.9000015258789,92.9000015258789,92.9000015258789,92.9000015258789,0
2016-08-31,92.75,92.75,92.75,92.75,92.75,0
2016-09-01,92.55000305175781,92.55000305175781,92.55000305175781,92.55000305175781,92.55000305175781,0
2016-09-02,93.8499984741211,93.8499984741211,93.8499984741211,93.8499984741211,93.8499984741211,0
2016-09-05,94.7699966430664,94.7699966430664,94.7699966430664,94.7699966430664,94.7699966430664,0
2016-09-06,94.86000061035156,94.86000061035156,94.86000061035156,94.86000061035156,94.86000061035156,0
2016-09-07,96.54000091552734,96.54000091552734,96.54000091552734,96.54000091552734,96.54000091552734,0
2016-09-08,97.6500015258789,97.6500015258789,97.6500015258789,97.6500015258789,97.6500015258789,0
2016-09-09,96.36000061035156,96.36000061035156,96.36000061035156,96.36000061035156,96.36000061035156,0
2016-09-12,95.38999938964844,95.38999938964844,95.38999938964844,95.38999938964844,95.38999938964844,0
2016-09-13,93.95999908447266,93.95999908447266,93.95999908447266,93.95999908447266,93.95999908447266,0
2016-09-14,92.94000244140625,92.94000244140625,92.94000244140625,92.94000244140625,92.94000244140625,0
2016-09-15,93.13999938964844,93.13999938964844,93.13999938964844,93.13999938964844,93.13999938964844,0
2016-09-16,93.55999755859375,93.55999755859375,93.55999755859375,93.55999755859375,93.55999755859375,0
2016-09-19,94.1500015258789,94.1500015258789,94.1500015258789,94.1500015258789,94.1500015258789,0
2016-09-20,93.47000122070312,93.47000122070312,93.47000122070312,93.47000122070312,93.47000122070312,0
2016-09-21,95.18000030517578,95.18000030517578,95.18000030517578,95.18000030517578,95.18000030517578,0
2016-09-22,97.08999633789062,97.08999633789062,97.08999633789062,97.08999633789062,97.08999633789062,0
2016-09-23,96.05999755859375,96.05999755859375,96.05999755859375,96.05999755859375,96.05999755859375,0
2016-09-26,94.7300033569336,94.7300033569336,94.7300033569336,94.7300033569336,94.7300033569336,0
2016-09-27,94.06999969482422,94.06999969482422,94.06999969482422,94.06999969482422,94.06999969482422,0
2016-09-28,95.06999969482422,95.06999969482422,95.06999969482422,95.06999969482422,95.06999969482422,0
2016-09-29,94.33999633789062,94.33999633789062,94.33999633789062,94.33999633789062,94.33999633789062,0
2016-09-30,94.4000015258789,94.4000015258789,94.4000015258789,94.4000015258789,94.4000015258789,0
2016-10-04,94.68000030517578,94.68000030517578,94.68000030517578,94.68000030517578,94.68000030517578,0
2016-10-05,95.79000091552734,95.79000091552734,95.79000091552734,95.79000091552734,95.79000091552734,0
2016-10-06,97.23999786376953,97.23999786376953,97.23999786376953,97.23999786376953,97.23999786376953,0
2016-10-07,96.93000030517578,96.93000030517578,96.93000030517578,96.93000030517578,96.93000030517578,0
2016-10-10,97.87999725341797,97.87999725341797,97.87999725341797,97.87999725341797,97.87999725341797,0
2016-10-11,97.31999969482422,97.31999969482422,97.31999969482422,97.31999969482422,97.31999969482422,0
2016-10-12,96.5,96.5,96.5,96.5,96.5,0
2016-10-13,94.86000061035156,94.86000061035156,94.86000061035156,94.86000061035156,94.86000061035156,0
2016-10-14,95.33000183105469,95.33000183105469,95.33000183105469,95.33000183105469,95.33000183105469,0
2016-10-17,95.01000213623047,95.01000213623047,95.01000213623047,95.01000213623047,95.01000213623047,0
2016-10-18,96.30999755859375,96.30999755859375,96.30999755859375,96.30999755859375,96.30999755859375,0
2016-10-19,96.9000015258789,96.9000015258789,96.9000015258789,96.9000015258789,96.9000015258789,0
2016-10-20,97.48999786376953,97.48999786376953,97.48999786376953,97.48999786376953,97.48999786376953,0
2016-10-21,97.08999633789062,97.08999633789062,97.08999633789062,97.08999633789062,97.08999633789062,0
2016-10-24,97.26000213623047,97.26000213623047,97.26000213623047,97.26000213623047,97.26000213623047,0
2016-10-25,96.0199966430664,96.0199966430664,96.0199966430664,96.0199966430664,96.0199966430664,0
2016-10-26,94.95999908447266,94.95999908447266,94.95999908447266,94.95999908447266,94.95999908447266,0
2016-10-27,94.52999877929688,94.52999877929688,94.52999877929688,94.52999877929688,94.52999877929688,0
2016-10-28,93.12000274658203,93.12000274658203,93.12000274658203,93.12000274658203,93.12000274658203,0
2016-10-31,92.16000366210938,92.16000366210938,92.16000366210938,92.16000366210938,92.16000366210938,0
2016-11-01,91.4000015258789,91.4000015258789,91.4000015258789,91.4000015258789,91.4000015258789,0
2016-11-02,88.16999816894531,88.16999816894531,88.16999816894531,88.16999816894531,88.16999816894531,0
2016-11-03,88.55999755859375,88.55999755859375,88.55999755859375,88.55999755859375,88.55999755859375,0
2016-11-04,87.95999908447266,87.95999908447266,87.95999908447266,87.95999908447266,87.95999908447266,0
2016-11-07,89.19000244140625,89.19000244140625,89.19000244140625,89.19000244140625,89.19000244140625,0
2016-11-08,88.23999786376953,88.23999786376953,88.23999786376953,88.23999786376953,88.23999786376953,0
2016-11-09,87.87999725341797,87.87999725341797,87.87999725341797,87.87999725341797,87.87999725341797,0
2016-11-10,90.87000274658203,90.87000274658203,90.87000274658203,90.87000274658203,90.87000274658203,0
2016-11-11,91.47000122070312,91.47000122070312,91.47000122070312,91.47000122070312,91.47000122070312,0
2016-11-14,92.54000091552734,92.54000091552734,92.54000091552734,92.54000091552734,92.54000091552734,0
2016-11-15,93.37999725341797,93.37999725341797,93.37999725341797,93.37999725341797,93.37999725341797,0
2016-11-16,94.54000091552734,94.54000091552734,94.54000091552734,94.54000091552734,94.54000091552734,0
2016-11-17,93.41999816894531,93.41999816894531,93.41999816894531,93.41999816894531,93.41999816894531,0
2016-11-18,93.93000030517578,93.93000030517578,93.93000030517578,93.93000030517578,93.93000030517578,0
2016-11-21,94.91999816894531,94.91999816894531,94.91999816894531,94.91999816894531,94.91999816894531,0
2016-11-22,95.06999969482422,95.06999969482422,95.06999969482422,95.06999969482422,95.06999969482422,0
2016-11-23,95.12000274658203,95.12000274658203,95.12000274658203,95.12000274658203,95.12000274658203,0
2016-11-24,95.0,95.0,95.0,95.0,95.0,0
2016-11-25,94.06999969482422,94.06999969482422,94.06999969482422,94.06999969482422,94.06999969482422,0
2016-11-28,93.23999786376953,93.23999786376953,93.23999786376953,93.23999786376953,93.23999786376953,0
2016-11-29,92.3499984741211,92.3499984741211,92.3499984741211,92.3499984741211,92.3499984741211,0
2016-11-30,93.25,93.25,93.25,93.25,93.25,0
2016-12-01,93.02999877929688,93.02999877929688,93.02999877929688,93.02999877929688,93.02999877929688,0
2016-12-02,93.91000366210938,93.91000366210938,93.91000366210938,93.91000366210938,93.91000366210938,0
2016-12-05,94.69999694824219,94.69999694824219,94.69999694824219,94.69999694824219,94.69999694824219,0
2016-12-06,96.02999877929688,96.02999877929688,96.02999877929688,96.02999877929688,96.02999877929688,0
2016-12-07,96.91999816894531,96.91999816894531,96.91999816894531,96.91999816894531,96.91999816894531,0
2016-12-08,98.06999969482422,98.06999969482422,98.06999969482422,98.06999969482422,98.06999969482422,0
2016-12-09,98.0,98.0,98.0,98.0,98.0,0
2016-12-12,95.91000366210938,95.91000366210938,95.91000366210938,95.91000366210938,95.91000366210938,0
2016-12-13,96.44999694824219,96.44999694824219,96.44999694824219,96.44999694824219,96.44999694824219,0
2016-12-14,95.19000244140625,95.19000244140625,95.19000244140625,95.19000244140625,95.19000244140625,0
2016-12-15,95.45999908447266,95.45999908447266,95.45999908447266,95.45999908447266,95.45999908447266,0
2016-12-16,96.31999969482422,96.31999969482422,96.31999969482422,96.31999969482422,96.31999969482422,0
2016-12-19,95.05000305175781,95.05000305175781,95.05000305175781,95.05000305175781,95.05000305175781,0
2016-12-20,95.19000244140625,95.19000244140625,95.19000244140625,95.19000244140625,95.19000244140625,0
2016-12-21,95.7300033569336,95.7300033569336,95.7300033569336,95.7300033569336,95.7300033569336,0
2016-12-22,95.45999908447266,95.45999908447266,95.45999908447266,95.45999908447266,95.45999908447266,0
2016-12-23,95.4000015258789,95.4000015258789,95.4000015258789,95.4000015258789,95.4000015258789,0
2016-12-27,94.98999786376953,94.98999786376953,94.98999786376953,94.98999786376953,94.98999786376953,0
2016-12-28,95.4000015258789,95.4000015258789,95.4000015258789,95.4000015258789,95.4000015258789,0
2016-12-29,95.5999984741211,95.5999984741211,95.5999984741211,95.5999984741211,95.5999984741211,0
2016-12-30,95.62999725341797,95.62999725341797,95.62999725341797,95.62999725341797,95.62999725341797,0
2017-01-02,96.01000213623047,96.01000213623047,96.01000213623047,96.01000213623047,96.01000213623047,0
2017-01-03,97.80000305175781,97.80000305175781,97.80000305175781,97.80000305175781,97.80000305175781,0
2017-01-04,99.5199966430664,99.5199966430664,99.5199966430664,99.5199966430664,99.5199966430664,0
2017-01-05,100.22000122070312,100.22000122070312,100.22000122070312,100.22000122070312,100.22000122070312,0
2017-01-06,100.33000183105469,100.33000183105469,100.33000183105469,100.33000183105469,100.33000183105469,0
2017-01-09,100.04000091552734,100.04000091552734,100.04000091552734,100.04000091552734,100.04000091552734,0
2017-01-10,100.08999633789062,100.08999633789062,100.08999633789062,100.08999633789062,100.08999633789062,0
2017-01-11,101.44000244140625,101.44000244140625,101.44000244140625,101.44000244140625,101.44000244140625,0
2017-01-12,102.11000061035156,102.11000061035156,102.11000061035156,102.11000061035156,102.11000061035156,0
2017-01-13,102.5999984741211,102.5999984741211,102.5999984741211,102.5999984741211,102.5999984741211,0
2017-01-16,102.1500015258789,102.1500015258789,102.1500015258789,102.1500015258789,102.1500015258789,0
2017-01-17,102.37000274658203,102.37000274658203,102.37000274658203,102.37000274658203,102.37000274658203,0
2017-01-18,103.70999908447266,103.70999908447266,103.70999908447266,103.70999908447266,103.70999908447266,0
2017-01-19,104.55000305175781,104.55000305175781,104.55000305175781,104.55000305175781,104.55000305175781,0
2017-01-20,105.44000244140625,105.44000244140625,105.44000244140625,105.44000244140625,105.44000244140625,0
2017-01-23,104.75,104.75,104.75,104.75,104.75,0
2017-01-24,105.58999633789062,105.58999633789062,105.58999633789062,105.58999633789062,105.58999633789062,0
2017-01-25,106.4800033569336,106.4800033569336,106.4800033569336,106.4800033569336,106.4800033569336,0
2017-01-26,106.27999877929688,106.27999877929688,106.27999877929688,106.27999877929688,106.27999877929688,0
2017-01-27,105.58000183105469,105.58000183105469,105.58000183105469,105.58000183105469,105.58000183105469,0
2017-01-30,104.26000213623047,104.26000213623047,104.26000213623047,104.26000213623047,104.26000213623047,0
2017-01-31,103.88999938964844,103.88999938964844,103.88999938964844,103.88999938964844,103.88999938964844,0
2017-02-01,103.7699966430664,103.7699966430664,103.7699966430664,103.7699966430664,103.7699966430664,0
2017-02-02,102.25,102.25,102.25,102.25,102.25,0
2017-02-03,103.13999938964844,103.13999938964844,103.13999938964844,103.13999938964844,103.13999938964844,0
2017-02-06,103.06999969482422,103.06999969482422,103.06999969482422,103.06999969482422,103.06999969482422,0
2017-02-07,102.76000213623047,102.76000213623047,102.76000213623047,102.76000213623047,102.76000213623047,0
2017-02-08,102.12999725341797,102.12999725341797,102.12999725341797,102.12999725341797,102.12999725341797,0
2017-02-09,103.7699966430664,103.7699966430664,103.7699966430664,103.7699966430664,103.7699966430664,0
2017-02-10,105.69999694824219,105.69999694824219,105.69999694824219,105.69999694824219,105.69999694824219,0
2017-02-13,107.11000061035156,107.11000061035156,107.11000061035156,107.11000061035156,107.11000061035156,0
2017-02-14,107.55000305175781,107.55000305175781,107.55000305175781,107.55000305175781,107.55000305175781,0
2017-02-15,107.87000274658203,107.87000274658203,107.87000274658203,107.87000274658203,107.87000274658203,0
2017-02-16,107.16999816894531,107.16999816894531,107.16999816894531,107.16999816894531,107.16999816894531,0
2017-02-17,107.13999938964844,107.13999938964844,107.13999938964844,107.13999938964844,107.13999938964844,0
2017-02-20,107.62999725341797,107.62999725341797,107.62999725341797,107.62999725341797,107.62999725341797,0
2017-02-21,109.25,109.25,109.25,109.25,109.25,0
2017-02-22,109.1500015258789,109.1500015258789,109.1500015258789,109.1500015258789,109.1500015258789,0
2017-02-23,109.47000122070312,109.47000122070312,109.47000122070312,109.47000122070312,109.47000122070312,0
2017-02-24,108.19000244140625,108.19000244140625,108.19000244140625,108.19000244140625,108.19000244140625,0
2017-02-27,107.91999816894531,107.91999816894531,107.91999816894531,107.91999816894531,107.91999816894531,0
2017-02-28,108.62999725341797,108.62999725341797,108.62999725341797,108.62999725341797,108.62999725341797,0
2017-03-01,110.12999725341797,110.12999725341797,110.12999725341797,110.12999725341797,110.12999725341797,0
2017-03-02,109.29000091552734,109.29000091552734,109.29000091552734,109.29000091552734,109.29000091552734,0
2017-03-03,109.51000213623047,109.51000213623047,109.51000213623047,109.51000213623047,109.51000213623047,0
2017-03-06,109.66000366210938,109.66000366210938,109.66000366210938,109.66000366210938,109.66000366210938,0
2017-03-07,109.25,109.25,109.25,109.25,109.25,0
2017-03-08,108.73999786376953,108.73999786376953,108.73999786376953,108.73999786376953,108.73999786376953,0
2017-03-09,107.25,107.25,107.25,107.25,107.25,0
2017-03-10,107.80999755859375,107.80999755859375,107.80999755859375,107.80999755859375,107.80999755859375,0
2017-03-13,108.76000213623047,108.76000213623047,108.76000213623047,108.76000213623047,108.76000213623047,0
2017-03-14,107.91000366210938,107.91000366210938,107.91000366210938,107.91000366210938,107.91000366210938,0
2017-03-15,109.16000366210938,109.16000366210938,109.16000366210938,109.16000366210938,109.16000366210938,0
2017-03-16,111.38999938964844,111.38999938964844,111.38999938964844,111.38999938964844,111.38999938964844,0
2017-03-17,111.58999633789062,111.58999633789062,111.58999633789062,111.58999633789062,111.58999633789062,0
2017-03-20,111.51000213623047,111.51000213623047,111.51000213623047,111.51000213623047,111.51000213623047,0
2017-03-21,109.55000305175781,109.55000305175781,109.55000305175781,109.55000305175781,109.55000305175781,0
2017-03-22,107.08999633789062,107.08999633789062,107.08999633789062,107.08999633789062,107.08999633789062,0
2017-03-23,107.62000274658203,107.62000274658203,107.62000274658203,107.62000274658203,107.62000274658203,0
2017-03-24,108.2300033569336,108.2300033569336,108.2300033569336,108.2300033569336,108.2300033569336,0
2017-03-27,106.72000122070312,106.72000122070312,106.72000122070312,106.72000122070312,106.72000122070312,0
2017-03-28,108.86000061035156,108.86000061035156,108.86000061035156,108.86000061035156,108.86000061035156,0
2017-03-29,109.5,109.5,109.5,109.5,109.5,0
2017-03-30,109.94000244140625,109.94000244140625,109.94000244140625,109.94000244140625,109.94000244140625,0
2017-03-31,109.1500015258789,109.1500015258789,109.1500015258789,109.1500015258789,109.1500015258789,0
2017-04-03,108.2300033569336,108.2300033569336,108.2300033569336,108.2300033569336,108.2300033569336,0
2017-04-04,108.08000183105469,108.08000183105469,108.08000183105469,108.08000183105469,108.08000183105469,0
2017-04-05,106.62999725341797,106.62999725341797,106.62999725341797,106.62999725341797,106.62999725341797,0
2017-04-06,107.36000061035156,107.36000061035156,107.36000061035156,107.36000061035156,107.36000061035156,0
2017-04-07,107.91000366210938,107.91000366210938,107.91000366210938,107.91000366210938,107.91000366210938,0
2017-04-10,108.69000244140625,108.69000244140625,108.69000244140625,108.69000244140625,108.69000244140625,0
2017-04-11,108.5999984741211,108.5999984741211,108.5999984741211,108.5999984741211,108.5999984741211,0
2017-04-12,107.7699966430664,107.7699966430664,107.7699966430664,107.7699966430664,107.7699966430664,0
2017-04-13,106.5199966430664,106.5199966430664,106.5199966430664,106.5199966430664,106.5199966430664,0
2017-04-18,105.88999938964844,105.88999938964844,105.88999938964844,105.88999938964844,105.88999938964844,0
2017-04-19,104.22000122070312,104.22000122070312,104.22000122070312,104.22000122070312,104.22000122070312,0
2017-04-20,104.41999816894531,104.41999816894531,104.41999816894531,104.41999816894531,104.41999816894531,0
2017-04-21,104.23999786376953,104.23999786376953,104.23999786376953,104.23999786376953,104.23999786376953,0
2017-04-24,105.30999755859375,105.30999755859375,105.30999755859375,105.30999755859375,105.30999755859375,0
2017-04-25,106.47000122070312,106.47000122070312,106.47000122070312,106.47000122070312,106.47000122070312,0
2017-04-26,106.66999816894531,106.66999816894531,106.66999816894531,106.66999816894531,106.66999816894531,0
2017-04-27,106.72000122070312,106.72000122070312,106.72000122070312,106.72000122070312,106.72000122070312,0
2017-04-28,106.47000122070312,106.47000122070312,106.47000122070312,106.47000122070312,106.47000122070312,0
2017-05-02,106.37000274658203,106.37000274658203,106.37000274658203,106.37000274658203,106.37000274658203,0
2017-05-03,105.1500015258789,105.1500015258789,105.1500015258789,105.1500015258789,105.1500015258789,0
2017-05-04,103.7300033569336,103.7300033569336,103.7300033569336,103.7300033569336,103.7300033569336,0
2017-05-05,103.98999786376953,103.98999786376953,103.98999786376953,103.98999786376953,103.98999786376953,0
2017-05-08,103.83999633789062,103.83999633789062,103.83999633789062,103.83999633789062,103.83999633789062,0
2017-05-09,103.36000061035156,103.36000061035156,103.36000061035156,103.36000061035156,103.36000061035156,0
2017-05-10,103.69000244140625,103.69000244140625,103.69000244140625,103.69000244140625,103.69000244140625,0
2017-05-11,102.91000366210938,102.91000366210938,102.91000366210938,102.91000366210938,102.91000366210938,0
2017-05-12,103.41999816894531,103.41999816894531,103.41999816894531,103.41999816894531,103.41999816894531,0
2017-05-15,104.16999816894531,104.16999816894531,104.16999816894531,104.16999816894531,104.16999816894531,0
2017-05-16,104.5,104.5,104.5,104.5,104.5,0
2017-05-17,102.97000122070312,102.97000122070312,102.97000122070312,102.97000122070312,102.97000122070312,0
2017-05-18,102.69000244140625,102.69000244140625,102.69000244140625,102.69000244140625,102.69000244140625,0
2017-05-19,104.20999908447266,104.20999908447266,104.20999908447266,104.20999908447266,104.20999908447266,0
2017-05-22,105.08000183105469,105.08000183105469,105.08000183105469,105.08000183105469,105.08000183105469,0
2017-05-23,104.83000183105469,104.83000183105469,104.83000183105469,104.83000183105469,104.83000183105469,0
2017-05-24,103.91999816894531,103.91999816894531,103.91999816894531,103.91999816894531,103.91999816894531,0
2017-05-25,103.58999633789062,103.58999633789062,103.58999633789062,103.58999633789062,103.58999633789062,0
2017-05-26,103.5,103.5,103.5,103.5,103.5,0
2017-05-29,103.29000091552734,103.29000091552734,103.29000091552734,103.29000091552734,103.29000091552734,0
2017-05-30,101.91999816894531,101.91999816894531,101.91999816894531,101.91999816894531,101.91999816894531,0
2017-05-31,101.55000305175781,101.55000305175781,101.55000305175781,101.55000305175781,101.55000305175781,0
2017-06-01,102.81999969482422,102.81999969482422,102.81999969482422,102.81999969482422,102.81999969482422,0
2017-06-02,102.62999725341797,102.62999725341797,102.62999725341797,102.62999725341797,102.62999725341797,0
2017-06-05,102.11000061035156,102.11000061035156,102.11000061035156,102.11000061035156,102.11000061035156,0
2017-06-06,102.04000091552734,102.04000091552734,102.04000091552734,102.04000091552734,102.04000091552734,0
2017-06-07,100.9800033569336,100.9800033569336,100.9800033569336,100.9800033569336,100.9800033569336,0
2017-06-08,100.6500015258789,100.6500015258789,100.6500015258789,100.6500015258789,100.6500015258789,0
2017-06-09,101.51000213623047,101.51000213623047,101.51000213623047,101.51000213623047,101.51000213623047,0
2017-06-12,102.0,102.0,102.0,102.0,102.0,0
2017-06-13,102.81999969482422,102.81999969482422,102.81999969482422,102.81999969482422,102.81999969482422,0
2017-06-14,102.0199966430664,102.0199966430664,102.0199966430664,102.0199966430664,102.0199966430664,0
2017-06-15,99.37000274658203,99.37000274658203,99.37000274658203,99.37000274658203,99.37000274658203,0
2017-06-16,100.87999725341797,100.87999725341797,100.87999725341797,100.87999725341797,100.87999725341797,0
2017-06-19,100.87000274658203,100.87000274658203,100.87000274658203,100.87000274658203,100.87000274658203,0
2017-06-20,100.16999816894531,100.16999816894531,100.16999816894531,100.16999816894531,100.16999816894531,0
2017-06-21,100.22000122070312,100.22000122070312,100.22000122070312,100.22000122070312,100.22000122070312,0
2017-06-22,100.62000274658203,100.62000274658203,100.62000274658203,100.62000274658203,100.62000274658203,0
2017-06-23,101.86000061035156,101.86000061035156,101.86000061035156,101.86000061035156,101.86000061035156,0
2017-06-26,102.30000305175781,102.30000305175781,102.30000305175781,102.30000305175781,102.30000305175781,0
2017-06-27,102.4800033569336,102.4800033569336,102.4800033569336,102.4800033569336,102.4800033569336,0
2017-06-28,103.0999984741211,103.0999984741211,103.0999984741211,103.0999984741211,103.0999984741211,0
2017-06-29,104.30000305175781,104.30000305175781,104.30000305175781,104.30000305175781,104.30000305175781,0
2017-06-30,105.02999877929688,105.02999877929688,105.02999877929688,105.02999877929688,105.02999877929688,0
2017-07-03,107.31999969482422,107.31999969482422,107.31999969482422,107.31999969482422,107.31999969482422,0
2017-07-04,106.91000366210938,106.91000366210938,106.91000366210938,106.91000366210938,106.91000366210938,0
2017-07-05,105.9000015258789,105.9000015258789,105.9000015258789,105.9000015258789,105.9000015258789,0
2017-07-06,105.0199966430664,105.0199966430664,105.0199966430664,105.0199966430664,105.0199966430664,0
2017-07-07,105.11000061035156,105.11000061035156,105.11000061035156,105.11000061035156,105.11000061035156,0
2017-07-10,107.66999816894531,107.66999816894531,107.66999816894531,107.66999816894531,107.66999816894531,0
2017-07-11,108.7300033569336,108.7300033569336,108.7300033569336,108.7300033569336,108.7300033569336,0
2017-07-12,109.80999755859375,109.80999755859375,109.80999755859375,109.80999755859375,109.80999755859375,0
2017-07-13,111.2699966430664,111.2699966430664,111.2699966430664,111.2699966430664,111.2699966430664,0
2017-07-14,111.87000274658203,111.87000274658203,111.87000274658203,111.87000274658203,111.87000274658203,0
2017-07-17,112.2300033569336,112.2300033569336,112.2300033569336,112.2300033569336,112.2300033569336,0
2017-07-18,112.55000305175781,112.55000305175781,112.55000305175781,112.55000305175781,112.55000305175781,0
2017-07-19,113.3499984741211,113.3499984741211,113.3499984741211,113.3499984741211,113.3499984741211,0
2017-07-20,112.77999877929688,112.77999877929688,112.77999877929688,112.77999877929688,112.77999877929688,0
2017-07-21,111.93000030517578,111.93000030517578,111.93000030517578,111.93000030517578,111.93000030517578,0
2017-07-24,112.55999755859375,112.55999755859375,112.55999755859375,112.55999755859375,112.55999755859375,0
2017-07-25,113.01000213623047,113.01000213623047,113.01000213623047,113.01000213623047,113.01000213623047,0
2017-07-26,112.25,112.25,112.25,112.25,112.25,0
2017-07-27,112.44000244140625,112.44000244140625,112.44000244140625,112.44000244140625,112.44000244140625,0
2017-07-28,112.41000366210938,112.41000366210938,112.41000366210938,112.41000366210938,112.41000366210938,0
2017-07-31,113.08000183105469,113.08000183105469,113.08000183105469,113.08000183105469,113.08000183105469,0
2017-08-01,113.66999816894531,113.66999816894531,113.66999816894531,113.66999816894531,113.66999816894531,0
2017-08-02,113.47000122070312,113.47000122070312,113.47000122070312,113.47000122070312,113.47000122070312,0
2017-08-03,111.62000274658203,111.62000274658203,111.62000274658203,111.62000274658203,111.62000274658203,0
2017-08-04,112.48999786376953,112.48999786376953,112.48999786376953,112.48999786376953,112.48999786376953,0
2017-08-07,113.33000183105469,113.33000183105469,113.33000183105469,113.33000183105469,113.33000183105469,0
2017-08-08,112.61000061035156,112.61000061035156,112.61000061035156,112.61000061035156,112.61000061035156,0
2017-08-09,111.94999694824219,111.94999694824219,111.94999694824219,111.94999694824219,111.94999694824219,0
2017-08-10,110.41999816894531,110.41999816894531,110.41999816894531,110.41999816894531,110.41999816894531,0
2017-08-11,109.7699966430664,109.7699966430664,109.7699966430664,109.7699966430664,109.7699966430664,0
2017-08-14,111.33000183105469,111.33000183105469,111.33000183105469,111.33000183105469,111.33000183105469,0
2017-08-15,110.16999816894531,110.16999816894531,110.16999816894531,110.16999816894531,110.16999816894531,0
2017-08-16,110.66000366210938,110.66000366210938,110.66000366210938,110.66000366210938,110.66000366210938,0
2017-08-17,111.08999633789062,111.08999633789062,111.08999633789062,111.08999633789062,111.08999633789062,0
2017-08-18,110.91000366210938,110.91000366210938,110.91000366210938,110.91000366210938,110.91000366210938,0
2017-08-21,111.0199966430664,111.0199966430664,111.0199966430664,111.0199966430664,111.0199966430664,0
2017-08-22,112.1500015258789,112.1500015258789,112.1500015258789,112.1500015258789,112.1500015258789,0
2017-08-23,112.98999786376953,112.98999786376953,112.98999786376953,112.98999786376953,112.98999786376953,0
2017-08-24,112.58000183105469,112.58000183105469,112.58000183105469,112.58000183105469,112.58000183105469,0
2017-08-25,114.52999877929688,114.52999877929688,114.52999877929688,114.52999877929688,114.52999877929688,0
2017-08-28,114.26000213623047,114.26000213623047,114.26000213623047,114.26000213623047,114.26000213623047,0
2017-08-29,114.11000061035156,114.11000061035156,114.11000061035156,114.11000061035156,114.11000061035156,0
2017-08-30,113.4000015258789,113.4000015258789,113.4000015258789,113.4000015258789,113.4000015258789,0
2017-08-31,114.0999984741211,114.0999984741211,114.0999984741211,114.0999984741211,114.0999984741211,0
2017-09-01,114.48999786376953,114.48999786376953,114.48999786376953,114.48999786376953,114.48999786376953,0
2017-09-04,113.81999969482422,113.81999969482422,113.81999969482422,113.81999969482422,113.81999969482422,0
2017-09-05,112.88999938964844,112.88999938964844,112.88999938964844,112.88999938964844,112.88999938964844,0
2017-09-06,113.30000305175781,113.30000305175781,113.30000305175781,113.30000305175781,113.30000305175781,0
2017-09-07,113.66000366210938,113.66000366210938,113.66000366210938,113.66000366210938,113.66000366210938,0
2017-09-08,113.4800033569336,113.4800033569336,113.4800033569336,113.4800033569336,113.4800033569336,0
2017-09-11,113.95999908447266,113.95999908447266,113.95999908447266,113.95999908447266,113.95999908447266,0
2017-09-12,114.08999633789062,114.08999633789062,114.08999633789062,114.08999633789062,114.08999633789062,0
2017-09-13,114.05999755859375,114.05999755859375,114.05999755859375,114.05999755859375,114.05999755859375,0
2017-09-14,113.62000274658203,113.62000274658203,113.62000274658203,113.62000274658203,113.62000274658203,0
2017-09-15,113.25,113.25,113.25,113.25,113.25,0
2017-09-18,113.51000213623047,113.51000213623047,113.51000213623047,113.51000213623047,113.51000213623047,0
2017-09-19,113.97000122070312,113.97000122070312,113.97000122070312,113.97000122070312,113.97000122070312,0
2017-09-20,114.41999816894531,114.41999816894531,114.41999816894531,114.41999816894531,114.41999816894531,0
2017-09-21,113.55000305175781,113.55000305175781,113.55000305175781,113.55000305175781,113.55000305175781,0
2017-09-22,113.12999725341797,113.12999725341797,113.12999725341797,113.12999725341797,113.12999725341797,0
2017-09-25,112.58000183105469,112.58000183105469,112.58000183105469,112.58000183105469,112.58000183105469,0
2017-09-26,112.08999633789062,112.08999633789062,112.08999633789062,112.08999633789062,112.08999633789062,0
2017-09-27,112.51000213623047,112.51000213623047,112.51000213623047,112.51000213623047,112.51000213623047,0
2017-09-28,112.20999908447266,112.20999908447266,112.20999908447266,112.20999908447266,112.20999908447266,0
2017-09-29,112.27999877929688,112.27999877929688,112.27999877929688,112.27999877929688,112.27999877929688,0
2017-10-02,112.41000366210938,112.41000366210938,112.41000366210938,112.41000366210938,112.41000366210938,0
2017-10-03,113.16000366210938,113.16000366210938,113.16000366210938,113.16000366210938,113.16000366210938,0
2017-10-04,112.62000274658203,112.62000274658203,112.62000274658203,112.62000274658203,112.62000274658203,0
2017-10-05,113.06999969482422,113.06999969482422,113.06999969482422,113.06999969482422,113.06999969482422,0
2017-10-06,112.73999786376953,112.73999786376953,112.73999786376953,112.73999786376953,112.73999786376953,0
2017-10-09,112.19000244140625,112.19000244140625,112.19000244140625,112.19000244140625,112.19000244140625,0
2017-10-10,112.9000015258789,112.9000015258789,112.9000015258789,112.9000015258789,112.9000015258789,0
2017-10-11,113.12999725341797,113.12999725341797,113.12999725341797,113.12999725341797,113.12999725341797,0
2017-10-12,113.36000061035156,113.36000061035156,113.36000061035156,113.36000061035156,113.36000061035156,0
2017-10-13,113.6500015258789,113.6500015258789,113.6500015258789,113.6500015258789,113.6500015258789,0
2017-10-16,113.55999755859375,113.55999755859375,113.55999755859375,113.55999755859375,113.55999755859375,0
2017-10-17,113.52999877929688,113.52999877929688,113.52999877929688,113.52999877929688,113.52999877929688,0
2017-10-18,113.44999694824219,113.44999694824219,113.44999694824219,113.44999694824219,113.44999694824219,0
2017-10-19,112.55000305175781,112.55000305175781,112.55000305175781,112.55000305175781,112.55000305175781,0
2017-10-20,112.61000061035156,112.61000061035156,112.61000061035156,112.61000061035156,112.61000061035156,0
2017-10-23,111.75,111.75,111.75,111.75,111.75,0
2017-10-24,111.5999984741211,111.5999984741211,111.5999984741211,111.5999984741211,111.5999984741211,0
2017-10-25,110.93000030517578,110.93000030517578,110.93000030517578,110.93000030517578,110.93000030517578,0
2017-10-26,110.55999755859375,110.55999755859375,110.55999755859375,110.55999755859375,110.55999755859375,0
2017-10-27,112.04000091552734,112.04000091552734,112.04000091552734,112.04000091552734,112.04000091552734,0
2017-10-30,112.30000305175781,112.30000305175781,112.30000305175781,112.30000305175781,112.30000305175781,0
2017-10-31,111.80000305175781,111.80000305175781,111.80000305175781,111.80000305175781,111.80000305175781,0
2017-11-01,111.41999816894531,111.41999816894531,111.41999816894531,111.41999816894531,111.41999816894531,0
2017-11-02,111.31999969482422,111.31999969482422,111.31999969482422,111.31999969482422,111.31999969482422,0
2017-11-03,111.05000305175781,111.05000305175781,111.05000305175781,111.05000305175781,111.05000305175781,0
2017-11-06,112.31999969482422,112.31999969482422,112.31999969482422,112.31999969482422,112.31999969482422,0
2017-11-07,112.02999877929688,112.02999877929688,112.02999877929688,112.02999877929688,112.02999877929688,0
2017-11-08,111.94000244140625,111.94000244140625,111.94000244140625,111.94000244140625,111.94000244140625,0
2017-11-09,112.08000183105469,112.08000183105469,112.08000183105469,112.08000183105469,112.08000183105469,0
2017-11-10,111.19999694824219,111.19999694824219,111.19999694824219,111.19999694824219,111.19999694824219,0
2017-11-13,109.26000213623047,109.26000213623047,109.26000213623047,109.26000213623047,109.26000213623047,0
2017-11-14,108.2300033569336,108.2300033569336,108.2300033569336,108.2300033569336,108.2300033569336,0
2017-11-15,107.86000061035156,107.86000061035156,107.86000061035156,107.86000061035156,107.86000061035156,0
2017-11-16,107.73999786376953,107.73999786376953,107.73999786376953,107.73999786376953,107.73999786376953,0
2017-11-17,108.54000091552734,108.54000091552734,108.54000091552734,108.54000091552734,108.54000091552734,0
2017-11-20,108.2300033569336,108.2300033569336,108.2300033569336,108.2300033569336,108.2300033569336,0
2017-11-21,107.93000030517578,107.93000030517578,107.93000030517578,107.93000030517578,107.93000030517578,0
2017-11-22,109.16999816894531,109.16999816894531,109.16999816894531,109.16999816894531,109.16999816894531,0
2017-11-23,109.44000244140625,109.44000244140625,109.44000244140625,109.44000244140625,109.44000244140625,0
2017-11-24,110.25,110.25,110.25,110.25,110.25,0
2017-11-27,109.31999969482422,109.31999969482422,109.31999969482422,109.31999969482422,109.31999969482422,0
2017-11-28,109.26000213623047,109.26000213623047,109.26000213623047,109.26000213623047,109.26000213623047,0
2017-11-29,109.41999816894531,109.41999816894531,109.41999816894531,109.41999816894531,109.41999816894531,0
2017-11-30,109.75,109.75,109.75,109.75,109.75,0
2017-12-01,109.80999755859375,109.80999755859375,109.80999755859375,109.80999755859375,109.80999755859375,0
2017-12-04,110.86000061035156,110.86000061035156,110.86000061035156,110.86000061035156,110.86000061035156,0
2017-12-05,109.8499984741211,109.8499984741211,109.8499984741211,109.8499984741211,109.8499984741211,0
2017-12-06,108.2699966430664,108.2699966430664,108.2699966430664,108.2699966430664,108.2699966430664,0
2017-12-07,107.9800033569336,107.9800033569336,107.9800033569336,107.9800033569336,107.9800033569336,0
2017-12-08,107.9000015258789,107.9000015258789,107.9000015258789,107.9000015258789,107.9000015258789,0
2017-12-11,109.56999969482422,109.56999969482422,109.56999969482422,109.56999969482422,109.56999969482422,0
2017-12-12,110.2699966430664,110.2699966430664,110.2699966430664,110.2699966430664,110.2699966430664,0
2017-12-13,109.94999694824219,109.94999694824219,109.94999694824219,109.94999694824219,109.94999694824219,0
2017-12-14,110.16000366210938,110.16000366210938,110.16000366210938,110.16000366210938,110.16000366210938,0
2017-12-15,110.31999969482422,110.31999969482422,110.31999969482422,110.31999969482422,110.31999969482422,0
2017-12-18,111.51000213623047,111.51000213623047,111.51000213623047,111.51000213623047,111.51000213623047,0
2017-12-19,111.18000030517578,111.18000030517578,111.18000030517578,111.18000030517578,111.18000030517578,0
2017-12-20,111.04000091552734,111.04000091552734,111.04000091552734,111.04000091552734,111.04000091552734,0
2017-12-21,111.26000213623047,111.26000213623047,111.26000213623047,111.26000213623047,111.26000213623047,0
2017-12-22,111.30000305175781,111.30000305175781,111.30000305175781,111.30000305175781,111.30000305175781,0
2017-12-27,112.6500015258789,112.6500015258789,112.6500015258789,112.6500015258789,112.6500015258789,0
2017-12-28,113.76000213623047,113.76000213623047,113.76000213623047,113.76000213623047,113.76000213623047,0
2017-12-29,113.80000305175781,113.80000305175781,113.80000305175781,113.80000305175781,113.80000305175781,0
2018-01-02,115.75,115.75,115.75,115.75,115.75,0
2018-01-03,115.69000244140625,115.69000244140625,115.69000244140625,115.69000244140625,115.69000244140625,0
2018-01-04,117.73999786376953,117.73999786376953,117.73999786376953,117.73999786376953,117.73999786376953,0
2018-01-05,117.5999984741211,117.5999984741211,117.5999984741211,117.5999984741211,117.5999984741211,0
2018-01-08,117.88999938964844,117.88999938964844,117.88999938964844,117.88999938964844,117.88999938964844,0
2018-01-09,117.08999633789062,117.08999633789062,117.08999633789062,117.08999633789062,117.08999633789062,0
2018-01-10,117.0999984741211,117.0999984741211,117.0999984741211,117.0999984741211,117.0999984741211,0
2018-01-11,117.68000030517578,117.68000030517578,117.68000030517578,117.68000030517578,117.68000030517578,0
2018-01-12,119.08000183105469,119.08000183105469,119.08000183105469,119.08000183105469,119.08000183105469,0
2018-01-15,119.18000030517578,119.18000030517578,119.18000030517578,119.18000030517578,119.18000030517578,0
2018-01-16,118.05999755859375,118.05999755859375,118.05999755859375,118.05999755859375,118.05999755859375,0
2018-01-17,117.13999938964844,117.13999938964844,117.13999938964844,117.13999938964844,117.13999938964844,0
2018-01-18,116.29000091552734,116.29000091552734,116.29000091552734,116.29000091552734,116.29000091552734,0
2018-01-19,117.38999938964844,117.38999938964844,117.38999938964844,117.38999938964844,117.38999938964844,0
2018-01-22,118.36000061035156,118.36000061035156,118.36000061035156,118.36000061035156,118.36000061035156,0
2018-01-23,118.80999755859375,118.80999755859375,118.80999755859375,118.80999755859375,118.80999755859375,0
2018-01-24,119.0199966430664,119.0199966430664,119.0199966430664,119.0199966430664,119.0199966430664,0
2018-01-25,119.29000091552734,119.29000091552734,119.29000091552734,119.29000091552734,119.29000091552734,0
2018-01-26,119.2699966430664,119.2699966430664,119.2699966430664,119.2699966430664,119.2699966430664,0
2018-01-29,118.75,118.75,118.75,118.75,118.75,0
2018-01-30,116.91000366210938,116.91000366210938,116.91000366210938,116.91000366210938,116.91000366210938,0
2018-01-31,116.45999908447266,116.45999908447266,116.45999908447266,116.45999908447266,116.45999908447266,0
2018-02-01,116.1500015258789,116.1500015258789,116.1500015258789,116.1500015258789,116.1500015258789,0
2018-02-02,114.20999908447266,114.20999908447266,114.20999908447266,114.20999908447266,114.20999908447266,0
2018-02-05,111.69999694824219,111.69999694824219,111.69999694824219,111.69999694824219,111.69999694824219,0
2018-02-06,111.11000061035156,111.11000061035156,111.11000061035156,111.11000061035156,111.11000061035156,0
2018-02-07,110.9000015258789,110.9000015258789,110.9000015258789,110.9000015258789,110.9000015258789,0
2018-02-08,109.44999694824219,109.44999694824219,109.44999694824219,109.44999694824219,109.44999694824219,0
2018-02-09,108.25,108.25,108.25,108.25,108.25,0
2018-02-12,110.7300033569336,110.7300033569336,110.7300033569336,110.7300033569336,110.7300033569336,0
2018-02-13,110.26000213623047,110.26000213623047,110.26000213623047,110.26000213623047,110.26000213623047,0
2018-02-14,111.9800033569336,111.9800033569336,111.9800033569336,111.9800033569336,111.9800033569336,0
2018-02-15,112.70999908447266,112.70999908447266,112.70999908447266,112.70999908447266,112.70999908447266,0
2018-02-16,112.22000122070312,112.22000122070312,112.22000122070312,112.22000122070312,112.22000122070312,0
2018-02-19,112.43000030517578,112.43000030517578,112.43000030517578,112.43000030517578,112.43000030517578,0
2018-02-20,112.12000274658203,112.12000274658203,112.12000274658203,112.12000274658203,112.12000274658203,0
2018-02-21,111.47000122070312,111.47000122070312,111.47000122070312,111.47000122070312,111.47000122070312,0
2018-02-22,110.8499984741211,110.8499984741211,110.8499984741211,110.8499984741211,110.8499984741211,0
2018-02-23,112.12999725341797,112.12999725341797,112.12999725341797,112.12999725341797,112.12999725341797,0
2018-02-26,112.44000244140625,112.44000244140625,112.44000244140625,112.44000244140625,112.44000244140625,0
2018-02-27,111.63999938964844,111.63999938964844,111.63999938964844,111.63999938964844,111.63999938964844,0
2018-02-28,109.43000030517578,109.43000030517578,109.43000030517578,109.43000030517578,109.43000030517578,0
2018-03-01,109.4800033569336,109.4800033569336,109.4800033569336,109.4800033569336,109.4800033569336,0
2018-03-02,109.33999633789062,109.33999633789062,109.33999633789062,109.33999633789062,109.33999633789062,0
2018-03-05,109.19000244140625,109.19000244140625,109.19000244140625,109.19000244140625,109.19000244140625,0
2018-03-06,110.36000061035156,110.36000061035156,110.36000061035156,110.36000061035156,110.36000061035156,0
2018-03-07,109.58000183105469,109.58000183105469,109.58000183105469,109.58000183105469,109.58000183105469,0
2018-03-08,109.4800033569336,109.4800033569336,109.4800033569336,109.4800033569336,109.4800033569336,0
2018-03-09,110.11000061035156,110.11000061035156,110.11000061035156,110.11000061035156,110.11000061035156,0
2018-03-12,111.01000213623047,111.01000213623047,111.01000213623047,111.01000213623047,111.01000213623047,0
2018-03-13,111.0199966430664,111.0199966430664,111.0199966430664,111.0199966430664,111.0199966430664,0
2018-03-14,110.4000015258789,110.4000015258789,110.4000015258789,110.4000015258789,110.4000015258789,0
2018-03-15,109.44999694824219,109.44999694824219,109.44999694824219,109.44999694824219,109.44999694824219,0
2018-03-16,110.22000122070312,110.22000122070312,110.22000122070312,110.22000122070312,110.22000122070312,0
2018-03-19,108.75,108.75,108.75,108.75,108.75,0
2018-03-20,108.19999694824219,108.19999694824219,108.19999694824219,108.19999694824219,108.19999694824219,0
2018-03-21,108.91000366210938,108.91000366210938,108.91000366210938,108.91000366210938,108.91000366210938,0
2018-03-22,107.62999725341797,107.62999725341797,107.62999725341797,107.62999725341797,107.62999725341797,0
2018-03-23,105.2300033569336,105.2300033569336,105.2300033569336,105.2300033569336,105.2300033569336,0
2018-03-26,106.63999938964844,106.63999938964844,106.63999938964844,106.63999938964844,106.63999938964844,0
2018-03-27,106.08999633789062,106.08999633789062,106.08999633789062,106.08999633789062,106.08999633789062,0
2018-03-28,104.77999877929688,104.77999877929688,104.77999877929688,104.77999877929688,104.77999877929688,0
2018-03-29,105.81999969482422,105.81999969482422,105.81999969482422,105.81999969482422,105.81999969482422,0
2018-04-03,105.73999786376953,105.73999786376953,105.73999786376953,105.73999786376953,105.73999786376953,0
2018-04-04,104.36000061035156,104.36000061035156,104.36000061035156,104.36000061035156,104.36000061035156,0
2018-04-05,107.0199966430664,107.0199966430664,107.0199966430664,107.0199966430664,107.0199966430664,0
2018-04-06,105.06999969482422,105.06999969482422,105.06999969482422,105.06999969482422,105.06999969482422,0
2018-04-09,104.51000213623047,104.51000213623047,104.51000213623047,104.51000213623047,104.51000213623047,0
2018-04-10,106.56999969482422,106.56999969482422,106.56999969482422,106.56999969482422,106.56999969482422,0
2018-04-11,107.69999694824219,107.69999694824219,107.69999694824219,107.69999694824219,107.69999694824219,0
2018-04-12,108.01000213623047,108.01000213623047,108.01000213623047,108.01000213623047,108.01000213623047,0
2018-04-13,108.5999984741211,108.5999984741211,108.5999984741211,108.5999984741211,108.5999984741211,0
2018-04-16,109.0,109.0,109.0,109.0,109.0,0
2018-04-17,109.19999694824219,109.19999694824219,109.19999694824219,109.19999694824219,109.19999694824219,0
2018-04-18,110.66000366210938,110.66000366210938,110.66000366210938,110.66000366210938,110.66000366210938,0
2018-04-19,111.55999755859375,111.55999755859375,111.55999755859375,111.55999755859375,111.55999755859375,0
2018-04-20,112.6500015258789,112.6500015258789,112.6500015258789,112.6500015258789,112.6500015258789,0
2018-04-23,113.05000305175781,113.05000305175781,113.05000305175781,113.05000305175781,113.05000305175781,0
2018-04-24,112.08999633789062,112.08999633789062,112.08999633789062,112.08999633789062,112.08999633789062,0
2018-04-25,111.62999725341797,111.62999725341797,111.62999725341797,111.62999725341797,111.62999725341797,0
2018-04-26,112.30000305175781,112.30000305175781,112.30000305175781,112.30000305175781,112.30000305175781,0
2018-04-27,111.19999694824219,111.19999694824219,111.19999694824219,111.19999694824219,111.19999694824219,0
2018-04-30,112.37999725341797,112.37999725341797,112.37999725341797,112.37999725341797,112.37999725341797,0
2018-05-02,112.31999969482422,112.31999969482422,112.31999969482422,112.31999969482422,112.31999969482422,0
2018-05-03,111.63999938964844,111.63999938964844,111.63999938964844,111.63999938964844,111.63999938964844,0
2018-05-04,112.43000030517578,112.43000030517578,112.43000030517578,112.43000030517578,112.43000030517578,0
2018-05-07,113.05999755859375,113.05999755859375,113.05999755859375,113.05999755859375,113.05999755859375,0
2018-05-08,113.06999969482422,113.06999969482422,113.06999969482422,113.06999969482422,113.06999969482422,0
2018-05-09,113.41999816894531,113.41999816894531,113.41999816894531,113.41999816894531,113.41999816894531,0
2018-05-10,114.08000183105469,114.08000183105469,114.08000183105469,114.08000183105469,114.08000183105469,0
2018-05-11,114.79000091552734,114.79000091552734,114.79000091552734,114.79000091552734,114.79000091552734,0
2018-05-14,115.33000183105469,115.33000183105469,115.33000183105469,115.33000183105469,115.33000183105469,0
2018-05-15,115.12000274658203,115.12000274658203,115.12000274658203,115.12000274658203,115.12000274658203,0
2018-05-16,113.97000122070312,113.97000122070312,113.97000122070312,113.97000122070312,113.97000122070312,0
2018-05-17,113.44000244140625,113.44000244140625,113.44000244140625,113.44000244140625,113.44000244140625,0
2018-05-18,113.16999816894531,113.16999816894531,113.16999816894531,113.16999816894531,113.16999816894531,0
2018-05-21,113.83000183105469,113.83000183105469,113.83000183105469,113.83000183105469,113.83000183105469,0
2018-05-22,114.31999969482422,114.31999969482422,114.31999969482422,114.31999969482422,114.31999969482422,0
2018-05-23,114.23999786376953,114.23999786376953,114.23999786376953,114.23999786376953,114.23999786376953,0
2018-05-24,113.22000122070312,113.22000122070312,113.22000122070312,113.22000122070312,113.22000122070312,0
2018-05-25,112.1500015258789,112.1500015258789,112.1500015258789,112.1500015258789,112.1500015258789,0
2018-05-28,113.02999877929688,113.02999877929688,113.02999877929688,113.02999877929688,113.02999877929688,0
2018-05-29,112.44000244140625,112.44000244140625,112.44000244140625,112.44000244140625,112.44000244140625,0
2018-05-30,113.88999938964844,113.88999938964844,113.88999938964844,113.88999938964844,113.88999938964844,0
2018-05-31,111.33000183105469,111.33000183105469,111.33000183105469,111.33000183105469,111.33000183105469,0
2018-06-01,111.5999984741211,111.5999984741211,111.5999984741211,111.5999984741211,111.5999984741211,0
2018-06-04,113.30000305175781,113.30000305175781,113.30000305175781,113.30000305175781,113.30000305175781,0
2018-06-05,113.30999755859375,113.30999755859375,113.30999755859375,113.30999755859375,113.30999755859375,0
2018-06-06,113.43000030517578,113.43000030517578,113.43000030517578,113.43000030517578,113.43000030517578,0
2018-06-07,113.63999938964844,113.63999938964844,113.63999938964844,113.63999938964844,113.63999938964844,0
2018-06-08,112.68000030517578,112.68000030517578,112.68000030517578,112.68000030517578,112.68000030517578,0
2018-06-11,113.12999725341797,113.12999725341797,113.12999725341797,113.12999725341797,113.12999725341797,0
2018-06-12,112.5,112.5,112.5,112.5,112.5,0
2018-06-13,113.11000061035156,113.11000061035156,113.11000061035156,113.11000061035156,113.11000061035156,0
2018-06-14,113.44999694824219,113.44999694824219,113.44999694824219,113.44999694824219,113.44999694824219,0
2018-06-15,111.98999786376953,111.98999786376953,111.98999786376953,111.98999786376953,111.98999786376953,0
2018-06-18,112.23999786376953,112.23999786376953,112.23999786376953,112.23999786376953,112.23999786376953,0
2018-06-19,109.9800033569336,109.9800033569336,109.9800033569336,109.9800033569336,109.9800033569336,0
2018-06-20,111.0999984741211,111.0999984741211,111.0999984741211,111.0999984741211,111.0999984741211,0
2018-06-21,110.48999786376953,110.48999786376953,110.48999786376953,110.48999786376953,110.48999786376953,0
2018-06-22,111.87000274658203,111.87000274658203,111.87000274658203,111.87000274658203,111.87000274658203,0
2018-06-25,110.62000274658203,110.62000274658203,110.62000274658203,110.62000274658203,110.62000274658203,0
2018-06-26,110.01000213623047,110.01000213623047,110.01000213623047,110.01000213623047,110.01000213623047,0
2018-06-27,109.37999725341797,109.37999725341797,109.37999725341797,109.37999725341797,109.37999725341797,0
2018-06-28,108.37000274658203,108.37000274658203,108.37000274658203,108.37000274658203,108.37000274658203,0
2018-06-29,108.63999938964844,108.63999938964844,108.63999938964844,108.63999938964844,108.63999938964844,0
2018-07-02,107.41999816894531,107.41999816894531,107.41999816894531,107.41999816894531,107.41999816894531,0
2018-07-03,107.29000091552734,107.29000091552734,107.29000091552734,107.29000091552734,107.29000091552734,0
2018-07-04,107.11000061035156,107.11000061035156,107.11000061035156,107.11000061035156,107.11000061035156,0
2018-07-05,107.38999938964844,107.38999938964844,107.38999938964844,107.38999938964844,107.38999938964844,0
2018-07-06,108.04000091552734,108.04000091552734,108.04000091552734,108.04000091552734,108.04000091552734,0
2018-07-09,108.31999969482422,108.31999969482422,108.31999969482422,108.31999969482422,108.31999969482422,0
2018-07-10,108.16999816894531,108.16999816894531,108.16999816894531,108.16999816894531,108.16999816894531,0
2018-07-11,105.94999694824219,105.94999694824219,105.94999694824219,105.94999694824219,105.94999694824219,0
2018-07-12,105.76000213623047,105.76000213623047,105.76000213623047,105.76000213623047,105.76000213623047,0
2018-07-13,105.77999877929688,105.77999877929688,105.77999877929688,105.77999877929688,105.77999877929688,0
2018-07-16,104.44000244140625,104.44000244140625,104.44000244140625,104.44000244140625,104.44000244140625,0
2018-07-17,104.69000244140625,104.69000244140625,104.69000244140625,104.69000244140625,104.69000244140625,0
2018-07-18,105.30000305175781,105.30000305175781,105.30000305175781,105.30000305175781,105.30000305175781,0
2018-07-19,105.58999633789062,105.58999633789062,105.58999633789062,105.58999633789062,105.58999633789062,0
2018-07-20,104.73999786376953,104.73999786376953,104.73999786376953,104.73999786376953,104.73999786376953,0
2018-07-23,104.54000091552734,104.54000091552734,104.54000091552734,104.54000091552734,104.54000091552734,0
2018-07-24,105.30000305175781,105.30000305175781,105.30000305175781,105.30000305175781,105.30000305175781,0
2018-07-25,105.38999938964844,105.38999938964844,105.38999938964844,105.38999938964844,105.38999938964844,0
2018-07-26,106.61000061035156,106.61000061035156,106.61000061035156,106.61000061035156,106.61000061035156,0
2018-07-27,106.5999984741211,106.5999984741211,106.5999984741211,106.5999984741211,106.5999984741211,0
2018-07-30,106.80000305175781,106.80000305175781,106.80000305175781,106.80000305175781,106.80000305175781,0
2018-07-31,107.44000244140625,107.44000244140625,107.44000244140625,107.44000244140625,107.44000244140625,0
2018-08-01,107.58000183105469,107.58000183105469,107.58000183105469,107.58000183105469,107.58000183105469,0
2018-08-02,107.2699966430664,107.2699966430664,107.2699966430664,107.2699966430664,107.2699966430664,0
2018-08-03,106.22000122070312,106.22000122070312,106.22000122070312,106.22000122070312,106.22000122070312,0
2018-08-06,105.56999969482422,105.56999969482422,105.56999969482422,105.56999969482422,105.56999969482422,0
2018-08-07,105.93000030517578,105.93000030517578,105.93000030517578,105.93000030517578,105.93000030517578,0
2018-08-08,106.36000061035156,106.36000061035156,106.36000061035156,106.36000061035156,106.36000061035156,0
2018-08-09,106.4000015258789,106.4000015258789,106.4000015258789,106.4000015258789,106.4000015258789,0
2018-08-10,105.27999877929688,105.27999877929688,105.27999877929688,105.27999877929688,105.27999877929688,0
2018-08-13,102.58000183105469,102.58000183105469,102.58000183105469,102.58000183105469,102.58000183105469,0
2018-08-14,102.93000030517578,102.93000030517578,102.93000030517578,102.93000030517578,102.93000030517578,0
2018-08-15,101.16000366210938,101.16000366210938,101.16000366210938,101.16000366210938,101.16000366210938,0
2018-08-16,101.79000091552734,101.79000091552734,101.79000091552734,101.79000091552734,101.79000091552734,0
2018-08-17,101.66999816894531,101.66999816894531,101.66999816894531,101.66999816894531,101.66999816894531,0
2018-08-20,101.94000244140625,101.94000244140625,101.94000244140625,101.94000244140625,101.94000244140625,0
2018-08-21,102.20999908447266,102.20999908447266,102.20999908447266,102.20999908447266,102.20999908447266,0
2018-08-22,103.5999984741211,103.5999984741211,103.5999984741211,103.5999984741211,103.5999984741211,0
2018-08-23,102.7699966430664,102.7699966430664,102.7699966430664,102.7699966430664,102.7699966430664,0
2018-08-24,103.19999694824219,103.19999694824219,103.19999694824219,103.19999694824219,103.19999694824219,0
2018-08-27,103.6500015258789,103.6500015258789,103.6500015258789,103.6500015258789,103.6500015258789,0
2018-08-28,103.94000244140625,103.94000244140625,103.94000244140625,103.94000244140625,103.94000244140625,0
2018-08-29,104.27999877929688,104.27999877929688,104.27999877929688,104.27999877929688,104.27999877929688,0
2018-08-30,103.94000244140625,103.94000244140625,103.94000244140625,103.94000244140625,103.94000244140625,0
2018-08-31,102.79000091552734,102.79000091552734,102.79000091552734,102.79000091552734,102.79000091552734,0
2018-09-03,102.16999816894531,102.16999816894531,102.16999816894531,102.16999816894531,102.16999816894531,0
2018-09-04,101.12000274658203,101.12000274658203,101.12000274658203,101.12000274658203,101.12000274658203,0
2018-09-05,100.44999694824219,100.44999694824219,100.44999694824219,100.44999694824219,100.44999694824219,0
2018-09-06,100.04000091552734,100.04000091552734,100.04000091552734,100.04000091552734,100.04000091552734,0
2018-09-07,99.95999908447266,99.95999908447266,99.95999908447266,99.95999908447266,99.95999908447266,0
2018-09-10,100.1500015258789,100.1500015258789,100.1500015258789,100.1500015258789,100.1500015258789,0
2018-09-11,100.05000305175781,100.05000305175781,100.05000305175781,100.05000305175781,100.05000305175781,0
2018-09-12,100.2699966430664,100.2699966430664,100.2699966430664,100.2699966430664,100.2699966430664,0
2018-09-13,101.2300033569336,101.2300033569336,101.2300033569336,101.2300033569336,101.2300033569336,0
2018-09-14,102.0,102.0,102.0,102.0,102.0,0
2018-09-17,101.51000213623047,101.51000213623047,101.51000213623047,101.51000213623047,101.51000213623047,0
2018-09-18,102.25,102.25,102.25,102.25,102.25,0
2018-09-19,103.44000244140625,103.44000244140625,103.44000244140625,103.44000244140625,103.44000244140625,0
2018-09-20,103.55999755859375,103.55999755859375,103.55999755859375,103.55999755859375,103.55999755859375,0
2018-09-21,105.3499984741211,105.3499984741211,105.3499984741211,105.3499984741211,105.3499984741211,0
2018-09-24,105.0999984741211,105.0999984741211,105.0999984741211,105.0999984741211,105.0999984741211,0
2018-09-25,105.12000274658203,105.12000274658203,105.12000274658203,105.12000274658203,105.12000274658203,0
2018-09-26,103.97000122070312,103.97000122070312,103.97000122070312,103.97000122070312,103.97000122070312,0
2018-09-27,104.33999633789062,104.33999633789062,104.33999633789062,104.33999633789062,104.33999633789062,0
2018-09-28,105.1500015258789,105.1500015258789,105.1500015258789,105.1500015258789,105.1500015258789,0
2018-10-01,106.0999984741211,106.0999984741211,106.0999984741211,106.0999984741211,106.0999984741211,0
2018-10-02,105.76000213623047,105.76000213623047,105.76000213623047,105.76000213623047,105.76000213623047,0
2018-10-04,105.1500015258789,105.1500015258789,105.1500015258789,105.1500015258789,105.1500015258789,0
2018-10-05,104.2300033569336,104.2300033569336,104.2300033569336,104.2300033569336,104.2300033569336,0
2018-10-08,103.44000244140625,103.44000244140625,103.44000244140625,103.44000244140625,103.44000244140625,0
2018-10-09,103.83999633789062,103.83999633789062,103.83999633789062,103.83999633789062,103.83999633789062,0
2018-10-10,101.1500015258789,101.1500015258789,101.1500015258789,101.1500015258789,101.1500015258789,0
2018-10-11,99.1500015258789,99.1500015258789,99.1500015258789,99.1500015258789,99.1500015258789,0
2018-10-12,100.26000213623047,100.26000213623047,100.26000213623047,100.26000213623047,100.26000213623047,0
2018-10-15,100.77999877929688,100.77999877929688,100.77999877929688,100.77999877929688,100.77999877929688,0
2018-10-16,102.44000244140625,102.44000244140625,102.44000244140625,102.44000244140625,102.44000244140625,0
2018-10-17,101.01000213623047,101.01000213623047,101.01000213623047,101.01000213623047,101.01000213623047,0
2018-10-18,99.52999877929688,99.52999877929688,99.52999877929688,99.52999877929688,99.52999877929688,0
2018-10-19,98.87000274658203,98.87000274658203,98.87000274658203,98.87000274658203,98.87000274658203,0
2018-10-22,98.81999969482422,98.81999969482422,98.81999969482422,98.81999969482422,98.81999969482422,0
2018-10-23,96.04000091552734,96.04000091552734,96.04000091552734,96.04000091552734,96.04000091552734,0
2018-10-24,93.86000061035156,93.86000061035156,93.86000061035156,93.86000061035156,93.86000061035156,0
2018-10-25,94.37999725341797,94.37999725341797,94.37999725341797,94.37999725341797,94.37999725341797,0
2018-10-26,93.69999694824219,93.69999694824219,93.69999694824219,93.69999694824219,93.69999694824219,0
2018-10-29,93.77999877929688,93.77999877929688,93.77999877929688,93.77999877929688,93.77999877929688,0
2018-10-30,94.16000366210938,94.16000366210938,94.16000366210938,94.16000366210938,94.16000366210938,0
2018-10-31,95.98999786376953,95.98999786376953,95.98999786376953,95.98999786376953,95.98999786376953,0
2018-11-01,98.16999816894531,98.16999816894531,98.16999816894531,98.16999816894531,98.16999816894531,0
2018-11-02,100.41999816894531,100.41999816894531,100.41999816894531,100.41999816894531,100.41999816894531,0
2018-11-05,100.20999908447266,100.20999908447266,100.20999908447266,100.20999908447266,100.20999908447266,0
2018-11-06,101.06999969482422,101.06999969482422,101.06999969482422,101.06999969482422,101.06999969482422,0
2018-11-07,100.66999816894531,100.66999816894531,100.66999816894531,100.66999816894531,100.66999816894531,0
2018-11-08,99.94999694824219,99.94999694824219,99.94999694824219,99.94999694824219,99.94999694824219,0
2018-11-09,98.2699966430664,98.2699966430664,98.2699966430664,98.2699966430664,98.2699966430664,0
2018-11-12,95.79000091552734,95.79000091552734,95.79000091552734,95.79000091552734,95.79000091552734,0
2018-11-13,94.29000091552734,94.29000091552734,94.29000091552734,94.29000091552734,94.29000091552734,0
2018-11-14,93.73999786376953,93.73999786376953,93.73999786376953,93.73999786376953,93.73999786376953,0
2018-11-15,94.16000366210938,94.16000366210938,94.16000366210938,94.16000366210938,94.16000366210938,0
2018-11-16,95.05999755859375,95.05999755859375,95.05999755859375,95.05999755859375,95.05999755859375,0
2018-11-19,94.18000030517578,94.18000030517578,94.18000030517578,94.18000030517578,94.18000030517578,0
2018-11-20,90.86000061035156,90.86000061035156,90.86000061035156,90.86000061035156,90.86000061035156,0
2018-11-21,92.30000305175781,92.30000305175781,92.30000305175781,92.30000305175781,92.30000305175781,0
2018-11-22,92.05000305175781,92.05000305175781,92.05000305175781,92.05000305175781,92.05000305175781,0
2018-11-23,91.25,91.25,91.25,91.25,91.25,0
2018-11-26,93.20999908447266,93.20999908447266,93.20999908447266,93.20999908447266,93.20999908447266,0
2018-11-27,94.86000061035156,94.86000061035156,94.86000061035156,94.86000061035156,94.86000061035156,0
2018-11-28,95.75,95.75,95.75,95.75,95.75,0
2018-11-29,96.73999786376953,96.73999786376953,96.73999786376953,96.73999786376953,96.73999786376953,0
2018-11-30,95.37999725341797,95.37999725341797,95.37999725341797,95.37999725341797,95.37999725341797,0
2018-12-03,97.94000244140625,97.94000244140625,97.94000244140625,97.94000244140625,97.94000244140625,0
2018-12-04,95.76000213623047,95.76000213623047,95.76000213623047,95.76000213623047,95.76000213623047,0
2018-12-05,95.0,95.0,95.0,95.0,95.0,0
2018-12-06,92.70999908447266,92.70999908447266,92.70999908447266,92.70999908447266,92.70999908447266,0
2018-12-07,92.9000015258789,92.9000015258789,92.9000015258789,92.9000015258789,92.9000015258789,0
2018-12-10,91.29000091552734,91.29000091552734,91.29000091552734,91.29000091552734,91.29000091552734,0
2018-12-11,91.51000213623047,91.51000213623047,91.51000213623047,91.51000213623047,91.51000213623047,0
2018-12-12,93.08999633789062,93.08999633789062,93.08999633789062,93.08999633789062,93.08999633789062,0
2018-12-13,92.41000366210938,92.41000366210938,92.41000366210938,92.41000366210938,92.41000366210938,0
2018-12-14,90.72000122070312,90.72000122070312,90.72000122070312,90.72000122070312,90.72000122070312,0
2018-12-17,88.72000122070312,88.72000122070312,88.72000122070312,88.72000122070312,88.72000122070312,0
2018-12-18,86.88999938964844,86.88999938964844,86.88999938964844,86.88999938964844,86.88999938964844,0
2018-12-19,86.05999755859375,86.05999755859375,86.05999755859375,86.05999755859375,86.05999755859375,0
2018-12-20,83.77999877929688,83.77999877929688,83.77999877929688,83.77999877929688,83.77999877929688,0
2018-12-21,82.94999694824219,82.94999694824219,82.94999694824219,82.94999694824219,82.94999694824219,0
2018-12-27,83.19999694824219,83.19999694824219,83.19999694824219,83.19999694824219,83.19999694824219,0
2018-12-28,83.9800033569336,83.9800033569336,83.9800033569336,83.9800033569336,83.9800033569336,0
2019-01-02,85.91000366210938,85.91000366210938,85.91000366210938,85.91000366210938,85.91000366210938,0
2019-01-03,85.76000213623047,85.76000213623047,85.76000213623047,85.76000213623047,85.76000213623047,0
2019-01-04,88.7699966430664,88.7699966430664,88.7699966430664,88.7699966430664,88.7699966430664,0
2019-01-07,90.8499984741211,90.8499984741211,90.8499984741211,90.8499984741211,90.8499984741211,0
2019-01-08,91.87999725341797,91.87999725341797,91.87999725341797,91.87999725341797,91.87999725341797,0
2019-01-09,92.68000030517578,92.68000030517578,92.68000030517578,92.68000030517578,92.68000030517578,0
2019-01-10,91.52999877929688,91.52999877929688,91.52999877929688,91.52999877929688,91.52999877929688,0
2019-01-11,90.7699966430664,90.7699966430664,90.7699966430664,90.7699966430664,90.7699966430664,0
2019-01-14,89.93000030517578,89.93000030517578,89.93000030517578,89.93000030517578,89.93000030517578,0
2019-01-15,89.7699966430664,89.7699966430664,89.7699966430664,89.7699966430664,89.7699966430664,0
2019-01-16,89.76000213623047,89.76000213623047,89.76000213623047,89.76000213623047,89.76000213623047,0
2019-01-17,89.9800033569336,89.9800033569336,89.9800033569336,89.9800033569336,89.9800033569336,0
2019-01-18,91.98999786376953,91.98999786376953,91.98999786376953,91.98999786376953,91.98999786376953,0
2019-01-21,92.73999786376953,92.73999786376953,92.73999786376953,92.73999786376953,92.73999786376953,0
2019-01-22,90.29000091552734,90.29000091552734,90.29000091552734,90.29000091552734,90.29000091552734,0
2019-01-23,89.86000061035156,89.86000061035156,89.86000061035156,89.86000061035156,89.86000061035156,0
2019-01-24,90.23999786376953,90.23999786376953,90.23999786376953,90.23999786376953,90.23999786376953,0
2019-01-25,90.80000305175781,90.80000305175781,90.80000305175781,90.80000305175781,90.80000305175781,0
2019-01-28,89.41999816894531,89.41999816894531,89.41999816894531,89.41999816894531,89.41999816894531,0
2019-01-29,89.27999877929688,89.27999877929688,89.27999877929688,89.27999877929688,89.27999877929688,0
2019-01-30,89.86000061035156,89.86000061035156,89.86000061035156,89.86000061035156,89.86000061035156,0
2019-01-31,89.87999725341797,89.87999725341797,89.87999725341797,89.87999725341797,89.87999725341797,0
2019-02-01,89.76000213623047,89.76000213623047,89.76000213623047,89.76000213623047,89.76000213623047,0
2019-02-04,89.5999984741211,89.5999984741211,89.5999984741211,89.5999984741211,89.5999984741211,0
2019-02-05,90.01000213623047,90.01000213623047,90.01000213623047,90.01000213623047,90.01000213623047,0
2019-02-06,90.05000305175781,90.05000305175781,90.05000305175781,90.05000305175781,90.05000305175781,0
2019-02-07,88.06999969482422,88.06999969482422,88.06999969482422,88.06999969482422,88.06999969482422,0
2019-02-08,87.05999755859375,87.05999755859375,87.05999755859375,87.05999755859375,87.05999755859375,0
2019-02-11,87.5,87.5,87.5,87.5,87.5,0
2019-02-12,89.20999908447266,89.20999908447266,89.20999908447266,89.20999908447266,89.20999908447266,0
2019-02-13,90.08000183105469,90.08000183105469,90.08000183105469,90.08000183105469,90.08000183105469,0
2019-02-14,90.69000244140625,90.69000244140625,90.69000244140625,90.69000244140625,90.69000244140625,0
2019-02-15,91.36000061035156,91.36000061035156,91.36000061035156,91.36000061035156,91.36000061035156,0
2019-02-18,91.80000305175781,91.80000305175781,91.80000305175781,91.80000305175781,91.80000305175781,0
2019-02-19,91.79000091552734,91.79000091552734,91.79000091552734,91.79000091552734,91.79000091552734,0
2019-02-20,91.56999969482422,91.56999969482422,91.56999969482422,91.56999969482422,91.56999969482422,0
2019-02-21,91.41999816894531,91.41999816894531,91.41999816894531,91.41999816894531,91.41999816894531,0
2019-02-22,91.83000183105469,91.83000183105469,91.83000183105469,91.83000183105469,91.83000183105469,0
2019-02-25,92.80000305175781,92.80000305175781,92.80000305175781,92.80000305175781,92.80000305175781,0
2019-02-26,92.30999755859375,92.30999755859375,92.30999755859375,92.30999755859375,92.30999755859375,0
2019-02-27,91.77999877929688,91.77999877929688,91.77999877929688,91.77999877929688,91.77999877929688,0
2019-02-28,90.44000244140625,90.44000244140625,90.44000244140625,90.44000244140625,90.44000244140625,0
2019-03-01,89.9800033569336,89.9800033569336,89.9800033569336,89.9800033569336,89.9800033569336,0
2019-03-04,90.79000091552734,90.79000091552734,90.79000091552734,90.79000091552734,90.79000091552734,0
2019-03-05,90.95999908447266,90.95999908447266,90.95999908447266,90.95999908447266,90.95999908447266,0
2019-03-06,89.83999633789062,89.83999633789062,89.83999633789062,89.83999633789062,89.83999633789062,0
2019-03-07,88.38999938964844,88.38999938964844,88.38999938964844,88.38999938964844,88.38999938964844,0
2019-03-08,86.6500015258789,86.6500015258789,86.6500015258789,86.6500015258789,86.6500015258789,0
2019-03-11,87.12999725341797,87.12999725341797,87.12999725341797,87.12999725341797,87.12999725341797,0
2019-03-12,88.94999694824219,88.94999694824219,88.94999694824219,88.94999694824219,88.94999694824219,0
2019-03-13,88.9800033569336,88.9800033569336,88.9800033569336,88.9800033569336,88.9800033569336,0
2019-03-14,88.81999969482422,88.81999969482422,88.81999969482422,88.81999969482422,88.81999969482422,0
2019-03-15,89.45999908447266,89.45999908447266,89.45999908447266,89.45999908447266,89.45999908447266,0
2019-03-18,90.69000244140625,90.69000244140625,90.69000244140625,90.69000244140625,90.69000244140625,0
2019-03-19,90.45999908447266,90.45999908447266,90.45999908447266,90.45999908447266,90.45999908447266,0
2019-03-20,90.4000015258789,90.4000015258789,90.4000015258789,90.4000015258789,90.4000015258789,0
2019-03-21,90.91000366210938,90.91000366210938,90.91000366210938,90.91000366210938,90.91000366210938,0
2019-03-22,89.0999984741211,89.0999984741211,89.0999984741211,89.0999984741211,89.0999984741211,0
2019-03-25,88.1500015258789,88.1500015258789,88.1500015258789,88.1500015258789,88.1500015258789,0
2019-03-26,88.69999694824219,88.69999694824219,88.69999694824219,88.69999694824219,88.69999694824219,0
2019-03-27,88.9000015258789,88.9000015258789,88.9000015258789,88.9000015258789,88.9000015258789,0
2019-03-28,87.83999633789062,87.83999633789062,87.83999633789062,87.83999633789062,87.83999633789062,0
2019-03-29,88.68000030517578,88.68000030517578,88.68000030517578,88.68000030517578,88.68000030517578,0
2019-04-01,90.73999786376953,90.73999786376953,90.73999786376953,90.73999786376953,90.73999786376953,0
2019-04-02,90.6500015258789,90.6500015258789,90.6500015258789,90.6500015258789,90.6500015258789,0
2019-04-03,91.83999633789062,91.83999633789062,91.83999633789062,91.83999633789062,91.83999633789062,0
2019-04-04,92.38999938964844,92.38999938964844,92.38999938964844,92.38999938964844,92.38999938964844,0
2019-04-05,93.31999969482422,93.31999969482422,93.31999969482422,93.31999969482422,93.31999969482422,0
2019-04-08,94.18000030517578,94.18000030517578,94.18000030517578,94.18000030517578,94.18000030517578,0
2019-04-09,93.91999816894531,93.91999816894531,93.91999816894531,93.91999816894531,93.91999816894531,0
2019-04-10,96.08000183105469,96.08000183105469,96.08000183105469,96.08000183105469,96.08000183105469,0
2019-04-11,96.70999908447266,96.70999908447266,96.70999908447266,96.70999908447266,96.70999908447266,0
2019-04-12,97.1500015258789,97.1500015258789,97.1500015258789,97.1500015258789,97.1500015258789,0
2019-04-15,97.69999694824219,97.69999694824219,97.69999694824219,97.69999694824219,97.69999694824219,0
2019-04-16,97.45999908447266,97.45999908447266,97.45999908447266,97.45999908447266,97.45999908447266,0
2019-04-17,97.9800033569336,97.9800033569336,97.9800033569336,97.9800033569336,97.9800033569336,0
2019-04-18,97.52999877929688,97.52999877929688,97.52999877929688,97.52999877929688,97.52999877929688,0
2019-04-23,99.13999938964844,99.13999938964844,99.13999938964844,99.13999938964844,99.13999938964844,0
2019-04-24,98.68000030517578,98.68000030517578,98.68000030517578,98.68000030517578,98.68000030517578,0
2019-04-25,97.6500015258789,97.6500015258789,97.6500015258789,97.6500015258789,97.6500015258789,0
2019-04-26,97.54000091552734,97.54000091552734,97.54000091552734,97.54000091552734,97.54000091552734,0
2019-04-29,98.3499984741211,98.3499984741211,98.3499984741211,98.3499984741211,98.3499984741211,0
2019-04-30,98.5,98.5,98.5,98.5,98.5,0
2019-05-02,98.81999969482422,98.81999969482422,98.81999969482422,98.81999969482422,98.81999969482422,0
2019-05-03,99.69999694824219,99.69999694824219,99.69999694824219,99.69999694824219,99.69999694824219,0
2019-05-06,97.66999816894531,97.66999816894531,97.66999816894531,97.66999816894531,97.66999816894531,0
2019-05-07,96.06999969482422,96.06999969482422,96.06999969482422,96.06999969482422,96.06999969482422,0
2019-05-08,96.05000305175781,96.05000305175781,96.05000305175781,96.05000305175781,96.05000305175781,0
2019-05-09,94.12000274658203,94.12000274658203,94.12000274658203,94.12000274658203,94.12000274658203,0
2019-05-10,94.9800033569336,94.9800033569336,94.9800033569336,94.9800033569336,94.9800033569336,0
2019-05-13,92.80000305175781,92.80000305175781,92.80000305175781,92.80000305175781,92.80000305175781,0
2019-05-14,93.75,93.75,93.75,93.75,93.75,0
2019-05-15,94.9800033569336,94.9800033569336,94.9800033569336,94.9800033569336,94.9800033569336,0
2019-05-16,95.75,95.75,95.75,95.75,95.75,0
2019-05-17,94.91999816894531,94.91999816894531,94.91999816894531,94.91999816894531,94.91999816894531,0
2019-05-20,94.3499984741211,94.3499984741211,94.3499984741211,94.3499984741211,94.3499984741211,0
2019-05-21,94.36000061035156,94.36000061035156,94.36000061035156,94.36000061035156,94.36000061035156,0
2019-05-22,93.1500015258789,93.1500015258789,93.1500015258789,93.1500015258789,93.1500015258789,0
2019-05-23,90.33999633789062,90.33999633789062,90.33999633789062,90.33999633789062,90.33999633789062,0
2019-05-24,90.23999786376953,90.23999786376953,90.23999786376953,90.23999786376953,90.23999786376953,0
2019-05-27,90.05000305175781,90.05000305175781,90.05000305175781,90.05000305175781,90.05000305175781,0
2019-05-28,90.02999877929688,90.02999877929688,90.02999877929688,90.02999877929688,90.02999877929688,0
2019-05-29,88.62000274658203,88.62000274658203,88.62000274658203,88.62000274658203,88.62000274658203,0
2019-05-30,88.13999938964844,88.13999938964844,88.13999938964844,88.13999938964844,88.13999938964844,0
2019-05-31,87.4800033569336,87.4800033569336,87.4800033569336,87.4800033569336,87.4800033569336,0
2019-06-03,87.11000061035156,87.11000061035156,87.11000061035156,87.11000061035156,87.11000061035156,0
2019-06-04,88.16000366210938,88.16000366210938,88.16000366210938,88.16000366210938,88.16000366210938,0
2019-06-05,88.0999984741211,88.0999984741211,88.0999984741211,88.0999984741211,88.0999984741211,0
2019-06-06,87.69999694824219,87.69999694824219,87.69999694824219,87.69999694824219,87.69999694824219,0
2019-06-07,88.06999969482422,88.06999969482422,88.06999969482422,88.06999969482422,88.06999969482422,0
2019-06-11,88.73999786376953,88.73999786376953,88.73999786376953,88.73999786376953,88.73999786376953,0
2019-06-12,86.70999908447266,86.70999908447266,86.70999908447266,86.70999908447266,86.70999908447266,0
2019-06-13,88.08999633789062,88.08999633789062,88.08999633789062,88.08999633789062,88.08999633789062,0
2019-06-14,87.0999984741211,87.0999984741211,87.0999984741211,87.0999984741211,87.0999984741211,0
2019-06-17,87.44999694824219,87.44999694824219,87.44999694824219,87.44999694824219,87.44999694824219,0
2019-06-18,88.69000244140625,88.69000244140625,88.69000244140625,88.69000244140625,88.69000244140625,0
2019-06-19,89.63999938964844,89.63999938964844,89.63999938964844,89.63999938964844,89.63999938964844,0
2019-06-20,91.05000305175781,91.05000305175781,91.05000305175781,91.05000305175781,91.05000305175781,0
2019-06-21,91.25,91.25,91.25,91.25,91.25,0
2019-06-24,90.79000091552734,90.79000091552734,90.79000091552734,90.79000091552734,90.79000091552734,0
2019-06-25,90.44000244140625,90.44000244140625,90.44000244140625,90.44000244140625,90.44000244140625,0
2019-06-26,91.61000061035156,91.61000061035156,91.61000061035156,91.61000061035156,91.61000061035156,0
2019-06-27,93.05999755859375,93.05999755859375,93.05999755859375,93.05999755859375,93.05999755859375,0
2019-06-28,94.7699966430664,94.7699966430664,94.7699966430664,94.7699966430664,94.7699966430664,0
2019-07-01,95.81999969482422,95.81999969482422,95.81999969482422,95.81999969482422,95.81999969482422,0
2019-07-02,95.43000030517578,95.43000030517578,95.43000030517578,95.43000030517578,95.43000030517578,0
2019-07-03,95.12000274658203,95.12000274658203,95.12000274658203,95.12000274658203,95.12000274658203,0
2019-07-04,95.7699966430664,95.7699966430664,95.7699966430664,95.7699966430664,95.7699966430664,0
2019-07-05,96.86000061035156,96.86000061035156,96.86000061035156,96.86000061035156,96.86000061035156,0
2019-07-08,96.4000015258789,96.4000015258789,96.4000015258789,96.4000015258789,96.4000015258789,0
2019-07-09,95.58999633789062,95.58999633789062,95.58999633789062,95.58999633789062,95.58999633789062,0
2019-07-10,96.30000305175781,96.30000305175781,96.30000305175781,96.30000305175781,96.30000305175781,0
2019-07-11,96.79000091552734,96.79000091552734,96.79000091552734,96.79000091552734,96.79000091552734,0
2019-07-12,96.91000366210938,96.91000366210938,96.91000366210938,96.91000366210938,96.91000366210938,0
2019-07-15,96.69999694824219,96.69999694824219,96.69999694824219,96.69999694824219,96.69999694824219,0
2019-07-16,97.4800033569336,97.4800033569336,97.4800033569336,97.4800033569336,97.4800033569336,0
2019-07-17,96.08000183105469,96.08000183105469,96.08000183105469,96.08000183105469,96.08000183105469,0
2019-07-18,95.18000030517578,95.18000030517578,95.18000030517578,95.18000030517578,95.18000030517578,0
2019-07-19,95.3499984741211,95.3499984741211,95.3499984741211,95.3499984741211,95.3499984741211,0
2019-07-22,96.16999816894531,96.16999816894531,96.16999816894531,96.16999816894531,96.16999816894531,0
2019-07-23,97.05999755859375,97.05999755859375,97.05999755859375,97.05999755859375,97.05999755859375,0
2019-07-24,97.55999755859375,97.55999755859375,97.55999755859375,97.55999755859375,97.55999755859375,0
2019-07-25,96.66000366210938,96.66000366210938,96.66000366210938,96.66000366210938,96.66000366210938,0
2019-07-26,96.04000091552734,96.04000091552734,96.04000091552734,96.04000091552734,96.04000091552734,0
2019-07-29,94.52999877929688,94.52999877929688,94.52999877929688,94.52999877929688,94.52999877929688,0
2019-07-30,94.5,94.5,94.5,94.5,94.5,0
2019-07-31,93.91000366210938,93.91000366210938,93.91000366210938,93.91000366210938,93.91000366210938,0
2019-08-01,92.48999786376953,92.48999786376953,92.48999786376953,92.48999786376953,92.48999786376953,0
2019-08-02,90.16999816894531,90.16999816894531,90.16999816894531,90.16999816894531,90.16999816894531,0
2019-08-05,85.76000213623047,85.76000213623047,85.76000213623047,85.76000213623047,85.76000213623047,0
2019-08-06,86.77999877929688,86.77999877929688,86.77999877929688,86.77999877929688,86.77999877929688,0
2019-08-07,86.55000305175781,86.55000305175781,86.55000305175781,86.55000305175781,86.55000305175781,0
2019-08-08,87.30000305175781,87.30000305175781,87.30000305175781,87.30000305175781,87.30000305175781,0
2019-08-09,85.87000274658203,85.87000274658203,85.87000274658203,85.87000274658203,85.87000274658203,0
2019-08-12,85.0999984741211,85.0999984741211,85.0999984741211,85.0999984741211,85.0999984741211,0
2019-08-13,85.44999694824219,85.44999694824219,85.44999694824219,85.44999694824219,85.44999694824219,0
2019-08-14,83.63999938964844,83.63999938964844,83.63999938964844,83.63999938964844,83.63999938964844,0
2019-08-15,82.80000305175781,82.80000305175781,82.80000305175781,82.80000305175781,82.80000305175781,0
2019-08-16,84.88999938964844,84.88999938964844,84.88999938964844,84.88999938964844,84.88999938964844,0
2019-08-19,87.75,87.75,87.75,87.75,87.75,0
2019-08-20,88.36000061035156,88.36000061035156,88.36000061035156,88.36000061035156,88.36000061035156,0
2019-08-21,89.73999786376953,89.73999786376953,89.73999786376953,89.73999786376953,89.73999786376953,0
2019-08-22,89.5999984741211,89.5999984741211,89.5999984741211,89.5999984741211,89.5999984741211,0
2019-08-23,88.01000213623047,88.01000213623047,88.01000213623047,88.01000213623047,88.01000213623047,0
2019-08-26,87.70999908447266,87.70999908447266,87.70999908447266,87.70999908447266,87.70999908447266,0
2019-08-27,87.68000030517578,87.68000030517578,87.68000030517578,87.68000030517578,87.68000030517578,0
2019-08-28,89.0,89.0,89.0,89.0,89.0,0
2019-08-29,89.20999908447266,89.20999908447266,89.20999908447266,89.20999908447266,89.20999908447266,0
2019-08-30,89.94000244140625,89.94000244140625,89.94000244140625,89.94000244140625,89.94000244140625,0
2019-09-02,90.19000244140625,90.19000244140625,90.19000244140625,90.19000244140625,90.19000244140625,0
2019-09-03,89.33999633789062,89.33999633789062,89.33999633789062,89.33999633789062,89.33999633789062,0
2019-09-04,90.98999786376953,90.98999786376953,90.98999786376953,90.98999786376953,90.98999786376953,0
2019-09-05,93.05999755859375,93.05999755859375,93.05999755859375,93.05999755859375,93.05999755859375,0
2019-09-06,93.52999877929688,93.52999877929688,93.52999877929688,93.52999877929688,93.52999877929688,0
2019-09-09,95.63999938964844,95.63999938964844,95.63999938964844,95.63999938964844,95.63999938964844,0
2019-09-10,96.44000244140625,96.44000244140625,96.44000244140625,96.44000244140625,96.44000244140625,0
2019-09-11,97.51000213623047,97.51000213623047,97.51000213623047,97.51000213623047,97.51000213623047,0
2019-09-12,97.73999786376953,97.73999786376953,97.73999786376953,97.73999786376953,97.73999786376953,0
2019-09-13,99.1500015258789,99.1500015258789,99.1500015258789,99.1500015258789,99.1500015258789,0
2019-09-16,98.6500015258789,98.6500015258789,98.6500015258789,98.6500015258789,98.6500015258789,0
2019-09-17,97.37999725341797,97.37999725341797,97.37999725341797,97.37999725341797,97.37999725341797,0
2019-09-18,96.98999786376953,96.98999786376953,96.98999786376953,96.98999786376953,96.98999786376953,0
2019-09-19,96.13999938964844,96.13999938964844,96.13999938964844,96.13999938964844,96.13999938964844,0
2019-09-20,96.11000061035156,96.11000061035156,96.11000061035156,96.11000061035156,96.11000061035156,0
2019-09-23,95.95999908447266,95.95999908447266,95.95999908447266,95.95999908447266,95.95999908447266,0
2019-09-24,94.52999877929688,94.52999877929688,94.52999877929688,94.52999877929688,94.52999877929688,0
2019-09-25,94.20999908447266,94.20999908447266,94.20999908447266,94.20999908447266,94.20999908447266,0
2019-09-26,95.05000305175781,95.05000305175781,95.05000305175781,95.05000305175781,95.05000305175781,0
2019-09-27,94.69999694824219,94.69999694824219,94.69999694824219,94.69999694824219,94.69999694824219,0
2019-09-30,93.70999908447266,93.70999908447266,93.70999908447266,93.70999908447266,93.70999908447266,0
2019-10-01,93.31999969482422,93.31999969482422,93.31999969482422,93.31999969482422,93.31999969482422,0
2019-10-02,91.91000366210938,91.91000366210938,91.91000366210938,91.91000366210938,91.91000366210938,0
2019-10-04,94.98999786376953,94.98999786376953,94.98999786376953,94.98999786376953,94.98999786376953,0
2019-10-07,96.91999816894531,96.91999816894531,96.91999816894531,96.91999816894531,96.91999816894531,0
2019-10-08,96.97000122070312,96.97000122070312,96.97000122070312,96.97000122070312,96.97000122070312,0
2019-10-09,97.7699966430664,97.7699966430664,97.7699966430664,97.7699966430664,97.7699966430664,0
2019-10-10,99.9000015258789,99.9000015258789,99.9000015258789,99.9000015258789,99.9000015258789,0
2019-10-11,102.75,102.75,102.75,102.75,102.75,0
2019-10-14,103.62999725341797,103.62999725341797,103.62999725341797,103.62999725341797,103.62999725341797,0
2019-10-15,102.95999908447266,102.95999908447266,102.95999908447266,102.95999908447266,102.95999908447266,0
2019-10-16,102.55999755859375,102.55999755859375,102.55999755859375,102.55999755859375,102.55999755859375,0
2019-10-17,103.68000030517578,103.68000030517578,103.68000030517578,103.68000030517578,103.68000030517578,0
2019-10-18,102.93000030517578,102.93000030517578,102.93000030517578,102.93000030517578,102.93000030517578,0
2019-10-21,103.08999633789062,103.08999633789062,103.08999633789062,103.08999633789062,103.08999633789062,0
2019-10-22,103.73999786376953,103.73999786376953,103.73999786376953,103.73999786376953,103.73999786376953,0
2019-10-23,106.5,106.5,106.5,106.5,106.5,0
2019-10-24,105.44000244140625,105.44000244140625,105.44000244140625,105.44000244140625,105.44000244140625,0
2019-10-25,105.3499984741211,105.3499984741211,105.3499984741211,105.3499984741211,105.3499984741211,0
2019-10-28,106.33999633789062,106.33999633789062,106.33999633789062,106.33999633789062,106.33999633789062,0
2019-10-29,106.04000091552734,106.04000091552734,106.04000091552734,106.04000091552734,106.04000091552734,0
2019-10-30,105.0999984741211,105.0999984741211,105.0999984741211,105.0999984741211,105.0999984741211,0
2019-10-31,103.2699966430664,103.2699966430664,103.2699966430664,103.2699966430664,103.2699966430664,0
2019-11-01,105.06999969482422,105.06999969482422,105.06999969482422,105.06999969482422,105.06999969482422,0
2019-11-04,105.70999908447266,105.70999908447266,105.70999908447266,105.70999908447266,105.70999908447266,0
2019-11-05,105.18000030517578,105.18000030517578,105.18000030517578,105.18000030517578,105.18000030517578,0
2019-11-06,103.29000091552734,103.29000091552734,103.29000091552734,103.29000091552734,103.29000091552734,0
2019-11-07,101.38999938964844,101.38999938964844,101.38999938964844,101.38999938964844,101.38999938964844,0
2019-11-08,101.77999877929688,101.77999877929688,101.77999877929688,101.77999877929688,101.77999877929688,0
2019-11-11,101.23999786376953,101.23999786376953,101.23999786376953,101.23999786376953,101.23999786376953,0
2019-11-12,102.94999694824219,102.94999694824219,102.94999694824219,102.94999694824219,102.94999694824219,0
2019-11-13,101.5999984741211,101.5999984741211,101.5999984741211,101.5999984741211,101.5999984741211,0
2019-11-14,102.23999786376953,102.23999786376953,102.23999786376953,102.23999786376953,102.23999786376953,0
2019-11-15,104.27999877929688,104.27999877929688,104.27999877929688,104.27999877929688,104.27999877929688,0
2019-11-18,103.81999969482422,103.81999969482422,103.81999969482422,103.81999969482422,103.81999969482422,0
2019-11-19,103.69999694824219,103.69999694824219,103.69999694824219,103.69999694824219,103.69999694824219,0
2019-11-20,104.0199966430664,104.0199966430664,104.0199966430664,104.0199966430664,104.0199966430664,0
2019-11-21,104.20999908447266,104.20999908447266,104.20999908447266,104.20999908447266,104.20999908447266,0
2019-11-22,104.38999938964844,104.38999938964844,104.38999938964844,104.38999938964844,104.38999938964844,0
2019-11-25,105.5,105.5,105.5,105.5,105.5,0
2019-11-26,105.0199966430664,105.0199966430664,105.0199966430664,105.0199966430664,105.0199966430664,0
2019-11-27,105.38999938964844,105.38999938964844,105.38999938964844,105.38999938964844,105.38999938964844,0
2019-11-28,105.2300033569336,105.2300033569336,105.2300033569336,105.2300033569336,105.2300033569336,0
2019-11-29,104.95999908447266,104.95999908447266,104.95999908447266,104.95999908447266,104.95999908447266,0
2019-12-02,104.43000030517578,104.43000030517578,104.43000030517578,104.43000030517578,104.43000030517578,0
2019-12-03,103.62999725341797,103.62999725341797,103.62999725341797,103.62999725341797,103.62999725341797,0
2019-12-04,103.88999938964844,103.88999938964844,103.88999938964844,103.88999938964844,103.88999938964844,0
2019-12-05,104.83999633789062,104.83999633789062,104.83999633789062,104.83999633789062,104.83999633789062,0
2019-12-06,107.31999969482422,107.31999969482422,107.31999969482422,107.31999969482422,107.31999969482422,0
2019-12-09,108.41000366210938,108.41000366210938,108.41000366210938,108.41000366210938,108.41000366210938,0
2019-12-10,109.12999725341797,109.12999725341797,109.12999725341797,109.12999725341797,109.12999725341797,0
2019-12-11,108.69000244140625,108.69000244140625,108.69000244140625,108.69000244140625,108.69000244140625,0
2019-12-12,108.70999908447266,108.70999908447266,108.70999908447266,108.70999908447266,108.70999908447266,0
2019-12-13,109.29000091552734,109.29000091552734,109.29000091552734,109.29000091552734,109.29000091552734,0
2019-12-16,110.19999694824219,110.19999694824219,110.19999694824219,110.19999694824219,110.19999694824219,0
2019-12-17,109.45999908447266,109.45999908447266,109.45999908447266,109.45999908447266,109.45999908447266,0
2019-12-18,110.3499984741211,110.3499984741211,110.3499984741211,110.3499984741211,110.3499984741211,0
2019-12-19,112.5199966430664,112.5199966430664,112.5199966430664,112.5199966430664,112.5199966430664,0
2019-12-20,112.4800033569336,112.4800033569336,112.4800033569336,112.4800033569336,112.4800033569336,0
2019-12-23,113.41999816894531,113.41999816894531,113.41999816894531,113.41999816894531,113.41999816894531,0
2019-12-27,113.38999938964844,113.38999938964844,113.38999938964844,113.38999938964844,113.38999938964844,0
2019-12-30,113.87999725341797,113.87999725341797,113.87999725341797,113.87999725341797,113.87999725341797,0
2020-01-02,115.31999969482422,115.31999969482422,115.31999969482422,115.31999969482422,115.31999969482422,0
2020-01-03,115.08999633789062,115.08999633789062,115.08999633789062,115.08999633789062,115.08999633789062,0
2020-01-06,113.62999725341797,113.62999725341797,113.62999725341797,113.62999725341797,113.62999725341797,0
2020-01-07,114.41000366210938,114.41000366210938,114.41000366210938,114.41000366210938,114.41000366210938,0
2020-01-08,111.7300033569336,111.7300033569336,111.7300033569336,111.7300033569336,111.7300033569336,0
2020-01-09,113.12000274658203,113.12000274658203,113.12000274658203,113.12000274658203,113.12000274658203,0
2020-01-10,111.37000274658203,111.37000274658203,111.37000274658203,111.37000274658203,111.37000274658203,0
2020-01-13,111.31999969482422,111.31999969482422,111.31999969482422,111.31999969482422,111.31999969482422,0
2020-01-14,111.11000061035156,111.11000061035156,111.11000061035156,111.11000061035156,111.11000061035156,0
2020-01-15,109.44000244140625,109.44000244140625,109.44000244140625,109.44000244140625,109.44000244140625,0
2020-01-16,109.19000244140625,109.19000244140625,109.19000244140625,109.19000244140625,109.19000244140625,0
2020-01-17,109.48999786376953,109.48999786376953,109.48999786376953,109.48999786376953,109.48999786376953,0
2020-01-20,109.2300033569336,109.2300033569336,109.2300033569336,109.2300033569336,109.2300033569336,0
2020-01-21,107.05999755859375,107.05999755859375,107.05999755859375,107.05999755859375,107.05999755859375,0
2020-01-22,105.38999938964844,105.38999938964844,105.38999938964844,105.38999938964844,105.38999938964844,0
2020-01-23,102.66999816894531,102.66999816894531,102.66999816894531,102.66999816894531,102.66999816894531,0
2020-01-24,100.58000183105469,100.58000183105469,100.58000183105469,100.58000183105469,100.58000183105469,0
2020-01-27,97.7300033569336,97.7300033569336,97.7300033569336,97.7300033569336,97.7300033569336,0
2020-01-28,97.27999877929688,97.27999877929688,97.27999877929688,97.27999877929688,97.27999877929688,0
2020-01-29,97.27999877929688,97.27999877929688,97.27999877929688,97.27999877929688,97.27999877929688,0
2020-01-30,94.69999694824219,94.69999694824219,94.69999694824219,94.69999694824219,94.69999694824219,0
2020-01-31,92.58999633789062,92.58999633789062,92.58999633789062,92.58999633789062,92.58999633789062,0
2020-02-03,91.61000061035156,91.61000061035156,91.61000061035156,91.61000061035156,91.61000061035156,0
2020-02-04,92.43000030517578,92.43000030517578,92.43000030517578,92.43000030517578,92.43000030517578,0
2020-02-05,93.80000305175781,93.80000305175781,93.80000305175781,93.80000305175781,93.80000305175781,0
2020-02-06,91.44000244140625,91.44000244140625,91.44000244140625,91.44000244140625,91.44000244140625,0
2020-02-07,89.4800033569336,89.4800033569336,89.4800033569336,89.4800033569336,89.4800033569336,0
2020-02-10,88.94999694824219,88.94999694824219,88.94999694824219,88.94999694824219,88.94999694824219,0
2020-02-11,91.25,91.25,91.25,91.25,91.25,0
2020-02-12,92.2300033569336,92.2300033569336,92.2300033569336,92.2300033569336,92.2300033569336,0
2020-02-13,91.30000305175781,91.30000305175781,91.30000305175781,91.30000305175781,91.30000305175781,0
2020-02-14,91.11000061035156,91.11000061035156,91.11000061035156,91.11000061035156,91.11000061035156,0
2020-02-17,90.86000061035156,90.86000061035156,90.86000061035156,90.86000061035156,90.86000061035156,0
2020-02-18,90.2300033569336,90.2300033569336,90.2300033569336,90.2300033569336,90.2300033569336,0
2020-02-19,91.0199966430664,91.0199966430664,91.0199966430664,91.0199966430664,91.0199966430664,0
2020-02-20,90.41000366210938,90.41000366210938,90.41000366210938,90.41000366210938,90.41000366210938,0
2020-02-21,88.55999755859375,88.55999755859375,88.55999755859375,88.55999755859375,88.55999755859375,0
2020-02-24,84.08000183105469,84.08000183105469,84.08000183105469,84.08000183105469,84.08000183105469,0
2020-02-25,82.45999908447266,82.45999908447266,82.45999908447266,82.45999908447266,82.45999908447266,0
2020-02-26,81.87000274658203,81.87000274658203,81.87000274658203,81.87000274658203,81.87000274658203,0
2020-02-27,81.70999908447266,81.70999908447266,81.70999908447266,81.70999908447266,81.70999908447266,0
2020-02-28,82.91999816894531,82.91999816894531,82.91999816894531,82.91999816894531,82.91999816894531,0
2020-03-02,83.7300033569336,83.7300033569336,83.7300033569336,83.7300033569336,83.7300033569336,0
2020-03-03,82.87999725341797,82.87999725341797,82.87999725341797,82.87999725341797,82.87999725341797,0
2020-03-04,82.66000366210938,82.66000366210938,82.66000366210938,82.66000366210938,82.66000366210938,0
2020-03-05,79.61000061035156,79.61000061035156,79.61000061035156,79.61000061035156,79.61000061035156,0
2020-03-06,78.06999969482422,78.06999969482422,78.06999969482422,78.06999969482422,78.06999969482422,0
2020-03-09,73.1500015258789,73.1500015258789,73.1500015258789,73.1500015258789,73.1500015258789,0
2020-03-10,78.66999816894531,78.66999816894531,78.66999816894531,78.66999816894531,78.66999816894531,0
2020-03-11,76.44999694824219,76.44999694824219,76.44999694824219,76.44999694824219,76.44999694824219,0
2020-03-12,70.66999816894531,70.66999816894531,70.66999816894531,70.66999816894531,70.66999816894531,0
2020-03-13,72.75,72.75,72.75,72.75,72.75,0
2020-03-16,66.29000091552734,66.29000091552734,66.29000091552734,66.29000091552734,66.29000091552734,0
2020-03-17,66.81999969482422,66.81999969482422,66.81999969482422,66.81999969482422,66.81999969482422,0
2020-03-18,60.61000061035156,60.61000061035156,60.61000061035156,60.61000061035156,60.61000061035156,0
2020-03-19,60.22999954223633,60.22999954223633,60.22999954223633,60.22999954223633,60.22999954223633,0
2020-03-20,59.86000061035156,59.86000061035156,59.86000061035156,59.86000061035156,59.86000061035156,0
2020-03-23,58.58000183105469,58.58000183105469,58.58000183105469,58.58000183105469,58.58000183105469,0
2020-03-24,64.0,64.0,64.0,64.0,64.0,0
2020-03-25,65.25,65.25,65.25,65.25,65.25,0
2020-03-26,69.22000122070312,69.22000122070312,69.22000122070312,69.22000122070312,69.22000122070312,0
2020-03-27,69.95999908447266,69.95999908447266,69.95999908447266,69.95999908447266,69.95999908447266,0
2020-03-30,72.25,72.25,72.25,72.25,72.25,0
2020-03-31,72.4000015258789,72.4000015258789,72.4000015258789,72.4000015258789,72.4000015258789,0
2020-04-01,70.5999984741211,70.5999984741211,70.5999984741211,70.5999984741211,70.5999984741211,0
2020-04-02,66.22000122070312,66.22000122070312,66.22000122070312,66.22000122070312,66.22000122070312,0
2020-04-03,63.869998931884766,63.869998931884766,63.869998931884766,63.869998931884766,63.869998931884766,0
2020-04-06,67.13999938964844,67.13999938964844,67.13999938964844,67.13999938964844,67.13999938964844,0
2020-04-07,66.7300033569336,66.7300033569336,66.7300033569336,66.7300033569336,66.7300033569336,0
2020-04-08,67.87999725341797,67.87999725341797,67.87999725341797,67.87999725341797,67.87999725341797,0
2020-04-09,69.87000274658203,69.87000274658203,69.87000274658203,69.87000274658203,69.87000274658203,0
2020-04-14,72.80000305175781,72.80000305175781,72.80000305175781,72.80000305175781,72.80000305175781,0
2020-04-15,71.25,71.25,71.25,71.25,71.25,0
2020-04-16,71.73999786376953,71.73999786376953,71.73999786376953,71.73999786376953,71.73999786376953,0
2020-04-17,74.12000274658203,74.12000274658203,74.12000274658203,74.12000274658203,74.12000274658203,0
2020-04-20,76.95999908447266,76.95999908447266,76.95999908447266,76.95999908447266,76.95999908447266,0
2020-04-21,76.43000030517578,76.43000030517578,76.43000030517578,76.43000030517578,76.43000030517578,0
2020-04-22,77.41000366210938,77.41000366210938,77.41000366210938,77.41000366210938,77.41000366210938,0
2020-04-23,78.81999969482422,78.81999969482422,78.81999969482422,78.81999969482422,78.81999969482422,0
2020-04-24,79.0199966430664,79.0199966430664,79.0199966430664,79.0199966430664,79.0199966430664,0
2020-04-27,82.87999725341797,82.87999725341797,82.87999725341797,82.87999725341797,82.87999725341797,0
2020-04-28,83.70999908447266,83.70999908447266,83.70999908447266,83.70999908447266,83.70999908447266,0
2020-04-29,82.5999984741211,82.5999984741211,82.5999984741211,82.5999984741211,82.5999984741211,0
2020-04-30,81.44000244140625,81.44000244140625,81.44000244140625,81.44000244140625,81.44000244140625,0
2020-05-04,78.44999694824219,78.44999694824219,78.44999694824219,78.44999694824219,78.44999694824219,0
2020-05-05,76.61000061035156,76.61000061035156,76.61000061035156,76.61000061035156,76.61000061035156,0
2020-05-06,74.61000061035156,74.61000061035156,74.61000061035156,74.61000061035156,74.61000061035156,0
2020-05-07,75.16000366210938,75.16000366210938,75.16000366210938,75.16000366210938,75.16000366210938,0
2020-05-08,77.13999938964844,77.13999938964844,77.13999938964844,77.13999938964844,77.13999938964844,0
2020-05-11,76.05000305175781,76.05000305175781,76.05000305175781,76.05000305175781,76.05000305175781,0
2020-05-12,75.44000244140625,75.44000244140625,75.44000244140625,75.44000244140625,75.44000244140625,0
2020-05-13,74.01000213623047,74.01000213623047,74.01000213623047,74.01000213623047,74.01000213623047,0
2020-05-14,72.43000030517578,72.43000030517578,72.43000030517578,72.43000030517578,72.43000030517578,0
2020-05-15,73.69999694824219,73.69999694824219,73.69999694824219,73.69999694824219,73.69999694824219,0
2020-05-18,74.44000244140625,74.44000244140625,74.44000244140625,74.44000244140625,74.44000244140625,0
2020-05-19,74.68000030517578,74.68000030517578,74.68000030517578,74.68000030517578,74.68000030517578,0
2020-05-20,76.18000030517578,76.18000030517578,76.18000030517578,76.18000030517578,76.18000030517578,0
2020-05-21,75.86000061035156,75.86000061035156,75.86000061035156,75.86000061035156,75.86000061035156,0
2020-05-22,74.61000061035156,74.61000061035156,74.61000061035156,74.61000061035156,74.61000061035156,0
2020-05-25,73.95999908447266,73.95999908447266,73.95999908447266,73.95999908447266,73.95999908447266,0
2020-05-26,75.8499984741211,75.8499984741211,75.8499984741211,75.8499984741211,75.8499984741211,0
2020-05-27,77.44999694824219,77.44999694824219,77.44999694824219,77.44999694824219,77.44999694824219,0
2020-05-28,75.41999816894531,75.41999816894531,75.41999816894531,75.41999816894531,75.41999816894531,0
2020-05-29,75.06999969482422,75.06999969482422,75.06999969482422,75.06999969482422,75.06999969482422,0
2020-06-02,76.2699966430664,76.2699966430664,76.2699966430664,76.2699966430664,76.2699966430664,0
2020-06-03,77.9000015258789,77.9000015258789,77.9000015258789,77.9000015258789,77.9000015258789,0
2020-06-04,78.19000244140625,78.19000244140625,78.19000244140625,78.19000244140625,78.19000244140625,0
2020-06-05,81.31999969482422,81.31999969482422,81.31999969482422,81.31999969482422,81.31999969482422,0
2020-06-08,84.73999786376953,84.73999786376953,84.73999786376953,84.73999786376953,84.73999786376953,0
2020-06-09,83.06999969482422,83.06999969482422,83.06999969482422,83.06999969482422,83.06999969482422,0
2020-06-10,80.61000061035156,80.61000061035156,80.61000061035156,80.61000061035156,80.61000061035156,0
2020-06-11,75.7300033569336,75.7300033569336,75.7300033569336,75.7300033569336,75.7300033569336,0
2020-06-12,76.12000274658203,76.12000274658203,76.12000274658203,76.12000274658203,76.12000274658203,0
2020-06-15,75.69000244140625,75.69000244140625,75.69000244140625,75.69000244140625,75.69000244140625,0
2020-06-16,77.0999984741211,77.0999984741211,77.0999984741211,77.0999984741211,77.0999984741211,0
2020-06-17,75.70999908447266,75.70999908447266,75.70999908447266,75.70999908447266,75.70999908447266,0
2020-06-18,76.80999755859375,76.80999755859375,76.80999755859375,76.80999755859375,76.80999755859375,0
2020-06-19,75.87000274658203,75.87000274658203,75.87000274658203,75.87000274658203,75.87000274658203,0
2020-06-22,74.61000061035156,74.61000061035156,74.61000061035156,74.61000061035156,74.61000061035156,0
2020-06-23,74.87999725341797,74.87999725341797,74.87999725341797,74.87999725341797,74.87999725341797,0
2020-06-24,72.7699966430664,72.7699966430664,72.7699966430664,72.7699966430664,72.7699966430664,0
2020-06-25,72.08999633789062,72.08999633789062,72.08999633789062,72.08999633789062,72.08999633789062,0
2020-06-26,71.08999633789062,71.08999633789062,71.08999633789062,71.08999633789062,71.08999633789062,0
2020-06-29,72.0999984741211,72.0999984741211,72.0999984741211,72.0999984741211,72.0999984741211,0
2020-06-30,71.83999633789062,71.83999633789062,71.83999633789062,71.83999633789062,71.83999633789062,0
2020-07-01,72.5999984741211,72.5999984741211,72.5999984741211,72.5999984741211,72.5999984741211,0
2020-07-02,72.26000213623047,72.26000213623047,72.26000213623047,72.26000213623047,72.26000213623047,0
2020-07-03,72.43000030517578,72.43000030517578,72.43000030517578,72.43000030517578,72.43000030517578,0
2020-07-06,75.11000061035156,75.11000061035156,75.11000061035156,75.11000061035156,75.11000061035156,0
2020-07-07,73.9800033569336,73.9800033569336,73.9800033569336,73.9800033569336,73.9800033569336,0
2020-07-08,74.19999694824219,74.19999694824219,74.19999694824219,74.19999694824219,74.19999694824219,0
2020-07-09,72.30999755859375,72.30999755859375,72.30999755859375,72.30999755859375,72.30999755859375,0
2020-07-10,73.8499984741211,73.8499984741211,73.8499984741211,73.8499984741211,73.8499984741211,0
2020-07-13,73.5,73.5,73.5,73.5,73.5,0
2020-07-14,74.0999984741211,74.0999984741211,74.0999984741211,74.0999984741211,74.0999984741211,0
2020-07-15,75.54000091552734,75.54000091552734,75.54000091552734,75.54000091552734,75.54000091552734,0
2020-07-16,74.81999969482422,74.81999969482422,74.81999969482422,74.81999969482422,74.81999969482422,0
2020-07-17,75.06999969482422,75.06999969482422,75.06999969482422,75.06999969482422,75.06999969482422,0
2020-07-20,74.63999938964844,74.63999938964844,74.63999938964844,74.63999938964844,74.63999938964844,0
2020-07-21,75.30000305175781,75.30000305175781,75.30000305175781,75.30000305175781,75.30000305175781,0
2020-07-22,74.69000244140625,74.69000244140625,74.69000244140625,74.69000244140625,74.69000244140625,0
2020-07-23,75.30000305175781,75.30000305175781,75.30000305175781,75.30000305175781,75.30000305175781,0
2020-07-24,74.9000015258789,74.9000015258789,74.9000015258789,74.9000015258789,74.9000015258789,0
2020-07-27,75.36000061035156,75.36000061035156,75.36000061035156,75.36000061035156,75.36000061035156,0
2020-07-28,75.26000213623047,75.26000213623047,75.26000213623047,75.26000213623047,75.26000213623047,0
2020-07-29,77.12999725341797,77.12999725341797,77.12999725341797,77.12999725341797,77.12999725341797,0
2020-07-30,75.98999786376953,75.98999786376953,75.98999786376953,75.98999786376953,75.98999786376953,0
2020-07-31,75.19000244140625,75.19000244140625,75.19000244140625,75.19000244140625,75.19000244140625,0
2020-08-03,75.61000061035156,75.61000061035156,75.61000061035156,75.61000061035156,75.61000061035156,0
2020-08-04,76.9000015258789,76.9000015258789,76.9000015258789,76.9000015258789,76.9000015258789,0
2020-08-05,78.11000061035156,78.11000061035156,78.11000061035156,78.11000061035156,78.11000061035156,0
2020-08-06,78.31999969482422,78.31999969482422,78.31999969482422,78.31999969482422,78.31999969482422,0
2020-08-07,78.77999877929688,78.77999877929688,78.77999877929688,78.77999877929688,78.77999877929688,0
2020-08-10,79.47000122070312,79.47000122070312,79.47000122070312,79.47000122070312,79.47000122070312,0
2020-08-11,81.56999969482422,81.56999969482422,81.56999969482422,81.56999969482422,81.56999969482422,0
2020-08-12,83.04000091552734,83.04000091552734,83.04000091552734,83.04000091552734,83.04000091552734,0
2020-08-13,83.4000015258789,83.4000015258789,83.4000015258789,83.4000015258789,83.4000015258789,0
2020-08-14,84.12999725341797,84.12999725341797,84.12999725341797,84.12999725341797,84.12999725341797,0
2020-08-17,84.55999755859375,84.55999755859375,84.55999755859375,84.55999755859375,84.55999755859375,0
2020-08-18,83.0,83.0,83.0,83.0,83.0,0
2020-08-19,82.87999725341797,82.87999725341797,82.87999725341797,82.87999725341797,82.87999725341797,0
2020-08-20,81.91999816894531,81.91999816894531,81.91999816894531,81.91999816894531,81.91999816894531,0
2020-08-21,81.33000183105469,81.33000183105469,81.33000183105469,81.33000183105469,81.33000183105469,0
2020-08-24,81.9000015258789,81.9000015258789,81.9000015258789,81.9000015258789,81.9000015258789,0
2020-08-25,82.66000366210938,82.66000366210938,82.66000366210938,82.66000366210938,82.66000366210938,0
2020-08-26,82.25,82.25,82.25,82.25,82.25,0
2020-08-27,80.0199966430664,80.0199966430664,80.0199966430664,80.0199966430664,80.0199966430664,0
2020-08-28,81.69000244140625,81.69000244140625,81.69000244140625,81.69000244140625,81.69000244140625,0
2020-08-31,81.83000183105469,81.83000183105469,81.83000183105469,81.83000183105469,81.83000183105469,0
2020-09-01,81.4800033569336,81.4800033569336,81.4800033569336,81.4800033569336,81.4800033569336,0
2020-09-02,80.86000061035156,80.86000061035156,80.86000061035156,80.86000061035156,80.86000061035156,0
2020-09-03,80.11000061035156,80.11000061035156,80.11000061035156,80.11000061035156,80.11000061035156,0
2020-09-04,80.30000305175781,80.30000305175781,80.30000305175781,80.30000305175781,80.30000305175781,0
2020-09-07,80.75,80.75,80.75,80.75,80.75,0
2020-09-08,80.52999877929688,80.52999877929688,80.52999877929688,80.52999877929688,80.52999877929688,0
2020-09-09,82.12000274658203,82.12000274658203,82.12000274658203,82.12000274658203,82.12000274658203,0
2020-09-10,83.93000030517578,83.93000030517578,83.93000030517578,83.93000030517578,83.93000030517578,0
2020-09-11,84.8499984741211,84.8499984741211,84.8499984741211,84.8499984741211,84.8499984741211,0
2020-09-14,85.05999755859375,85.05999755859375,85.05999755859375,85.05999755859375,85.05999755859375,0
2020-09-15,84.66999816894531,84.66999816894531,84.66999816894531,84.66999816894531,84.66999816894531,0
2020-09-16,85.1500015258789,85.1500015258789,85.1500015258789,85.1500015258789,85.1500015258789,0
2020-09-17,85.18000030517578,85.18000030517578,85.18000030517578,85.18000030517578,85.18000030517578,0
2020-09-18,85.44999694824219,85.44999694824219,85.44999694824219,85.44999694824219,85.44999694824219,0
2020-09-21,81.58000183105469,81.58000183105469,81.58000183105469,81.58000183105469,81.58000183105469,0
2020-09-22,80.29000091552734,80.29000091552734,80.29000091552734,80.29000091552734,80.29000091552734,0
2020-09-23,79.33000183105469,79.33000183105469,79.33000183105469,79.33000183105469,79.33000183105469,0
2020-09-24,78.01000213623047,78.01000213623047,78.01000213623047,78.01000213623047,78.01000213623047,0
2020-09-25,78.0199966430664,78.0199966430664,78.0199966430664,78.0199966430664,78.0199966430664,0
2020-09-28,78.97000122070312,78.97000122070312,78.97000122070312,78.97000122070312,78.97000122070312,0
2020-09-29,79.61000061035156,79.61000061035156,79.61000061035156,79.61000061035156,79.61000061035156,0
2020-09-30,79.81999969482422,79.81999969482422,79.81999969482422,79.81999969482422,79.81999969482422,0
2020-10-01,80.56999969482422,80.56999969482422,80.56999969482422,80.56999969482422,80.56999969482422,0
2020-10-02,80.76000213623047,80.76000213623047,80.76000213623047,80.76000213623047,80.76000213623047,0
2020-10-05,83.66999816894531,83.66999816894531,83.66999816894531,83.66999816894531,83.66999816894531,0
2020-10-06,83.2699966430664,83.2699966430664,83.2699966430664,83.2699966430664,83.2699966430664,0
2020-10-07,84.05999755859375,84.05999755859375,84.05999755859375,84.05999755859375,84.05999755859375,0
2020-10-08,85.5999984741211,85.5999984741211,85.5999984741211,85.5999984741211,85.5999984741211,0
2020-10-09,86.44999694824219,86.44999694824219,86.44999694824219,86.44999694824219,86.44999694824219,0
2020-10-12,86.30000305175781,86.30000305175781,86.30000305175781,86.30000305175781,86.30000305175781,0
2020-10-13,85.4800033569336,85.4800033569336,85.4800033569336,85.4800033569336,85.4800033569336,0
2020-10-14,86.66000366210938,86.66000366210938,86.66000366210938,86.66000366210938,86.66000366210938,0
2020-10-15,86.91999816894531,86.91999816894531,86.91999816894531,86.91999816894531,86.91999816894531,0
2020-10-16,85.79000091552734,85.79000091552734,85.79000091552734,85.79000091552734,85.79000091552734,0
2020-10-19,85.30000305175781,85.30000305175781,85.30000305175781,85.30000305175781,85.30000305175781,0
2020-10-20,86.0,86.0,86.0,86.0,86.0,0
2020-10-21,85.94000244140625,85.94000244140625,85.94000244140625,85.94000244140625,85.94000244140625,0
2020-10-22,86.44999694824219,86.44999694824219,86.44999694824219,86.44999694824219,86.44999694824219,0
2020-10-23,87.41999816894531,87.41999816894531,87.41999816894531,87.41999816894531,87.41999816894531,0
2020-10-26,86.52999877929688,86.52999877929688,86.52999877929688,86.52999877929688,86.52999877929688,0
2020-10-27,86.12999725341797,86.12999725341797,86.12999725341797,86.12999725341797,86.12999725341797,0
2020-10-28,83.69999694824219,83.69999694824219,83.69999694824219,83.69999694824219,83.69999694824219,0
2020-10-29,84.12000274658203,84.12000274658203,84.12000274658203,84.12000274658203,84.12000274658203,0
2020-10-30,82.70999908447266,82.70999908447266,82.70999908447266,82.70999908447266,82.70999908447266,0
2020-11-02,84.41000366210938,84.41000366210938,84.41000366210938,84.41000366210938,84.41000366210938,0
2020-11-03,86.22000122070312,86.22000122070312,86.22000122070312,86.22000122070312,86.22000122070312,0
2020-11-04,85.91000366210938,85.91000366210938,85.91000366210938,85.91000366210938,85.91000366210938,0
2020-11-05,88.05000305175781,88.05000305175781,88.05000305175781,88.05000305175781,88.05000305175781,0
2020-11-06,88.62000274658203,88.62000274658203,88.62000274658203,88.62000274658203,88.62000274658203,0
2020-11-09,95.5,95.5,95.5,95.5,95.5,0
2020-11-10,96.9000015258789,96.9000015258789,96.9000015258789,96.9000015258789,96.9000015258789,0
2020-11-11,96.55000305175781,96.55000305175781,96.55000305175781,96.55000305175781,96.55000305175781,0
2020-11-12,96.80000305175781,96.80000305175781,96.80000305175781,96.80000305175781,96.80000305175781,0
2020-11-13,97.37000274658203,97.37000274658203,97.37000274658203,97.37000274658203,97.37000274658203,0
2020-11-16,100.22000122070312,100.22000122070312,100.22000122070312,100.22000122070312,100.22000122070312,0
2020-11-17,100.0999984741211,100.0999984741211,100.0999984741211,100.0999984741211,100.0999984741211,0
2020-11-18,100.19999694824219,100.19999694824219,100.19999694824219,100.19999694824219,100.19999694824219,0
2020-11-19,100.30000305175781,100.30000305175781,100.30000305175781,100.30000305175781,100.30000305175781,0
2020-11-20,101.95999908447266,101.95999908447266,101.95999908447266,101.95999908447266,101.95999908447266,0
2020-11-23,104.98999786376953,104.98999786376953,104.98999786376953,104.98999786376953,104.98999786376953,0
2020-11-24,106.43000030517578,106.43000030517578,106.43000030517578,106.43000030517578,106.43000030517578,0
2020-11-25,105.52999877929688,105.52999877929688,105.52999877929688,105.52999877929688,105.52999877929688,0
2020-11-26,105.77999877929688,105.77999877929688,105.77999877929688,105.77999877929688,105.77999877929688,0
2020-11-27,105.5199966430664,105.5199966430664,105.5199966430664,105.5199966430664,105.5199966430664,0
2020-11-30,103.5999984741211,103.5999984741211,103.5999984741211,103.5999984741211,103.5999984741211,0
2020-12-01,104.30999755859375,104.30999755859375,104.30999755859375,104.30999755859375,104.30999755859375,0
2020-12-02,104.44999694824219,104.44999694824219,104.44999694824219,104.44999694824219,104.44999694824219,0
2020-12-03,105.52999877929688,105.52999877929688,105.52999877929688,105.52999877929688,105.52999877929688,0
2020-12-04,108.37999725341797,108.37999725341797,108.37999725341797,108.37999725341797,108.37999725341797,0
2020-12-07,106.30000305175781,106.30000305175781,106.30000305175781,106.30000305175781,106.30000305175781,0
2020-12-08,106.87000274658203,106.87000274658203,106.87000274658203,106.87000274658203,106.87000274658203,0
2020-12-09,107.19999694824219,107.19999694824219,107.19999694824219,107.19999694824219,107.19999694824219,0
2020-12-10,109.66000366210938,109.66000366210938,109.66000366210938,109.66000366210938,109.66000366210938,0
2020-12-11,108.0199966430664,108.0199966430664,108.0199966430664,108.0199966430664,108.0199966430664,0
2020-12-14,107.4000015258789,107.4000015258789,107.4000015258789,107.4000015258789,107.4000015258789,0
2020-12-15,109.16000366210938,109.16000366210938,109.16000366210938,109.16000366210938,109.16000366210938,0
2020-12-16,109.12999725341797,109.12999725341797,109.12999725341797,109.12999725341797,109.12999725341797,0
2020-12-17,111.0199966430664,111.0199966430664,111.0199966430664,111.0199966430664,111.0199966430664,0
2020-12-18,111.2699966430664,111.2699966430664,111.2699966430664,111.2699966430664,111.2699966430664,0
2020-12-21,109.58000183105469,109.58000183105469,109.58000183105469,109.58000183105469,109.58000183105469,0
2020-12-22,106.69000244140625,106.69000244140625,106.69000244140625,106.69000244140625,106.69000244140625,0
2020-12-23,108.83000183105469,108.83000183105469,108.83000183105469,108.83000183105469,108.83000183105469,0
2020-12-28,110.61000061035156,110.61000061035156,110.61000061035156,110.61000061035156,110.61000061035156,0
2020-12-29,110.83999633789062,110.83999633789062,110.83999633789062,110.83999633789062,110.83999633789062,0
2020-12-30,111.9800033569336,111.9800033569336,111.9800033569336,111.9800033569336,111.9800033569336,0
2021-01-04,117.11000061035156,117.11000061035156,117.11000061035156,117.11000061035156,117.11000061035156,0
2021-01-05,119.13999938964844,119.13999938964844,119.13999938964844,119.13999938964844,119.13999938964844,0
2021-01-06,119.41000366210938,119.41000366210938,119.41000366210938,119.41000366210938,119.41000366210938,0
2021-01-07,122.37000274658203,122.37000274658203,122.37000274658203,122.37000274658203,122.37000274658203,0
2021-01-08,124.19999694824219,124.19999694824219,124.19999694824219,124.19999694824219,124.19999694824219,0
2021-01-11,122.33000183105469,122.33000183105469,122.33000183105469,122.33000183105469,122.33000183105469,0
2021-01-12,125.12000274658203,125.12000274658203,125.12000274658203,125.12000274658203,125.12000274658203,0
2021-01-13,125.0999984741211,125.0999984741211,125.0999984741211,125.0999984741211,125.0999984741211,0
2021-01-14,126.0999984741211,126.0999984741211,126.0999984741211,126.0999984741211,126.0999984741211,0
2021-01-15,122.68000030517578,122.68000030517578,122.68000030517578,122.68000030517578,122.68000030517578,0
2021-01-18,122.7300033569336,122.7300033569336,122.7300033569336,122.7300033569336,122.7300033569336,0
2021-01-19,123.0199966430664,123.0199966430664,123.0199966430664,123.0199966430664,123.0199966430664,0
2021-01-20,122.36000061035156,122.36000061035156,122.36000061035156,122.36000061035156,122.36000061035156,0
2021-01-21,121.7300033569336,121.7300033569336,121.7300033569336,121.7300033569336,121.7300033569336,0
2021-01-22,121.69000244140625,121.69000244140625,121.69000244140625,121.69000244140625,121.69000244140625,0
2021-01-25,118.95999908447266,118.95999908447266,118.95999908447266,118.95999908447266,118.95999908447266,0
2021-01-26,116.87999725341797,116.87999725341797,116.87999725341797,116.87999725341797,116.87999725341797,0
2021-01-27,113.58999633789062,113.58999633789062,113.58999633789062,113.58999633789062,113.58999633789062,0
2021-01-28,111.86000061035156,111.86000061035156,111.86000061035156,111.86000061035156,111.86000061035156,0
2021-01-29,111.63999938964844,111.63999938964844,111.63999938964844,111.63999938964844,111.63999938964844,0
2021-02-01,113.83000183105469,113.83000183105469,113.83000183105469,113.83000183105469,113.83000183105469,0
2021-02-02,114.69999694824219,114.69999694824219,114.69999694824219,114.69999694824219,114.69999694824219,0
2021-02-03,115.87000274658203,115.87000274658203,115.87000274658203,115.87000274658203,115.87000274658203,0
2021-02-04,115.31999969482422,115.31999969482422,115.31999969482422,115.31999969482422,115.31999969482422,0
2021-02-05,117.87999725341797,117.87999725341797,117.87999725341797,117.87999725341797,117.87999725341797,0
2021-02-08,120.26000213623047,120.26000213623047,120.26000213623047,120.26000213623047,120.26000213623047,0
2021-02-09,121.05999755859375,121.05999755859375,121.05999755859375,121.05999755859375,121.05999755859375,0
2021-02-10,121.9800033569336,121.9800033569336,121.9800033569336,121.9800033569336,121.9800033569336,0
2021-02-11,122.58000183105469,122.58000183105469,122.58000183105469,122.58000183105469,122.58000183105469,0
2021-02-12,125.38999938964844,125.38999938964844,125.38999938964844,125.38999938964844,125.38999938964844,0
2021-02-15,126.33999633789062,126.33999633789062,126.33999633789062,126.33999633789062,126.33999633789062,0
2021-02-16,130.5,130.5,130.5,130.5,130.5,0
2021-02-17,130.3000030517578,130.3000030517578,130.3000030517578,130.3000030517578,130.3000030517578,0
2021-02-18,126.63999938964844,126.63999938964844,126.63999938964844,126.63999938964844,126.63999938964844,0
2021-02-19,130.11000061035156,130.11000061035156,130.11000061035156,130.11000061035156,130.11000061035156,0
2021-02-22,132.22999572753906,132.22999572753906,132.22999572753906,132.22999572753906,132.22999572753906,0
2021-02-23,130.3699951171875,130.3699951171875,130.3699951171875,130.3699951171875,130.3699951171875,0
2021-02-24,131.58999633789062,131.58999633789062,131.58999633789062,131.58999633789062,131.58999633789062,0
2021-02-25,132.75,132.75,132.75,132.75,132.75,0
2021-02-26,129.63999938964844,129.63999938964844,129.63999938964844,129.63999938964844,129.63999938964844,0
2021-03-01,132.16000366210938,132.16000366210938,132.16000366210938,132.16000366210938,132.16000366210938,0
2021-03-02,131.89999389648438,131.89999389648438,131.89999389648438,131.89999389648438,131.89999389648438,0
2021-03-03,135.32000732421875,135.32000732421875,135.32000732421875,135.32000732421875,135.32000732421875,0
2021-03-04,132.42999267578125,132.42999267578125,132.42999267578125,132.42999267578125,132.42999267578125,0
2021-03-05,133.88999938964844,133.88999938964844,133.88999938964844,133.88999938964844,133.88999938964844,0
2021-03-08,133.1999969482422,133.1999969482422,133.1999969482422,133.1999969482422,133.1999969482422,0
2021-03-09,132.16000366210938,132.16000366210938,132.16000366210938,132.16000366210938,132.16000366210938,0
2021-03-10,136.91000366210938,136.91000366210938,136.91000366210938,136.91000366210938,136.91000366210938,0
2021-03-11,140.6999969482422,140.6999969482422,140.6999969482422,140.6999969482422,140.6999969482422,0
2021-03-12,141.75999450683594,141.75999450683594,141.75999450683594,141.75999450683594,141.75999450683594,0
2021-03-15,143.67999267578125,143.67999267578125,143.67999267578125,143.67999267578125,143.67999267578125,0
2021-03-16,143.8300018310547,143.8300018310547,143.8300018310547,143.8300018310547,143.8300018310547,0
2021-03-17,145.47999572753906,145.47999572753906,145.47999572753906,145.47999572753906,145.47999572753906,0
2021-03-18,146.75,146.75,146.75,146.75,146.75,0
2021-03-19,148.8000030517578,148.8000030517578,148.8000030517578,148.8000030517578,148.8000030517578,0
2021-03-22,150.52999877929688,150.52999877929688,150.52999877929688,150.52999877929688,150.52999877929688,0
2021-03-23,143.9600067138672,143.9600067138672,143.9600067138672,143.9600067138672,143.9600067138672,0
2021-03-24,142.6300048828125,142.6300048828125,142.6300048828125,142.6300048828125,142.6300048828125,0
2021-03-25,144.49000549316406,144.49000549316406,144.49000549316406,144.49000549316406,144.49000549316406,0
2021-03-26,151.0399932861328,151.0399932861328,151.0399932861328,151.0399932861328,151.0399932861328,0
2021-03-29,145.16000366210938,145.16000366210938,145.16000366210938,145.16000366210938,145.16000366210938,0
2021-03-30,144.8000030517578,144.8000030517578,144.8000030517578,144.8000030517578,144.8000030517578,0
2021-03-31,144.5500030517578,144.5500030517578,144.5500030517578,144.5500030517578,144.5500030517578,0
2021-04-01,145.3699951171875,145.3699951171875,145.3699951171875,145.3699951171875,145.3699951171875,0
2021-04-06,147.30999755859375,147.30999755859375,147.30999755859375,147.30999755859375,147.30999755859375,0
2021-04-07,151.97000122070312,151.97000122070312,151.97000122070312,151.97000122070312,151.97000122070312,0
2021-04-08,151.47000122070312,151.47000122070312,151.47000122070312,151.47000122070312,151.47000122070312,0
2021-04-09,150.67999267578125,150.67999267578125,150.67999267578125,150.67999267578125,150.67999267578125,0
2021-04-12,145.44000244140625,145.44000244140625,145.44000244140625,145.44000244140625,145.44000244140625,0
2021-04-13,143.66000366210938,143.66000366210938,143.66000366210938,143.66000366210938,143.66000366210938,0
2021-04-14,145.1199951171875,145.1199951171875,145.1199951171875,145.1199951171875,145.1199951171875,0
2021-04-15,146.1300048828125,146.1300048828125,146.1300048828125,146.1300048828125,146.1300048828125,0
2021-04-16,149.72000122070312,149.72000122070312,149.72000122070312,149.72000122070312,149.72000122070312,0
2021-04-19,153.6999969482422,153.6999969482422,153.6999969482422,153.6999969482422,153.6999969482422,0
2021-04-20,151.44000244140625,151.44000244140625,151.44000244140625,151.44000244140625,151.44000244140625,0
2021-04-21,153.52000427246094,153.52000427246094,153.52000427246094,153.52000427246094,153.52000427246094,0
2021-04-22,155.55999755859375,155.55999755859375,155.55999755859375,155.55999755859375,155.55999755859375,0
2021-04-23,155.99000549316406,155.99000549316406,155.99000549316406,155.99000549316406,155.99000549316406,0
2021-04-26,159.88999938964844,159.88999938964844,159.88999938964844,159.88999938964844,159.88999938964844,0
2021-04-27,162.02000427246094,162.02000427246094,162.02000427246094,162.02000427246094,162.02000427246094,0
2021-04-28,164.07000732421875,164.07000732421875,164.07000732421875,164.07000732421875,164.07000732421875,0
2021-04-29,164.57000732421875,164.57000732421875,164.57000732421875,164.57000732421875,164.57000732421875,0
2021-04-30,163.5399932861328,163.5399932861328,163.5399932861328,163.5399932861328,163.5399932861328,0
2021-05-03,168.1699981689453,168.1699981689453,168.1699981689453,168.1699981689453,168.1699981689453,0
2021-05-04,166.47000122070312,166.47000122070312,166.47000122070312,166.47000122070312,166.47000122070312,0
2021-05-05,168.5800018310547,168.5800018310547,168.5800018310547,168.5800018310547,168.5800018310547,0
2021-05-06,171.07000732421875,171.07000732421875,171.07000732421875,171.07000732421875,171.07000732421875,0
2021-05-07,174.72000122070312,174.72000122070312,174.72000122070312,174.72000122070312,174.72000122070312,0
2021-05-10,176.75,176.75,176.75,176.75,176.75,0
2021-05-11,172.75999450683594,172.75999450683594,172.75999450683594,172.75999450683594,172.75999450683594,0
2021-05-12,168.47000122070312,168.47000122070312,168.47000122070312,168.47000122070312,168.47000122070312,0
2021-05-13,166.67999267578125,166.67999267578125,166.67999267578125,166.67999267578125,166.67999267578125,0
2021-05-14,167.77999877929688,167.77999877929688,167.77999877929688,167.77999877929688,167.77999877929688,0
2021-05-17,168.42999267578125,168.42999267578125,168.42999267578125,168.42999267578125,168.42999267578125,0
2021-05-18,171.7899932861328,171.7899932861328,171.7899932861328,171.7899932861328,171.7899932861328,0
2021-05-19,171.91000366210938,171.91000366210938,171.91000366210938,171.91000366210938,171.91000366210938,0
2021-05-20,171.88999938964844,171.88999938964844,171.88999938964844,171.88999938964844,171.88999938964844,0
2021-05-21,175.02000427246094,175.02000427246094,175.02000427246094,175.02000427246094,175.02000427246094,0
2021-05-25,174.6699981689453,174.6699981689453,174.6699981689453,174.6699981689453,174.6699981689453,0
2021-05-26,172.7899932861328,172.7899932861328,172.7899932861328,172.7899932861328,172.7899932861328,0
2021-05-27,172.91000366210938,172.91000366210938,172.91000366210938,172.91000366210938,172.91000366210938,0
2021-05-28,175.00999450683594,175.00999450683594,175.00999450683594,175.00999450683594,175.00999450683594,0
2021-06-01,177.74000549316406,177.74000549316406,177.74000549316406,177.74000549316406,177.74000549316406,0
2021-06-02,176.67999267578125,176.67999267578125,176.67999267578125,176.67999267578125,176.67999267578125,0
2021-06-03,174.77000427246094,174.77000427246094,174.77000427246094,174.77000427246094,174.77000427246094,0
2021-06-04,174.4199981689453,174.4199981689453,174.4199981689453,174.4199981689453,174.4199981689453,0
2021-06-07,176.2899932861328,176.2899932861328,176.2899932861328,176.2899932861328,176.2899932861328,0
2021-06-08,178.32000732421875,178.32000732421875,178.32000732421875,178.32000732421875,178.32000732421875,0
2021-06-09,177.13999938964844,177.13999938964844,177.13999938964844,177.13999938964844,177.13999938964844,0
2021-06-10,181.0399932861328,181.0399932861328,181.0399932861328,181.0399932861328,181.0399932861328,0
2021-06-11,183.8000030517578,183.8000030517578,183.8000030517578,183.8000030517578,183.8000030517578,0
2021-06-14,183.41000366210938,183.41000366210938,183.41000366210938,183.41000366210938,183.41000366210938,0
2021-06-15,183.66000366210938,183.66000366210938,183.66000366210938,183.66000366210938,183.66000366210938,0
2021-06-16,185.19000244140625,185.19000244140625,185.19000244140625,185.19000244140625,185.19000244140625,0
2021-06-17,182.55999755859375,182.55999755859375,182.55999755859375,182.55999755859375,182.55999755859375,0
2021-06-18,180.4199981689453,180.4199981689453,180.4199981689453,180.4199981689453,180.4199981689453,0
2021-06-21,181.11000061035156,181.11000061035156,181.11000061035156,181.11000061035156,181.11000061035156,0
2021-06-22,184.82000732421875,184.82000732421875,184.82000732421875,184.82000732421875,184.82000732421875,0
2021-06-23,184.66000366210938,184.66000366210938,184.66000366210938,184.66000366210938,184.66000366210938,0
2021-06-24,186.8699951171875,186.8699951171875,186.8699951171875,186.8699951171875,186.8699951171875,0
2021-06-25,190.38999938964844,190.38999938964844,190.38999938964844,190.38999938964844,190.38999938964844,0
2021-06-28,187.77000427246094,187.77000427246094,187.77000427246094,187.77000427246094,187.77000427246094,0
2021-06-29,187.2100067138672,187.2100067138672,187.2100067138672,187.2100067138672,187.2100067138672,0
2021-06-30,189.86000061035156,189.86000061035156,189.86000061035156,189.86000061035156,189.86000061035156,0
2021-07-01,187.27999877929688,187.27999877929688,187.27999877929688,187.27999877929688,187.27999877929688,0
2021-07-02,186.55999755859375,186.55999755859375,186.55999755859375,186.55999755859375,186.55999755859375,0
2021-07-06,188.02000427246094,188.02000427246094,188.02000427246094,188.02000427246094,188.02000427246094,0
2021-07-07,189.36000061035156,189.36000061035156,189.36000061035156,189.36000061035156,189.36000061035156,0
2021-07-08,182.88999938964844,182.88999938964844,182.88999938964844,182.88999938964844,182.88999938964844,0
2021-07-09,181.7100067138672,181.7100067138672,181.7100067138672,181.7100067138672,181.7100067138672,0
2021-07-12,181.52999877929688,181.52999877929688,181.52999877929688,181.52999877929688,181.52999877929688,0
2021-07-13,178.5500030517578,178.5500030517578,178.5500030517578,178.5500030517578,178.5500030517578,0
2021-07-14,174.97999572753906,174.97999572753906,174.97999572753906,174.97999572753906,174.97999572753906,0
2021-07-15,174.33999633789062,174.33999633789062,174.33999633789062,174.33999633789062,174.33999633789062,0
2021-07-16,172.86000061035156,172.86000061035156,172.86000061035156,172.86000061035156,172.86000061035156,0
2021-07-19,169.69000244140625,169.69000244140625,169.69000244140625,169.69000244140625,169.69000244140625,0
2021-07-20,168.9499969482422,168.9499969482422,168.9499969482422,168.9499969482422,168.9499969482422,0
2021-07-21,171.7100067138672,171.7100067138672,171.7100067138672,171.7100067138672,171.7100067138672,0
2021-07-22,173.27999877929688,173.27999877929688,173.27999877929688,173.27999877929688,173.27999877929688,0
2021-07-23,170.99000549316406,170.99000549316406,170.99000549316406,170.99000549316406,170.99000549316406,0
2021-07-26,171.77999877929688,171.77999877929688,171.77999877929688,171.77999877929688,171.77999877929688,0
2021-07-27,166.4499969482422,166.4499969482422,166.4499969482422,166.4499969482422,166.4499969482422,0
2021-07-28,168.25999450683594,168.25999450683594,168.25999450683594,168.25999450683594,168.25999450683594,0
2021-07-29,171.92999267578125,171.92999267578125,171.92999267578125,171.92999267578125,171.92999267578125,0
2021-07-30,172.97999572753906,172.97999572753906,172.97999572753906,172.97999572753906,172.97999572753906,0
2021-08-02,178.5500030517578,178.5500030517578,178.5500030517578,178.5500030517578,178.5500030517578,0
2021-08-03,180.05999755859375,180.05999755859375,180.05999755859375,180.05999755859375,180.05999755859375,0
2021-08-04,179.5500030517578,179.5500030517578,179.5500030517578,179.5500030517578,179.5500030517578,0
2021-08-05,180.88999938964844,180.88999938964844,180.88999938964844,180.88999938964844,180.88999938964844,0
2021-08-06,181.42999267578125,181.42999267578125,181.42999267578125,181.42999267578125,181.42999267578125,0
2021-08-09,179.7100067138672,179.7100067138672,179.7100067138672,179.7100067138672,179.7100067138672,0
2021-08-10,181.1300048828125,181.1300048828125,181.1300048828125,181.1300048828125,181.1300048828125,0
2021-08-11,185.77999877929688,185.77999877929688,185.77999877929688,185.77999877929688,185.77999877929688,0
2021-08-12,189.8000030517578,189.8000030517578,189.8000030517578,189.8000030517578,189.8000030517578,0
2021-08-13,189.11000061035156,189.11000061035156,189.11000061035156,189.11000061035156,189.11000061035156,0
2021-08-16,187.72000122070312,187.72000122070312,187.72000122070312,187.72000122070312,187.72000122070312,0
2021-08-17,189.3800048828125,189.3800048828125,189.3800048828125,189.3800048828125,189.3800048828125,0
2021-08-18,192.1699981689453,192.1699981689453,192.1699981689453,192.1699981689453,192.1699981689453,0
2021-08-19,186.05999755859375,186.05999755859375,186.05999755859375,186.05999755859375,186.05999755859375,0
2021-08-20,183.1300048828125,183.1300048828125,183.1300048828125,183.1300048828125,183.1300048828125,0
2021-08-23,189.99000549316406,189.99000549316406,189.99000549316406,189.99000549316406,189.99000549316406,0
2021-08-24,193.3000030517578,193.3000030517578,193.3000030517578,193.3000030517578,193.3000030517578,0
2021-08-25,194.30999755859375,194.30999755859375,194.30999755859375,194.30999755859375,194.30999755859375,0
2021-08-26,194.1999969482422,194.1999969482422,194.1999969482422,194.1999969482422,194.1999969482422,0
2021-08-27,199.7100067138672,199.7100067138672,199.7100067138672,199.7100067138672,199.7100067138672,0
2021-08-30,203.30999755859375,203.30999755859375,203.30999755859375,203.30999755859375,203.30999755859375,0
2021-08-31,202.63999938964844,202.63999938964844,202.63999938964844,202.63999938964844,202.63999938964844,0
2021-09-01,202.6199951171875,202.6199951171875,202.6199951171875,202.6199951171875,202.6199951171875,0
2021-09-02,204.72999572753906,204.72999572753906,204.72999572753906,204.72999572753906,204.72999572753906,0
2021-09-03,205.5,205.5,205.5,205.5,205.5,0
2021-09-07,210.14999389648438,210.14999389648438,210.14999389648438,210.14999389648438,210.14999389648438,0
2021-09-08,208.8699951171875,208.8699951171875,208.8699951171875,208.8699951171875,208.8699951171875,0
2021-09-09,210.69000244140625,210.69000244140625,210.69000244140625,210.69000244140625,210.69000244140625,0
2021-09-10,212.14999389648438,212.14999389648438,212.14999389648438,212.14999389648438,212.14999389648438,0
2021-09-13,212.57000732421875,212.57000732421875,212.57000732421875,212.57000732421875,212.57000732421875,0
2021-09-14,212.50999450683594,212.50999450683594,212.50999450683594,212.50999450683594,212.50999450683594,0
2021-09-15,216.38999938964844,216.38999938964844,216.38999938964844,216.38999938964844,216.38999938964844,0
2021-09-16,216.17999267578125,216.17999267578125,216.17999267578125,216.17999267578125,216.17999267578125,0
2021-09-17,216.11000061035156,216.11000061035156,216.11000061035156,216.11000061035156,216.11000061035156,0
2021-09-20,206.50999450683594,206.50999450683594,206.50999450683594,206.50999450683594,206.50999450683594,0
2021-09-21,206.83999633789062,206.83999633789062,206.83999633789062,206.83999633789062,206.83999633789062,0
2021-09-22,210.4600067138672,210.4600067138672,210.4600067138672,210.4600067138672,210.4600067138672,0
2021-09-23,213.47999572753906,213.47999572753906,213.47999572753906,213.47999572753906,213.47999572753906,0
2021-09-24,216.19000244140625,216.19000244140625,216.19000244140625,216.19000244140625,216.19000244140625,0
2021-09-27,210.00999450683594,210.00999450683594,210.00999450683594,210.00999450683594,210.00999450683594,0
2021-09-28,204.39999389648438,204.39999389648438,204.39999389648438,204.39999389648438,204.39999389648438,0
2021-09-29,201.60000610351562,201.60000610351562,201.60000610351562,201.60000610351562,201.60000610351562,0
2021-09-30,197.27000427246094,197.27000427246094,197.27000427246094,197.27000427246094,197.27000427246094,0
2021-10-01,198.5,198.5,198.5,198.5,198.5,0
2021-10-04,188.57000732421875,188.57000732421875,188.57000732421875,188.57000732421875,188.57000732421875,0
2021-10-05,190.69000244140625,190.69000244140625,190.69000244140625,190.69000244140625,190.69000244140625,0
2021-10-06,188.05999755859375,188.05999755859375,188.05999755859375,188.05999755859375,188.05999755859375,0
2021-10-07,191.02999877929688,191.02999877929688,191.02999877929688,191.02999877929688,191.02999877929688,0
2021-10-08,185.6999969482422,185.6999969482422,185.6999969482422,185.6999969482422,185.6999969482422,0
2021-10-11,185.97000122070312,185.97000122070312,185.97000122070312,185.97000122070312,185.97000122070312,0
2021-10-12,186.05999755859375,186.05999755859375,186.05999755859375,186.05999755859375,186.05999755859375,0
2021-10-13,184.3699951171875,184.3699951171875,184.3699951171875,184.3699951171875,184.3699951171875,0
2021-10-14,180.86000061035156,180.86000061035156,180.86000061035156,180.86000061035156,180.86000061035156,0
2021-10-15,181.2899932861328,181.2899932861328,181.2899932861328,181.2899932861328,181.2899932861328,0
2021-10-18,185.05999755859375,185.05999755859375,185.05999755859375,185.05999755859375,185.05999755859375,0
2021-10-19,191.82000732421875,191.82000732421875,191.82000732421875,191.82000732421875,191.82000732421875,0
2021-10-20,189.5500030517578,189.5500030517578,189.5500030517578,189.5500030517578,189.5500030517578,0
2021-10-21,188.2899932861328,188.2899932861328,188.2899932861328,188.2899932861328,188.2899932861328,0
2021-10-22,188.07000732421875,188.07000732421875,188.07000732421875,188.07000732421875,188.07000732421875,0
2021-10-25,191.2899932861328,191.2899932861328,191.2899932861328,191.2899932861328,191.2899932861328,0
2021-10-26,190.66000366210938,190.66000366210938,190.66000366210938,190.66000366210938,190.66000366210938,0
2021-10-27,185.8000030517578,185.8000030517578,185.8000030517578,185.8000030517578,185.8000030517578,0
2021-10-28,186.72999572753906,186.72999572753906,186.72999572753906,186.72999572753906,186.72999572753906,0
2021-10-29,189.77999877929688,189.77999877929688,189.77999877929688,189.77999877929688,189.77999877929688,0
2021-11-01,192.0800018310547,192.0800018310547,192.0800018310547,192.0800018310547,192.0800018310547,0
2021-11-02,190.97000122070312,190.97000122070312,190.97000122070312,190.97000122070312,190.97000122070312,0
2021-11-03,194.19000244140625,194.19000244140625,194.19000244140625,194.19000244140625,194.19000244140625,0
2021-11-04,191.77000427246094,191.77000427246094,191.77000427246094,191.77000427246094,191.77000427246094,0
2021-11-05,185.69000244140625,185.69000244140625,185.69000244140625,185.69000244140625,185.69000244140625,0
2021-11-08,188.52000427246094,188.52000427246094,188.52000427246094,188.52000427246094,188.52000427246094,0
2021-11-09,190.72999572753906,190.72999572753906,190.72999572753906,190.72999572753906,190.72999572753906,0
2021-11-10,187.1300048828125,187.1300048828125,187.1300048828125,187.1300048828125,187.1300048828125,0
2021-11-11,189.49000549316406,189.49000549316406,189.49000549316406,189.49000549316406,189.49000549316406,0
2021-11-12,189.72999572753906,189.72999572753906,189.72999572753906,189.72999572753906,189.72999572753906,0
2021-11-15,186.99000549316406,186.99000549316406,186.99000549316406,186.99000549316406,186.99000549316406,0
2021-11-16,183.19000244140625,183.19000244140625,183.19000244140625,183.19000244140625,183.19000244140625,0
2021-11-17,182.97999572753906,182.97999572753906,182.97999572753906,182.97999572753906,182.97999572753906,0
2021-11-18,180.99000549316406,180.99000549316406,180.99000549316406,180.99000549316406,180.99000549316406,0
2021-11-19,182.5800018310547,182.5800018310547,182.5800018310547,182.5800018310547,182.5800018310547,0
2021-11-22,182.74000549316406,182.74000549316406,182.74000549316406,182.74000549316406,182.74000549316406,0
2021-11-23,180.83999633789062,180.83999633789062,180.83999633789062,180.83999633789062,180.83999633789062,0
2021-11-24,181.99000549316406,181.99000549316406,181.99000549316406,181.99000549316406,181.99000549316406,0
2021-11-26,180.69000244140625,180.69000244140625,180.69000244140625,180.69000244140625,180.69000244140625,0
2021-11-29,185.6300048828125,185.6300048828125,185.6300048828125,185.6300048828125,185.6300048828125,0
2021-11-30,184.69000244140625,184.69000244140625,184.69000244140625,184.69000244140625,184.69000244140625,0
2021-12-01,183.3000030517578,183.3000030517578,183.3000030517578,183.3000030517578,183.3000030517578,0
2021-12-02,187.74000549316406,187.74000549316406,187.74000549316406,187.74000549316406,187.74000549316406,0
2021-12-03,190.1199951171875,190.1199951171875,190.1199951171875,190.1199951171875,190.1199951171875,0
2021-12-06,192.8699951171875,192.8699951171875,192.8699951171875,192.8699951171875,192.8699951171875,0
2021-12-07,199.0399932861328,199.0399932861328,199.0399932861328,199.0399932861328,199.0399932861328,0
2021-12-08,200.44000244140625,200.44000244140625,200.44000244140625,200.44000244140625,200.44000244140625,0
2021-12-09,198.80999755859375,198.80999755859375,198.80999755859375,198.80999755859375,198.80999755859375,0
2021-12-10,198.58999633789062,198.58999633789062,198.58999633789062,198.58999633789062,198.58999633789062,0
2021-12-13,196.33999633789062,196.33999633789062,196.33999633789062,196.33999633789062,196.33999633789062,0
2021-12-14,192.3699951171875,192.3699951171875,192.3699951171875,192.3699951171875,192.3699951171875,0
2021-12-15,192.58999633789062,192.58999633789062,192.58999633789062,192.58999633789062,192.58999633789062,0
2021-12-16,197.13999938964844,197.13999938964844,197.13999938964844,197.13999938964844,197.13999938964844,0
2021-12-17,196.32000732421875,196.32000732421875,196.32000732421875,196.32000732421875,196.32000732421875,0
2021-12-20,195.2100067138672,195.2100067138672,195.2100067138672,195.2100067138672,195.2100067138672,0
2021-12-21,198.4600067138672,198.4600067138672,198.4600067138672,198.4600067138672,198.4600067138672,0
2021-12-22,199.0500030517578,199.0500030517578,199.0500030517578,199.0500030517578,199.0500030517578,0
2021-12-23,202.02999877929688,202.02999877929688,202.02999877929688,202.02999877929688,202.02999877929688,0
2021-12-27,202.10000610351562,202.10000610351562,202.10000610351562,202.10000610351562,202.10000610351562,0
2021-12-28,203.27000427246094,203.27000427246094,203.27000427246094,203.27000427246094,203.27000427246094,0
2021-12-29,205.47999572753906,205.47999572753906,205.47999572753906,205.47999572753906,205.47999572753906,0
2021-12-30,205.5399932861328,205.5399932861328,205.5399932861328,205.5399932861328,205.5399932861328,0
2022-01-03,212.16000366210938,212.16000366210938,212.16000366210938,212.16000366210938,212.16000366210938,0
2022-01-04,214.22000122070312,214.22000122070312,214.22000122070312,214.22000122070312,214.22000122070312,0
2022-01-05,212.10000610351562,212.10000610351562,212.10000610351562,212.10000610351562,212.10000610351562,0
2022-01-06,210.08999633789062,210.08999633789062,210.08999633789062,210.08999633789062,210.08999633789062,0
2022-01-07,211.17999267578125,211.17999267578125,211.17999267578125,211.17999267578125,211.17999267578125,0
2022-01-10,208.8300018310547,208.8300018310547,208.8300018310547,208.8300018310547,208.8300018310547,0
2022-01-11,210.39999389648438,210.39999389648438,210.39999389648438,210.39999389648438,210.39999389648438,0
2022-01-12,215.22000122070312,215.22000122070312,215.22000122070312,215.22000122070312,215.22000122070312,0
2022-01-13,215.88999938964844,215.88999938964844,215.88999938964844,215.88999938964844,215.88999938964844,0
2022-01-14,216.75999450683594,216.75999450683594,216.75999450683594,216.75999450683594,216.75999450683594,0
2022-01-18,211.9499969482422,211.9499969482422,211.9499969482422,211.9499969482422,211.9499969482422,0
2022-01-19,208.36000061035156,208.36000061035156,208.36000061035156,208.36000061035156,208.36000061035156,0
2022-01-20,206.2899932861328,206.2899932861328,206.2899932861328,206.2899932861328,206.2899932861328,0
2022-01-21,199.99000549316406,199.99000549316406,199.99000549316406,199.99000549316406,199.99000549316406,0
2022-01-24,196.47000122070312,196.47000122070312,196.47000122070312,196.47000122070312,196.47000122070312,0
2022-01-25,194.41000366210938,194.41000366210938,194.41000366210938,194.41000366210938,194.41000366210938,0
2022-01-26,198.10000610351562,198.10000610351562,198.10000610351562,198.10000610351562,198.10000610351562,0
2022-01-27,198.8000030517578,198.8000030517578,198.8000030517578,198.8000030517578,198.8000030517578,0
2022-01-28,201.52999877929688,201.52999877929688,201.52999877929688,201.52999877929688,201.52999877929688,0
2022-01-31,205.10000610351562,205.10000610351562,205.10000610351562,205.10000610351562,205.10000610351562,0
2022-02-01,208.49000549316406,208.49000549316406,208.49000549316406,208.49000549316406,208.49000549316406,0
2022-02-02,209.94000244140625,209.94000244140625,209.94000244140625,209.94000244140625,209.94000244140625,0
2022-02-03,206.82000732421875,206.82000732421875,206.82000732421875,206.82000732421875,206.82000732421875,0
2022-02-04,208.44000244140625,208.44000244140625,208.44000244140625,208.44000244140625,208.44000244140625,0
2022-02-07,211.92999267578125,211.92999267578125,211.92999267578125,211.92999267578125,211.92999267578125,0
2022-02-08,214.3800048828125,214.3800048828125,214.3800048828125,214.3800048828125,214.3800048828125,0
2022-02-09,219.86000061035156,219.86000061035156,219.86000061035156,219.86000061035156,219.86000061035156,0
2022-02-10,223.91000366210938,223.91000366210938,223.91000366210938,223.91000366210938,223.91000366210938,0
2022-02-11,223.30999755859375,223.30999755859375,223.30999755859375,223.30999755859375,223.30999755859375,0
2022-02-14,219.80999755859375,219.80999755859375,219.80999755859375,219.80999755859375,219.80999755859375,0
2022-02-15,222.33999633789062,222.33999633789062,222.33999633789062,222.33999633789062,222.33999633789062,0
2022-02-16,226.25999450683594,226.25999450683594,226.25999450683594,226.25999450683594,226.25999450683594,0
2022-02-17,228.41000366210938,228.41000366210938,228.41000366210938,228.41000366210938,228.41000366210938,0
2022-02-18,229.22000122070312,229.22000122070312,229.22000122070312,229.22000122070312,229.22000122070312,0
2022-02-22,227.9499969482422,227.9499969482422,227.9499969482422,227.9499969482422,227.9499969482422,0
2022-02-23,227.0,227.0,227.0,227.0,227.0,0
2022-02-24,224.3000030517578,224.3000030517578,224.3000030517578,224.3000030517578,224.3000030517578,0
2022-02-25,231.57000732421875,231.57000732421875,231.57000732421875,231.57000732421875,231.57000732421875,0
2022-02-28,235.4199981689453,235.4199981689453,235.4199981689453,235.4199981689453,235.4199981689453,0
2022-03-01,233.3699951171875,233.3699951171875,233.3699951171875,233.3699951171875,233.3699951171875,0
2022-03-02,233.9600067138672,233.9600067138672,233.9600067138672,233.9600067138672,233.9600067138672,0
2022-03-03,241.27000427246094,241.27000427246094,241.27000427246094,241.27000427246094,241.27000427246094,0
2022-03-04,240.24000549316406,240.24000549316406,240.24000549316406,240.24000549316406,240.24000549316406,0
2022-03-07,237.9199981689453,237.9199981689453,237.9199981689453,237.9199981689453,237.9199981689453,0
2022-03-08,233.33999633789062,233.33999633789062,233.33999633789062,233.33999633789062,233.33999633789062,0
2022-03-09,236.25,236.25,236.25,236.25,236.25,0
2022-03-10,239.7100067138672,239.7100067138672,239.7100067138672,239.7100067138672,239.7100067138672,0
2022-03-11,242.58999633789062,242.58999633789062,242.58999633789062,242.58999633789062,242.58999633789062,0
2022-03-14,239.44000244140625,239.44000244140625,239.44000244140625,239.44000244140625,239.44000244140625,0
2022-03-15,234.69000244140625,234.69000244140625,234.69000244140625,234.69000244140625,234.69000244140625,0
2022-03-16,245.17999267578125,245.17999267578125,245.17999267578125,245.17999267578125,245.17999267578125,0
2022-03-17,249.99000549316406,249.99000549316406,249.99000549316406,249.99000549316406,249.99000549316406,0
2022-03-18,251.94000244140625,251.94000244140625,251.94000244140625,251.94000244140625,251.94000244140625,0
2022-03-21,252.8000030517578,252.8000030517578,252.8000030517578,252.8000030517578,252.8000030517578,0
2022-03-22,252.92999267578125,252.92999267578125,252.92999267578125,252.92999267578125,252.92999267578125,0
2022-03-23,252.3000030517578,252.3000030517578,252.3000030517578,252.3000030517578,252.3000030517578,0
2022-03-24,245.64999389648438,245.64999389648438,245.64999389648438,245.64999389648438,245.64999389648438,0
2022-03-25,242.74000549316406,242.74000549316406,242.74000549316406,242.74000549316406,242.74000549316406,0
2022-03-28,242.97999572753906,242.97999572753906,242.97999572753906,242.97999572753906,242.97999572753906,0
2022-03-29,242.27999877929688,242.27999877929688,242.27999877929688,242.27999877929688,242.27999877929688,0
2022-03-30,245.77999877929688,245.77999877929688,245.77999877929688,245.77999877929688,245.77999877929688,0
2022-03-31,246.36000061035156,246.36000061035156,246.36000061035156,246.36000061035156,246.36000061035156,0
2022-04-01,248.3699951171875,248.3699951171875,248.3699951171875,248.3699951171875,248.3699951171875,0
2022-04-04,242.97999572753906,242.97999572753906,242.97999572753906,242.97999572753906,242.97999572753906,0
2022-04-05,237.38999938964844,237.38999938964844,237.38999938964844,237.38999938964844,237.38999938964844,0
2022-04-06,229.4199981689453,229.4199981689453,229.4199981689453,229.4199981689453,229.4199981689453,0
2022-04-07,226.88999938964844,226.88999938964844,226.88999938964844,226.88999938964844,226.88999938964844,0
2022-04-08,229.42999267578125,229.42999267578125,229.42999267578125,229.42999267578125,229.42999267578125,0
2022-04-11,223.5,223.5,223.5,223.5,223.5,0
2022-04-12,223.19000244140625,223.19000244140625,223.19000244140625,223.19000244140625,223.19000244140625,0
2022-04-13,227.1999969482422,227.1999969482422,227.1999969482422,227.1999969482422,227.1999969482422,0
2022-04-14,231.7100067138672,231.7100067138672,231.7100067138672,231.7100067138672,231.7100067138672,0
2022-04-19,238.94000244140625,238.94000244140625,238.94000244140625,238.94000244140625,238.94000244140625,0
2022-04-20,238.14999389648438,238.14999389648438,238.14999389648438,238.14999389648438,238.14999389648438,0
2022-04-21,234.50999450683594,234.50999450683594,234.50999450683594,234.50999450683594,234.50999450683594,0
2022-04-22,230.1300048828125,230.1300048828125,230.1300048828125,230.1300048828125,230.1300048828125,0
2022-04-25,217.63999938964844,217.63999938964844,217.63999938964844,217.63999938964844,217.63999938964844,0
2022-04-26,218.16000366210938,218.16000366210938,218.16000366210938,218.16000366210938,218.16000366210938,0
2022-04-27,226.0800018310547,226.0800018310547,226.0800018310547,226.0800018310547,226.0800018310547,0
2022-04-28,229.16000366210938,229.16000366210938,229.16000366210938,229.16000366210938,229.16000366210938,0
2022-04-29,229.8300018310547,229.8300018310547,229.8300018310547,229.8300018310547,229.8300018310547,0
2022-05-02,232.1199951171875,232.1199951171875,232.1199951171875,232.1199951171875,232.1199951171875,0
2022-05-03,237.36000061035156,237.36000061035156,237.36000061035156,237.36000061035156,237.36000061035156,0
2022-05-04,240.94000244140625,240.94000244140625,240.94000244140625,240.94000244140625,240.94000244140625,0
2022-05-05,239.6300048828125,239.6300048828125,239.6300048828125,239.6300048828125,239.6300048828125,0
2022-05-06,239.63999938964844,239.63999938964844,239.63999938964844,239.63999938964844,239.63999938964844,0
2022-05-09,228.22999572753906,228.22999572753906,228.22999572753906,228.22999572753906,228.22999572753906,0
2022-05-10,231.42999267578125,231.42999267578125,231.42999267578125,231.42999267578125,231.42999267578125,0
2022-05-11,232.89999389648438,232.89999389648438,232.89999389648438,232.89999389648438,232.89999389648438,0
2022-05-12,230.25,230.25,230.25,230.25,230.25,0
2022-05-13,238.9199981689453,238.9199981689453,238.9199981689453,238.9199981689453,238.9199981689453,0
2022-05-16,243.58999633789062,243.58999633789062,243.58999633789062,243.58999633789062,243.58999633789062,0
2022-05-17,248.07000732421875,248.07000732421875,248.07000732421875,248.07000732421875,248.07000732421875,0
2022-05-18,248.14999389648438,248.14999389648438,248.14999389648438,248.14999389648438,248.14999389648438,0
2022-05-19,246.19000244140625,246.19000244140625,246.19000244140625,246.19000244140625,246.19000244140625,0
2022-05-20,251.88999938964844,251.88999938964844,251.88999938964844,251.88999938964844,251.88999938964844,0
2022-05-23,259.5199890136719,259.5199890136719,259.5199890136719,259.5199890136719,259.5199890136719,0
2022-05-24,259.2799987792969,259.2799987792969,259.2799987792969,259.2799987792969,259.2799987792969,0
2022-05-25,261.8299865722656,261.8299865722656,261.8299865722656,261.8299865722656,261.8299865722656,0
2022-05-26,264.0400085449219,264.0400085449219,264.0400085449219,264.0400085449219,264.0400085449219,0
2022-05-27,266.7799987792969,266.7799987792969,266.7799987792969,266.7799987792969,266.7799987792969,0
2022-05-31,260.54998779296875,260.54998779296875,260.54998779296875,260.54998779296875,260.54998779296875,0
2022-06-01,264.6400146484375,264.6400146484375,264.6400146484375,264.6400146484375,264.6400146484375,0
2022-06-02,266.05999755859375,266.05999755859375,266.05999755859375,266.05999755859375,266.05999755859375,0
2022-06-03,268.0199890136719,268.0199890136719,268.0199890136719,268.0199890136719,268.0199890136719,0
2022-06-06,267.8599853515625,267.8599853515625,267.8599853515625,267.8599853515625,267.8599853515625,0
2022-06-07,268.5199890136719,268.5199890136719,268.5199890136719,268.5199890136719,268.5199890136719,0
2022-06-08,255.22000122070312,255.22000122070312,255.22000122070312,255.22000122070312,255.22000122070312,0
2022-06-09,240.74000549316406,240.74000549316406,240.74000549316406,240.74000549316406,240.74000549316406,0
2022-06-10,236.3300018310547,236.3300018310547,236.3300018310547,236.3300018310547,236.3300018310547,0
2022-06-13,225.61000061035156,225.61000061035156,225.61000061035156,225.61000061035156,225.61000061035156,0
2022-06-14,227.8699951171875,227.8699951171875,227.8699951171875,227.8699951171875,227.8699951171875,0
2022-06-15,228.80999755859375,228.80999755859375,228.80999755859375,228.80999755859375,228.80999755859375,0
2022-06-16,220.6199951171875,220.6199951171875,220.6199951171875,220.6199951171875,220.6199951171875,0
2022-06-17,217.88999938964844,217.88999938964844,217.88999938964844,217.88999938964844,217.88999938964844,0
2022-06-21,224.1300048828125,224.1300048828125,224.1300048828125,224.1300048828125,224.1300048828125,0
2022-06-22,214.83999633789062,214.83999633789062,214.83999633789062,214.83999633789062,214.83999633789062,0
2022-06-23,209.47999572753906,209.47999572753906,209.47999572753906,209.47999572753906,209.47999572753906,0
2022-06-24,211.4600067138672,211.4600067138672,211.4600067138672,211.4600067138672,211.4600067138672,0
2022-06-27,220.8000030517578,220.8000030517578,220.8000030517578,220.8000030517578,220.8000030517578,0
2022-06-28,219.36000061035156,219.36000061035156,219.36000061035156,219.36000061035156,219.36000061035156,0
2022-06-29,214.13999938964844,214.13999938964844,214.13999938964844,214.13999938964844,214.13999938964844,0
2022-06-30,210.33999633789062,210.33999633789062,210.33999633789062,210.33999633789062,210.33999633789062,0
2022-07-01,206.0500030517578,206.0500030517578,206.0500030517578,206.0500030517578,206.0500030517578,0
2022-07-05,203.1699981689453,203.1699981689453,203.1699981689453,203.1699981689453,203.1699981689453,0
2022-07-06,197.39999389648438,197.39999389648438,197.39999389648438,197.39999389648438,197.39999389648438,0
2022-07-07,204.6300048828125,204.6300048828125,204.6300048828125,204.6300048828125,204.6300048828125,0
2022-07-08,207.3699951171875,207.3699951171875,207.3699951171875,207.3699951171875,207.3699951171875,0
2022-07-11,204.05999755859375,204.05999755859375,204.05999755859375,204.05999755859375,204.05999755859375,0
2022-07-12,202.17999267578125,202.17999267578125,202.17999267578125,202.17999267578125,202.17999267578125,0
2022-07-13,204.42999267578125,204.42999267578125,204.42999267578125,204.42999267578125,204.42999267578125,0
2022-07-14,204.60000610351562,204.60000610351562,204.60000610351562,204.60000610351562,204.60000610351562,0
2022-07-15,208.35000610351562,208.35000610351562,208.35000610351562,208.35000610351562,208.35000610351562,0
2022-07-18,217.08999633789062,217.08999633789062,217.08999633789062,217.08999633789062,217.08999633789062,0
2022-07-19,223.63999938964844,223.63999938964844,223.63999938964844,223.63999938964844,223.63999938964844,0
2022-07-20,226.50999450683594,226.50999450683594,226.50999450683594,226.50999450683594,226.50999450683594,0
2022-07-21,227.2100067138672,227.2100067138672,227.2100067138672,227.2100067138672,227.2100067138672,0
2022-07-22,227.83999633789062,227.83999633789062,227.83999633789062,227.83999633789062,227.83999633789062,0
2022-07-25,227.05999755859375,227.05999755859375,227.05999755859375,227.05999755859375,227.05999755859375,0
2022-07-26,227.25,227.25,227.25,227.25,227.25,0
2022-07-27,231.36000061035156,231.36000061035156,231.36000061035156,231.36000061035156,231.36000061035156,0
2022-07-28,234.24000549316406,234.24000549316406,234.24000549316406,234.24000549316406,234.24000549316406,0
2022-07-29,238.49000549316406,238.49000549316406,238.49000549316406,238.49000549316406,238.49000549316406,0
2022-08-01,242.4600067138672,242.4600067138672,242.4600067138672,242.4600067138672,242.4600067138672,0
2022-08-02,240.2100067138672,240.2100067138672,240.2100067138672,240.2100067138672,240.2100067138672,0
2022-08-03,238.88999938964844,238.88999938964844,238.88999938964844,238.88999938964844,238.88999938964844,0
2022-08-04,238.22000122070312,238.22000122070312,238.22000122070312,238.22000122070312,238.22000122070312,0
2022-08-05,242.58999633789062,242.58999633789062,242.58999633789062,242.58999633789062,242.58999633789062,0
2022-08-08,243.55999755859375,243.55999755859375,243.55999755859375,243.55999755859375,243.55999755859375,0
2022-08-09,243.7899932861328,243.7899932861328,243.7899932861328,243.7899932861328,243.7899932861328,0
2022-08-10,246.7899932861328,246.7899932861328,246.7899932861328,246.7899932861328,246.7899932861328,0
2022-08-11,249.88999938964844,249.88999938964844,249.88999938964844,249.88999938964844,249.88999938964844,0
2022-08-12,247.8699951171875,247.8699951171875,247.8699951171875,247.8699951171875,247.8699951171875,0
2022-08-15,240.52999877929688,240.52999877929688,240.52999877929688,240.52999877929688,240.52999877929688,0
2022-08-16,241.10000610351562,241.10000610351562,241.10000610351562,241.10000610351562,241.10000610351562,0
2022-08-17,239.27000427246094,239.27000427246094,239.27000427246094,239.27000427246094,239.27000427246094,0
2022-08-18,240.8699951171875,240.8699951171875,240.8699951171875,240.8699951171875,240.8699951171875,0
2022-08-19,237.24000549316406,237.24000549316406,237.24000549316406,237.24000549316406,237.24000549316406,0
2022-08-22,235.75,235.75,235.75,235.75,235.75,0
2022-08-23,233.97999572753906,233.97999572753906,233.97999572753906,233.97999572753906,233.97999572753906,0
2022-08-24,233.49000549316406,233.49000549316406,233.49000549316406,233.49000549316406,233.49000549316406,0
2022-08-25,234.91000366210938,234.91000366210938,234.91000366210938,234.91000366210938,234.91000366210938,0
2022-08-26,230.4199981689453,230.4199981689453,230.4199981689453,230.4199981689453,230.4199981689453,0
2022-08-29,226.77000427246094,226.77000427246094,226.77000427246094,226.77000427246094,226.77000427246094,0
2022-08-30,223.1699981689453,223.1699981689453,223.1699981689453,223.1699981689453,223.1699981689453,0
2022-08-31,222.7899932861328,222.7899932861328,222.7899932861328,222.7899932861328,222.7899932861328,0
2022-09-01,215.86000061035156,215.86000061035156,215.86000061035156,215.86000061035156,215.86000061035156,0
2022-09-02,215.1300048828125,215.1300048828125,215.1300048828125,215.1300048828125,215.1300048828125,0
2022-09-06,212.6199951171875,212.6199951171875,212.6199951171875,212.6199951171875,212.6199951171875,0
2022-09-07,207.91000366210938,207.91000366210938,207.91000366210938,207.91000366210938,207.91000366210938,0
2022-09-08,208.33999633789062,208.33999633789062,208.33999633789062,208.33999633789062,208.33999633789062,0
2022-09-09,214.63999938964844,214.63999938964844,214.63999938964844,214.63999938964844,214.63999938964844,0
2022-09-12,216.32000732421875,216.32000732421875,216.32000732421875,216.32000732421875,216.32000732421875,0
2022-09-13,215.9499969482422,215.9499969482422,215.9499969482422,215.9499969482422,215.9499969482422,0
2022-09-14,218.33999633789062,218.33999633789062,218.33999633789062,218.33999633789062,218.33999633789062,0
2022-09-15,214.0399932861328,214.0399932861328,214.0399932861328,214.0399932861328,214.0399932861328,0
2022-09-16,208.57000732421875,208.57000732421875,208.57000732421875,208.57000732421875,208.57000732421875,0
2022-09-19,207.3699951171875,207.3699951171875,207.3699951171875,207.3699951171875,207.3699951171875,0
2022-09-20,208.72999572753906,208.72999572753906,208.72999572753906,208.72999572753906,208.72999572753906,0
2022-09-21,209.02000427246094,209.02000427246094,209.02000427246094,209.02000427246094,209.02000427246094,0
2022-09-22,204.75,204.75,204.75,204.75,204.75,0
2022-09-23,194.8800048828125,194.8800048828125,194.8800048828125,194.8800048828125,194.8800048828125,0
2022-09-26,190.9499969482422,190.9499969482422,190.9499969482422,190.9499969482422,190.9499969482422,0
2022-09-27,194.3800048828125,194.3800048828125,194.3800048828125,194.3800048828125,194.3800048828125,0
2022-09-28,191.24000549316406,191.24000549316406,191.24000549316406,191.24000549316406,191.24000549316406,0
2022-09-29,185.25,185.25,185.25,185.25,185.25,0
2022-09-30,186.6199951171875,186.6199951171875,186.6199951171875,186.6199951171875,186.6199951171875,0
2022-10-03,190.1199951171875,190.1199951171875,190.1199951171875,190.1199951171875,190.1199951171875,0
2022-10-04,193.4600067138672,193.4600067138672,193.4600067138672,193.4600067138672,193.4600067138672,0
2022-10-05,191.25999450683594,191.25999450683594,191.25999450683594,191.25999450683594,191.25999450683594,0
2022-10-06,193.3699951171875,193.3699951171875,193.3699951171875,193.3699951171875,193.3699951171875,0
2022-10-07,193.47999572753906,193.47999572753906,193.47999572753906,193.47999572753906,193.47999572753906,0
2022-10-10,191.42999267578125,191.42999267578125,191.42999267578125,191.42999267578125,191.42999267578125,0
2022-10-11,189.6300048828125,189.6300048828125,189.6300048828125,189.6300048828125,189.6300048828125,0
2022-10-12,192.02000427246094,192.02000427246094,192.02000427246094,192.02000427246094,192.02000427246094,0
2022-10-13,194.7899932861328,194.7899932861328,194.7899932861328,194.7899932861328,194.7899932861328,0
2022-10-14,198.86000061035156,198.86000061035156,198.86000061035156,198.86000061035156,198.86000061035156,0
2022-10-17,201.7899932861328,201.7899932861328,201.7899932861328,201.7899932861328,201.7899932861328,0
2022-10-18,205.89999389648438,205.89999389648438,205.89999389648438,205.89999389648438,205.89999389648438,0
2022-10-19,202.9499969482422,202.9499969482422,202.9499969482422,202.9499969482422,202.9499969482422,0
2022-10-20,199.86000061035156,199.86000061035156,199.86000061035156,199.86000061035156,199.86000061035156,0
2022-10-21,201.5399932861328,201.5399932861328,201.5399932861328,201.5399932861328,201.5399932861328,0
2022-10-24,203.3300018310547,203.3300018310547,203.3300018310547,203.3300018310547,203.3300018310547,0
2022-10-25,206.6199951171875,206.6199951171875,206.6199951171875,206.6199951171875,206.6199951171875,0
2022-10-26,206.33999633789062,206.33999633789062,206.33999633789062,206.33999633789062,206.33999633789062,0
2022-10-27,202.83999633789062,202.83999633789062,202.83999633789062,202.83999633789062,202.83999633789062,0
2022-10-28,198.16000366210938,198.16000366210938,198.16000366210938,198.16000366210938,198.16000366210938,0
2022-10-31,198.69000244140625,198.69000244140625,198.69000244140625,198.69000244140625,198.69000244140625,0
2022-11-01,204.66000366210938,204.66000366210938,204.66000366210938,204.66000366210938,204.66000366210938,0
2022-11-02,203.69000244140625,203.69000244140625,203.69000244140625,203.69000244140625,203.69000244140625,0
2022-11-03,200.69000244140625,200.69000244140625,200.69000244140625,200.69000244140625,200.69000244140625,0
2022-11-04,206.57000732421875,206.57000732421875,206.57000732421875,206.57000732421875,206.57000732421875,0
2022-11-07,212.6199951171875,212.6199951171875,212.6199951171875,212.6199951171875,212.6199951171875,0
2022-11-08,215.66000366210938,215.66000366210938,215.66000366210938,215.66000366210938,215.66000366210938,0
2022-11-09,212.4199981689453,212.4199981689453,212.4199981689453,212.4199981689453,212.4199981689453,0
2022-11-10,214.11000061035156,214.11000061035156,214.11000061035156,214.11000061035156,214.11000061035156,0
2022-11-11,221.00999450683594,221.00999450683594,221.00999450683594,221.00999450683594,221.00999450683594,0
2022-11-14,221.6300048828125,221.6300048828125,221.6300048828125,221.6300048828125,221.6300048828125,0
2022-11-15,223.02999877929688,223.02999877929688,223.02999877929688,223.02999877929688,223.02999877929688,0
2022-11-16,220.0399932861328,220.0399932861328,220.0399932861328,220.0399932861328,220.0399932861328,0
2022-11-17,219.47000122070312,219.47000122070312,219.47000122070312,219.47000122070312,219.47000122070312,0
2022-11-18,217.83999633789062,217.83999633789062,217.83999633789062,217.83999633789062,217.83999633789062,0
2022-11-21,217.0800018310547,217.0800018310547,217.0800018310547,217.0800018310547,217.0800018310547,0
2022-11-22,219.13999938964844,219.13999938964844,219.13999938964844,219.13999938964844,219.13999938964844,0
2022-11-23,220.77000427246094,220.77000427246094,220.77000427246094,220.77000427246094,220.77000427246094,0
2022-11-25,224.3000030517578,224.3000030517578,224.3000030517578,224.3000030517578,224.3000030517578,0
2022-11-28,219.57000732421875,219.57000732421875,219.57000732421875,219.57000732421875,219.57000732421875,0
2022-11-29,221.5,221.5,221.5,221.5,221.5,0
2022-11-30,225.36000061035156,225.36000061035156,225.36000061035156,225.36000061035156,225.36000061035156,0
2022-12-01,225.89999389648438,225.89999389648438,225.89999389648438,225.89999389648438,225.89999389648438,0
2022-12-02,224.39999389648438,224.39999389648438,224.39999389648438,224.39999389648438,224.39999389648438,0
2022-12-05,225.94000244140625,225.94000244140625,225.94000244140625,225.94000244140625,225.94000244140625,0
2022-12-06,220.63999938964844,220.63999938964844,220.63999938964844,220.63999938964844,220.63999938964844,0
2022-12-07,214.97000122070312,214.97000122070312,214.97000122070312,214.97000122070312,214.97000122070312,0
2022-12-08,218.33999633789062,218.33999633789062,218.33999633789062,218.33999633789062,218.33999633789062,0
2022-12-09,221.8000030517578,221.8000030517578,221.8000030517578,221.8000030517578,221.8000030517578,0
2022-12-12,224.6699981689453,224.6699981689453,224.6699981689453,224.6699981689453,224.6699981689453,0
2022-12-13,227.64999389648438,227.64999389648438,227.64999389648438,227.64999389648438,227.64999389648438,0
2022-12-14,226.25,226.25,226.25,226.25,226.25,0
2022-12-15,226.3300018310547,226.3300018310547,226.3300018310547,226.3300018310547,226.3300018310547,0
2022-12-16,227.91000366210938,227.91000366210938,227.91000366210938,227.91000366210938,227.91000366210938,0
2022-12-19,221.0500030517578,221.0500030517578,221.0500030517578,221.0500030517578,221.0500030517578,0
2022-12-20,224.7899932861328,224.7899932861328,224.7899932861328,224.7899932861328,224.7899932861328,0
2022-12-21,227.33999633789062,227.33999633789062,227.33999633789062,227.33999633789062,227.33999633789062,0
2022-12-22,227.42999267578125,227.42999267578125,227.42999267578125,227.42999267578125,227.42999267578125,0
2022-12-23,227.2100067138672,227.2100067138672,227.2100067138672,227.2100067138672,227.2100067138672,0
2022-12-27,227.6199951171875,227.6199951171875,227.6199951171875,227.6199951171875,227.6199951171875,0
2022-12-28,222.61000061035156,222.61000061035156,222.61000061035156,222.61000061035156,222.61000061035156,0
2022-12-29,221.9499969482422,221.9499969482422,221.9499969482422,221.9499969482422,221.9499969482422,0
2022-12-30,221.6300048828125,221.6300048828125,221.6300048828125,221.6300048828125,221.6300048828125,0
2023-01-03,219.3699951171875,219.3699951171875,219.3699951171875,219.3699951171875,219.3699951171875,0
2023-01-04,211.47000122070312,211.47000122070312,211.47000122070312,211.47000122070312,211.47000122070312,0
2023-01-05,210.44000244140625,210.44000244140625,210.44000244140625,210.44000244140625,210.44000244140625,0
2023-01-06,214.6199951171875,214.6199951171875,214.6199951171875,214.6199951171875,214.6199951171875,0
2023-01-09,218.66000366210938,218.66000366210938,218.66000366210938,218.66000366210938,218.66000366210938,0
2023-01-10,220.24000549316406,220.24000549316406,220.24000549316406,220.24000549316406,220.24000549316406,0
2023-01-11,219.1999969482422,219.1999969482422,219.1999969482422,219.1999969482422,219.1999969482422,0
2023-01-12,220.58999633789062,220.58999633789062,220.58999633789062,220.58999633789062,220.58999633789062,0
2023-01-13,223.07000732421875,223.07000732421875,223.07000732421875,223.07000732421875,223.07000732421875,0
2023-01-17,226.27000427246094,226.27000427246094,226.27000427246094,226.27000427246094,226.27000427246094,0
2023-01-18,226.0500030517578,226.0500030517578,226.0500030517578,226.0500030517578,226.0500030517578,0
2023-01-19,224.00999450683594,224.00999450683594,224.00999450683594,224.00999450683594,224.00999450683594,0
2023-01-20,227.13999938964844,227.13999938964844,227.13999938964844,227.13999938964844,227.13999938964844,0
2023-01-23,226.6300048828125,226.6300048828125,226.6300048828125,226.6300048828125,226.6300048828125,0
2023-01-24,224.66000366210938,224.66000366210938,224.66000366210938,224.66000366210938,224.66000366210938,0
2023-01-25,222.19000244140625,222.19000244140625,222.19000244140625,222.19000244140625,222.19000244140625,0
2023-01-26,221.1300048828125,221.1300048828125,221.1300048828125,221.1300048828125,221.1300048828125,0
2023-01-27,223.9600067138672,223.9600067138672,223.9600067138672,223.9600067138672,223.9600067138672,0
2023-01-30,223.4199981689453,223.4199981689453,223.4199981689453,223.4199981689453,223.4199981689453,0
2023-01-31,225.7100067138672,225.7100067138672,225.7100067138672,225.7100067138672,225.7100067138672,0
2023-02-01,233.7100067138672,233.7100067138672,233.7100067138672,233.7100067138672,233.7100067138672,0
2023-02-02,234.0500030517578,234.0500030517578,234.0500030517578,234.0500030517578,234.0500030517578,0
2023-02-03,233.69000244140625,233.69000244140625,233.69000244140625,233.69000244140625,233.69000244140625,0
2023-02-06,232.67999267578125,232.67999267578125,232.67999267578125,232.67999267578125,232.67999267578125,0
2023-02-07,236.07000732421875,236.07000732421875,236.07000732421875,236.07000732421875,236.07000732421875,0
2023-02-08,237.7100067138672,237.7100067138672,237.7100067138672,237.7100067138672,237.7100067138672,0
2023-02-09,241.7899932861328,241.7899932861328,241.7899932861328,241.7899932861328,241.7899932861328,0
2023-02-10,238.83999633789062,238.83999633789062,238.83999633789062,238.83999633789062,238.83999633789062,0
2023-02-13,240.3300018310547,240.3300018310547,240.3300018310547,240.3300018310547,240.3300018310547,0
2023-02-14,242.05999755859375,242.05999755859375,242.05999755859375,242.05999755859375,242.05999755859375,0
2023-02-15,240.9499969482422,240.9499969482422,240.9499969482422,240.9499969482422,240.9499969482422,0
2023-02-16,242.9600067138672,242.9600067138672,242.9600067138672,242.9600067138672,242.9600067138672,0
2023-02-17,241.83999633789062,241.83999633789062,241.83999633789062,241.83999633789062,241.83999633789062,0
2023-02-21,243.0500030517578,243.0500030517578,243.0500030517578,243.0500030517578,243.0500030517578,0
2023-02-22,241.3000030517578,241.3000030517578,241.3000030517578,241.3000030517578,241.3000030517578,0
2023-02-23,247.41000366210938,247.41000366210938,247.41000366210938,247.41000366210938,247.41000366210938,0
2023-02-24,249.97000122070312,249.97000122070312,249.97000122070312,249.97000122070312,249.97000122070312,0
2023-02-27,252.30999755859375,252.30999755859375,252.30999755859375,252.30999755859375,252.30999755859375,0
2023-02-28,250.0800018310547,250.0800018310547,250.0800018310547,250.0800018310547,250.0800018310547,0
2023-03-01,253.11000061035156,253.11000061035156,253.11000061035156,253.11000061035156,253.11000061035156,0
2023-03-02,254.35000610351562,254.35000610351562,254.35000610351562,254.35000610351562,254.35000610351562,0
2023-03-03,256.3599853515625,256.3599853515625,256.3599853515625,256.3599853515625,256.3599853515625,0
2023-03-06,254.1699981689453,254.1699981689453,254.1699981689453,254.1699981689453,254.1699981689453,0
2023-03-07,251.63999938964844,251.63999938964844,251.63999938964844,251.63999938964844,251.63999938964844,0
2023-03-08,251.92999267578125,251.92999267578125,251.92999267578125,251.92999267578125,251.92999267578125,0
2023-03-09,250.42999267578125,250.42999267578125,250.42999267578125,250.42999267578125,250.42999267578125,0
2023-03-10,247.7100067138672,247.7100067138672,247.7100067138672,247.7100067138672,247.7100067138672,0
2023-03-13,244.67999267578125,244.67999267578125,244.67999267578125,244.67999267578125,244.67999267578125,0
2023-03-14,246.3699951171875,246.3699951171875,246.3699951171875,246.3699951171875,246.3699951171875,0
2023-03-15,243.64999389648438,243.64999389648438,243.64999389648438,243.64999389648438,243.64999389648438,0
2023-03-16,240.92999267578125,240.92999267578125,240.92999267578125,240.92999267578125,240.92999267578125,0
2023-03-17,240.9499969482422,240.9499969482422,240.9499969482422,240.9499969482422,240.9499969482422,0
2023-03-20,239.77999877929688,239.77999877929688,239.77999877929688,239.77999877929688,239.77999877929688,0
2023-03-21,244.6999969482422,244.6999969482422,244.6999969482422,244.6999969482422,244.6999969482422,0
2023-03-22,244.3000030517578,244.3000030517578,244.3000030517578,244.3000030517578,244.3000030517578,0
2023-03-23,247.4499969482422,247.4499969482422,247.4499969482422,247.4499969482422,247.4499969482422,0
2023-03-24,243.9199981689453,243.9199981689453,243.9199981689453,243.9199981689453,243.9199981689453,0
2023-03-27,244.38999938964844,244.38999938964844,244.38999938964844,244.38999938964844,244.38999938964844,0
2023-03-28,245.92999267578125,245.92999267578125,245.92999267578125,245.92999267578125,245.92999267578125,0
2023-03-29,245.5800018310547,245.5800018310547,245.5800018310547,245.5800018310547,245.5800018310547,0
2023-03-30,249.02000427246094,249.02000427246094,249.02000427246094,249.02000427246094,249.02000427246094,0
2023-03-31,246.7899932861328,246.7899932861328,246.7899932861328,246.7899932861328,246.7899932861328,0
2023-04-03,239.14999389648438,239.14999389648438,239.14999389648438,239.14999389648438,239.14999389648438,0
2023-04-04,241.24000549316406,241.24000549316406,241.24000549316406,241.24000549316406,241.24000549316406,0
2023-04-05,241.25999450683594,241.25999450683594,241.25999450683594,241.25999450683594,241.25999450683594,0
2023-04-06,238.4199981689453,238.4199981689453,238.4199981689453,238.4199981689453,238.4199981689453,0
2023-04-11,245.5,245.5,245.5,245.5,245.5,0
2023-04-12,248.63999938964844,248.63999938964844,248.63999938964844,248.63999938964844,248.63999938964844,0
2023-04-13,254.6699981689453,254.6699981689453,254.6699981689453,254.6699981689453,254.6699981689453,0
2023-04-14,258.17999267578125,258.17999267578125,258.17999267578125,258.17999267578125,258.17999267578125,0
2023-04-17,264.3500061035156,264.3500061035156,264.3500061035156,264.3500061035156,264.3500061035156,0
2023-04-18,267.4800109863281,267.4800109863281,267.4800109863281,267.4800109863281,267.4800109863281,0
2023-04-19,260.6199951171875,260.6199951171875,260.6199951171875,260.6199951171875,260.6199951171875,0
2023-04-20,259.17999267578125,259.17999267578125,259.17999267578125,259.17999267578125,259.17999267578125,0
2023-04-21,254.10000610351562,254.10000610351562,254.10000610351562,254.10000610351562,254.10000610351562,0
2023-04-24,256.3399963378906,256.3399963378906,256.3399963378906,256.3399963378906,256.3399963378906,0
2023-04-25,250.67999267578125,250.67999267578125,250.67999267578125,250.67999267578125,250.67999267578125,0
2023-04-26,245.5399932861328,245.5399932861328,245.5399932861328,245.5399932861328,245.5399932861328,0
2023-04-27,244.30999755859375,244.30999755859375,244.30999755859375,244.30999755859375,244.30999755859375,0
2023-04-28,244.39999389648438,244.39999389648438,244.39999389648438,244.39999389648438,244.39999389648438,0
2023-05-02,236.3800048828125,236.3800048828125,236.3800048828125,236.3800048828125,236.3800048828125,0
2023-05-03,234.19000244140625,234.19000244140625,234.19000244140625,234.19000244140625,234.19000244140625,0
2023-05-04,229.75999450683594,229.75999450683594,229.75999450683594,229.75999450683594,229.75999450683594,0
2023-05-05,232.69000244140625,232.69000244140625,232.69000244140625,232.69000244140625,232.69000244140625,0
2023-05-08,234.02000427246094,234.02000427246094,234.02000427246094,234.02000427246094,234.02000427246094,0
2023-05-09,234.8300018310547,234.8300018310547,234.8300018310547,234.8300018310547,234.8300018310547,0
2023-05-10,235.4199981689453,235.4199981689453,235.4199981689453,235.4199981689453,235.4199981689453,0
2023-05-11,236.72999572753906,236.72999572753906,236.72999572753906,236.72999572753906,236.72999572753906,0
2023-05-12,234.52000427246094,234.52000427246094,234.52000427246094,234.52000427246094,234.52000427246094,0
2023-05-15,233.41000366210938,233.41000366210938,233.41000366210938,233.41000366210938,233.41000366210938,0
2023-05-16,230.22000122070312,230.22000122070312,230.22000122070312,230.22000122070312,230.22000122070312,0
2023-05-17,228.5,228.5,228.5,228.5,228.5,0
2023-05-18,228.57000732421875,228.57000732421875,228.57000732421875,228.57000732421875,228.57000732421875,0
2023-05-19,230.6199951171875,230.6199951171875,230.6199951171875,230.6199951171875,230.6199951171875,0
2023-05-22,231.19000244140625,231.19000244140625,231.19000244140625,231.19000244140625,231.19000244140625,0
2023-05-23,231.0,231.0,231.0,231.0,231.0,0
2023-05-24,227.24000549316406,227.24000549316406,227.24000549316406,227.24000549316406,227.24000549316406,0
2023-05-25,223.52000427246094,223.52000427246094,223.52000427246094,223.52000427246094,223.52000427246094,0
2023-05-26,224.7100067138672,224.7100067138672,224.7100067138672,224.7100067138672,224.7100067138672,0
2023-05-30,224.36000061035156,224.36000061035156,224.36000061035156,224.36000061035156,224.36000061035156,0
2023-05-31,218.47999572753906,218.47999572753906,218.47999572753906,218.47999572753906,218.47999572753906,0
2023-06-01,221.17999267578125,221.17999267578125,221.17999267578125,221.17999267578125,221.17999267578125,0
2023-06-02,225.97000122070312,225.97000122070312,225.97000122070312,225.97000122070312,225.97000122070312,0
2023-06-05,224.25,224.25,224.25,224.25,224.25,0
2023-06-06,223.91000366210938,223.91000366210938,223.91000366210938,223.91000366210938,223.91000366210938,0
2023-06-07,227.19000244140625,227.19000244140625,227.19000244140625,227.19000244140625,227.19000244140625,0
2023-06-08,231.6999969482422,231.6999969482422,231.6999969482422,231.6999969482422,231.6999969482422,0
2023-06-09,232.02000427246094,232.02000427246094,232.02000427246094,232.02000427246094,232.02000427246094,0
2023-06-12,229.1199951171875,229.1199951171875,229.1199951171875,229.1199951171875,229.1199951171875,0
2023-06-13,232.61000061035156,232.61000061035156,232.61000061035156,232.61000061035156,232.61000061035156,0
2023-06-14,234.8000030517578,234.8000030517578,234.8000030517578,234.8000030517578,234.8000030517578,0
2023-06-15,236.6699981689453,236.6699981689453,236.6699981689453,236.6699981689453,236.6699981689453,0
2023-06-16,235.6199951171875,235.6199951171875,235.6199951171875,235.6199951171875,235.6199951171875,0
2023-06-20,231.9600067138672,231.9600067138672,231.9600067138672,231.9600067138672,231.9600067138672,0
2023-06-21,231.52000427246094,231.52000427246094,231.52000427246094,231.52000427246094,231.52000427246094,0
2023-06-22,231.52000427246094,231.52000427246094,231.52000427246094,231.52000427246094,231.52000427246094,0
2023-06-23,227.67999267578125,227.67999267578125,227.67999267578125,227.67999267578125,227.67999267578125,0
2023-06-26,228.22999572753906,228.22999572753906,228.22999572753906,228.22999572753906,228.22999572753906,0
2023-06-27,231.2100067138672,231.2100067138672,231.2100067138672,231.2100067138672,231.2100067138672,0
2023-06-28,230.10000610351562,230.10000610351562,230.10000610351562,230.10000610351562,230.10000610351562,0
2023-06-29,229.64999389648438,229.64999389648438,229.64999389648438,229.64999389648438,229.64999389648438,0
2023-06-30,233.1300048828125,233.1300048828125,233.1300048828125,233.1300048828125,233.1300048828125,0
2023-07-03,236.94000244140625,236.94000244140625,236.94000244140625,236.94000244140625,236.94000244140625,0
2023-07-05,239.88999938964844,239.88999938964844,239.88999938964844,239.88999938964844,239.88999938964844,0
2023-07-06,235.77000427246094,235.77000427246094,235.77000427246094,235.77000427246094,235.77000427246094,0
2023-07-07,239.3800048828125,239.3800048828125,239.3800048828125,239.3800048828125,239.3800048828125,0
2023-07-10,238.33999633789062,238.33999633789062,238.33999633789062,238.33999633789062,238.33999633789062,0
2023-07-11,242.1999969482422,242.1999969482422,242.1999969482422,242.1999969482422,242.1999969482422,0
2023-07-12,245.6699981689453,245.6699981689453,245.6699981689453,245.6699981689453,245.6699981689453,0
2023-07-13,247.8699951171875,247.8699951171875,247.8699951171875,247.8699951171875,247.8699951171875,0
2023-07-14,246.94000244140625,246.94000244140625,246.94000244140625,246.94000244140625,246.94000244140625,0
2023-07-17,245.86000061035156,245.86000061035156,245.86000061035156,245.86000061035156,245.86000061035156,0
2023-07-18,246.57000732421875,246.57000732421875,246.57000732421875,246.57000732421875,246.57000732421875,0
2023-07-19,248.72000122070312,248.72000122070312,248.72000122070312,248.72000122070312,248.72000122070312,0
2023-07-20,247.92999267578125,247.92999267578125,247.92999267578125,247.92999267578125,247.92999267578125,0
2023-07-21,244.8000030517578,244.8000030517578,244.8000030517578,244.8000030517578,244.8000030517578,0
2023-07-24,245.27000427246094,245.27000427246094,245.27000427246094,245.27000427246094,245.27000427246094,0
2023-07-25,246.74000549316406,246.74000549316406,246.74000549316406,246.74000549316406,246.74000549316406,0
2023-07-26,247.35000610351562,247.35000610351562,247.35000610351562,247.35000610351562,247.35000610351562,0
2023-07-27,249.5500030517578,249.5500030517578,249.5500030517578,249.5500030517578,249.5500030517578,0
2023-07-28,254.8000030517578,254.8000030517578,254.8000030517578,254.8000030517578,254.8000030517578,0
2023-07-31,257.6000061035156,257.6000061035156,257.6000061035156,257.6000061035156,257.6000061035156,0
2023-08-01,256.79998779296875,256.79998779296875,256.79998779296875,256.79998779296875,256.79998779296875,0
2023-08-02,253.27000427246094,253.27000427246094,253.27000427246094,253.27000427246094,253.27000427246094,0
2023-08-03,257.1400146484375,257.1400146484375,257.1400146484375,257.1400146484375,257.1400146484375,0
2023-08-04,258.0299987792969,258.0299987792969,258.0299987792969,258.0299987792969,258.0299987792969,0
2023-08-07,257.510009765625,257.510009765625,257.510009765625,257.510009765625,257.510009765625,0
2023-08-08,257.6400146484375,257.6400146484375,257.6400146484375,257.6400146484375,257.6400146484375,0
2023-08-09,259.6499938964844,259.6499938964844,259.6499938964844,259.6499938964844,259.6499938964844,0
2023-08-10,259.8800048828125,259.8800048828125,259.8800048828125,259.8800048828125,259.8800048828125,0
2023-08-11,257.7699890136719,257.7699890136719,257.7699890136719,257.7699890136719,257.7699890136719,0
2023-08-14,255.9499969482422,255.9499969482422,255.9499969482422,255.9499969482422,255.9499969482422,0
2023-08-15,257.239990234375,257.239990234375,257.239990234375,257.239990234375,257.239990234375,0
2023-08-16,253.41000366210938,253.41000366210938,253.41000366210938,253.41000366210938,253.41000366210938,0
2023-08-17,253.27999877929688,253.27999877929688,253.27999877929688,253.27999877929688,253.27999877929688,0
2023-08-18,253.00999450683594,253.00999450683594,253.00999450683594,253.00999450683594,253.00999450683594,0
2023-08-21,251.80999755859375,251.80999755859375,251.80999755859375,251.80999755859375,251.80999755859375,0
2023-08-22,251.89999389648438,251.89999389648438,251.89999389648438,251.89999389648438,251.89999389648438,0
2023-08-23,250.16000366210938,250.16000366210938,250.16000366210938,250.16000366210938,250.16000366210938,0
2023-08-24,249.9199981689453,249.9199981689453,249.9199981689453,249.9199981689453,249.9199981689453,0
2023-08-25,247.91000366210938,247.91000366210938,247.91000366210938,247.91000366210938,247.91000366210938,0
2023-08-28,250.67999267578125,250.67999267578125,250.67999267578125,250.67999267578125,250.67999267578125,0
2023-08-29,253.8000030517578,253.8000030517578,253.8000030517578,253.8000030517578,253.8000030517578,0
2023-08-30,253.7899932861328,253.7899932861328,253.7899932861328,253.7899932861328,253.7899932861328,0
2023-08-31,251.14999389648438,251.14999389648438,251.14999389648438,251.14999389648438,251.14999389648438,0
2023-09-01,252.8699951171875,252.8699951171875,252.8699951171875,252.8699951171875,252.8699951171875,0
2023-09-05,250.8000030517578,250.8000030517578,250.8000030517578,250.8000030517578,250.8000030517578,0
2023-09-06,249.64999389648438,249.64999389648438,249.64999389648438,249.64999389648438,249.64999389648438,0
2023-09-07,248.25,248.25,248.25,248.25,248.25,0
2023-09-08,250.0399932861328,250.0399932861328,250.0399932861328,250.0399932861328,250.0399932861328,0
2023-09-11,249.91000366210938,249.91000366210938,249.91000366210938,249.91000366210938,249.91000366210938,0
2023-09-12,248.85000610351562,248.85000610351562,248.85000610351562,248.85000610351562,248.85000610351562,0
2023-09-13,247.6300048828125,247.6300048828125,247.6300048828125,247.6300048828125,247.6300048828125,0
2023-09-14,251.80999755859375,251.80999755859375,251.80999755859375,251.80999755859375,251.80999755859375,0
2023-09-15,252.83999633789062,252.83999633789062,252.83999633789062,252.83999633789062,252.83999633789062,0
2023-09-18,253.99000549316406,253.99000549316406,253.99000549316406,253.99000549316406,253.99000549316406,0
2023-09-19,256.5899963378906,256.5899963378906,256.5899963378906,256.5899963378906,256.5899963378906,0
2023-09-20,259.54998779296875,259.54998779296875,259.54998779296875,259.54998779296875,259.54998779296875,0
2023-09-21,259.45001220703125,259.45001220703125,259.45001220703125,259.45001220703125,259.45001220703125,0
2023-09-22,258.4800109863281,258.4800109863281,258.4800109863281,258.4800109863281,258.4800109863281,0
2023-09-25,256.9200134277344,256.9200134277344,256.9200134277344,256.9200134277344,256.9200134277344,0
2023-09-26,257.04998779296875,257.04998779296875,257.04998779296875,257.04998779296875,257.04998779296875,0
2023-09-27,256.9700012207031,256.9700012207031,256.9700012207031,256.9700012207031,256.9700012207031,0
2023-09-28,257.79998779296875,257.79998779296875,257.79998779296875,257.79998779296875,257.79998779296875,0
2023-09-29,255.69000244140625,255.69000244140625,255.69000244140625,255.69000244140625,255.69000244140625,0
2023-10-02,252.94000244140625,252.94000244140625,252.94000244140625,252.94000244140625,252.94000244140625,0
2023-10-03,249.64999389648438,249.64999389648438,249.64999389648438,249.64999389648438,249.64999389648438,0
2023-10-04,242.66000366210938,242.66000366210938,242.66000366210938,242.66000366210938,242.66000366210938,0
2023-10-05,249.72999572753906,249.72999572753906,249.72999572753906,249.72999572753906,249.72999572753906,0
2023-10-06,252.6199951171875,252.6199951171875,252.6199951171875,252.6199951171875,252.6199951171875,0
2023-10-09,256.3900146484375,256.3900146484375,256.3900146484375,256.3900146484375,256.3900146484375,0
2023-10-10,256.92999267578125,256.92999267578125,256.92999267578125,256.92999267578125,256.92999267578125,0
2023-10-11,254.27999877929688,254.27999877929688,254.27999877929688,254.27999877929688,254.27999877929688,0
2023-10-12,255.38999938964844,255.38999938964844,255.38999938964844,255.38999938964844,255.38999938964844,0
2023-10-13,255.14999389648438,255.14999389648438,255.14999389648438,255.14999389648438,255.14999389648438,0
2023-10-16,254.88999938964844,254.88999938964844,254.88999938964844,254.88999938964844,254.88999938964844,0
2023-10-17,256.0400085449219,256.0400085449219,256.0400085449219,256.0400085449219,256.0400085449219,0
2023-10-18,254.4199981689453,254.4199981689453,254.4199981689453,254.4199981689453,254.4199981689453,0
2023-10-19,251.6699981689453,251.6699981689453,251.6699981689453,251.6699981689453,251.6699981689453,0
2023-10-20,250.4499969482422,250.4499969482422,250.4499969482422,250.4499969482422,250.4499969482422,0
2023-10-23,249.67999267578125,249.67999267578125,249.67999267578125,249.67999267578125,249.67999267578125,0
2023-10-24,252.75999450683594,252.75999450683594,252.75999450683594,252.75999450683594,252.75999450683594,0
2023-10-25,253.61000061035156,253.61000061035156,253.61000061035156,253.61000061035156,253.61000061035156,0
2023-10-26,251.30999755859375,251.30999755859375,251.30999755859375,251.30999755859375,251.30999755859375,0
2023-10-27,256.30999755859375,256.30999755859375,256.30999755859375,256.30999755859375,256.30999755859375,0
2023-10-30,255.83999633789062,255.83999633789062,255.83999633789062,255.83999633789062,255.83999633789062,0
2023-10-31,253.60000610351562,253.60000610351562,253.60000610351562,253.60000610351562,253.60000610351562,0
2023-11-01,257.1600036621094,257.1600036621094,257.1600036621094,257.1600036621094,257.1600036621094,0
2023-11-02,260.3599853515625,260.3599853515625,260.3599853515625,260.3599853515625,260.3599853515625,0
2023-11-03,258.69000244140625,258.69000244140625,258.69000244140625,258.69000244140625,258.69000244140625,0
2023-11-06,255.8699951171875,255.8699951171875,255.8699951171875,255.8699951171875,255.8699951171875,0
2023-11-07,249.6300048828125,249.6300048828125,249.6300048828125,249.6300048828125,249.6300048828125,0
2023-11-08,248.47999572753906,248.47999572753906,248.47999572753906,248.47999572753906,248.47999572753906,0
2023-11-09,251.47000122070312,251.47000122070312,251.47000122070312,251.47000122070312,251.47000122070312,0
2023-11-10,251.6199951171875,251.6199951171875,251.6199951171875,251.6199951171875,251.6199951171875,0
2023-11-13,251.6300048828125,251.6300048828125,251.6300048828125,251.6300048828125,251.6300048828125,0
2023-11-14,253.61000061035156,253.61000061035156,253.61000061035156,253.61000061035156,253.61000061035156,0
2023-11-15,255.8300018310547,255.8300018310547,255.8300018310547,255.8300018310547,255.8300018310547,0
2023-11-16,252.6999969482422,252.6999969482422,252.6999969482422,252.6999969482422,252.6999969482422,0
2023-11-17,255.22999572753906,255.22999572753906,255.22999572753906,255.22999572753906,255.22999572753906,0
2023-11-20,258.42999267578125,258.42999267578125,258.42999267578125,258.42999267578125,258.42999267578125,0
2023-11-21,258.8500061035156,258.8500061035156,258.8500061035156,258.8500061035156,258.8500061035156,0
2023-11-22,258.95001220703125,258.95001220703125,258.95001220703125,258.95001220703125,258.95001220703125,0
2023-11-24,263.3800048828125,263.3800048828125,263.3800048828125,263.3800048828125,263.3800048828125,0
2023-11-27,262.69000244140625,262.69000244140625,262.69000244140625,262.69000244140625,262.69000244140625,0
2023-11-28,260.5299987792969,260.5299987792969,260.5299987792969,260.5299987792969,260.5299987792969,0
2023-11-29,257.260009765625,257.260009765625,257.260009765625,257.260009765625,257.260009765625,0
2023-11-30,258.239990234375,258.239990234375,258.239990234375,258.239990234375,258.239990234375,0
2023-12-01,262.760009765625,262.760009765625,262.760009765625,262.760009765625,262.760009765625,0
2023-12-04,263.7200012207031,263.7200012207031,263.7200012207031,263.7200012207031,263.7200012207031,0
2023-12-05,259.04998779296875,259.04998779296875,259.04998779296875,259.04998779296875,259.04998779296875,0
2023-12-06,257.760009765625,257.760009765625,257.760009765625,257.760009765625,257.760009765625,0
2023-12-07,253.2100067138672,253.2100067138672,253.2100067138672,253.2100067138672,253.2100067138672,0
2023-12-08,253.50999450683594,253.50999450683594,253.50999450683594,253.50999450683594,253.50999450683594,0
2023-12-11,251.66000366210938,251.66000366210938,251.66000366210938,251.66000366210938,251.66000366210938,0
2023-12-12,251.25,251.25,251.25,251.25,251.25,0
2023-12-13,250.1300048828125,250.1300048828125,250.1300048828125,250.1300048828125,250.1300048828125,0
2023-12-14,255.75,255.75,255.75,255.75,255.75,0
2023-12-15,265.6099853515625,265.6099853515625,265.6099853515625,265.6099853515625,265.6099853515625,0
2023-12-18,277.42999267578125,277.42999267578125,277.42999267578125,277.42999267578125,277.42999267578125,0
2023-12-19,279.6400146484375,279.6400146484375,279.6400146484375,279.6400146484375,279.6400146484375,0
2023-12-20,283.2699890136719,283.2699890136719,283.2699890136719,283.2699890136719,283.2699890136719,0
2023-12-21,286.6499938964844,286.6499938964844,286.6499938964844,286.6499938964844,286.6499938964844,0
2023-12-22,293.3699951171875,293.3699951171875,293.3699951171875,293.3699951171875,293.3699951171875,0
2023-12-27,286.5400085449219,286.5400085449219,286.5400085449219,286.5400085449219,286.5400085449219,0
2023-12-28,283.92999267578125,283.92999267578125,283.92999267578125,283.92999267578125,283.92999267578125,0
2023-12-29,283.6099853515625,283.6099853515625,283.6099853515625,283.6099853515625,283.6099853515625,0
2024-01-02,287.9800109863281,287.9800109863281,287.9800109863281,287.9800109863281,287.9800109863281,0
2024-01-03,291.989990234375,291.989990234375,291.989990234375,291.989990234375,291.989990234375,0
2024-01-04,301.6499938964844,301.6499938964844,301.6499938964844,301.6499938964844,301.6499938964844,0
2024-01-05,304.6099853515625,304.6099853515625,304.6099853515625,304.6099853515625,304.6099853515625,0
2024-01-08,299.239990234375,299.239990234375,299.239990234375,299.239990234375,299.239990234375,0
2024-01-09,293.42999267578125,293.42999267578125,293.42999267578125,293.42999267578125,293.42999267578125,0
2024-01-10,290.3599853515625,290.3599853515625,290.3599853515625,290.3599853515625,290.3599853515625,0
2024-01-11,289.7900085449219,289.7900085449219,289.7900085449219,289.7900085449219,289.7900085449219,0
2024-01-12,296.79998779296875,296.79998779296875,296.79998779296875,296.79998779296875,296.79998779296875,0
2024-01-16,298.4100036621094,298.4100036621094,298.4100036621094,298.4100036621094,298.4100036621094,0
2024-01-17,297.5400085449219,297.5400085449219,297.5400085449219,297.5400085449219,297.5400085449219,0
2024-01-18,299.3999938964844,299.3999938964844,299.3999938964844,299.3999938964844,299.3999938964844,0
2024-01-19,298.3800048828125,298.3800048828125,298.3800048828125,298.3800048828125,298.3800048828125,0
2024-01-22,296.9200134277344,296.9200134277344,296.9200134277344,296.9200134277344,296.9200134277344,0
2024-01-23,297.6600036621094,297.6600036621094,297.6600036621094,297.6600036621094,297.6600036621094,0
2024-01-24,302.6400146484375,302.6400146484375,302.6400146484375,302.6400146484375,302.6400146484375,0
2024-01-25,301.92999267578125,301.92999267578125,301.92999267578125,301.92999267578125,301.92999267578125,0
2024-01-26,301.25,301.25,301.25,301.25,301.25,0
2024-01-29,299.69000244140625,299.69000244140625,299.69000244140625,299.69000244140625,299.69000244140625,0
2024-01-30,301.5299987792969,301.5299987792969,301.5299987792969,301.5299987792969,301.5299987792969,0
2024-01-31,299.2200012207031,299.2200012207031,299.2200012207031,299.2200012207031,299.2200012207031,0
2024-02-01,296.4200134277344,296.4200134277344,296.4200134277344,296.4200134277344,296.4200134277344,0
2024-02-02,291.5299987792969,291.5299987792969,291.5299987792969,291.5299987792969,291.5299987792969,0
2024-02-05,289.8599853515625,289.8599853515625,289.8599853515625,289.8599853515625,289.8599853515625,0
2024-02-06,293.3999938964844,293.3999938964844,293.3999938964844,293.3999938964844,293.3999938964844,0
2024-02-07,297.3699951171875,297.3699951171875,297.3699951171875,297.3699951171875,297.3699951171875,0
2024-02-08,294.20001220703125,294.20001220703125,294.20001220703125,294.20001220703125,294.20001220703125,0
2024-02-09,288.9200134277344,288.9200134277344,288.9200134277344,288.9200134277344,288.9200134277344,0
2024-02-12,292.79998779296875,292.79998779296875,292.79998779296875,292.79998779296875,292.79998779296875,0
2024-02-13,289.989990234375,289.989990234375,289.989990234375,289.989990234375,289.989990234375,0
2024-02-14,293.239990234375,293.239990234375,293.239990234375,293.239990234375,293.239990234375,0
2024-02-15,294.3399963378906,294.3399963378906,294.3399963378906,294.3399963378906,294.3399963378906,0
2024-02-16,296.2300109863281,296.2300109863281,296.2300109863281,296.2300109863281,296.2300109863281,0
2024-02-20,294.75,294.75,294.75,294.75,294.75,0
2024-02-21,297.5299987792969,297.5299987792969,297.5299987792969,297.5299987792969,297.5299987792969,0
2024-02-22,299.5199890136719,299.5199890136719,299.5199890136719,299.5199890136719,299.5199890136719,0
2024-02-23,299.3999938964844,299.3999938964844,299.3999938964844,299.3999938964844,299.3999938964844,0
2024-02-26,298.6600036621094,298.6600036621094,298.6600036621094,298.6600036621094,298.6600036621094,0
2024-02-27,293.79998779296875,293.79998779296875,293.79998779296875,293.79998779296875,293.79998779296875,0
2024-02-28,294.0299987792969,294.0299987792969,294.0299987792969,294.0299987792969,294.0299987792969,0
2024-02-29,295.7099914550781,295.7099914550781,295.7099914550781,295.7099914550781,295.7099914550781,0
2024-03-01,298.6499938964844,298.6499938964844,298.6499938964844,298.6499938964844,298.6499938964844,0
2024-03-04,293.8500061035156,293.8500061035156,293.8500061035156,293.8500061035156,293.8500061035156,0
2024-03-05,293.4599914550781,293.4599914550781,293.4599914550781,293.4599914550781,293.4599914550781,0
2024-03-06,292.6099853515625,292.6099853515625,292.6099853515625,292.6099853515625,292.6099853515625,0
2024-03-07,293.2699890136719,293.2699890136719,293.2699890136719,293.2699890136719,293.2699890136719,0
2024-03-08,296.7799987792969,296.7799987792969,296.7799987792969,296.7799987792969,296.7799987792969,0
2024-03-11,294.6099853515625,294.6099853515625,294.6099853515625,294.6099853515625,294.6099853515625,0
2024-03-12,296.8900146484375,296.8900146484375,296.8900146484375,296.8900146484375,296.8900146484375,0
2024-03-13,295.4800109863281,295.4800109863281,295.4800109863281,295.4800109863281,295.4800109863281,0
2024-03-14,295.19000244140625,295.19000244140625,295.19000244140625,295.19000244140625,295.19000244140625,0
2024-03-15,292.6300048828125,292.6300048828125,292.6300048828125,292.6300048828125,292.6300048828125,0
2024-03-18,291.20001220703125,291.20001220703125,291.20001220703125,291.20001220703125,291.20001220703125,0
2024-03-19,287.8599853515625,287.8599853515625,287.8599853515625,287.8599853515625,287.8599853515625,0
2024-03-20,286.7099914550781,286.7099914550781,286.7099914550781,286.7099914550781,286.7099914550781,0
2024-03-21,290.7799987792969,290.7799987792969,290.7799987792969,290.7799987792969,290.7799987792969,0
2024-03-22,285.6700134277344,285.6700134277344,285.6700134277344,285.6700134277344,285.6700134277344,0
2024-03-25,284.44000244140625,284.44000244140625,284.44000244140625,284.44000244140625,284.44000244140625,0
2024-03-26,282.6199951171875,282.6199951171875,282.6199951171875,282.6199951171875,282.6199951171875,0
2024-03-27,285.94000244140625,285.94000244140625,285.94000244140625,285.94000244140625,285.94000244140625,0
2024-03-28,286.3800048828125,286.3800048828125,286.3800048828125,286.3800048828125,286.3800048828125,0
2024-04-02,287.8999938964844,287.8999938964844,287.8999938964844,287.8999938964844,287.8999938964844,0
2024-04-03,294.30999755859375,294.30999755859375,294.30999755859375,294.30999755859375,294.30999755859375,0
2024-04-04,293.2799987792969,293.2799987792969,293.2799987792969,293.2799987792969,293.2799987792969,0
2024-04-05,291.2900085449219,291.2900085449219,291.2900085449219,291.2900085449219,291.2900085449219,0
2024-04-08,290.8999938964844,290.8999938964844,290.8999938964844,290.8999938964844,290.8999938964844,0
2024-04-09,288.3999938964844,288.3999938964844,288.3999938964844,288.3999938964844,288.3999938964844,0
2024-04-10,290.6000061035156,290.6000061035156,290.6000061035156,290.6000061035156,290.6000061035156,0
2024-04-11,295.2099914550781,295.2099914550781,295.2099914550781,295.2099914550781,295.2099914550781,0
2024-04-12,292.9100036621094,292.9100036621094,292.9100036621094,292.9100036621094,292.9100036621094,0
2024-04-15,292.2900085449219,292.2900085449219,292.2900085449219,292.2900085449219,292.2900085449219,0
2024-04-16,287.0299987792969,287.0299987792969,287.0299987792969,287.0299987792969,287.0299987792969,0
2024-04-17,289.1499938964844,289.1499938964844,289.1499938964844,289.1499938964844,289.1499938964844,0
2024-04-18,287.4100036621094,287.4100036621094,287.4100036621094,287.4100036621094,287.4100036621094,0
2024-04-19,292.7200012207031,292.7200012207031,292.7200012207031,292.7200012207031,292.7200012207031,0
2024-04-22,296.239990234375,296.239990234375,296.239990234375,296.239990234375,296.239990234375,0
2024-04-23,298.30999755859375,298.30999755859375,298.30999755859375,298.30999755859375,298.30999755859375,0
2024-04-24,300.5,300.5,300.5,300.5,300.5,0
2024-04-25,302.07000732421875,302.07000732421875,302.07000732421875,302.07000732421875,302.07000732421875,0
2024-04-26,306.8399963378906,306.8399963378906,306.8399963378906,306.8399963378906,306.8399963378906,0
2024-04-29,310.0799865722656,310.0799865722656,310.0799865722656,310.0799865722656,310.0799865722656,0
2024-04-30,313.260009765625,313.260009765625,313.260009765625,313.260009765625,313.260009765625,0
2024-05-02,314.29998779296875,314.29998779296875,314.29998779296875,314.29998779296875,314.29998779296875,0
2024-05-03,318.1600036621094,318.1600036621094,318.1600036621094,318.1600036621094,318.1600036621094,0
2024-05-06,318.95001220703125,318.95001220703125,318.95001220703125,318.95001220703125,318.95001220703125,0
2024-05-07,323.9200134277344,323.9200134277344,323.9200134277344,323.9200134277344,323.9200134277344,0
2024-05-08,329.9700012207031,329.9700012207031,329.9700012207031,329.9700012207031,329.9700012207031,0
2024-05-09,337.5400085449219,337.5400085449219,337.5400085449219,337.5400085449219,337.5400085449219,0
2024-05-10,343.6400146484375,343.6400146484375,343.6400146484375,343.6400146484375,343.6400146484375,0
2024-05-13,349.44000244140625,349.44000244140625,349.44000244140625,349.44000244140625,349.44000244140625,0
2024-05-14,351.1099853515625,351.1099853515625,351.1099853515625,351.1099853515625,351.1099853515625,0
2024-05-15,351.7099914550781,351.7099914550781,351.7099914550781,351.7099914550781,351.7099914550781,0
2024-05-16,351.4100036621094,351.4100036621094,351.4100036621094,351.4100036621094,351.4100036621094,0
2024-05-17,352.1499938964844,352.1499938964844,352.1499938964844,352.1499938964844,352.1499938964844,0
2024-05-20,355.5,355.5,355.5,355.5,355.5,0
2024-05-21,356.95001220703125,356.95001220703125,356.95001220703125,356.95001220703125,356.95001220703125,0
2024-05-22,350.989990234375,350.989990234375,350.989990234375,350.989990234375,350.989990234375,0
2024-05-23,351.9800109863281,351.9800109863281,351.9800109863281,351.9800109863281,351.9800109863281,0
2024-05-24,358.1300048828125,358.1300048828125,358.1300048828125,358.1300048828125,358.1300048828125,0
2024-05-28,368.1400146484375,368.1400146484375,368.1400146484375,368.1400146484375,368.1400146484375,0
2024-05-29,365.1400146484375,365.1400146484375,365.1400146484375,365.1400146484375,365.1400146484375,0
2024-05-30,364.1499938964844,364.1499938964844,364.1499938964844,364.1499938964844,364.1499938964844,0
2024-05-31,365.8800048828125,365.8800048828125,365.8800048828125,365.8800048828125,365.8800048828125,0
2024-06-03,369.2200012207031,369.2200012207031,369.2200012207031,369.2200012207031,369.2200012207031,0
2024-06-04,366.05999755859375,366.05999755859375,366.05999755859375,366.05999755859375,366.05999755859375,0
2024-06-05,366.57000732421875,366.57000732421875,366.57000732421875,366.57000732421875,366.57000732421875,0
2024-06-06,364.42999267578125,364.42999267578125,364.42999267578125,364.42999267578125,364.42999267578125,0
2024-06-07,364.239990234375,364.239990234375,364.239990234375,364.239990234375,364.239990234375,0
2024-06-10,363.79998779296875,363.79998779296875,363.79998779296875,363.79998779296875,363.79998779296875,0
2024-06-11,346.29998779296875,346.29998779296875,346.29998779296875,346.29998779296875,346.29998779296875,0
2024-06-12,349.0,349.0,349.0,349.0,349.0,0
2024-06-13,343.2300109863281,343.2300109863281,343.2300109863281,343.2300109863281,343.2300109863281,0
2024-06-14,340.8900146484375,340.8900146484375,340.8900146484375,340.8900146484375,340.8900146484375,0
2024-06-17,340.8999938964844,340.8999938964844,340.8999938964844,340.8999938964844,340.8999938964844,0
2024-06-18,347.9800109863281,347.9800109863281,347.9800109863281,347.9800109863281,347.9800109863281,0
2024-06-20,356.0400085449219,356.0400085449219,356.0400085449219,356.0400085449219,356.0400085449219,0
2024-06-21,354.67999267578125,354.67999267578125,354.67999267578125,354.67999267578125,354.67999267578125,0
2024-06-24,357.30999755859375,357.30999755859375,357.30999755859375,357.30999755859375,357.30999755859375,0
2024-06-25,357.0,357.0,357.0,357.0,357.0,0
2024-06-26,358.6300048828125,358.6300048828125,358.6300048828125,358.6300048828125,358.6300048828125,0
2024-06-27,357.6600036621094,357.6600036621094,357.6600036621094,357.6600036621094,357.6600036621094,0
2024-06-28,359.989990234375,359.989990234375,359.989990234375,359.989990234375,359.989990234375,0
2024-07-01,360.9100036621094,360.9100036621094,360.9100036621094,360.9100036621094,360.9100036621094,0
2024-07-02,366.54998779296875,366.54998779296875,366.54998779296875,366.54998779296875,366.54998779296875,0
2024-07-03,369.6700134277344,369.6700134277344,369.6700134277344,369.6700134277344,369.6700134277344,0
2024-07-05,358.45001220703125,358.45001220703125,358.45001220703125,358.45001220703125,358.45001220703125,0
2024-07-08,344.510009765625,344.510009765625,344.510009765625,344.510009765625,344.510009765625,0
2024-07-09,342.3299865722656,342.3299865722656,342.3299865722656,342.3299865722656,342.3299865722656,0
2024-07-10,342.8500061035156,342.8500061035156,342.8500061035156,342.8500061035156,342.8500061035156,0
2024-07-11,339.80999755859375,339.80999755859375,339.80999755859375,339.80999755859375,339.80999755859375,0
2024-07-12,334.2699890136719,334.2699890136719,334.2699890136719,334.2699890136719,334.2699890136719,0
2024-07-15,334.6000061035156,334.6000061035156,334.6000061035156,334.6000061035156,334.6000061035156,0
2024-07-16,335.8299865722656,335.8299865722656,335.8299865722656,335.8299865722656,335.8299865722656,0
2024-07-17,334.6300048828125,334.6300048828125,334.6300048828125,334.6300048828125,334.6300048828125,0
2024-07-18,332.6199951171875,332.6199951171875,332.6199951171875,332.6199951171875,332.6199951171875,0
2024-07-19,326.010009765625,326.010009765625,326.010009765625,326.010009765625,326.010009765625,0
2024-07-22,331.8399963378906,331.8399963378906,331.8399963378906,331.8399963378906,331.8399963378906,0
2024-07-23,333.4200134277344,333.4200134277344,333.4200134277344,333.4200134277344,333.4200134277344,0
2024-07-24,328.1400146484375,328.1400146484375,328.1400146484375,328.1400146484375,328.1400146484375,0
2024-07-25,323.6600036621094,323.6600036621094,323.6600036621094,323.6600036621094,323.6600036621094,0
2024-07-26,323.2799987792969,323.2799987792969,323.2799987792969,323.2799987792969,323.2799987792969,0
2024-07-29,329.1499938964844,329.1499938964844,329.1499938964844,329.1499938964844,329.1499938964844,0
2024-07-30,328.3299865722656,328.3299865722656,328.3299865722656,328.3299865722656,328.3299865722656,0
2024-07-31,336.30999755859375,336.30999755859375,336.30999755859375,336.30999755859375,336.30999755859375,0
2024-08-01,333.9200134277344,333.9200134277344,333.9200134277344,333.9200134277344,333.9200134277344,0
2024-08-02,323.6199951171875,323.6199951171875,323.6199951171875,323.6199951171875,323.6199951171875,0
2024-08-05,308.0799865722656,308.0799865722656,308.0799865722656,308.0799865722656,308.0799865722656,0
2024-08-06,316.7099914550781,316.7099914550781,316.7099914550781,316.7099914550781,316.7099914550781,0
2024-08-07,316.42999267578125,316.42999267578125,316.42999267578125,316.42999267578125,316.42999267578125,0
2024-08-08,314.4100036621094,314.4100036621094,314.4100036621094,314.4100036621094,314.4100036621094,0
2024-08-09,315.8699951171875,315.8699951171875,315.8699951171875,315.8699951171875,315.8699951171875,0
2024-08-12,320.7900085449219,320.7900085449219,320.7900085449219,320.7900085449219,320.7900085449219,0
2024-08-13,322.739990234375,322.739990234375,322.739990234375,322.739990234375,322.739990234375,0
2024-08-14,324.9700012207031,324.9700012207031,324.9700012207031,324.9700012207031,324.9700012207031,0
2024-08-15,327.6600036621094,327.6600036621094,327.6600036621094,327.6600036621094,327.6600036621094,0
2024-08-16,329.1499938964844,329.1499938964844,329.1499938964844,329.1499938964844,329.1499938964844,0
2024-08-19,331.1000061035156,331.1000061035156,331.1000061035156,331.1000061035156,331.1000061035156,0
2024-08-20,327.79998779296875,327.79998779296875,327.79998779296875,327.79998779296875,327.79998779296875,0
2024-08-21,329.0,329.0,329.0,329.0,329.0,0
2024-08-22,329.29998779296875,329.29998779296875,329.29998779296875,329.29998779296875,329.29998779296875,0
2024-08-23,328.6300048828125,328.6300048828125,328.6300048828125,328.6300048828125,328.6300048828125,0
2024-08-26,330.05999755859375,330.05999755859375,330.05999755859375,330.05999755859375,330.05999755859375,0
2024-08-27,331.1700134277344,331.1700134277344,331.1700134277344,331.1700134277344,331.1700134277344,0
2024-08-28,326.510009765625,326.510009765625,326.510009765625,326.510009765625,326.510009765625,0
2024-08-29,327.0199890136719,327.0199890136719,327.0199890136719,327.0199890136719,327.0199890136719,0
2024-08-30,330.8299865722656,330.8299865722656,330.8299865722656,330.8299865722656,330.8299865722656,0
2024-09-03,320.010009765625,320.010009765625,320.010009765625,320.010009765625,320.010009765625,0
2024-09-04,318.8900146484375,318.8900146484375,318.8900146484375,318.8900146484375,318.8900146484375,0
2024-09-05,316.19000244140625,316.19000244140625,316.19000244140625,316.19000244140625,316.19000244140625,0
2024-09-06,314.17999267578125,314.17999267578125,314.17999267578125,314.17999267578125,314.17999267578125,0
2024-09-09,310.1000061035156,310.1000061035156,310.1000061035156,310.1000061035156,310.1000061035156,0
2024-09-10,306.989990234375,306.989990234375,306.989990234375,306.989990234375,306.989990234375,0
2024-09-11,309.6199951171875,309.6199951171875,309.6199951171875,309.6199951171875,309.6199951171875,0
2024-09-12,317.20001220703125,317.20001220703125,317.20001220703125,317.20001220703125,317.20001220703125,0
2024-09-13,322.0299987792969,322.0299987792969,322.0299987792969,322.0299987792969,322.0299987792969,0
2024-09-16,325.8299865722656,325.8299865722656,325.8299865722656,325.8299865722656,325.8299865722656,0
2024-09-17,329.2900085449219,329.2900085449219,329.2900085449219,329.2900085449219,329.2900085449219,0
2024-09-18,330.8699951171875,330.8699951171875,330.8699951171875,330.8699951171875,330.8699951171875,0
2024-09-19,339.010009765625,339.010009765625,339.010009765625,339.010009765625,339.010009765625,0
2024-09-20,336.239990234375,336.239990234375,336.239990234375,336.239990234375,336.239990234375,0
2024-09-23,339.7900085449219,339.7900085449219,339.7900085449219,339.7900085449219,339.7900085449219,0
2024-09-24,349.010009765625,349.010009765625,349.010009765625,349.010009765625,349.010009765625,0
2024-09-25,347.6000061035156,347.6000061035156,347.6000061035156,347.6000061035156,347.6000061035156,0
2024-09-26,353.1700134277344,353.1700134277344,353.1700134277344,353.1700134277344,353.1700134277344,0
2024-09-27,357.0899963378906,357.0899963378906,357.0899963378906,357.0899963378906,357.0899963378906,0
2024-09-30,357.05999755859375,357.05999755859375,357.05999755859375,357.05999755859375,357.05999755859375,0
2024-10-01,355.79998779296875,355.79998779296875,355.79998779296875,355.79998779296875,355.79998779296875,0
2024-10-02,358.3500061035156,358.3500061035156,358.3500061035156,358.3500061035156,358.3500061035156,0
2024-10-03,357.9599914550781,357.9599914550781,357.9599914550781,357.9599914550781,357.9599914550781,0
2024-10-04,343.75,343.75,343.75,343.75,343.75,0
2024-10-07,347.9100036621094,347.9100036621094,347.9100036621094,347.9100036621094,347.9100036621094,0
2024-10-08,341.19000244140625,341.19000244140625,341.19000244140625,341.19000244140625,341.19000244140625,0
2024-10-09,333.92999267578125,333.92999267578125,333.92999267578125,333.92999267578125,333.92999267578125,0
2024-10-10,337.70001220703125,337.70001220703125,337.70001220703125,337.70001220703125,337.70001220703125,0
2024-10-11,339.010009765625,339.010009765625,339.010009765625,339.010009765625,339.010009765625,0
2024-10-14,337.8999938964844,337.8999938964844,337.8999938964844,337.8999938964844,337.8999938964844,0
2024-10-15,329.44000244140625,329.44000244140625,329.44000244140625,329.44000244140625,329.44000244140625,0
2024-10-16,331.4599914550781,331.4599914550781,331.4599914550781,331.4599914550781,331.4599914550781,0
2024-10-17,330.94000244140625,330.94000244140625,330.94000244140625,330.94000244140625,330.94000244140625,0
2024-10-18,335.3299865722656,335.3299865722656,335.3299865722656,335.3299865722656,335.3299865722656,0
2024-10-21,335.9599914550781,335.9599914550781,335.9599914550781,335.9599914550781,335.9599914550781,0
2024-10-22,335.17999267578125,335.17999267578125,335.17999267578125,335.17999267578125,335.17999267578125,0
2024-10-23,326.0400085449219,326.0400085449219,326.0400085449219,326.0400085449219,326.0400085449219,0
2024-10-24,325.2799987792969,325.2799987792969,325.2799987792969,325.2799987792969,325.2799987792969,0
2024-10-25,325.3999938964844,325.3999938964844,325.3999938964844,325.3999938964844,325.3999938964844,0
2024-10-28,323.55999755859375,323.55999755859375,323.55999755859375,323.55999755859375,323.55999755859375,0
2024-10-29,322.7699890136719,322.7699890136719,322.7699890136719,322.7699890136719,322.7699890136719,0
2024-10-30,315.2799987792969,315.2799987792969,315.2799987792969,315.2799987792969,315.2799987792969,0
2024-10-31,321.2300109863281,321.2300109863281,321.2300109863281,321.2300109863281,321.2300109863281,0
2024-11-01,323.80999755859375,323.80999755859375,323.80999755859375,323.80999755859375,323.80999755859375,0
2024-11-04,325.260009765625,325.260009765625,325.260009765625,325.260009765625,325.260009765625,0
2024-11-05,328.4200134277344,328.4200134277344,328.4200134277344,328.4200134277344,328.4200134277344,0
2024-11-06,321.3299865722656,321.3299865722656,321.3299865722656,321.3299865722656,321.3299865722656,0
2024-11-07,327.19000244140625,327.19000244140625,327.19000244140625,327.19000244140625,327.19000244140625,0
2024-11-08,324.17999267578125,324.17999267578125,324.17999267578125,324.17999267578125,324.17999267578125,0
2024-11-11,320.2900085449219,320.2900085449219,320.2900085449219,320.2900085449219,320.2900085449219,0
2024-11-12,316.7699890136719,316.7699890136719,316.7699890136719,316.7699890136719,316.7699890136719,0
2024-11-13,321.7799987792969,321.7799987792969,321.7799987792969,321.7799987792969,321.7799987792969,0
2024-11-14,324.20001220703125,324.20001220703125,324.20001220703125,324.20001220703125,324.20001220703125,0
2024-11-15,323.989990234375,323.989990234375,323.989990234375,323.989990234375,323.989990234375,0
2024-11-18,328.7300109863281,328.7300109863281,328.7300109863281,328.7300109863281,328.7300109863281,0
2024-11-19,329.94000244140625,329.94000244140625,329.94000244140625,329.94000244140625,329.94000244140625,0
2024-11-20,328.6600036621094,328.6600036621094,328.6600036621094,328.6600036621094,328.6600036621094,0
2024-11-21,323.9599914550781,323.9599914550781,323.9599914550781,323.9599914550781,323.9599914550781,0
2024-11-22,321.6000061035156,321.6000061035156,321.6000061035156,321.6000061035156,321.6000061035156,0
2024-11-25,317.2799987792969,317.2799987792969,317.2799987792969,317.2799987792969,317.2799987792969,0
2024-11-26,311.8500061035156,311.8500061035156,311.8500061035156,311.8500061035156,311.8500061035156,0
2024-11-27,307.5899963378906,307.5899963378906,307.5899963378906,307.5899963378906,307.5899963378906,0
2024-11-29,306.1400146484375,306.1400146484375,306.1400146484375,306.1400146484375,306.1400146484375,0
2024-12-02,305.8900146484375,305.8900146484375,305.8900146484375,305.8900146484375,305.8900146484375,0
2024-12-03,312.260009765625,312.260009765625,312.260009765625,312.260009765625,312.260009765625,0
2024-12-04,308.7200012207031,308.7200012207031,308.7200012207031,308.7200012207031,308.7200012207031,0
2024-12-05,309.04998779296875,309.04998779296875,309.04998779296875,309.04998779296875,309.04998779296875,0
2024-12-06,305.2699890136719,305.2699890136719,305.2699890136719,305.2699890136719,305.2699890136719,0
2024-12-09,305.760009765625,305.760009765625,305.760009765625,305.760009765625,305.760009765625,0
2024-12-10,305.3299865722656,305.3299865722656,305.3299865722656,305.3299865722656,305.3299865722656,0
2024-12-11,301.19000244140625,301.19000244140625,301.19000244140625,301.19000244140625,301.19000244140625,0
2024-12-12,300.010009765625,300.010009765625,300.010009765625,300.010009765625,300.010009765625,0
2024-12-13,302.9200134277344,302.9200134277344,302.9200134277344,302.9200134277344,302.9200134277344,0
2024-12-16,298.19000244140625,298.19000244140625,298.19000244140625,298.19000244140625,298.19000244140625,0
2024-12-17,292.6700134277344,292.6700134277344,292.6700134277344,292.6700134277344,292.6700134277344,0
2024-12-18,293.5199890136719,293.5199890136719,293.5199890136719,293.5199890136719,293.5199890136719,0
2024-12-19,288.989990234375,288.989990234375,288.989990234375,288.989990234375,288.989990234375,0
2024-12-20,288.55999755859375,288.55999755859375,288.55999755859375,288.55999755859375,288.55999755859375,0
2024-12-23,296.69000244140625,296.69000244140625,296.69000244140625,296.69000244140625,296.69000244140625,0
2024-12-27,302.9200134277344,302.9200134277344,302.9200134277344,302.9200134277344,302.9200134277344,0
2024-12-30,302.760009765625,302.760009765625,302.760009765625,302.760009765625,302.760009765625,0
2025-01-02,311.6199951171875,311.6199951171875,311.6199951171875,311.6199951171875,311.6199951171875,0
2025-01-03,309.7900085449219,309.7900085449219,309.7900085449219,309.7900085449219,309.7900085449219,0
2025-01-06,308.7200012207031,308.7200012207031,308.7200012207031,308.7200012207031,308.7200012207031,0
2025-01-07,310.70001220703125,310.70001220703125,310.70001220703125,310.70001220703125,310.70001220703125,0
2025-01-08,309.1600036621094,309.1600036621094,309.1600036621094,309.1600036621094,309.1600036621094,0
2025-01-10,308.57000732421875,308.57000732421875,308.57000732421875,308.57000732421875,308.57000732421875,0
2025-01-13,310.70001220703125,310.70001220703125,310.70001220703125,310.70001220703125,310.70001220703125,0
2025-01-14,311.739990234375,311.739990234375,311.739990234375,311.739990234375,311.739990234375,0
2025-01-15,312.9599914550781,312.9599914550781,312.9599914550781,312.9599914550781,312.9599914550781,0
2025-01-16,305.3999938964844,305.3999938964844,305.3999938964844,305.3999938964844,305.3999938964844,0
2025-01-17,299.2099914550781,299.2099914550781,299.2099914550781,299.2099914550781,299.2099914550781,0
2025-01-21,293.3299865722656,293.3299865722656,293.3299865722656,293.3299865722656,293.3299865722656,0
2025-01-22,292.92999267578125,292.92999267578125,292.92999267578125,292.92999267578125,292.92999267578125,0
2025-01-23,295.510009765625,295.510009765625,295.510009765625,295.510009765625,295.510009765625,0
2025-01-24,292.1700134277344,292.1700134277344,292.1700134277344,292.1700134277344,292.1700134277344,0
2025-01-27,294.17999267578125,294.17999267578125,294.17999267578125,294.17999267578125,294.17999267578125,0
2025-01-28,292.75,292.75,292.75,292.75,292.75,0
2025-01-29,296.7300109863281,296.7300109863281,296.7300109863281,296.7300109863281,296.7300109863281,0
2025-01-30,299.8399963378906,299.8399963378906,299.8399963378906,299.8399963378906,299.8399963378906,0
2025-01-31,299.20001220703125,299.20001220703125,299.20001220703125,299.20001220703125,299.20001220703125,0
2025-02-03,294.7099914550781,294.7099914550781,294.7099914550781,294.7099914550781,294.7099914550781,0
2025-02-04,302.30999755859375,302.30999755859375,302.30999755859375,302.30999755859375,302.30999755859375,0
2025-02-05,304.3900146484375,304.3900146484375,304.3900146484375,304.3900146484375,304.3900146484375,0
2025-02-06,302.70001220703125,302.70001220703125,302.70001220703125,302.70001220703125,302.70001220703125,0
2025-02-07,302.6499938964844,302.6499938964844,302.6499938964844,302.6499938964844,302.6499938964844,0
2025-02-10,304.2799987792969,304.2799987792969,304.2799987792969,304.2799987792969,304.2799987792969,0
2025-02-11,308.6700134277344,308.6700134277344,308.6700134277344,308.6700134277344,308.6700134277344,0
2025-02-12,308.0199890136719,308.0199890136719,308.0199890136719,308.0199890136719,308.0199890136719,0
2025-02-13,304.4200134277344,304.4200134277344,304.4200134277344,304.4200134277344,304.4200134277344,0
2025-02-14,305.7699890136719,305.7699890136719,305.7699890136719,305.7699890136719,305.7699890136719,0
2025-02-18,306.1600036621094,306.1600036621094,306.1600036621094,306.1600036621094,306.1600036621094,0
2025-02-19,303.92999267578125,303.92999267578125,303.92999267578125,303.92999267578125,303.92999267578125,0
2025-02-20,302.92999267578125,302.92999267578125,302.92999267578125,302.92999267578125,302.92999267578125,0
2025-02-21,300.2099914550781,300.2099914550781,300.2099914550781,300.2099914550781,300.2099914550781,0
2025-02-24,301.05999755859375,301.05999755859375,301.05999755859375,301.05999755859375,301.05999755859375,0
2025-02-25,300.57000732421875,300.57000732421875,300.57000732421875,300.57000732421875,300.57000732421875,0
2025-02-26,301.1700134277344,301.1700134277344,301.1700134277344,301.1700134277344,301.1700134277344,0
2025-02-27,295.20001220703125,295.20001220703125,295.20001220703125,295.20001220703125,295.20001220703125,0
2025-02-28,293.4200134277344,293.4200134277344,293.4200134277344,293.4200134277344,293.4200134277344,0
2025-03-03,292.1600036621094,292.1600036621094,292.1600036621094,292.1600036621094,292.1600036621094,0
2025-03-04,292.4800109863281,292.4800109863281,292.4800109863281,292.4800109863281,292.4800109863281,0
2025-03-05,294.45001220703125,294.45001220703125,294.45001220703125,294.45001220703125,294.45001220703125,0
2025-03-06,297.9800109863281,297.9800109863281,297.9800109863281,297.9800109863281,297.9800109863281,0
2025-03-07,300.67999267578125,300.67999267578125,300.67999267578125,300.67999267578125,300.67999267578125,0
2025-03-10,299.1600036621094,299.1600036621094,299.1600036621094,299.1600036621094,299.1600036621094,0
2025-03-11,297.1499938964844,297.1499938964844,297.1499938964844,297.1499938964844,297.1499938964844,0
2025-03-12,297.9200134277344,297.9200134277344,297.9200134277344,297.9200134277344,297.9200134277344,0
2025-03-13,296.45001220703125,296.45001220703125,296.45001220703125,296.45001220703125,296.45001220703125,0
2025-03-14,295.2300109863281,295.2300109863281,295.2300109863281,295.2300109863281,295.2300109863281,0
2025-03-17,300.4599914550781,300.4599914550781,300.4599914550781,300.4599914550781,300.4599914550781,0
2025-03-18,300.7699890136719,300.7699890136719,300.7699890136719,300.7699890136719,300.7699890136719,0
2025-03-19,304.3500061035156,304.3500061035156,304.3500061035156,304.3500061035156,304.3500061035156,0
2025-03-20,304.0899963378906,304.0899963378906,304.0899963378906,304.0899963378906,304.0899963378906,0
2025-03-21,298.4599914550781,298.4599914550781,298.4599914550781,298.4599914550781,298.4599914550781,0
2025-03-24,302.5899963378906,302.5899963378906,302.5899963378906,302.5899963378906,302.5899963378906,0
2025-03-25,302.3299865722656,302.3299865722656,302.3299865722656,302.3299865722656,302.3299865722656,0
2025-03-26,301.239990234375,301.239990234375,301.239990234375,301.239990234375,301.239990234375,0
2025-03-27,296.70001220703125,296.70001220703125,296.70001220703125,296.70001220703125,296.70001220703125,0
2025-03-28,295.9800109863281,295.9800109863281,295.9800109863281,295.9800109863281,295.9800109863281,0
2025-03-31,291.67999267578125,291.67999267578125,291.67999267578125,291.67999267578125,291.67999267578125,0
2025-04-01,296.0799865722656,296.0799865722656,296.0799865722656,296.0799865722656,296.0799865722656,0
2025-04-02,295.3900146484375,295.3900146484375,295.3900146484375,295.3900146484375,295.3900146484375,0
2025-04-03,277.4800109863281,277.4800109863281,277.4800109863281,277.4800109863281,277.4800109863281,0
2025-04-04,261.3800048828125,261.3800048828125,261.3800048828125,261.3800048828125,261.3800048828125,0
2025-04-07,257.3999938964844,257.3999938964844,257.3999938964844,257.3999938964844,257.3999938964844,0
2025-04-08,254.1999969482422,254.1999969482422,254.1999969482422,254.1999969482422,254.1999969482422,0
2025-04-09,256.30999755859375,256.30999755859375,256.30999755859375,256.30999755859375,256.30999755859375,0
2025-04-10,264.1199951171875,264.1199951171875,264.1199951171875,264.1199951171875,264.1199951171875,0
2025-04-11,275.1400146484375,275.1400146484375,275.1400146484375,275.1400146484375,275.1400146484375,0
2025-04-14,278.3599853515625,278.3599853515625,278.3599853515625,278.3599853515625,278.3599853515625,0
2025-04-15,276.0299987792969,276.0299987792969,276.0299987792969,276.0299987792969,276.0299987792969,0
2025-04-16,273.8299865722656,273.8299865722656,273.8299865722656,273.8299865722656,273.8299865722656,0
2025-04-17,276.79998779296875,276.79998779296875,276.79998779296875,276.79998779296875,276.79998779296875,0
2025-04-22,274.489990234375,274.489990234375,274.489990234375,274.489990234375,274.489990234375,0
2025-04-23,282.19000244140625,282.19000244140625,282.19000244140625,282.19000244140625,282.19000244140625,0
2025-04-24,284.7799987792969,284.7799987792969,284.7799987792969,284.7799987792969,284.7799987792969,0
2025-04-25,288.8599853515625,288.8599853515625,288.8599853515625,288.8599853515625,288.8599853515625,0
2025-04-28,290.4599914550781,290.4599914550781,290.4599914550781,290.4599914550781,290.4599914550781,0
2025-04-29,293.6300048828125,293.6300048828125,293.6300048828125,293.6300048828125,293.6300048828125,0
2025-04-30,292.32000732421875,292.32000732421875,292.32000732421875,292.32000732421875,292.32000732421875,0
2025-05-02,296.8800048828125,296.8800048828125,296.8800048828125,296.8800048828125,296.8800048828125,0
2025-05-05,298.79998779296875,298.79998779296875,298.79998779296875,298.79998779296875,298.79998779296875,0
2025-05-06,296.739990234375,296.739990234375,296.739990234375,296.739990234375,296.739990234375,0
2025-05-07,296.2300109863281,296.2300109863281,296.2300109863281,296.2300109863281,296.2300109863281,0
2025-05-08,295.5400085449219,295.5400085449219,295.5400085449219,295.5400085449219,295.5400085449219,0
2025-05-09,297.57000732421875,297.57000732421875,297.57000732421875,297.57000732421875,297.57000732421875,0
2025-05-12,310.95001220703125,310.95001220703125,310.95001220703125,310.95001220703125,310.95001220703125,0
2025-05-13,317.82000732421875,317.82000732421875,317.82000732421875,317.82000732421875,317.82000732421875,0
2025-05-14,325.2099914550781,325.2099914550781,325.2099914550781,325.2099914550781,325.2099914550781,0
2025-05-15,326.8999938964844,326.8999938964844,326.8999938964844,326.8999938964844,326.8999938964844,0
2025-05-16,332.4800109863281,332.4800109863281,332.4800109863281,332.4800109863281,332.4800109863281,0
2025-05-19,332.1000061035156,332.1000061035156,332.1000061035156,332.1000061035156,332.1000061035156,0
2025-05-20,331.7200012207031,331.7200012207031,331.7200012207031,331.7200012207031,331.7200012207031,0
2025-05-21,330.6300048828125,330.6300048828125,330.6300048828125,330.6300048828125,330.6300048828125,0
2025-05-22,326.5299987792969,326.5299987792969,326.5299987792969,326.5299987792969,326.5299987792969,0
2025-05-23,329.2799987792969,329.2799987792969,329.2799987792969,329.2799987792969,329.2799987792969,0
2025-05-27,328.8699951171875,328.8699951171875,328.8699951171875,328.8699951171875,328.8699951171875,0
2025-05-28,323.989990234375,323.989990234375,323.989990234375,323.989990234375,323.989990234375,0
2025-05-29,325.3399963378906,325.3399963378906,325.3399963378906,325.3399963378906,325.3399963378906,0
2025-05-30,326.8999938964844,326.8999938964844,326.8999938964844,326.8999938964844,326.8999938964844,0
2025-06-02,330.0799865722656,330.0799865722656,330.0799865722656,330.0799865722656,330.0799865722656,0
2025-06-03,328.04998779296875,328.04998779296875,328.04998779296875,328.04998779296875,328.04998779296875,0
2025-06-04,330.07000732421875,330.07000732421875,330.07000732421875,330.07000732421875,330.07000732421875,0
2025-06-05,326.5899963378906,326.5899963378906,326.5899963378906,326.5899963378906,326.5899963378906,0
2025-06-06,327.6300048828125,327.6300048828125,327.6300048828125,327.6300048828125,327.6300048828125,0
2025-06-09,328.3399963378906,328.3399963378906,328.3399963378906,328.3399963378906,328.3399963378906,0
2025-06-10,328.739990234375,328.739990234375,328.739990234375,328.739990234375,328.739990234375,0
2025-06-11,332.3599853515625,332.3599853515625,332.3599853515625,332.3599853515625,332.3599853515625,0
2025-06-12,335.510009765625,335.510009765625,335.510009765625,335.510009765625,335.510009765625,0
2025-06-13,344.9100036621094,344.9100036621094,344.9100036621094,344.9100036621094,344.9100036621094,0
2025-06-16,342.510009765625,342.510009765625,342.510009765625,342.510009765625,342.510009765625,0
2025-06-17,342.79998779296875,342.79998779296875,342.79998779296875,342.79998779296875,342.79998779296875,0
2025-06-18,342.0400085449219,342.0400085449219,342.0400085449219,342.0400085449219,342.0400085449219,0
2025-06-20,336.20001220703125,336.20001220703125,336.20001220703125,336.20001220703125,336.20001220703125,0
2025-06-23,337.7799987792969,337.7799987792969,337.7799987792969,337.7799987792969,337.7799987792969,0
2025-06-24,328.1499938964844,328.1499938964844,328.1499938964844,328.1499938964844,328.1499938964844,0
2025-06-25,327.5199890136719,327.5199890136719,327.5199890136719,327.5199890136719,327.5199890136719,0
2025-06-26,328.6300048828125,328.6300048828125,328.6300048828125,328.6300048828125,328.6300048828125,0
2025-06-27,327.6099853515625,327.6099853515625,327.6099853515625,327.6099853515625,327.6099853515625,0
2025-06-30,324.5400085449219,324.5400085449219,324.5400085449219,324.5400085449219,324.5400085449219,0
2025-07-01,324.6600036621094,324.6600036621094,324.6600036621094,324.6600036621094,324.6600036621094,0
2025-07-02,330.70001220703125,330.70001220703125,330.70001220703125,330.70001220703125,330.70001220703125,0
2025-07-03,334.5899963378906,334.5899963378906,334.5899963378906,334.5899963378906,334.5899963378906,0
2025-07-07,336.260009765625,336.260009765625,336.260009765625,336.260009765625,336.260009765625,0
2025-07-08,334.94000244140625,334.94000244140625,334.94000244140625,334.94000244140625,334.94000244140625,0
2025-07-09,333.45001220703125,333.45001220703125,333.45001220703125,333.45001220703125,333.45001220703125,0
2025-07-10,337.1600036621094,337.1600036621094,337.1600036621094,337.1600036621094,337.1600036621094,0
2025-07-11,342.4800109863281,342.4800109863281,342.4800109863281,342.4800109863281,342.4800109863281,0
2025-07-14,340.239990234375,340.239990234375,340.239990234375,340.239990234375,340.239990234375,0
2025-07-15,336.79998779296875,336.79998779296875,336.79998779296875,336.79998779296875,336.79998779296875,0
2025-07-16,336.7799987792969,336.7799987792969,336.7799987792969,336.7799987792969,336.7799987792969,0
2025-07-17,338.20001220703125,338.20001220703125,338.20001220703125,338.20001220703125,338.20001220703125,0
2025-07-18,339.2200012207031,339.2200012207031,339.2200012207031,339.2200012207031,339.2200012207031,0
2025-07-21,338.05999755859375,338.05999755859375,338.05999755859375,338.05999755859375,338.05999755859375,0
2025-07-22,342.55999755859375,342.55999755859375,342.55999755859375,342.55999755859375,342.55999755859375,0
2025-07-23,351.5899963378906,351.5899963378906,351.5899963378906,351.5899963378906,351.5899963378906,0
2025-07-24,353.6300048828125,353.6300048828125,353.6300048828125,353.6300048828125,353.6300048828125,0
2025-07-25,353.3299865722656,353.3299865722656,353.3299865722656,353.3299865722656,353.3299865722656,0
2025-07-28,353.3699951171875,353.3699951171875,353.3699951171875,353.3699951171875,353.3699951171875,0
2025-07-29,352.2300109863281,352.2300109863281,352.2300109863281,352.2300109863281,352.2300109863281,0
2025-07-30,349.0899963378906,349.0899963378906,349.0899963378906,349.0899963378906,349.0899963378906,0
2025-07-31,344.44000244140625,344.44000244140625,344.44000244140625,344.44000244140625,344.44000244140625,0
2025-08-01,342.9100036621094,342.9100036621094,342.9100036621094,342.9100036621094,342.9100036621094,0
2025-08-04,348.0799865722656,348.0799865722656,348.0799865722656,348.0799865722656,348.0799865722656,0
2025-08-05,355.0,355.0,355.0,355.0,355.0,0
2025-08-06,356.4800109863281,356.4800109863281,356.4800109863281,356.4800109863281,356.4800109863281,0
2025-08-07,357.2200012207031,357.2200012207031,357.2200012207031,357.2200012207031,357.2200012207031,0
2025-08-08,355.3999938964844,355.3999938964844,355.3999938964844,355.3999938964844,355.3999938964844,0
2025-08-11,350.69000244140625,350.69000244140625,350.69000244140625,350.69000244140625,350.69000244140625,0
2025-08-12,355.9800109863281,355.9800109863281,355.9800109863281,355.9800109863281,355.9800109863281,0
2025-08-13,358.80999755859375,358.80999755859375,358.80999755859375,358.80999755859375,358.80999755859375,0
2025-08-14,354.5299987792969,354.5299987792969,354.5299987792969,354.5299987792969,354.5299987792969,0
2025-08-15,352.8900146484375,352.8900146484375,352.8900146484375,352.8900146484375,352.8900146484375,0
2025-08-18,354.69000244140625,354.69000244140625,354.69000244140625,354.69000244140625,354.69000244140625,0
2025-08-19,353.4200134277344,353.4200134277344,353.4200134277344,353.4200134277344,353.4200134277344,0
2025-08-20,355.239990234375,355.239990234375,355.239990234375,355.239990234375,355.239990234375,0
2025-08-21,361.239990234375,361.239990234375,361.239990234375,361.239990234375,361.239990234375,0
2025-08-22,367.1099853515625,367.1099853515625,367.1099853515625,367.1099853515625,367.1099853515625,0
2025-08-25,365.05999755859375,365.05999755859375,365.05999755859375,365.05999755859375,365.05999755859375,0
2025-08-26,363.2300109863281,363.2300109863281,363.2300109863281,363.2300109863281,363.2300109863281,0
2025-08-27,362.4800109863281,362.4800109863281,362.4800109863281,362.4800109863281,362.4800109863281,0
2025-08-28,364.6499938964844,364.6499938964844,364.6499938964844,364.6499938964844,364.6499938964844,0
2025-08-29,361.2200012207031,361.2200012207031,361.2200012207031,361.2200012207031,361.2200012207031,0
2025-09-02,361.45001220703125,361.45001220703125,361.45001220703125,361.45001220703125,361.45001220703125,0
2025-09-03,362.79998779296875,362.79998779296875,362.79998779296875,362.79998779296875,362.79998779296875,0
2025-09-04,364.4800109863281,364.4800109863281,364.4800109863281,364.4800109863281,364.4800109863281,0
2025-09-05,369.0299987792969,369.0299987792969,369.0299987792969,369.0299987792969,369.0299987792969,0
2025-09-08,376.4100036621094,376.4100036621094,376.4100036621094,376.4100036621094,376.4100036621094,0
2025-09-09,375.0799865722656,375.0799865722656,375.0799865722656,375.0799865722656,375.0799865722656,0
2025-09-10,375.17999267578125,375.17999267578125,375.17999267578125,375.17999267578125,375.17999267578125,0
2025-09-11,377.4700012207031,377.4700012207031,377.4700012207031,377.4700012207031,377.4700012207031,0
2025-09-12,379.42999267578125,379.42999267578125,379.42999267578125,379.42999267578125,379.42999267578125,0
2025-09-15,385.3500061035156,385.3500061035156,385.3500061035156,385.3500061035156,385.3500061035156,0
2025-09-16,386.2099914550781,386.2099914550781,386.2099914550781,386.2099914550781,386.2099914550781,0
2025-09-17,386.8999938964844,386.8999938964844,386.8999938964844,386.8999938964844,386.8999938964844,0
2025-09-18,385.010009765625,385.010009765625,385.010009765625,385.010009765625,385.010009765625,0
2025-09-19,378.05999755859375,378.05999755859375,378.05999755859375,378.05999755859375,378.05999755859375,0
2025-09-22,372.55999755859375,372.55999755859375,372.55999755859375,372.55999755859375,372.55999755859375,0
2025-09-23,375.0,375.0,375.0,375.0,375.0,0
2025-09-24,374.510009765625,374.510009765625,374.510009765625,374.510009765625,374.510009765625,0
2025-09-25,369.5299987792969,369.5299987792969,369.5299987792969,369.5299987792969,369.5299987792969,0
2025-09-26,367.4700012207031,367.4700012207031,367.4700012207031,367.4700012207031,367.4700012207031,0
2025-09-29,364.9200134277344,364.9200134277344,364.9200134277344,364.9200134277344,364.9200134277344,0
2025-09-30,362.0199890136719,362.0199890136719,362.0199890136719,362.0199890136719,362.0199890136719,0
2025-10-01,363.7200012207031,363.7200012207031,363.7200012207031,363.7200012207031,363.7200012207031,0
2025-10-02,361.3399963378906,361.3399963378906,361.3399963378906,361.3399963378906,361.3399963378906,0
2025-10-03,364.239990234375,364.239990234375,364.239990234375,364.239990234375,364.239990234375,0
2025-10-06,360.3299865722656,360.3299865722656,360.3299865722656,360.3299865722656,360.3299865722656,0
2025-10-07,352.9599914550781,352.9599914550781,352.9599914550781,352.9599914550781,352.9599914550781,0
2025-10-08,351.57000732421875,351.57000732421875,351.57000732421875,351.57000732421875,351.57000732421875,0
2025-10-09,350.8599853515625,350.8599853515625,350.8599853515625,350.8599853515625,350.8599853515625,0
2025-10-10,345.6600036621094,345.6600036621094,345.6600036621094,345.6600036621094,345.6600036621094,0
2025-10-13,346.0799865722656,346.0799865722656,346.0799865722656,346.0799865722656,346.0799865722656,0
2025-10-14,346.32000732421875,346.32000732421875,346.32000732421875,346.32000732421875,346.32000732421875,0
2025-10-15,349.9800109863281,349.9800109863281,349.9800109863281,349.9800109863281,349.9800109863281,0
2025-10-16,354.55999755859375,354.55999755859375,354.55999755859375,354.55999755859375,354.55999755859375,0
2025-10-17,355.8500061035156,355.8500061035156,355.8500061035156,355.8500061035156,355.8500061035156,0
2025-10-20,358.7699890136719,358.7699890136719,358.7699890136719,358.7699890136719,358.7699890136719,0
2025-10-21,353.6099853515625,353.6099853515625,353.6099853515625,353.6099853515625,353.6099853515625,0
2025-10-22,356.8500061035156,356.8500061035156,356.8500061035156,356.8500061035156,356.8500061035156,0
2025-10-23,363.5899963378906,363.5899963378906,363.5899963378906,363.5899963378906,363.5899963378906,0
2025-10-24,361.7300109863281,361.7300109863281,361.7300109863281,361.7300109863281,361.7300109863281,0
2025-10-27,367.04998779296875,367.04998779296875,367.04998779296875,367.04998779296875,367.04998779296875,0
2025-10-28,370.79998779296875,370.79998779296875,370.79998779296875,370.79998779296875,370.79998779296875,0
2025-10-29,373.6700134277344,373.6700134277344,373.6700134277344,373.6700134277344,373.6700134277344,0
2025-10-30,371.7799987792969,371.7799987792969,371.7799987792969,371.7799987792969,371.7799987792969,0
2025-10-31,374.44000244140625,374.44000244140625,374.44000244140625,374.44000244140625,374.44000244140625,0
2025-11-03,375.44000244140625,375.44000244140625,375.44000244140625,375.44000244140625,375.44000244140625,0
2025-11-04,367.07000732421875,367.07000732421875,367.07000732421875,367.07000732421875,367.07000732421875,0
2025-11-05,370.4200134277344,370.4200134277344,370.4200134277344,370.4200134277344,370.4200134277344,0
2025-11-06,373.4599914550781,373.4599914550781,373.4599914550781,373.4599914550781,373.4599914550781,0
2025-11-07,377.1099853515625,377.1099853515625,377.1099853515625,377.1099853515625,377.1099853515625,0
2025-11-10,380.1400146484375,380.1400146484375,380.1400146484375,380.1400146484375,380.1400146484375,0
2025-11-11,379.3699951171875,379.3699951171875,379.3699951171875,379.3699951171875,379.3699951171875,0
2025-11-12,382.8699951171875,382.8699951171875,382.8699951171875,382.8699951171875,382.8699951171875,0
2025-11-13,382.3699951171875,382.3699951171875,382.3699951171875,382.3699951171875,382.3699951171875,0
2025-11-14,381.80999755859375,381.80999755859375,381.80999755859375,381.80999755859375,381.80999755859375,0
2025-11-17,381.0799865722656,381.0799865722656,381.0799865722656,381.0799865722656,381.0799865722656,0
2025-11-18,377.9599914550781,377.9599914550781,377.9599914550781,377.9599914550781,377.9599914550781,0
2025-11-19,377.6400146484375,377.6400146484375,377.6400146484375,377.6400146484375,377.6400146484375,0
2025-11-20,374.1199951171875,374.1199951171875,374.1199951171875,374.1199951171875,374.1199951171875,0
2025-11-21,375.1300048828125,375.1300048828125,375.1300048828125,375.1300048828125,375.1300048828125,0
2025-11-24,374.4200134277344,374.4200134277344,374.4200134277344,374.4200134277344,374.4200134277344,0
2025-11-25,373.6300048828125,373.6300048828125,373.6300048828125,373.6300048828125,373.6300048828125,0
2025-11-26,373.9800109863281,373.9800109863281,373.9800109863281,373.9800109863281,373.9800109863281,0
2025-11-28,376.4700012207031,376.4700012207031,376.4700012207031,376.4700012207031,376.4700012207031,0
2025-12-01,378.2099914550781,378.2099914550781,378.2099914550781,378.2099914550781,378.2099914550781,0
2025-12-02,378.8800048828125,378.8800048828125,378.8800048828125,378.8800048828125,378.8800048828125,0
2025-12-03,382.010009765625,382.010009765625,382.010009765625,382.010009765625,382.010009765625,0
2025-12-04,384.0899963378906,384.0899963378906,384.0899963378906,384.0899963378906,384.0899963378906,0
2025-12-05,383.1499938964844,383.1499938964844,383.1499938964844,383.1499938964844,383.1499938964844,0
2025-12-08,384.2200012207031,384.2200012207031,384.2200012207031,384.2200012207031,384.2200012207031,0
2025-12-09,382.489990234375,382.489990234375,382.489990234375,382.489990234375,382.489990234375,0
2025-12-10,380.07000732421875,380.07000732421875,380.07000732421875,380.07000732421875,380.07000732421875,0
2025-12-11,382.82000732421875,382.82000732421875,382.82000732421875,382.82000732421875,382.82000732421875,0
2025-12-12,380.17999267578125,380.17999267578125,380.17999267578125,380.17999267578125,380.17999267578125,0
2025-12-15,380.45001220703125,380.45001220703125,380.45001220703125,380.45001220703125,380.45001220703125,0
2025-12-16,376.3800048828125,376.3800048828125,376.3800048828125,376.3800048828125,376.3800048828125,0
2025-12-17,376.57000732421875,376.57000732421875,376.57000732421875,376.57000732421875,376.57000732421875,0
2025-12-18,375.3299865722656,375.3299865722656,375.3299865722656,375.3299865722656,375.3299865722656,0
2025-12-19,372.0899963378906,372.0899963378906,372.0899963378906,372.0899963378906,372.0899963378906,0
2025-12-22,374.1700134277344,374.1700134277344,374.1700134277344,374.1700134277344,374.1700134277344,0
2025-12-23,375.489990234375,375.489990234375,375.489990234375,375.489990234375,375.489990234375,0
2025-12-29,381.2900085449219,381.2900085449219,381.2900085449219,381.2900085449219,381.2900085449219,0
2025-12-30,379.7099914550781,379.7099914550781,379.7099914550781,379.7099914550781,379.7099914550781,0
2026-01-02,376.1499938964844,376.1499938964844,376.1499938964844,376.1499938964844,376.1499938964844,0
2026-01-05,375.5199890136719,375.5199890136719,375.5199890136719,375.5199890136719,375.5199890136719,0
2026-01-06,383.44000244140625,383.44000244140625,383.44000244140625,383.44000244140625,383.44000244140625,0
2026-01-07,393.8999938964844,393.8999938964844,393.8999938964844,393.8999938964844,393.8999938964844,0
2026-01-08,397.32000732421875,397.32000732421875,397.32000732421875,397.32000732421875,397.32000732421875,0
2026-01-09,398.2699890136719,398.2699890136719,398.2699890136719,398.2699890136719,398.2699890136719,0
2026-01-12,401.9200134277344,401.9200134277344,401.9200134277344,401.9200134277344,401.9200134277344,0
2026-01-13,406.6400146484375,406.6400146484375,406.6400146484375,406.6400146484375,406.6400146484375,0
2026-01-14,409.5400085449219,409.5400085449219,409.5400085449219,409.5400085449219,409.5400085449219,0
2026-01-15,405.19000244140625,405.19000244140625,405.19000244140625,405.19000244140625,405.19000244140625,0
2026-01-16,401.1000061035156,401.1000061035156,401.1000061035156,401.1000061035156,401.1000061035156,0
2026-01-20,402.6099853515625,402.6099853515625,402.6099853515625,402.6099853515625,402.6099853515625,0
2026-01-21,405.739990234375,405.739990234375,405.739990234375,405.739990234375,405.739990234375,0
2026-01-22,406.989990234375,406.989990234375,406.989990234375,406.989990234375,406.989990234375,0
2026-01-23,407.82000732421875,407.82000732421875,407.82000732421875,407.82000732421875,407.82000732421875,0
2026-01-26,411.3599853515625,411.3599853515625,411.3599853515625,411.3599853515625,411.3599853515625,0
2026-01-27,418.32000732421875,418.32000732421875,418.32000732421875,418.32000732421875,418.32000732421875,0
2026-01-28,426.0400085449219,426.0400085449219,426.0400085449219,426.0400085449219,426.0400085449219,0
2026-01-29,431.239990234375,431.239990234375,431.239990234375,431.239990234375,431.239990234375,0
2026-01-30,429.9800109863281,429.9800109863281,429.9800109863281,429.9800109863281,429.9800109863281,0
2026-02-02,429.3900146484375,429.3900146484375,429.3900146484375,429.3900146484375,429.3900146484375,0
2026-02-03,434.04998779296875,434.04998779296875,434.04998779296875,434.04998779296875,434.04998779296875,0
2026-02-04,430.760009765625,430.760009765625,430.760009765625,430.760009765625,430.760009765625,0
2026-02-05,427.6499938964844,427.6499938964844,427.6499938964844,427.6499938964844,427.6499938964844,0
2026-02-06,434.5400085449219,434.5400085449219,434.5400085449219,434.5400085449219,434.5400085449219,0
2026-02-09,437.82000732421875,437.82000732421875,437.82000732421875,437.82000732421875,437.82000732421875,0
2026-02-10,442.19000244140625,442.19000244140625,442.19000244140625,442.19000244140625,442.19000244140625,0
2026-02-11,449.5299987792969,449.5299987792969,449.5299987792969,449.5299987792969,449.5299987792969,0
2026-02-12,448.5299987792969,448.5299987792969,448.5299987792969,448.5299987792969,448.5299987792969,0
2026-02-13,452.489990234375,452.489990234375,452.489990234375,452.489990234375,452.489990234375,0
2026-02-17,458.7799987792969,458.7799987792969,458.7799987792969,458.7799987792969,458.7799987792969,0
2026-02-18,467.8699951171875,467.8699951171875,467.8699951171875,467.8699951171875,467.8699951171875,0
2026-02-19,474.94000244140625,474.94000244140625,474.94000244140625,474.94000244140625,474.94000244140625,0
2026-02-20,482.760009765625,482.760009765625,482.760009765625,482.760009765625,482.760009765625,0
2026-02-23,480.4599914550781,480.4599914550781,480.4599914550781,480.4599914550781,480.4599914550781,0
2026-02-24,488.0799865722656,488.0799865722656,488.0799865722656,488.0799865722656,488.0799865722656,0
2026-02-25,491.0299987792969,491.0299987792969,491.0299987792969,491.0299987792969,491.0299987792969,0
2026-02-26,497.510009765625,497.510009765625,497.510009765625,497.510009765625,497.510009765625,0
2026-02-27,503.3699951171875,503.3699951171875,503.3699951171875,503.3699951171875,503.3699951171875,0
2026-03-02,515.7999877929688,515.7999877929688,515.7999877929688,515.7999877929688,515.7999877929688,0
2026-03-03,515.6199951171875,515.6199951171875,515.6199951171875,515.6199951171875,515.6199951171875,0
2026-03-04,504.3800048828125,504.3800048828125,504.3800048828125,504.3800048828125,504.3800048828125,0
2026-03-05,497.1199951171875,497.1199951171875,497.1199951171875,497.1199951171875,497.1199951171875,0
2026-03-06,492.0400085449219,492.0400085449219,492.0400085449219,492.0400085449219,492.0400085449219,0
2026-03-09,491.9100036621094,491.9100036621094,491.9100036621094,491.9100036621094,491.9100036621094,0
2026-03-10,493.3999938964844,493.3999938964844,493.3999938964844,493.3999938964844,493.3999938964844,0
2026-03-11,488.8299865722656,488.8299865722656,488.8299865722656,488.8299865722656,488.8299865722656,0
2026-03-12,473.6499938964844,473.6499938964844,473.6499938964844,473.6499938964844,473.6499938964844,0
2026-03-13,464.1099853515625,464.1099853515625,464.1099853515625,464.1099853515625,464.1099853515625,0
2026-03-16,474.95001220703125,474.95001220703125,474.95001220703125,474.95001220703125,474.95001220703125,0
2026-03-17,480.6600036621094,480.6600036621094,480.6600036621094,480.6600036621094,480.6600036621094,0
2026-03-18,495.739990234375,495.739990234375,495.739990234375,495.739990234375,495.739990234375,0
2026-03-19,495.04998779296875,495.04998779296875,495.04998779296875,495.04998779296875,495.04998779296875,0
2026-03-20,485.5,485.5,485.5,485.5,485.5,0
2026-03-23,481.0,481.0,481.0,481.0,481.0,0
2026-03-24,495.2900085449219,495.2900085449219,495.2900085449219,495.2900085449219,495.2900085449219,0
2026-03-25,488.8900146484375,488.8900146484375,488.8900146484375,488.8900146484375,488.8900146484375,0
2026-03-26,489.2699890136719,489.2699890136719,489.2699890136719,489.2699890136719,489.2699890136719,0
2026-03-27,486.3900146484375,486.3900146484375,486.3900146484375,486.3900146484375,486.3900146484375,0
2026-03-30,484.42999267578125,484.42999267578125,484.42999267578125,484.42999267578125,484.42999267578125,0
2026-03-31,488.9200134277344,488.9200134277344,488.9200134277344,488.9200134277344,488.9200134277344,0
2026-04-01,495.32000732421875,495.32000732421875,495.32000732421875,495.32000732421875,495.32000732421875,0
2026-04-02,500.1199951171875,500.1199951171875,500.1199951171875,500.1199951171875,500.1199951171875,0
2026-04-07,499.3399963378906,499.3399963378906,499.3399963378906,499.3399963378906,499.3399963378906,0
2026-04-08,507.30999755859375,507.30999755859375,507.30999755859375,507.30999755859375,507.30999755859375,0
2026-04-09,506.6000061035156,506.6000061035156,506.6000061035156,506.6000061035156,506.6000061035156,0
2026-04-10,501.2200012207031,501.2200012207031,501.2200012207031,501.2200012207031,501.2200012207031,0
