﻿KOMMUNE;KOMMUNENUMMER;Bolig-Norgespris;Bolig-alle;Bolig-andel;Fritid-Norgespris;Fritid-alle;Fritid-andel;incr_oct;incr_nov;incr_dec;incr_Q4;incr_jan;incr_feb;incr_mar;incr_Q1; okt_2025 ; nov_2025 ; des_2025 ; q4_2025 ;jan_2026;feb_2026;mar_2026; q1_2026 ;okt_2024;nov_2024;des_2024; q4_2024 ;jan_2025;feb_2025;mar_2025; q1_2025;Fylke;Region;incr_jan;;MUNICIPALITY_NUMBER;NAME;okt_2024;nov_2024;des_2024;jan_2024;feb_2024;mar_2024;apr_1_5_2024;sum_2024;okt_2025;nov_2025;des_2025;jan_2025;feb_2025;mar_2025;apr_1_5_2025;sum_2025;okt_2026;nov_2026;des_2026;jan_2026;feb_2026;mar_2026;apr_1_5_2026;sum_2026;sesong_2024_2025;sesong_2025_2026;sum_alle_valgte_perioder;;;;;;;
Oslo;301;167219;356582;0,47;0;160;0 %;2 %;-2 %;-5 %;-2 %;13 %;19 %;6 %;13 %; 321 192 206 ; 399 715 774 ; 438 207 568 ; 1 159 115 548 ; 591 215 218 ; 535 080 365 ; 423 246 560 ; 1 549 542 142 ; 316 332 845 ; 408 288 115 ; 459 895 733 ; 1 184 516 692 ; 520 894 486 ; 451 007 566 ; 399 764 269 ; 1 371 666 320 ;Oslo;NO1;0,095;0;301;Oslo;316332844,9;408288114,7;459895732,8;589707011,3;471650466,5;418381457,8;67568859,77;2731824488;321192205,7;399715773,6;438207568,4;520894485,8;451007565,6;399764268,9;52063212,49;2582845080;;;;591215218;535080364,6;423246559,6;44350240,52;1593892383;2608246225;2753007930;6908561951;;;;;;;
Eigersund;1101;5156;6941;0,74;923;1124;82 %;4 %;3 %;3 %;3 %;22 %;23 %;9 %;19 %; 8 535 233 ; 10 707 709 ; 11 961 620 ; 31 204 562 ; 16 092 927 ; 14 074 960 ; 11 673 606 ; 41 841 493 ; 8 203 693 ; 10 386 535 ; 11 662 156 ; 30 252 385 ; 13 141 241 ; 11 435 211 ; 10 694 062 ; 35 270 513 ;Rogaland;NO2;0,148;0;1101;Eigersund;8203693,047;10386535,44;11662156,1;14607386,02;11853000,22;11182418,9;1702779,754;69597969,47;8535233;10707708,97;11961620,33;13141240,59;11435210,67;10694061,89;1423828,41;67898903,85;;;;16092927,36;14074959,72;11673606,41;1462968,733;43304462,22;66946726,15;74509024,52;180801335,5;;;;;;;
Stavanger;1103;44912;68920;0,65;1475;1979;75 %;7 %;5 %;3 %;5 %;23 %;23 %;12 %;20 %; 75 044 193 ; 94 328 002 ; 104 245 688 ; 273 617 883 ; 138 044 453 ; 119 493 073 ; 104 089 710 ; 361 627 237 ; 70 449 510 ; 89 801 132 ; 100 775 523 ; 261 026 166 ; 112 352 954 ; 97 414 380 ; 92 690 588 ; 302 457 922 ;Rogaland;NO2;0,167;0;1103;Stavanger;70449510,3;89801132,14;100775523,1;123604990,4;100448559,5;93207613,05;14378996,8;592666325,3;75044193,36;94328001,9;104245687,8;112352954,3;97414379,94;92690587,88;11987925,34;588063730,5;;;;138044453,5;119493073,3;104089710,2;12165486,8;373792723,8;575472013;647410606,8;1554522780;;;;;;;
Haugesund;1106;12491;19524;0,64;0;156;0 %;7 %;6 %;2 %;5 %;22 %;21 %;14 %;19 %; 19 856 884 ; 24 907 755 ; 27 044 148 ; 71 808 787 ; 36 061 056 ; 30 835 826 ; 27 407 271 ; 94 304 153 ; 18 642 160 ; 23 458 023 ; 26 435 903 ; 68 536 085 ; 29 469 373 ; 25 464 965 ; 24 132 947 ; 79 067 285 ;Rogaland;NO2;0,158;0;1106;Haugesund;18642159,52;23458023,04;26435902,93;31687031,72;26592702,18;24507725,32;3798802,911;155122347,6;19856884,11;24907754,64;27044147,84;29469372,87;25464964,86;24132947,3;3151677,416;154027749;;;;36061056,35;30835825,72;27407270,84;3243922,074;97548074,99;150755047,9;169356861,6;406698171,6;;;;;;;
Sandnes;1108;23517;35637;0,66;1881;2431;77 %;5 %;4 %;3 %;4 %;22 %;20 %;10 %;18 %; 41 967 008 ; 52 371 163 ; 57 836 651 ; 152 174 821 ; 75 968 936 ; 65 271 266 ; 56 274 583 ; 197 514 785 ; 39 939 737 ; 50 438 283 ; 55 984 192 ; 146 362 212 ; 62 248 480 ; 54 217 363 ; 51 008 980 ; 167 474 823 ;Rogaland;NO2;0,157;0;1108;Sandnes;39939736,78;50438283,49;55984191,77;68149979,24;54909970,63;51533433,01;7886746,74;328842341,7;41967007,68;52371162,59;57836650,54;62248480,28;54217363,17;51008979,67;6746711,768;326396355,7;;;;75968935,77;65271266,36;56274582,86;6748009,222;204262794,2;320583746,9;356437615;859501491,6;;;;;;;
Sokndal;1111;1206;1671;0,72;271;346;78 %;3 %;3 %;4 %;4 %;25 %;27 %;11 %;22 %; 1 892 340 ; 2 393 590 ; 2 732 242 ; 7 018 172 ; 3 690 568 ; 3 247 250 ; 2 653 730 ; 9 591 547 ; 1 832 165 ; 2 316 699 ; 2 619 287 ; 6 768 151 ; 2 946 102 ; 2 555 677 ; 2 391 838 ; 7 893 617 ;Rogaland;NO2;0,175;0;1111;Sokndal;1832165,126;2316698,645;2619287,229;3336245,734;2679950,182;2574479,112;388616,082;15747442,11;1892339,546;2393590,278;2732241,948;2946102,473;2555676,662;2391838,281;323101,486;15234890,67;;;;3690567,593;3247249,753;2653729,854;342630,906;9934178,106;14984869,9;16952349,88;40916510,89;;;;;;;
Lund;1112;1042;1460;0,71;324;412;79 %;2 %;3 %;3 %;3 %;22 %;24 %;12 %;20 %; 1 818 515 ; 2 293 018 ; 2 594 927 ; 6 706 460 ; 3 492 851 ; 3 123 097 ; 2 578 217 ; 9 194 165 ; 1 784 138 ; 2 230 477 ; 2 519 720 ; 6 534 335 ; 2 856 203 ; 2 519 904 ; 2 300 443 ; 7 676 550 ;Rogaland;NO2;0,161;0;1112;Lund;1784137,717;2230477,133;2519720,25;3160858,682;2591314,851;2423313,35;361144,056;15070966,04;1818514,755;2293018,045;2594927,044;2856203,024;2519903,508;2300443,234;306053,942;14689063,55;;;;3492850,858;3123097,328;2578217,233;343888,354;9538053,773;14516938,81;16244513,62;39298083,36;;;;;;;
Bjerkreim;1114;714;1049;0,68;593;711;83 %;4 %;5 %;4 %;4 %;24 %;26 %;14 %;22 %; 1 887 713 ; 2 348 682 ; 2 652 343 ; 6 888 739 ; 3 564 134 ; 3 144 841 ; 2 622 657 ; 9 331 633 ; 1 813 757 ; 2 241 271 ; 2 543 587 ; 6 598 614 ; 2 881 973 ; 2 490 817 ; 2 306 226 ; 7 679 016 ;Rogaland;NO2;0,165;0;1114;Bjerkreim;1813756,76;2241271,091;2543586,541;3176928,568;2604591,909;2465413,904;365882,773;15211431,55;1887713,443;2348682,38;2652343,085;2881972,993;2490817,21;2306225,754;304664,942;14872419,81;;;;3564134,487;3144841,217;2622657,467;363748,313;9695381,484;14582295,29;16584120,39;39779232,84;;;;;;;
Hå;1119;5203;7579;0,69;438;523;84 %;4 %;4 %;2 %;3 %;22 %;22 %;10 %;18 %; 9 760 532 ; 11 953 874 ; 13 261 453 ; 34 975 859 ; 17 382 338 ; 15 171 070 ; 13 092 518 ; 45 645 926 ; 9 359 900 ; 11 511 608 ; 13 015 309 ; 33 886 817 ; 14 287 046 ; 12 418 201 ; 11 869 071 ; 38 574 318 ;Rogaland;NO2;0,153;0;1119;Hå;9359900,101;11511607,93;13015308,84;15421291,46;12755275,25;12126624,13;1873121,595;76063129,3;9760532,131;11953873,9;13261453,16;14287046,5;12418201,18;11869070,7;1577041,597;75127219,16;;;;17382337,99;15171069,92;13092518,24;1600591,248;47246517,39;74038176,84;82222376,58;198436865,9;;;;;;;
Klepp;1120;4873;7577;0,64;114;158;72 %;4 %;3 %;2 %;3 %;21 %;20 %;9 %;17 %; 10 077 046 ; 12 498 623 ; 13 817 501 ; 36 393 170 ; 18 059 026 ; 15 597 726 ; 13 527 082 ; 47 183 834 ; 9 734 050 ; 12 079 750 ; 13 522 933 ; 35 336 734 ; 14 981 386 ; 13 021 073 ; 12 355 669 ; 40 358 128 ;Rogaland;NO2;0,149;0;1120;Klepp;9734050,44;12079750,23;13522933,44;16234754,57;13214947,16;12480719,15;1915882,781;79183037,76;10077045,79;12498623,15;13817500,58;14981386,02;13021072,8;12355668,99;1634229,851;78385527,17;;;;18059026,33;15597725,82;13527082,32;1611139,008;48794973,47;77329091,75;85188142,99;206363538,4;;;;;;;
Time;1121;6279;9030;0,7;0;15;0 %;6 %;6 %;5 %;6 %;23 %;23 %;12 %;20 %; 10 690 799 ; 13 225 554 ; 14 748 401 ; 38 664 754 ; 19 142 975 ; 16 544 399 ; 14 305 347 ; 49 992 720 ; 10 057 341 ; 12 518 415 ; 14 065 896 ; 36 641 652 ; 15 534 032 ; 13 452 995 ; 12 739 272 ; 41 726 299 ;Rogaland;NO2;0,173;0;1121;Time;10057340,78;12518414,68;14065896,08;16812640,92;13702777,91;12904825,49;1977289,167;82039185,02;10690799,04;13225553,52;14748401,11;15534031,52;13452994,99;12739272,14;1678377,5;82069429,82;;;;19142974,83;16544398,9;14305346,64;1696438,828;51689159,19;80046327,68;90353912,87;215797774;;;;;;;
Gjesdal;1122;3309;4968;0,67;516;638;81 %;4 %;3 %;1 %;3 %;21 %;21 %;10 %;18 %; 6 739 509 ; 8 323 119 ; 9 179 940 ; 24 242 569 ; 12 182 942 ; 10 652 574 ; 9 014 297 ; 31 849 812 ; 6 479 870 ; 8 082 205 ; 9 065 143 ; 23 627 218 ; 10 073 281 ; 8 783 216 ; 8 230 317 ; 27 086 813 ;Rogaland;NO2;0,144;0;1122;Gjesdal;6479869,625;8082205,212;9065143,446;10991112,41;8951355,179;8393198,072;1285650,227;53248534,17;6739509,401;8323118,975;9179940,331;10073280,52;8783216,015;8230316,866;1073457,905;52402840,02;;;;12182941,59;10652573,77;9014296,946;1123641,387;32973453,7;51787489,59;57216022,41;138624827,9;;;;;;;
Sola;1124;8080;12088;0,67;193;273;71 %;5 %;5 %;3 %;4 %;21 %;20 %;11 %;18 %; 13 331 772 ; 16 626 713 ; 18 358 770 ; 48 317 255 ; 23 910 570 ; 20 513 203 ; 18 037 687 ; 62 461 459 ; 12 704 105 ; 15 906 206 ; 17 790 211 ; 46 400 522 ; 19 710 747 ; 17 050 302 ; 16 268 991 ; 53 030 040 ;Rogaland;NO2;0,158;0;1124;Sola;12704105,36;15906205,68;17790211,07;21163691,91;17371406,26;16239814,97;2505101,346;103680536,6;13331772,37;16626712,98;18358769,6;19710747,48;17050301,69;16268991,08;2163856,638;103511151,8;;;;23910569,73;20513202,89;18037686,61;2095684,19;64557143,43;101594419;112874398,4;271748831,9;;;;;;;
Randaberg;1127;3289;4897;0,67;106;128;83 %;5 %;4 %;2 %;3 %;21 %;21 %;11 %;18 %; 6 204 812 ; 7 652 477 ; 8 569 956 ; 22 427 246 ; 11 116 560 ; 9 591 121 ; 8 509 941 ; 29 217 621 ; 5 924 501 ; 7 370 365 ; 8 382 544 ; 21 677 410 ; 9 206 083 ; 7 934 962 ; 7 658 065 ; 24 799 111 ;Rogaland;NO2;0,147;0;1127;Randaberg;5924501,392;7370364,736;8382543,89;9961208,318;8227431,001;7671554,424;1194879,355;48732483,12;6204812,313;7652477,225;8569956,24;9206083,246;7934962,095;7658065,362;1009037,472;48235393,95;;;;11116560;9591120,707;8509940,737;986979,218;30204600,66;47485558,19;52631846,44;127172477,7;;;;;;;
Strand;1130;4128;5974;0,69;1241;1495;83 %;5 %;3 %;3 %;3 %;24 %;22 %;11 %;19 %; 7 772 716 ; 9 691 974 ; 10 845 783 ; 28 310 472 ; 14 303 931 ; 12 200 286 ; 10 655 484 ; 37 159 701 ; 7 435 815 ; 9 423 176 ; 10 533 449 ; 27 392 439 ; 11 573 409 ; 9 973 579 ; 9 577 269 ; 31 124 257 ;Rogaland;NO2;0,177;0;1130;Strand;7435814,603;9423175,606;10533449,05;12852622,37;10227835,94;9637485,509;1461854,332;61572237,41;7772715,512;9691973,949;10845783,01;11573408,98;9973579,098;9577268,741;1267649,689;60702378,97;;;;14303930,8;12200286,09;10655483,61;1380382,875;38540083,38;59784345,77;66850555,85;160814699,8;;;;;;;
Hjelmeland;1133;931;1411;0,66;886;1068;83 %;2 %;0 %;2 %;2 %;27 %;23 %;12 %;21 %; 2 095 980 ; 2 628 294 ; 2 993 480 ; 7 717 754 ; 4 131 773 ; 3 525 319 ; 2 981 155 ; 10 638 247 ; 2 056 494 ; 2 616 600 ; 2 921 797 ; 7 594 891 ; 3 246 748 ; 2 859 962 ; 2 652 598 ; 8 759 308 ;Rogaland;NO2;0,191;0;1133;Hjelmeland;2056494,098;2616599,885;2921796,742;3663143,589;2909751,477;2852022,246;398451,02;17418259,06;2095979,993;2628293,928;2993479,864;3246748,235;2859961,923;2652598,266;349205,393;16826267,6;;;;4131773,303;3525318,977;2981154,786;476680,627;11114927,69;16703404,54;18832681,48;45359454,35;;;;;;;
Suldal;1134;1348;1977;0,68;1189;1494;80 %;2 %;2 %;0 %;1 %;;;;; 2 609 198 ; 3 388 715 ; 3 829 249 ; 9 827 162 ; 14 111 198 ; 10 386 600 ; 26 747 717 ; 51 245 516 ; 2 558 938 ; 3 333 087 ; 3 829 249 ; 9 721 274 ; 4 338 439 ; 3 754 199 ; 3 375 682 ; 11 468 320 ;Rogaland;NO2;4,075;0;1134;Suldal;2558937,987;3333087,024;3829248,716;4977846,367;3896208,257;3562733,435;507798,946;22665860,73;2609197,871;3388715,404;21759577,77;4338438,92;3754199,163;3375682,342;420323,76;39646135,23;;;;14111197,8;10386600,28;26747717,49;7276239,168;58521754,73;21609917,91;86279245,78;120833750,7;;;;;;;
Sauda;1135;1905;2525;0,75;640;752;85 %;3 %;3 %;0 %;2 %;24 %;19 %;15 %;20 %; 3 066 955 ; 4 093 822 ; 4 619 506 ; 11 780 283 ; 6 455 332 ; 5 412 411 ; 4 544 320 ; 16 412 063 ; 2 981 845 ; 3 975 139 ; 4 632 829 ; 11 589 813 ; 5 212 210 ; 4 557 154 ; 3 952 417 ; 13 721 781 ;Rogaland;NO2;0,184;0;1135;Sauda;2981845,48;3975138,845;4632828,526;5869371,527;4749331,156;4245338,888;590740,978;27044595,4;3066955,295;4093822,176;4619505,619;5212209,909;4557153,934;3952417,01;470449,946;25972513,89;;;;6455331,852;5412411,067;4544320,154;644021,108;17056084,18;25782043,65;28836367,27;70073193,47;;;;;;;
Kvitsøy;1144;191;336;0,57;103;128;80 %;2 %;1 %;-2 %;0 %;20 %;22 %;14 %;19 %; 436 806 ; 524 858 ; 594 759 ; 1 556 422 ; 812 330 ; 718 188 ; 641 538 ; 2 172 056 ; 429 338 ; 517 595 ; 609 189 ; 1 556 123 ; 674 728 ; 590 961 ; 564 787 ; 1 830 476 ;Rogaland;NO2;0,149;0;1144;Kvitsøy;429337,871;517595,372;609189,431;721139,479;601920,228;595159,838;89222,192;3563564,411;436805,894;524857,82;594758,71;674727,644;590961,483;564786,996;73943,321;3460841,868;;;;812330,406;718187,947;641537,872;90931,867;2262988,092;3460542,118;3819410,516;9287394,371;;;;;;;
Bokn;1145;322;480;0,67;163;214;76 %;5 %;3 %;1 %;3 %;21 %;21 %;13 %;18 %; 656 014 ; 794 080 ; 883 457 ; 2 333 550 ; 1 175 092 ; 1 030 986 ; 916 458 ; 3 122 536 ; 624 577 ; 769 122 ; 878 544 ; 2 272 243 ; 973 605 ; 854 084 ; 811 913 ; 2 639 603 ;Rogaland;NO2;0,136;0;1145;Bokn;624577,157;769122,288;878543,822;1020885,495;860887,529;846112,834;125632,115;5125761,24;656013,869;794079,621;883456,98;973605,287;854084,317;811912,996;105548,222;5078701,292;;;;1175092,256;1030986,26;916457,507;125884,399;3248420,422;5017394,089;5581970,892;13452882,95;;;;;;;
Tysvær;1146;3640;5235;0,7;1007;1327;76 %;5 %;5 %;1 %;4 %;22 %;20 %;13 %;19 %; 6 787 168 ; 8 451 106 ; 9 320 807 ; 24 559 080 ; 12 413 679 ; 10 514 620 ; 9 355 001 ; 32 283 301 ; 6 435 363 ; 8 076 060 ; 9 192 855 ; 23 704 277 ; 10 153 645 ; 8 774 941 ; 8 304 930 ; 27 233 516 ;Rogaland;NO2;0,14;0;1146;Tysvær;6435362,651;8076060,034;9192854,651;10823822,93;8874896,318;8363795,738;1275654,992;53042447,31;6787167,82;8451105,655;9320806,922;10153644,66;8774941,176;8304930,433;1089206,178;52881802,85;;;;12413679,29;10514620,49;9355000,847;1199590,385;33482891,01;52026999,79;58041971,41;139407141,2;;;;;;;
Karmøy;1149;13672;19844;0,69;623;902;69 %;5 %;5 %;1 %;3 %;20 %;19 %;12 %;18 %; 24 899 630 ; 30 913 992 ; 34 011 144 ; 89 824 766 ; 44 761 905 ; 38 552 518 ; 34 530 785 ; 117 845 207 ; 23 678 591 ; 29 529 820 ; 33 691 548 ; 86 899 959 ; 37 192 833 ; 32 280 555 ; 30 776 527 ; 100 249 915 ;Rogaland;NO2;0,137;0;1149;Karmøy;23678590,68;29529819,96;33691548,07;39539288,27;33350608;31469221,1;4884719,276;196143795,4;24899630,27;30913991,54;34011144,24;37192833,22;32280554,97;30776526,54;4070365,557;194145046,3;;;;44761904,71;38552518,1;34530784,65;4230237,131;122075444,6;191220239;211900210,6;512364286,3;;;;;;;
Utsira;1151;116;151;0,77;0;56;0 %;3 %;4 %;1 %;3 %;28 %;29 %;26 %;28 %; 160 931 ; 186 990 ; 209 188 ; 557 109 ; 291 936 ; 258 982 ; 236 221 ; 787 140 ; 155 689 ; 179 863 ; 207 161 ; 542 713 ; 228 729 ; 201 362 ; 187 116 ; 617 207 ;Rogaland;NO2;0,222;0;1151;Utsira;155689,222;179863,07;207160,821;243345,29;209233,23;223467,172;30001,62;1248760,425;160931,274;186990,484;209187,511;228729,098;201361,554;187116,273;24592,658;1198908,852;;;;291936,069;258982,115;236221,402;38622,239;825761,825;1184512,696;1382871,094;3273431,102;;;;;;;
Vindafjord;1160;2837;4352;0,65;890;1221;73 %;4 %;4 %;1 %;3 %;22 %;18 %;11 %;17 %; 5 799 580 ; 7 252 580 ; 7 974 053 ; 21 026 213 ; 10 783 140 ; 9 105 512 ; 7 993 383 ; 27 882 036 ; 5 553 205 ; 6 967 236 ; 7 932 229 ; 20 452 671 ; 8 839 822 ; 7 734 474 ; 7 187 218 ; 23 761 515 ;Rogaland;NO2;0,151;0;1160;Vindafjord;5553205,493;6967235,585;7932229,43;9476158,759;7746680,095;7260377,488;1093368,512;46029255,36;5799580,156;7252579,907;7974053,152;8839822,131;7734474,114;7187218,497;947029,157;45734757,11;;;;10783140,47;9105512,286;7993383,029;1069019,903;28951055,68;45161214,41;49977268,9;120715068,2;;;;;;;
Kristiansund;1505;126;12419;0,01;0;479;0 %;-5 %;-1 %;-4 %;-3 %;10 %;12 %;-6 %;6 %; 14 172 793 ; 17 590 660 ; 19 237 645 ; 51 001 098 ; 23 444 619 ; 20 048 628 ; 17 177 574 ; 60 670 821 ; 14 871 686 ; 17 749 759 ; 20 036 577 ; 52 658 023 ; 21 298 075 ; 17 822 333 ; 18 256 045 ; 57 376 453 ;Møre og Romsdal;NO3;0,033;0;1505;Kristiansund;14871686,12;17749759,26;20036577,35;21501405,77;19340458,69;16965062,64;3081153,61;113546103,4;14172793,14;17590660,48;19237644,81;21298074,98;17822332,81;18256045,38;2545891,979;110923443,6;;;;23444618,53;20048628,49;17177574,41;2174891,742;62845713,17;112580367,9;113846811,6;287315260,2;;;;;;;
Molde;1506;439;16341;0,03;0;1162;0 %;-1 %;2 %;1 %;0 %;16 %;15 %;-4 %;9 %; 19 773 880 ; 25 063 730 ; 28 141 293 ; 72 978 903 ; 34 364 702 ; 28 318 658 ; 23 563 692 ; 86 247 052 ; 20 053 838 ; 24 668 892 ; 27 991 758 ; 72 714 488 ; 29 687 346 ; 24 635 242 ; 24 592 764 ; 78 915 353 ;Møre og Romsdal;NO3;0,092;0;1506;Molde;20053838,21;24668891,55;27991757,91;29889230,05;26408320,62;22954848,51;4040822,79;156007709,6;19773879,95;25063730,34;28141293,14;29687346,4;24635242,35;24592763,87;3455841,251;155350097,3;;;;34364702,18;28318658,27;23563691,68;3159382,236;89406434,37;155085681,5;162385337,8;400764241,3;;;;;;;
Ålesund;1508;453;28199;0,02;0;1464;0 %;0 %;3 %;-1 %;0 %;12 %;15 %;-2 %;9 %; 33 876 167 ; 42 240 397 ; 45 638 335 ; 121 754 900 ; 55 793 139 ; 46 876 178 ; 40 960 654 ; 143 629 971 ; 34 027 679 ; 41 185 291 ; 46 134 890 ; 121 347 860 ; 49 625 985 ; 40 803 640 ; 41 901 150 ; 132 330 775 ;Møre og Romsdal;NO3;0,064;0;1508;Ålesund;34027679,16;41185291,44;46134889,9;49758006,69;43987148,22;39242343,22;6924679,608;261260038,2;33876167,24;42240397,21;45638335,2;49625984,75;40803640,24;41901150,22;5800791,287;259886466,2;;;;55793138,55;46876178,45;40960653,74;5436009,141;149065979,9;259479427;270820879,5;670212484,3;;;;;;;
Vanylven;1511;0;1667;0;0;302;0 %;1 %;2 %;-1 %;0 %;14 %;11 %;-1 %;8 %; 2 303 342 ; 2 789 545 ; 3 090 032 ; 8 182 919 ; 3 828 502 ; 3 176 171 ; 2 796 197 ; 9 800 871 ; 2 290 492 ; 2 732 209 ; 3 134 602 ; 8 157 302 ; 3 362 939 ; 2 861 809 ; 2 832 457 ; 9 057 206 ;Møre og Romsdal;NO3;0,078;0;1511;Vanylven;2290491,852;2732208,656;3134601,846;3375457,055;3025310,998;2826320,025;463733,4;17848123,83;2303342,131;2789544,611;3090031,921;3362939,422;2861809,341;2832457,184;400274,276;17640398,89;;;;3828502,465;3176171,328;2796196,879;406131,543;10207002,22;17614782,58;18389920,88;45695524,93;;;;;;;
Sande;1514;0;1280;0;0;242;0 %;-2 %;3 %;-2 %;-1 %;13 %;12 %;1 %;9 %; 1 749 848 ; 2 172 139 ; 2 368 439 ; 6 290 426 ; 2 915 159 ; 2 435 767 ; 2 222 587 ; 7 573 513 ; 1 789 633 ; 2 116 937 ; 2 424 845 ; 6 331 414 ; 2 583 874 ; 2 165 778 ; 2 199 907 ; 6 949 558 ;Møre og Romsdal;NO3;0,078;0;1514;Sande;1789633,108;2116936,682;2424844,64;2596351,072;2346181,393;2197944,545;375089,054;13846980,49;1749847,94;2172139,344;2368438,719;2583873,587;2165777,575;2199906,934;307906,663;13547890,76;;;;2915159,206;2435766,652;2222586,659;321221,84;7894734,357;13588879,19;14185160,36;35289605,61;;;;;;;
Herøy;1515;0;5188;0;0;1004;0 %;-2 %;3 %;-3 %;-1 %;11 %;11 %;-2 %;7 %; 6 192 874 ; 7 745 564 ; 8 462 281 ; 22 400 719 ; 10 235 754 ; 8 566 911 ; 7 720 156 ; 26 522 821 ; 6 326 002 ; 7 530 518 ; 8 734 315 ; 22 590 835 ; 9 194 762 ; 7 708 866 ; 7 907 486 ; 24 811 114 ;Møre og Romsdal;NO3;0,062;0;1515;Herøy;6326002,009;7530518,357;8734315,069;9120670,706;8209480,275;7556729,193;1336885,301;48814600,91;6192874,401;7745564,188;8462280,834;9194762,455;7708865,761;7907485,571;1089394,119;48301227,33;;;;10235754,31;8566910,951;7720155,849;1059849,33;27582670,44;48491343,34;49983389,86;124698498,7;;;;;;;
Ulstein;1516;0;3796;0;0;343;0 %;2 %;6 %;1 %;3 %;16 %;17 %;2 %;12 %; 5 414 426 ; 6 710 356 ; 7 255 178 ; 19 379 960 ; 8 878 880 ; 7 408 912 ; 6 675 549 ; 22 963 341 ; 5 286 377 ; 6 320 018 ; 7 193 365 ; 18 799 760 ; 7 648 965 ; 6 338 050 ; 6 547 579 ; 20 534 594 ;Møre og Romsdal;NO3;0,103;0;1516;Ulstein;5286377,237;6320018,106;7193364,933;7640358,816;6811908,16;6192902,964;1090949,094;40535879,31;5414425,673;6710355,932;7255178,368;7648965,072;6338049,707;6547579,078;906347,126;40820900,96;;;;8878879,937;7408912,067;6675548,818;892649,737;23855990,56;40240701,26;43235950,53;105212770,8;;;;;;;
Hareid;1517;0;2408;0;0;161;0 %;2 %;4 %;2 %;3 %;17 %;16 %;-1 %;11 %; 3 271 581 ; 4 064 174 ; 4 480 845 ; 11 816 600 ; 5 561 703 ; 4 644 089 ; 4 016 937 ; 14 222 728 ; 3 223 208 ; 3 894 803 ; 4 405 445 ; 11 523 456 ; 4 735 631 ; 4 013 017 ; 4 046 641 ; 12 795 289 ;Møre og Romsdal;NO3;0,099;0;1517;Hareid;3223207,85;3894803,121;4405444,532;4812018,617;4307966,258;3901516,239;667981,393;25212938,01;3271581,474;4064173,507;4480844,691;4735631,158;4013016,997;4046640,838;552318,798;25164207,46;;;;5561702,882;4644088,527;4016936,798;538987,958;14761716,17;24871063,29;26578315,84;65138861,64;;;;;;;
Ørsta;1520;123;5322;0,02;0;633;0 %;3 %;1 %;0 %;1 %;15 %;15 %;-2 %;10 %; 7 302 796 ; 9 035 845 ; 10 058 439 ; 26 397 080 ; 12 852 197 ; 10 498 824 ; 8 729 340 ; 32 080 361 ; 7 123 740 ; 8 945 552 ; 10 038 154 ; 26 107 446 ; 11 130 457 ; 9 122 165 ; 8 886 669 ; 29 139 291 ;Møre og Romsdal;NO3;0,074;0;1520;Ørsta;7123740,436;8945551,52;10038154,25;11155869,71;9776031,663;8780641,707;1416628,443;57236617,73;7302795,81;9035844,543;10058439,35;11130457,32;9122164,866;8886669,001;1247199,327;56783570,21;;;;12852196,69;10498824,42;8729339,901;1229834,281;33310195,29;56493936,72;59707274,99;147330383,2;;;;;;;
Stranda;1525;0;2145;0;0;831;0 %;2 %;1 %;0 %;1 %;18 %;17 %;-4 %;11 %; 3 479 391 ; 4 376 428 ; 4 968 008 ; 12 823 827 ; 6 394 705 ; 5 365 183 ; 4 189 956 ; 15 949 844 ; 3 405 327 ; 4 325 402 ; 4 986 968 ; 12 717 697 ; 5 424 779 ; 4 567 726 ; 4 366 147 ; 14 358 652 ;Møre og Romsdal;NO3;0,086;0;1525;Stranda;3405327,089;4325402,446;4986967,945;5524937,772;4896844,338;4375768,91;668935,049;28184183,55;3479391,262;4376428,362;4968007,798;5424778,748;4567725,739;4366147,457;596981,799;27779461,17;;;;6394704,929;5365183,07;4189956,294;658771,633;16608615,93;27673331,22;29432443,35;72572260,64;;;;;;;
Sykkylven;1528;0;3518;0;0;849;0 %;-2 %;-1 %;-3 %;-2 %;13 %;12 %;-5 %;7 %; 5 051 210 ; 6 294 648 ; 7 033 275 ; 18 379 134 ; 8 826 314 ; 7 267 449 ; 5 953 901 ; 22 047 664 ; 5 139 055 ; 6 390 002 ; 7 224 134 ; 18 753 190 ; 7 822 270 ; 6 487 782 ; 6 249 181 ; 20 559 233 ;Møre og Romsdal;NO3;0,049;0;1528;Sykkylven;5139054,726;6390001,645;7224133,867;7813389,429;6942403,188;6218780,23;1013393,653;40741156,74;5051210,136;6294648,371;7033275,032;7822269,8;6487781,652;6249181,143;866041,08;39804407,21;;;;8826314,018;7267448,855;5953901,039;872982,513;22920646,43;40178463,91;41299779,96;103466210,4;;;;;;;
Sula;1531;0;4034;0;0;200;0 %;-1 %;1 %;-1 %;-1 %;13 %;13 %;-4 %;8 %; 5 761 312 ; 7 077 381 ; 7 723 797 ; 20 562 490 ; 9 477 061 ; 7 990 310 ; 6 915 195 ; 24 382 566 ; 5 831 024 ; 7 017 395 ; 7 831 715 ; 20 680 134 ; 8 418 174 ; 7 040 245 ; 7 190 240 ; 22 648 659 ;Møre og Romsdal;NO3;0,056;0;1531;Sula;5831023,712;7017395,347;7831715,149;8415150,644;7577307,51;6843259,578;1174760,507;44690612,45;5761311,894;7077381,183;7723796,545;8418173,928;7040245,024;7190240,354;980473,362;44191622,29;;;;9477061,17;7990309,805;6915195,131;925346,382;25307912,49;44309266,88;45870402,11;114190147,2;;;;;;;
Giske;1532;0;3686;0;0;215;0 %;-2 %;3 %;-3 %;-1 %;11 %;13 %;-3 %;7 %; 5 184 150 ; 6 394 196 ; 6 927 018 ; 18 505 364 ; 8 274 137 ; 6 999 570 ; 6 287 289 ; 21 560 995 ; 5 305 982 ; 6 233 674 ; 7 104 980 ; 18 644 636 ; 7 486 003 ; 6 204 673 ; 6 450 995 ; 20 141 671 ;Møre og Romsdal;NO3;0,049;0;1532;Giske;5305982,349;6233673,941;7104979,607;7473853,75;6687073,944;6116041,72;1112181,586;40033786,9;5184149,51;6394195,985;6927018,199;7486003,17;6204672,881;6450994,696;888919,798;39535954,24;;;;8274136,834;6999569,784;6287288,739;860039,23;22421034,59;39675226,44;40926398,28;101990775,7;;;;;;;
Vestnes;1535;0;3243;0;0;478;0 %;-2 %;-1 %;0 %;-1 %;14 %;13 %;-6 %;7 %; 4 848 493 ; 6 027 022 ; 6 825 478 ; 17 700 994 ; 8 366 448 ; 6 982 912 ; 5 763 432 ; 21 112 793 ; 4 963 727 ; 6 108 799 ; 6 858 593 ; 17 931 119 ; 7 336 463 ; 6 180 856 ; 6 125 123 ; 19 642 443 ;Møre og Romsdal;NO3;0,062;0;1535;Vestnes;4963726,777;6108799,04;6858593,25;7239611,636;6535022,814;5993351,681;1008572,207;38707677,41;4848493,417;6027022,355;6825478,394;7336463,256;6180856,468;6125123,341;847631,22;38191068,45;;;;8366448,228;6982912,454;5763432,329;783868,217;21896661,23;38421193,35;39597655,39;98795407,08;;;;;;;
Rauma;1539;0;3690;0;0;640;0 %;0 %;-2 %;19 %;7 %;28 %;27 %;11 %;23 %; 4 698 392 ; 5 932 900 ; 8 113 891 ; 18 745 182 ; 9 389 341 ; 7 859 916 ; 6 483 232 ; 23 732 490 ; 4 693 266 ; 6 047 703 ; 6 824 558 ; 17 565 526 ; 7 318 505 ; 6 167 753 ; 5 863 561 ; 19 349 819 ;Møre og Romsdal;NO3;0,129;0;1539;Rauma;4693265,581;6047703;6824557,608;7466935,118;6543089,73;5650811,748;945384,404;38171747,19;4698392,031;5932899,52;8113890,894;7318505,117;6167753,059;5863560,925;825053,365;38920054,91;;;;9389341,386;7859915,738;6483232,498;823440,661;24555930,28;37740398,66;43301112,73;101647732,4;;;;;;;
Aukra;1547;0;1759;0;0;103;0 %;-3 %;-1 %;-4 %;-3 %;10 %;9 %;-7 %;4 %; 2 640 718 ; 3 204 774 ; 3 524 173 ; 9 369 665 ; 4 266 700 ; 3 560 322 ; 3 087 458 ; 10 914 480 ; 2 720 417 ; 3 235 841 ; 3 674 186 ; 9 630 443 ; 3 870 894 ; 3 266 340 ; 3 336 134 ; 10 473 368 ;Møre og Romsdal;NO3;0,05;0;1547;Aukra;2720417,068;3235840,542;3674185,652;3773822,389;3402175,692;3100792,83;548024,143;20455258,32;2640717,639;3204773,8;3524173,138;3870893,929;3266339,658;3336133,985;466010,245;20309042,39;;;;4266699,902;3560322,406;3087457,784;427950,168;11342430,26;20569821,08;20712094,84;52106730,97;;;;;;;
Averøy;1554;0;2654;0;0;687;0 %;-2 %;1 %;-2 %;-1 %;12 %;12 %;-5 %;7 %; 4 181 845 ; 5 028 363 ; 5 586 349 ; 14 796 558 ; 6 729 528 ; 5 694 313 ; 4 905 986 ; 17 329 827 ; 4 288 027 ; 5 000 820 ; 5 708 039 ; 14 996 886 ; 6 025 725 ; 5 069 366 ; 5 167 866 ; 16 262 956 ;Møre og Romsdal;NO3;0,047;0;1554;Averøy;4288027,16;5000819,932;5708039,394;5953842,709;5368443,177;4920651,959;874580,303;32114404,63;4181845,373;5028362,863;5586349,391;6025724,631;5069365,9;5167865,55;731225,848;31790739,56;;;;6729527,891;5694313,039;4905985,957;673529,556;18003356,44;31991068,42;32799914,07;81908500,63;;;;;;;
Gjemnes;1557;0;1266;0;0;554;0 %;-2 %;0 %;0 %;-1 %;15 %;14 %;-4 %;9 %; 1 945 977 ; 2 410 107 ; 2 728 656 ; 7 084 741 ; 3 368 479 ; 2 845 628 ; 2 354 013 ; 8 568 120 ; 1 995 457 ; 2 403 334 ; 2 734 388 ; 7 133 179 ; 2 925 142 ; 2 497 068 ; 2 452 668 ; 7 874 877 ;Møre og Romsdal;NO3;0,066;0;1557;Gjemnes;1995457,056;2403333,753;2734388,271;2918703,885;2629894,99;2391073,552;405250,181;15478101,69;1945977,477;2410107,383;2728656;2925142,186;2497067,572;2452667,619;342954,912;15302573,15;;;;3368479,032;2845628,117;2354013,184;336097,349;8904217,682;15351011,37;15988958,54;39684892,52;;;;;;;
Tingvoll;1560;0;1448;0;0;1025;0 %;-2 %;-2 %;-2 %;-2 %;14 %;15 %;-4 %;8 %; 2 436 073 ; 3 005 555 ; 3 447 790 ; 8 889 419 ; 4 273 728 ; 3 642 281 ; 2 970 408 ; 10 886 416 ; 2 495 313 ; 3 068 061 ; 3 535 117 ; 9 098 491 ; 3 752 202 ; 3 176 791 ; 3 110 131 ; 10 039 124 ;Møre og Romsdal;NO3;0,048;0;1560;Tingvoll;2495313,45;3068060,784;3535116,85;3723290,109;3392109,248;3045282,109;517648,855;19776821,41;2436073,007;3005555,287;3447790,242;3752201,669;3176791,074;3110131,115;448475,717;19377018,11;;;;4273727,567;3642280,866;2970407,759;442504,953;11328921,15;19586090,66;20218339,68;50482760,66;;;;;;;
Sunndal;1563;129;3773;0,03;0;616;0 %;-2 %;-5 %;-6 %;-5 %;14 %;17 %;-7 %;8 %; 4 399 300 ; 5 449 726 ; 5 999 083 ; 15 848 109 ; 7 848 702 ; 6 839 169 ; 5 190 862 ; 19 878 733 ; 4 470 281 ; 5 763 926 ; 6 389 992 ; 16 624 200 ; 6 907 587 ; 5 845 712 ; 5 586 862 ; 18 340 161 ;Møre og Romsdal;NO3;0,029;0;1563;Sunndal;4470280,961;5763926,211;6389992,465;7048030;6174005,297;5349841,6;904296,703;36100373,24;4399299,902;5449726,055;5999083,044;6907587,053;5845712,33;5586861,809;796377,865;34984648,06;;;;7848702,331;6839168,829;5190862,284;679728,764;20558462,21;35760738,69;36406571,21;91643483,5;;;;;;;
Surnadal;1566;0;2757;0;0;776;0 %;-2 %;-2 %;-1 %;-1 %;18 %;21 %;-2 %;13 %; 4 143 550 ; 5 229 070 ; 6 127 215 ; 15 499 835 ; 7 783 251 ; 6 813 852 ; 5 228 156 ; 19 825 259 ; 4 220 078 ; 5 309 923 ; 6 200 148 ; 15 730 149 ; 6 577 711 ; 5 622 055 ; 5 332 013 ; 17 531 778 ;Møre og Romsdal;NO3;0,067;0;1566;Surnadal;4220077,941;5309923,404;6200147,801;6725949,4;6064462,622;5227478,075;865333,163;34613372,41;4143550,13;5229069,931;6127214,664;6577710,858;5622054,584;5332012,707;769272,795;33800885,67;;;;7783251,163;6813851,857;5228155,77;701963,957;20527222,75;34031200,09;36027057,47;88941480,82;;;;;;;
Smøla;1573;0;1042;0;0;638;0 %;-4 %;1 %;-3 %;-2 %;13 %;19 %;-3 %;10 %; 1 726 224 ; 2 096 309 ; 2 338 945 ; 6 161 478 ; 2 866 582 ; 2 488 884 ; 2 109 450 ; 7 464 916 ; 1 805 719 ; 2 082 008 ; 2 420 039 ; 6 307 765 ; 2 545 221 ; 2 086 710 ; 2 166 542 ; 6 798 473 ;Møre og Romsdal;NO3;0,049;0;1573;Smøla;1805718,711;2082007,746;2420038,757;2523094,444;2283858,172;2108871,846;375909,811;13599499,49;1726224,368;2096308,923;2338944,908;2545221,065;2086710,1;2166541,594;317716,247;13277667,21;;;;2866581,664;2488883,537;2109450,417;325115,216;7790030,834;13423954,22;13951509,03;34667197,53;;;;;;;
Aure;1576;0;1668;0;0;1365;0 %;-2 %;1 %;-2 %;-1 %;16 %;18 %;-3 %;11 %; 2 815 812 ; 3 385 334 ; 3 742 602 ; 9 943 748 ; 4 760 482 ; 4 067 068 ; 3 401 596 ; 12 229 146 ; 2 873 593 ; 3 352 666 ; 3 826 786 ; 10 053 045 ; 4 096 388 ; 3 446 933 ; 3 491 308 ; 11 034 629 ;Møre og Romsdal;NO3;0,069;0;1576;Aure;2873593,002;3352665,76;3826785,787;4141944,455;3763989,247;3509611,494;591858,193;22060447,94;2815812,021;3385333,765;3742602,043;4096387,811;3446933,106;3491307,808;504483,984;21482860,54;;;;4760481,867;4067068,091;3401596,27;539898,429;12769044,66;21592157,26;22712792,49;56312353,13;;;;;;;
Volda;1577;114;5145;0,02;0;625;0 %;5 %;6 %;2 %;4 %;19 %;20 %;2 %;14 %; 6 925 219 ; 8 673 696 ; 9 505 646 ; 25 104 561 ; 12 193 934 ; 9 978 345 ; 8 426 504 ; 30 598 782 ; 6 578 197 ; 8 212 369 ; 9 281 124 ; 24 071 690 ; 10 229 417 ; 8 341 001 ; 8 249 255 ; 26 819 673 ;Møre og Romsdal;NO3;0,117;0;1577;Volda;6578196,715;8212369,484;9281124,136;10317326,71;8989504,589;8062872,884;1321710,434;52763104,95;6925218,53;8673696,054;9505646,428;10229417,02;8341001,384;8249254,878;1140011,178;53064245,47;;;;12193933,87;9978344,746;8426503,531;1179717,102;31778499,25;52031374,79;56883060,27;137605849,7;;;;;;;
Fjord;1578;0;1392;0;0;896;0 %;2 %;-1 %;-1 %;0 %;18 %;18 %;-4 %;11 %; 2 192 774 ; 2 709 367 ; 3 090 392 ; 7 992 533 ; 3 992 504 ; 3 395 787 ; 2 590 239 ; 9 978 530 ; 2 156 611 ; 2 744 235 ; 3 115 943 ; 8 016 789 ; 3 393 831 ; 2 866 512 ; 2 691 224 ; 8 951 568 ;Møre og Romsdal;NO3;0,079;0;1578;Fjord;2156611,205;2744234,839;3115943,229;3525687,786;3095468,649;2767774,107;416320,274;17822040,09;2192773,611;2709366,875;3090392,054;3393830,861;2866512,391;2691224,496;375744,996;17319845,28;;;;3992503,725;3395787,211;2590238,815;423834,429;10402364,18;17344102,02;18394896,72;45544249,55;;;;;;;
Hustadvika;1579;109;6359;0,02;0;867;0 %;-2 %;1 %;-1 %;-1 %;14 %;13 %;-4 %;8 %; 8 379 291 ; 10 226 713 ; 11 391 684 ; 29 997 689 ; 13 950 215 ; 11 634 658 ; 9 952 917 ; 35 537 790 ; 8 548 645 ; 10 134 302 ; 11 492 929 ; 30 175 875 ; 12 202 517 ; 10 257 774 ; 10 412 507 ; 32 872 798 ;Møre og Romsdal;NO3;0,071;0;1579;Hustadvika;8548644,584;10134301,79;11492928,79;12109674,79;10939126,59;9849874,395;1751616,296;64826167,23;8379291,398;10226713,01;11391684,28;12202516,88;10257774,46;10412507,14;1464873,434;64335360,59;;;;13950214,93;11634658,32;9952917,052;1384110,415;36921900,72;64513547,07;66919589,4;166083428,5;;;;;;;
Haram;1580;0;4314;0;0;349;0 %;-4 %;-1 %;-4 %;-3 %;9 %;11 %;-3 %;6 %; 6 305 789 ; 7 703 164 ; 8 393 914 ; 22 402 866 ; 10 133 140 ; 8 581 119 ; 7 674 370 ; 26 388 628 ; 6 579 094 ; 7 743 180 ; 8 757 044 ; 23 079 318 ; 9 269 079 ; 7 735 891 ; 7 924 693 ; 24 929 663 ;Møre og Romsdal;NO3;0,039;0;1580;Haram;6579093,54;7743180,24;8757043,798;9200844,407;8236883,295;7542374,972;1316621,745;49376042;6305788,615;7703164,031;8393913,639;9269078,854;7735890,952;7924692,875;1098150,373;48430679,34;;;;10133139,6;8581118,823;7674369,62;1059575,786;27448203,83;49107130,63;49851070,11;125254925,2;;;;;;;
Bodø;1804;0;26041;0;0;2589;0 %;-2 %;8 %;-5 %;1 %;13 %;17 %;-8 %;7 %; 37 727 154 ; 48 621 091 ; 50 890 725 ; 137 238 971 ; 61 435 221 ; 53 284 422 ; 43 913 229 ; 158 632 871 ; 38 303 853 ; 44 814 561 ; 53 362 797 ; 136 481 211 ; 54 331 186 ; 45 661 968 ; 47 837 962 ; 147 831 116 ;Nordland;NO4;0,138;0;1804;Bodø;38303853,1;44814560,9;53362796,92;56730772,23;49945480,6;45106123,92;8088864,338;296352452;37727154,46;48621091,42;50890725,36;54331185,79;45661967,92;47837962,25;7247842,77;292317930;;;;61435220,85;53284421,67;43913228,62;5305470,969;163938342,1;291560169,6;301177313,3;752608724,1;;;;;;;
Narvik;1806;0;11257;0;0;2296;0 %;2 %;11 %;-2 %;3 %;14 %;19 %;-9 %;8 %; 19 115 375 ; 24 545 524 ; 26 405 665 ; 70 066 564 ; 32 303 598 ; 27 468 373 ; 22 692 131 ; 82 464 101 ; 18 828 269 ; 22 121 886 ; 26 940 901 ; 67 891 056 ; 28 251 248 ; 22 990 229 ; 24 842 849 ; 76 084 326 ;Nordland;NO4;0,112;0;1806;Narvik;18828268,67;22121886,34;26940900,9;29477925,85;25469675,81;24038439,84;4294633;151171730,4;19115375,44;24545524,11;26405664,94;28251247,82;22990229,15;24842848,84;3732698,152;149883588,4;;;;32303597,54;27468372,64;22692131,29;2863095,795;85327197,26;147708079,9;155393761,7;386382516,1;;;;;;;
Bindal;1811;0;771;0;0;274;0 %;-3 %;4 %;-6 %;-2 %;17 %;21 %;-1 %;13 %; 1 226 142 ; 1 578 248 ; 1 717 461 ; 4 521 851 ; 2 174 384 ; 1 923 588 ; 1 578 153 ; 5 676 126 ; 1 258 902 ; 1 519 818 ; 1 829 998 ; 4 608 718 ; 1 860 800 ; 1 583 453 ; 1 593 919 ; 5 038 172 ;Nordland;NO4;0,15;0;1811;Bindal;1258901,523;1519817,697;1829998,446;2004092,413;1782084,815;1618077,254;274305,411;10287277,56;1226141,82;1578248,315;1717460,72;1860800,089;1583452,749;1593919,003;235108,722;9795131,418;;;;2174384,398;1923588,177;1578153,057;212021,044;5888146,676;9881998,229;10409997,53;25970555,65;;;;;;;
Sømna;1812;0;988;0;0;205;0 %;-5 %;3 %;-7 %;-3 %;14 %;16 %;-4 %;9 %; 1 718 349 ; 2 184 778 ; 2 340 244 ; 6 243 370 ; 2 835 306 ; 2 459 349 ; 2 101 902 ; 7 396 557 ; 1 806 309 ; 2 126 632 ; 2 512 102 ; 6 445 044 ; 2 496 019 ; 2 116 299 ; 2 185 189 ; 6 797 507 ;Nordland;NO4;0,121;0;1812;Sømna;1806309,162;2126632,148;2512102,407;2650662,385;2373390,086;2195352,738;376433,304;14040882,23;1718348,624;2184777,613;2340244,042;2496019,246;2116298,586;2185189,182;336340,182;13377217,48;;;;2835306,372;2459348,608;2101902,288;281359,623;7677916,891;13578890,91;13921287,17;35096016,6;;;;;;;
Brønnøy;1813;0;3763;0;0;546;0 %;-1 %;6 %;-4 %;0 %;14 %;17 %;-5 %;9 %; 5 549 658 ; 7 158 822 ; 7 629 493 ; 20 337 973 ; 9 271 851 ; 8 068 555 ; 6 762 999 ; 24 103 406 ; 5 601 481 ; 6 734 817 ; 7 958 798 ; 20 295 096 ; 8 167 437 ; 6 875 024 ; 7 116 840 ; 22 159 301 ;Nordland;NO4;0,116;0;1813;Brønnøy;5601481,058;6734817,066;7958797,56;8710505,267;7472507,646;6783077,366;1172618,368;44433804,33;5549657,859;7158822,314;7629493,075;8167437,274;6875023,809;7116839,66;1091059,419;43588333,41;;;;9271851,154;8068555,368;6762999,268;872600,398;24976006,19;43545455,85;45313979,44;112998143,9;;;;;;;
Vega;1815;0;616;0;0;288;0 %;-5 %;3 %;-7 %;-3 %;14 %;19 %;-4 %;10 %; 982 863 ; 1 259 848 ; 1 353 941 ; 3 596 652 ; 1 642 356 ; 1 442 975 ; 1 217 555 ; 4 302 885 ; 1 032 295 ; 1 221 381 ; 1 454 489 ; 3 708 164 ; 1 437 382 ; 1 208 992 ; 1 267 830 ; 3 914 204 ;Nordland;NO4;0,108;0;1815;Vega;1032295,141;1221380,518;1454488,507;1550084,92;1371216,697;1271070,334;217670,25;8118206,367;982862,727;1259847,624;1353941,266;1437382,432;1208991,648;1267829,897;192485,551;7703341,145;;;;1642355,512;1442975,198;1217554,782;168639,918;4471525,41;7814853,694;8068177,027;20293072,92;;;;;;;
Vevelstad;1816;0;269;0;0;136;0 %;-1 %;6 %;-4 %;0 %;14 %;21 %;-3 %;11 %; 426 860 ; 548 585 ; 581 370 ; 1 556 815 ; 714 634 ; 635 660 ; 527 809 ; 1 878 102 ; 430 307 ; 517 287 ; 604 835 ; 1 552 429 ; 626 703 ; 526 339 ; 546 401 ; 1 699 443 ;Nordland;NO4;0,12;0;1816;Vevelstad;430307,149;517286,81;604834,598;638157,873;565422,341;533491,383;88545,405;3378045,559;426859,741;548585,351;581369,512;626703,195;526338,665;546400,693;83012,219;3339269,376;;;;714633,561;635659,578;527809,277;71005,903;1949108,319;3334883,329;3505922,923;8666423,254;;;;;;;
Herøy;1818;0;0;0;0;0;0 %;1 %;9 %;-5 %;1 %;13 %;19 %;-5 %;9 %; 1 712 993 ; 2 204 026 ; 2 301 489 ; 6 218 507 ; 2 814 282 ; 2 465 430 ; 2 079 942 ; 7 359 654 ; 1 696 222 ; 2 024 420 ; 2 425 923 ; 6 146 565 ; 2 489 066 ; 2 063 853 ; 2 190 694 ; 6 743 613 ;Nordland;NO4;0,146;0;1818;Herøy;1696222,105;2024419,576;2425923,151;2563902,812;2280588,187;2108523,049;364885,468;13464464,35;1712992,687;2204025,909;2301488,887;2489065,919;2063853,319;2190693,558;338715,941;13300836,22;;;;2814282,463;2465429,971;2079941,764;304880,692;7664534,89;13228893,57;13883042,37;34429835,46;;;;;;;
Alstahaug;1820;0;3454;0;0;394;0 %;-3 %;6 %;-8 %;-2 %;11 %;16 %;-8 %;6 %; 5 533 804 ; 7 145 150 ; 7 370 669 ; 20 049 623 ; 9 046 058 ; 7 939 085 ; 6 643 651 ; 23 628 794 ; 5 679 096 ; 6 741 470 ; 7 977 775 ; 20 398 341 ; 8 169 565 ; 6 863 538 ; 7 213 383 ; 22 246 486 ;Nordland;NO4;0,106;0;1820;Alstahaug;5679096,036;6741470,357;7977774,807;8357135,541;7468103,661;6842538,11;1195666,06;44261784,57;5533804,343;7145149,839;7370668,805;8169565,058;6863537,786;7213383,279;1096002,656;43392111,77;;;;9046058,045;7939085,31;6643650,529;862697,948;24491491,83;43740829,98;44541114,82;112145388,2;;;;;;;
Leirfjord;1822;0;1134;0;0;500;0 %;-1 %;11 %;-5 %;1 %;17 %;22 %;-5 %;12 %; 2 157 795 ; 2 830 227 ; 2 884 540 ; 7 872 562 ; 3 635 582 ; 3 233 546 ; 2 630 626 ; 9 499 754 ; 2 175 062 ; 2 549 069 ; 3 039 737 ; 7 763 868 ; 3 099 704 ; 2 640 134 ; 2 755 292 ; 8 495 130 ;Nordland;NO4;0,149;0;1822;Leirfjord;2175061,913;2549068,606;3039737,369;3179519,208;2839918,696;2641093,56;444214,972;16868614,32;2157795,42;2830226,507;2884540,49;3099703,811;2640133,734;2755292,215;417340,443;16785032,62;;;;3635581,825;3233546,283;2630625,711;360912,874;9860666,693;16676338,09;17733229,11;43514313,64;;;;;;;
Vefsn;1824;0;6581;0;0;421;0 %;-1 %;11 %;-4 %;2 %;21 %;28 %;-5 %;15 %; 10 171 016 ; 13 830 677 ; 14 206 325 ; 38 208 018 ; 18 322 096 ; 16 719 571 ; 12 494 236 ; 47 535 903 ; 10 238 544 ; 12 484 072 ; 14 844 923 ; 37 567 538 ; 15 157 267 ; 13 090 979 ; 13 131 210 ; 41 379 456 ;Nordland;NO4;0,162;0;1824;Vefsn;10238543,6;12484071,56;14844922,97;16106606,46;14285932,74;12902018,26;2169357,482;83031453,08;10171015,61;13830676,88;14206325,32;15157267,03;13090978,99;13131209,85;1927236,412;81514710,1;;;;18322095,68;16719571,4;12494236,07;1537842,885;49073746,04;80874230,42;87281763,86;213619909,2;;;;;;;
Grane;1825;0;753;0;0;541;0 %;-1 %;11 %;-6 %;1 %;24 %;32 %;-2 %;19 %; 910 975 ; 1 262 730 ; 1 286 778 ; 3 460 483 ; 1 749 633 ; 1 617 925 ; 1 187 627 ; 4 555 184 ; 920 739 ; 1 139 601 ; 1 371 153 ; 3 431 493 ; 1 408 538 ; 1 222 915 ; 1 206 336 ; 3 837 789 ;Nordland;NO4;0,148;0;1825;Grane;920739,165;1139600,662;1371153,183;1534092,033;1357990,323;1260301,682;201472,632;7785349,68;910974,847;1262729,676;1286778,452;1408538,319;1222914,508;1206335,689;176617,735;7474889,226;;;;1749632,76;1617924,697;1187626,807;162154,006;4717338,27;7445899,261;8177821,245;19977577,18;;;;;;;
Hattfjelldal;1826;0;673;0;0;374;0 %;-1 %;10 %;-5 %;1 %;19 %;29 %;-4 %;15 %; 920 155 ; 1 273 335 ; 1 318 377 ; 3 511 866 ; 1 713 430 ; 1 580 840 ; 1 195 509 ; 4 489 779 ; 929 523 ; 1 155 726 ; 1 390 249 ; 3 475 499 ; 1 437 899 ; 1 227 595 ; 1 245 092 ; 3 910 585 ;Nordland;NO4;0,173;0;1826;Aarborte;929523,159;1155726,302;1390249,055;1504610,381;1357942,666;1256626,085;203932,173;7798609,821;920154,66;1273334,527;1318376,833;1437898,628;1227595,077;1245091,709;181130,177;7603581,611;;;;1713429,651;1580840,128;1195508,766;165910,981;4655689,526;7567214,107;8167555,546;20057880,96;;;;;;;
Dønna;1827;0;758;0;0;495;0 %;-4 %;6 %;-8 %;-2 %;15 %;19 %;-5 %;10 %; 1 412 770 ; 1 828 239 ; 1 925 050 ; 5 166 059 ; 2 389 020 ; 2 081 964 ; 1 743 695 ; 6 214 680 ; 1 469 060 ; 1 730 159 ; 2 081 252 ; 5 280 471 ; 2 081 144 ; 1 752 175 ; 1 830 608 ; 5 663 926 ;Nordland;NO4;0,137;0;1827;Dønna;1469059,643;1730158,904;2081252,328;2237130,124;1980174,637;1849719,694;316730,406;11664225,74;1412769,771;1828239,151;1925050,372;2081143,631;1752174,846;1830607,896;277919,636;11107905,3;;;;2389020,07;2081964,336;1743695,415;250734,063;6465413,884;11222316,88;11631473,18;29237544,92;;;;;;;
Nesna;1828;0;865;0;0;312;0 %;-8 %;2 %;-12 %;-6 %;9 %;14 %;-9 %;5 %; 1 446 049 ; 1 886 799 ; 1 956 261 ; 5 289 109 ; 2 444 823 ; 2 167 183 ; 1 808 785 ; 6 420 791 ; 1 576 377 ; 1 854 972 ; 2 215 593 ; 5 646 942 ; 2 233 426 ; 1 893 069 ; 1 985 088 ; 6 111 583 ;Nordland;NO4;0,082;0;1828;Nesna;1576376,834;1854972,193;2215593,107;2368759,334;2108504,445;1965501,927;336957,477;12426665,32;1446048,759;1886798,943;1956260,846;2233426,213;1893068,931;1985088,004;302869,043;11703560,74;;;;2444823,309;2167182,72;1808784,959;248884,448;6669675,436;12061394,33;11958783,98;30799901,49;;;;;;;
Hemnes;1832;0;2203;0;0;515;0 %;0 %;11 %;4 %;5 %;21 %;26 %;1 %;16 %; 3 779 313 ; 5 130 652 ; 5 793 071 ; 14 703 036 ; 6 948 144 ; 6 263 968 ; 5 070 320 ; 18 282 432 ; 3 768 633 ; 4 626 110 ; 5 580 021 ; 13 974 764 ; 5 722 773 ; 4 952 763 ; 5 040 475 ; 15 716 010 ;Nordland;NO4;0,196;0;1832;Hemnes;3768633,158;4626109,695;5580020,867;6059196,324;5356930,431;4893412,705;816100,536;31100403,72;3779312,728;5130651,673;5793071,107;5722772,989;4952762,533;5040474,507;746988,894;31166034,43;;;;6948144,316;6263967,553;5070320,36;617994,954;18900427,18;30437762,64;33603462,69;81166865,33;;;;;;;
Rana;1833;0;10600;0;0;814;0 %;-2 %;10 %;-4 %;1 %;18 %;27 %;-4 %;14 %; 17 811 400 ; 24 277 419 ; 25 365 924 ; 67 454 743 ; 31 730 004 ; 29 764 016 ; 22 573 671 ; 84 067 691 ; 18 132 589 ; 22 117 916 ; 26 412 597 ; 66 663 103 ; 26 943 914 ; 23 432 825 ; 23 482 511 ; 73 859 249 ;Nordland;NO4;0,148;0;1833;Rana;18132589,16;22117916,03;26412597,45;28218751,32;24891841,64;22579265,33;3876694,534;146229655,5;17811399,82;24277419,14;25365923,88;26943914,1;23432824,62;23482510,58;3519135,671;144833127,8;;;;31730003,73;29764016,23;22573670,91;2780373,138;86848064,01;144041487,6;154302806,8;377910847,3;;;;;;;
Lurøy;1834;0;1045;0;0;826;0 %;1 %;9 %;-5 %;1 %;17 %;22 %;-4 %;12 %; 1 841 649 ; 2 402 582 ; 2 526 186 ; 6 770 417 ; 3 153 281 ; 2 736 005 ; 2 315 177 ; 8 204 464 ; 1 831 851 ; 2 194 409 ; 2 649 266 ; 6 675 526 ; 2 688 147 ; 2 249 403 ; 2 415 231 ; 7 352 781 ;Nordland;NO4;0,16;0;1834;Lurøy;1831850,776;2194409,021;2649266,261;2831294,774;2530215,506;2370211,226;409113,573;14816361,14;1841649,123;2402581,991;2526186,006;2688146,932;2249403,032;2415230,686;367782,453;14490980,22;;;;3153280,728;2736005,486;2315177,38;341220,731;8545684,325;14396089,16;15316101,45;37853025,69;;;;;;;
Træna;1835;0;228;0;0;83;0 %;-4 %;5 %;-7 %;-2 %;13 %;21 %;-4 %;10 %; 313 629 ; 398 633 ; 421 104 ; 1 133 366 ; 519 148 ; 458 107 ; 396 319 ; 1 373 574 ; 327 604 ; 378 539 ; 451 270 ; 1 157 413 ; 457 589 ; 379 188 ; 412 683 ; 1 249 460 ;Nordland;NO4;0,141;0;1835;Træna;327604,049;378538,692;451270,285;469922,814;424329,706;392002,798;68835,458;2512503,802;313628,938;398633,103;421104,001;457588,927;379188,125;412682,551;63198,59;2446024,235;;;;519148,007;458107,098;396318,812;55207,697;1428781,614;2470071,219;2562147,656;6387309,651;;;;;;;
Rødøy;1836;0;644;0;0;493;0 %;1 %;10 %;-5 %;2 %;14 %;18 %;-5 %;9 %; 1 197 307 ; 1 513 646 ; 1 573 477 ; 4 284 429 ; 1 899 837 ; 1 665 806 ; 1 433 974 ; 4 999 617 ; 1 189 627 ; 1 379 193 ; 1 650 504 ; 4 219 325 ; 1 670 501 ; 1 409 479 ; 1 514 282 ; 4 594 262 ;Nordland;NO4;0,103;0;1836;Rødøy;1189627,187;1379193,461;1650504,147;1707304,951;1558374,559;1505194,043;254961,478;9245159,826;1197306,934;1513645,541;1573476,646;1670500,768;1409479,442;1514282,168;226945,403;9105636,902;;;;1899837,315;1665806,344;1433973,583;203007,115;5202624,357;9040532,576;9487053,478;23553421,09;;;;;;;
Meløy;1837;0;3349;0;0;649;0 %;-76 %;-70 %;-70 %;-72 %;4 %;9 %;-16 %;-1 %; 5 644 614 ; 7 264 582 ; 7 820 179 ; 20 729 375 ; 8 987 489 ; 7 944 480 ; 6 624 421 ; 23 556 390 ; 23 844 075 ; 24 026 109 ; 26 102 960 ; 73 973 144 ; 8 675 633 ; 7 301 958 ; 7 862 565 ; 23 840 155 ;Nordland;NO4;0,013;0;1837;Meløy;23844075,45;24026108,78;26102959,95;28348131,19;26143935,73;26777234,59;4459584,506;159702030,2;5644614,11;7264581,91;7820179,049;8675632,836;7301957,808;7862564,572;1098506,3;45668036,59;;;;8987489,02;7944479,82;6624421,21;890315,95;24446706;98911805,69;45176081,07;229816772,8;;;;;;;
Gildeskål;1838;0;1188;0;0;1243;0 %;-1 %;10 %;-5 %;1 %;14 %;21 %;-7 %;9 %; 2 618 215 ; 3 414 613 ; 3 512 225 ; 9 545 053 ; 4 317 417 ; 3 805 280 ; 3 165 135 ; 11 287 831 ; 2 643 401 ; 3 098 238 ; 3 684 134 ; 9 425 774 ; 3 776 736 ; 3 139 692 ; 3 419 485 ; 10 335 913 ;Nordland;NO4;0,117;0;1838;Gildeskål;2643400,954;3098238,429;3684134,277;3930697,304;3488616,765;3417971,564;586634,82;20849694,11;2618214,802;3414613,461;3512225,185;3776735,96;3139691,694;3419485,384;512147,994;20393114,48;;;;4317417,339;3805279,602;3165134,554;477898,852;11765730,35;20273834,69;21310783,8;53008538,94;;;;;;;
Beiarn;1839;0;586;0;0;354;0 %;1 %;14 %;-2 %;4 %;17 %;28 %;-8 %;12 %; 1 046 979 ; 1 440 436 ; 1 462 267 ; 3 949 682 ; 1 811 382 ; 1 669 794 ; 1 247 184 ; 4 728 359 ; 1 038 082 ; 1 268 011 ; 1 499 273 ; 3 805 366 ; 1 541 686 ; 1 305 396 ; 1 362 411 ; 4 209 493 ;Nordland;NO4;0,126;0;1839;Beiarn;1038082,073;1268010,866;1499273,493;1649932,005;1451929,79;1386082,914;229754,349;8523065,49;1046979,032;1440436,338;1462266,719;1541686,174;1305395,858;1362411,204;197636,499;8356811,824;;;;1811381,56;1669793,689;1247184,043;175615,627;4903974,919;8212496,167;8853657,008;21783852,23;;;;;;;
Saltdal;1840;0;2268;0;0;556;0 %;-1 %;11 %;-3 %;2 %;18 %;25 %;-9 %;11 %; 3 975 886 ; 5 468 728 ; 5 747 316 ; 15 191 929 ; 7 210 039 ; 6 389 851 ; 4 713 560 ; 18 313 450 ; 4 021 669 ; 4 929 035 ; 5 935 105 ; 14 885 809 ; 6 116 817 ; 5 114 068 ; 5 208 196 ; 16 439 082 ;Nordland;NO4;0,145;0;1840;Saltdal;4021668,846;4929034,855;5935105,393;6467605,29;5657863,256;5140705,023;879613,888;33031596,55;3975885,83;5468727,76;5747315,525;6116817,015;5114068,112;5208196,397;754784,651;32385795,29;;;;7210039,237;6389850,617;4713560,279;598933,478;18912383,61;32079675,27;34104312,73;84329775,45;;;;;;;
Fauske;1841;0;5069;0;0;919;0 %;0 %;11 %;-4 %;2 %;14 %;19 %;-10 %;8 %; 8 099 998 ; 10 875 108 ; 11 383 483 ; 30 358 588 ; 13 833 553 ; 12 074 173 ; 9 499 467 ; 35 407 193 ; 8 128 724 ; 9 801 131 ; 11 846 896 ; 29 776 751 ; 12 130 711 ; 10 163 622 ; 10 510 327 ; 32 804 660 ;Nordland;NO4;0,131;0;1841;Fauske;8128723,937;9801130,606;11846896,35;12361080;11016869,11;10025970,66;1773325,114;64953995,77;8099997,86;10875107,96;11383482,68;12130710,79;10163621,77;10510326,97;1577561,634;64740809,65;;;;13833552,87;12074173,06;9499466,972;1205408,271;36612601,17;64158972,05;66971189,66;166307406,6;;;;;;;
Sørfold;1845;0;1053;0;0;559;0 %;0 %;14 %;4 %;6 %;16 %;23 %;-1 %;13 %; 1 812 604 ; 2 430 689 ; 2 688 333 ; 6 931 626 ; 3 113 145 ; 2 739 190 ; 2 347 815 ; 8 200 150 ; 1 812 617 ; 2 131 898 ; 2 579 761 ; 6 524 277 ; 2 672 467 ; 2 230 831 ; 2 363 567 ; 7 266 865 ;Nordland;NO4;0,131;0;1845;Sørfold;1812617,399;2131897,905;2579761,345;2765952,781;2419677,566;2319105,087;400370,16;14429382,24;1812604,257;2430688,946;2688333,147;2672467,489;2230831,37;2363566,54;348903,778;14547395,53;;;;3113144,895;2739189,542;2347815,14;316651,53;8516801,107;14140045,83;15448427,46;37493578,88;;;;;;;
Steigen;1848;0;1400;0;0;777;0 %;0 %;11 %;-4 %;2 %;13 %;17 %;-8 %;7 %; 2 566 115 ; 3 296 915 ; 3 492 075 ; 9 355 105 ; 4 153 717 ; 3 565 370 ; 3 091 616 ; 10 810 703 ; 2 578 770 ; 2 970 235 ; 3 620 830 ; 9 169 834 ; 3 685 145 ; 3 057 970 ; 3 346 454 ; 10 089 568 ;Nordland;NO4;0,112;0;1848;Steigen;2578770,164;2970234,542;3620829,784;3716342,813;3286393,406;3187106,27;559903,742;19919580,72;2566114,776;3296914,675;3492075,265;3685144,606;3057969,674;3346454,102;508038,548;19952711,65;;;;4153717,358;3565370,357;3091615,544;434715,669;11245418,93;19767441,42;20600523,64;51117711,3;;;;;;;
Lødingen;1851;0;1173;0;0;511;0 %;-6 %;6 %;-6 %;-2 %;8 %;10 %;-9 %;3 %; 2 101 769 ; 2 760 395 ; 2 944 845 ; 7 807 008 ; 3 535 661 ; 2 954 445 ; 2 618 033 ; 9 108 140 ; 2 225 725 ; 2 598 456 ; 3 148 117 ; 7 972 298 ; 3 269 798 ; 2 682 583 ; 2 864 545 ; 8 816 927 ;Nordland;NO4;0,057;0;1851;Lødingen;2225724,859;2598456,208;3148117,14;3389906,115;2878036,153;2794037,334;464318,559;17498596,37;2101768,524;2760394,613;2944845,253;3269798,496;2682583,309;2864545,403;441300,89;17065236,49;;;;3535661,144;2954445,298;2618033,424;368674,082;9476813,948;17230526,31;17283822,34;44040646,8;;;;;;;
Evenes;1853;0;808;0;0;434;0 %;3 %;14 %;-1 %;5 %;14 %;21 %;-7 %;10 %; 1 491 850 ; 1 965 668 ; 2 096 448 ; 5 553 967 ; 2 572 024 ; 2 201 386 ; 1 827 677 ; 6 601 086 ; 1 449 641 ; 1 729 523 ; 2 121 957 ; 5 301 121 ; 2 250 628 ; 1 821 909 ; 1 955 575 ; 6 028 112 ;Nordland;NO4;0,101;0;1853;Evenes;1449641,014;1729522,592;2121957,313;2306872,645;1956215,929;1845275,421;311699,902;11721184,82;1491850,461;1965668,161;2096447,954;2250627,942;1821908,839;1955575,407;296162,364;11878241,13;;;;2572023,931;2201385,792;1827676,572;247688,869;6848775,164;11625395,47;12402741,74;30448201,11;;;;;;;
Røst;1856;0;274;0;0;60;0 %;-4 %;3 %;-9 %;-4 %;-1 %;6 %;-10 %;-2 %; 440 238 ; 537 660 ; 579 876 ; 1 557 774 ; 636 742 ; 574 476 ; 552 070 ; 1 763 288 ; 458 832 ; 524 269 ; 636 625 ; 1 619 725 ; 645 420 ; 543 493 ; 614 586 ; 1 803 499 ;Nordland;NO4;-0,013;0;1856;Røst;458831,83;524269,027;636624,579;641024,888;595626,675;570340,606;100460,078;3527177,683;440237,846;537660,172;579875,928;645420,432;543492,669;614585,65;96209,134;3457481,831;;;;636742,092;574476,131;552070,069;73719,85;1837008,142;3519433,321;3394782,088;8821667,656;;;;;;;
Værøy;1857;0;329;0;0;85;0 %;-3 %;5 %;-7 %;-2 %;6 %;9 %;-8 %;2 %; 525 891 ; 659 807 ; 702 205 ; 1 887 903 ; 811 729 ; 695 601 ; 640 874 ; 2 148 204 ; 542 115 ; 630 695 ; 755 482 ; 1 928 292 ; 768 785 ; 637 873 ; 694 623 ; 2 101 281 ;Nordland;NO4;0,075;0;1857;Værøy;542114,574;630695,107;755482,43;790048,359;703214,563;691061,109;118944,869;4231561,011;525890,565;659807,261;702204,912;768785,023;637872,915;694622,666;105694,727;4094878,069;;;;811728,973;695600,845;640874,128;85967,416;2234171,362;4135267,442;4122074,1;10560610,44;;;;;;;
Flakstad;1859;0;637;0;0;265;0 %;-5 %;5 %;-8 %;-3 %;9 %;13 %;-6 %;5 %; 1 271 309 ; 1 592 432 ; 1 707 028 ; 4 570 769 ; 1 978 313 ; 1 744 104 ; 1 619 249 ; 5 341 666 ; 1 343 064 ; 1 514 607 ; 1 850 157 ; 4 707 828 ; 1 810 812 ; 1 541 001 ; 1 728 487 ; 5 080 300 ;Nordland;NO4;0,085;0;1859;Flakstad;1343063,891;1514606,885;1850157,355;1860633,81;1695034,87;1651876,889;287861,442;10203235,14;1271309,203;1592431,659;1707028,397;1810812,156;1541000,836;1728487,204;260769,062;9911838,517;;;;1978312,916;1744104,328;1619248,987;221460,89;5563127,121;10048897,39;10133896,38;25678200,78;;;;;;;
Vestvågøy;1860;0;5684;0;0;1105;0 %;-2 %;10 %;-5 %;1 %;11 %;15 %;-6 %;6 %; 9 962 240 ; 12 645 699 ; 13 324 812 ; 35 932 751 ; 15 606 421 ; 13 510 997 ; 12 208 810 ; 41 326 228 ; 10 130 493 ; 11 541 520 ; 13 959 702 ; 35 631 715 ; 14 051 368 ; 11 761 029 ; 13 055 960 ; 38 868 357 ;Nordland;NO4;0,084;0;1860;Vestvågøy;10130492,63;11541520,07;13959702,17;14467143,45;12859975,04;12348411,88;2138094,505;77445339,74;9962240,044;12645699,01;13324812,01;14051367,66;11761029,43;13055960,31;1962795,671;76763904,13;;;;15606421,04;13510996,77;12208809,86;1564902,858;42891130,53;76462867,94;78823881,59;197100374,4;;;;;;;
Vågan;1865;0;4836;0;0;1012;0 %;-1 %;11 %;-2 %;2 %;10 %;14 %;-7 %;6 %; 7 726 566 ; 10 017 710 ; 10 597 087 ; 28 341 364 ; 12 579 429 ; 10 851 200 ; 9 769 630 ; 33 200 260 ; 7 788 646 ; 9 044 057 ; 10 837 652 ; 27 670 355 ; 11 390 455 ; 9 498 399 ; 10 531 533 ; 31 420 387 ;Nordland;NO4;0,079;0;1865;Vågan;7788645,543;9044057,424;10837652,39;11372114,92;10064155,32;9671671,546;1663036,432;60441333,57;7726566,451;10017710,2;10597086,85;11390454,59;9498399,405;10531533,2;1582274,486;61344025,19;;;;12579429,3;10851200,13;9769630,069;1238021,792;34438281,29;60673017,04;62779644,8;156223640,1;;;;;;;
Hadsel;1866;0;4353;0;0;523;0 %;-2 %;9 %;-5 %;1 %;10 %;12 %;-9 %;4 %; 6 964 263 ; 8 944 073 ; 9 501 695 ; 25 410 031 ; 11 082 613 ; 9 343 912 ; 8 369 646 ; 28 796 172 ; 7 078 071 ; 8 182 563 ; 9 965 886 ; 25 226 520 ; 10 115 238 ; 8 307 643 ; 9 167 286 ; 27 590 167 ;Nordland;NO4;0,073;0;1866;Hadsel;7078071,248;8182562,792;9965886,362;10341018,24;8985623,066;8471007,207;1484781,896;54508950,81;6964263,35;8944072,851;9501695,168;10115238,01;8307642,578;9167286,483;1371127,527;54371325,97;;;;11082613,18;9343912,303;8369646,047;1092982,751;29889154,28;54187815;55299185,65;138769431,1;;;;;;;
Bø;1867;0;1544;0;0;612;0 %;-4 %;7 %;-6 %;-1 %;8 %;11 %;-8 %;3 %; 2 706 840 ; 3 484 107 ; 3 735 486 ; 9 926 432 ; 4 325 728 ; 3 632 290 ; 3 308 634 ; 11 266 653 ; 2 828 118 ; 3 241 856 ; 3 965 944 ; 10 035 918 ; 4 011 094 ; 3 267 407 ; 3 607 162 ; 10 885 663 ;Nordland;NO4;0,058;0;1867;Bø;2828117,544;3241856,149;3965943,892;4046230,646;3532094,629;3377081,885;574113,468;21565438,21;2706839,848;3484106,697;3735485,712;4011093,598;3267406,589;3607162,387;542524,904;21354619,74;;;;4325728,41;3632290,086;3308634,032;467257,604;11733910,13;21464105,06;21660342,39;54653968,08;;;;;;;
Øksnes;1868;0;2226;0;0;377;0 %;-5 %;7 %;-5 %;-1 %;8 %;12 %;-8 %;4 %; 3 819 489 ; 4 883 195 ; 5 244 528 ; 13 947 212 ; 6 082 599 ; 5 115 912 ; 4 681 716 ; 15 880 226 ; 4 005 558 ; 4 568 468 ; 5 522 072 ; 14 096 097 ; 5 609 264 ; 4 577 603 ; 5 085 567 ; 15 272 434 ;Nordland;NO4;0,059;0;1868;Øksnes;4005557,641;4568467,906;5522071,581;5828920,781;5062961,003;4764748,702;844238,193;30596965,81;3819489,117;4883194,968;5244528,153;5609263,912;4577602,81;5085567,078;765223,785;29984869,82;;;;6082598,666;5115911,972;4681715,734;633937,047;16514163,42;30133754,71;30461375,66;77095999,05;;;;;;;
Sortland;1870;0;5134;0;0;407;0 %;-3 %;8 %;-5 %;0 %;8 %;13 %;-7 %;5 %; 8 373 783 ; 10 682 979 ; 11 267 939 ; 30 324 701 ; 13 198 610 ; 11 104 975 ; 10 046 523 ; 34 350 109 ; 8 608 109 ; 9 858 718 ; 11 903 360 ; 30 370 188 ; 12 171 790 ; 9 866 721 ; 10 807 736 ; 32 846 247 ;Nordland;NO4;0,055;0;1870;Sortland;8608109,007;9858718,492;11903360,01;12486238,86;10748342,62;10142578,79;1790914,945;65538262,72;8373783,106;10682979,01;11267938,63;12171790,27;9866721,188;10807735,93;1621366,02;64792314,16;;;;13198609,86;11104975,39;10046523,31;1310267,862;35660376,43;64837800,93;65985077,17;165990953,3;;;;;;;
Andøy;1871;0;2467;0;0;499;0 %;-2 %;9 %;-4 %;1 %;9 %;13 %;-8 %;4 %; 4 177 710 ; 5 386 359 ; 5 828 631 ; 15 392 700 ; 6 706 369 ; 5 647 723 ; 5 146 521 ; 17 500 613 ; 4 274 455 ; 4 948 272 ; 6 057 259 ; 15 279 986 ; 6 157 907 ; 5 010 820 ; 5 604 828 ; 16 773 555 ;Nordland;NO4;0,078;0;1871;Andøy;4274454,51;4948272,324;6057258,942;6287661,322;5291728,028;5132393,807;913835,896;32905604,83;4177710,283;5386358,933;5828630,563;6157906,887;5010819,858;5604827,863;831949,192;32998203,58;;;;6706368,958;5647722,859;5146521,036;690364,537;18190977,39;32885489,58;33583677,17;84094785,8;;;;;;;
Moskenes;1874;0;535;0;0;270;0 %;-8 %;2 %;-11 %;-6 %;7 %;13 %;-8 %;4 %; 1 023 704 ; 1 261 062 ; 1 317 571 ; 3 602 336 ; 1 556 148 ; 1 409 262 ; 1 298 689 ; 4 264 099 ; 1 108 245 ; 1 231 325 ; 1 485 144 ; 3 824 715 ; 1 458 461 ; 1 247 482 ; 1 404 467 ; 4 110 411 ;Nordland;NO4;0,084;0;1874;Moskenes;1108245,102;1231325,328;1485144,271;1510525,226;1402474,704;1370427,767;235437,308;8343579,706;1023704,12;1261061,602;1317570,543;1458461,361;1247481,974;1404467,418;210500,172;7923247,19;;;;1556148,113;1409261,547;1298689,204;171693,818;4435792,682;8145625,626;8038128,947;20702619,58;;;;;;;
Hamarøy;1875;0;1848;0;0;978;0 %;-1 %;11 %;-3 %;2 %;13 %;19 %;-8 %;8 %; 2 628 036 ; 3 468 029 ; 3 704 208 ; 9 800 273 ; 4 448 273 ; 3 822 398 ; 3 208 617 ; 11 479 288 ; 2 653 185 ; 3 132 159 ; 3 808 748 ; 9 594 092 ; 3 949 194 ; 3 206 857 ; 3 489 790 ; 10 645 841 ;Nordland;NO4;0,101;0;1875;Hábmer;2653185,365;3132159,249;3808747,822;3998308,331;3446922,36;3339419,652;582123,301;20960866,08;2628036,089;3468028,799;3704208,343;3949193,631;3206857,269;3489789,864;523634,11;20969748,11;;;;4448272,814;3822398,088;3208616,771;452290,633;11931578,31;20763567,31;21731851,54;53862192,49;;;;;;;
Halden;3101;8818;16096;0,55;1064;1573;68 %;6 %;3 %;0 %;2 %;20 %;22 %;5 %;16 %; 18 647 816 ; 24 104 244 ; 26 848 334 ; 69 600 395 ; 35 894 605 ; 32 695 506 ; 25 743 994 ; 94 334 105 ; 17 669 803 ; 23 347 812 ; 26 958 716 ; 67 976 331 ; 30 010 171 ; 26 906 291 ; 24 413 151 ; 81 329 613 ;Østfold;NO1;0,111;0;3101;Halden;17669802,56;23347811,81;26958716,34;36102961,59;27709152,87;25260007,35;4032230,829;161080683,3;18647816,46;24104244,27;26848334,47;30010170,82;26906291,05;24413151,39;3175045,92;154105054,4;;;;35894604,92;32695505,94;25743994,11;2996596,03;97330701;152480989,9;166931096,2;412516438,7;;;;;;;
Moss;3103;13588;25537;0,53;999;1606;62 %;7 %;3 %;-1 %;2 %;19 %;22 %;9 %;17 %; 27 835 048 ; 34 826 064 ; 39 705 165 ; 102 366 276 ; 53 054 199 ; 48 200 124 ; 38 968 849 ; 140 223 172 ; 26 077 247 ; 33 970 450 ; 39 959 949 ; 100 007 646 ; 44 475 773 ; 39 495 018 ; 35 728 092 ; 119 698 883 ;Østfold;NO1;0,138;0;3103;Moss;26077247,03;33970449,7;39959948,96;51099026,08;40710091,86;37079027,32;5936801,763;234832592,7;27835047,64;34826063,92;39705164,82;44475772,99;39495018,33;35728091,6;4783569,268;226848728,6;;;;53054199,32;48200123,94;38968849,14;4401678,391;144624850,8;224490097,9;246991127,2;606306172,1;;;;;;;
Sarpsborg;3105;14818;27771;0,53;1719;2555;67 %;18 %;16 %;6 %;13 %;29 %;29 %;21 %;27 %; 35 935 495 ; 46 486 183 ; 49 789 272 ; 132 210 950 ; 67 246 588 ; 60 157 871 ; 51 012 670 ; 178 417 129 ; 30 399 705 ; 39 946 626 ; 46 767 526 ; 117 113 856 ; 51 993 539 ; 46 665 236 ; 42 178 966 ; 140 837 741 ;Østfold;NO1;0,196;0;3105;Sarpsborg;30399705,11;39946625,69;46767525,67;62936725,3;48009776,39;43472180,63;6919633,595;278452172,4;35935495,21;46486183,24;49789271,98;51993538,91;46665235,56;42178966,11;5547302,317;278595993,3;;;;67246587,77;60157871,15;51012670,43;5482788,051;183899917,4;263498899,4;316110867,8;740948083,1;;;;;;;
Fredrikstad;3107;21719;40197;0,54;2597;4141;63 %;7 %;4 %;-1 %;3 %;21 %;21 %;8 %;17 %; 46 971 755 ; 59 986 480 ; 67 808 577 ; 174 766 812 ; 91 163 769 ; 82 543 565 ; 66 484 817 ; 240 192 150 ; 43 957 856 ; 57 934 361 ; 68 385 545 ; 170 277 762 ; 75 639 842 ; 68 302 867 ; 61 808 506 ; 205 751 215 ;Østfold;NO1;0,131;0;3107;Fredrikstad;43957856,19;57934361,46;68385544,6;91334224,03;70541426,43;63701687,46;10086115,74;405941215,9;46971755,24;59986480,24;67808576,86;75639842,3;68302867,09;61808505,82;8103337,985;388621365,5;;;;91163768,61;82543564,55;66484816,85;7504748,682;247696898,7;384132315,4;422463711;1042259480;;;;;;;
Hvaler;3110;1683;2624;0,64;2814;4456;63 %;6 %;4 %;-1 %;2 %;30 %;28 %;13 %;24 %; 4 505 919 ; 5 870 046 ; 6 712 586 ; 17 088 551 ; 9 853 791 ; 9 062 825 ; 7 033 456 ; 25 950 072 ; 4 262 766 ; 5 626 119 ; 6 796 904 ; 16 685 790 ; 7 575 330 ; 7 063 395 ; 6 219 379 ; 20 858 104 ;Østfold;NO1;0,199;0;3110;Hvaler;4262766,168;5626119,285;6796904,425;9306331,358;7219909,562;6847117,736;1045884,282;41105032,82;4505918,566;5870046,004;6712586,447;7575329,735;7063395,339;6219379,016;821179,281;38767834,39;;;;9853791,064;9062824,848;7033456,158;1007795,275;26957867,35;38365073,25;44046418,36;106830734,5;;;;;;;
Råde;3112;1921;3412;0,56;436;679;64 %;7 %;4 %;1 %;4 %;22 %;22 %;9 %;18 %; 4 895 042 ; 6 143 773 ; 7 029 013 ; 18 067 828 ; 9 409 899 ; 8 497 810 ; 6 828 762 ; 24 736 472 ; 4 585 225 ; 5 905 652 ; 6 941 331 ; 17 432 208 ; 7 712 410 ; 6 958 804 ; 6 260 359 ; 20 931 573 ;Østfold;NO1;0,158;0;3112;Råde;4585224,877;5905652,474;6941330,719;9118885,737;7144352,2;6479154,702;1035286,536;41209887,25;4895041,704;6143773,181;7029012,776;7712409,78;6958804,331;6260359,387;829772,905;39829174,06;;;;9409899,492;8497810,424;6828761,734;785918,182;25522389,83;39193554,47;43590217,49;106561451,1;;;;;;;
Våler;3114;2430;4527;0,54;0;333;0 %;8 %;4 %;2 %;4 %;18 %;22 %;9 %;16 %; 3 678 938 ; 4 603 373 ; 5 170 308 ; 13 452 620 ; 6 793 019 ; 6 114 451 ; 4 920 455 ; 17 827 925 ; 3 414 319 ; 4 412 681 ; 5 093 357 ; 12 920 357 ; 5 756 945 ; 5 014 871 ; 4 531 239 ; 15 303 055 ;Østfold;NO1;0,112;0;3114;Våler;3414318,843;4412681,031;5093356,831;6629183,885;5110543,313;4636885,188;741343,651;30038312,74;3678938,048;4603373,324;5170308,389;5756944,978;5014870,915;4531238,855;613073,402;29368747,91;;;;6793018,733;6114450,878;4920454,93;551819,43;18379743,97;28836484,86;31832363,73;77786804,62;;;;;;;
Skiptvet;3116;848;1733;0,49;191;346;55 %;9 %;7 %;3 %;6 %;21 %;25 %;12 %;20 %; 2 429 414 ; 3 036 524 ; 3 436 165 ; 8 902 103 ; 4 523 023 ; 4 105 607 ; 3 291 227 ; 11 919 857 ; 2 222 587 ; 2 847 107 ; 3 345 342 ; 8 415 037 ; 3 737 351 ; 3 281 336 ; 2 947 472 ; 9 966 160 ;Østfold;NO1;0,134;0;3116;Skiptvet;2222587,193;2847107,143;3345342,231;4354371,398;3402462,105;3062873,577;483485,082;19718228,73;2429414,06;3036523,873;3436165,238;3737351,204;3281336,31;2947472,182;388482,767;19256745,63;;;;4523023,224;4105607,358;3291226,824;380295,803;12300153,21;18769679,03;21202256,38;51275127,57;;;;;;;
Indre Østfold;3118;11171;21979;0,51;663;1245;53 %;6 %;3 %;-1 %;2 %;18 %;22 %;7 %;16 %; 27 379 338 ; 34 395 895 ; 38 565 234 ; 100 340 468 ; 51 186 048 ; 46 209 152 ; 36 583 124 ; 133 978 324 ; 25 891 486 ; 33 412 231 ; 38 927 956 ; 98 231 674 ; 43 487 631 ; 37 972 748 ; 34 048 833 ; 115 509 212 ;Østfold;NO1;0,11;0;3118;Indre Østfold;25891486,1;33412230,96;38927956,48;50606636,45;39374868,61;35427065,69;5690715,31;229330959,6;27379338,46;34395894,93;38565234,12;43487631,4;37972747,5;34048833,21;4446444,838;220296124,5;;;;51186047,93;46209152,05;36583123,67;4171893,981;138150217,6;218187330,5;238490685,1;587777301,7;;;;;;;
Rakkestad;3120;1890;3830;0,49;0;155;0 %;6 %;5 %;1 %;4 %;20 %;22 %;8 %;17 %; 4 733 676 ; 5 958 400 ; 6 708 980 ; 17 401 056 ; 8 869 881 ; 7 943 302 ; 6 360 092 ; 23 173 275 ; 4 449 750 ; 5 685 894 ; 6 627 178 ; 16 762 821 ; 7 383 829 ; 6 493 312 ; 5 883 752 ; 19 760 893 ;Østfold;NO1;0,117;0;3120;Rakkestad;4449749,52;5685893,607;6627178,344;8598607,385;6434946,291;5817048,563;932737,786;38546161,5;4733675,814;5958400,097;6708979,904;7383829,198;6493311,559;5883752,282;776818,087;37938766,94;;;;8869880,902;7943302,387;6360091,936;736009,067;23909284,29;37300532,6;41310340,11;100394212,7;;;;;;;
Marker;3122;931;1925;0,48;258;437;59 %;8 %;5 %;0 %;4 %;20 %;23 %;7 %;17 %; 2 479 176 ; 3 102 526 ; 3 518 833 ; 9 100 535 ; 4 711 622 ; 4 296 338 ; 3 299 300 ; 12 307 260 ; 2 304 165 ; 2 958 653 ; 3 501 747 ; 8 764 565 ; 3 925 256 ; 3 500 231 ; 3 093 963 ; 10 519 450 ;Østfold;NO1;0,111;0;3122;Marker;2304165,024;2958652,835;3501747,072;4833427,037;3635678,997;3240059,305;509898,607;20983628,88;2479175,996;3102525,883;3518832,681;3925255,774;3500231,277;3093963,22;405254,852;20025239,68;;;;4711621,925;4296338,347;3299299,663;402563,452;12709823,39;19689270,05;21810357,95;53718691,95;;;;;;;
Aremark;3124;408;730;0,56;370;534;69 %;8 %;5 %;-1 %;3 %;25 %;26 %;6 %;20 %; 994 428 ; 1 301 009 ; 1 465 305 ; 3 760 742 ; 2 068 838 ; 1 900 258 ; 1 397 651 ; 5 366 748 ; 923 430 ; 1 234 452 ; 1 477 458 ; 3 635 339 ; 1 649 141 ; 1 509 451 ; 1 315 477 ; 4 474 069 ;Østfold;NO1;0,14;0;3124;Aremark;923429,645;1234451,671;1477457,642;2074530,543;1542973,59;1382245,176;211888,018;8846976,285;994428,18;1301008,668;1465304,661;1649140,725;1509450,968;1315477,111;170373,233;8405183,546;;;;2068838,471;1900257,73;1397651,451;183677,803;5550425,455;8279780,995;9311166,964;22802585,29;;;;;;;
Bærum;3201;35977;56804;0,63;110;247;45 %;2 %;-2 %;-4 %;-1 %;13 %;18 %;7 %;13 %; 74 017 032 ; 93 271 746 ; 104 375 443 ; 271 664 221 ; 137 114 720 ; 123 044 702 ; 97 849 374 ; 358 008 795 ; 72 255 131 ; 94 720 741 ; 108 624 022 ; 275 599 894 ; 121 420 355 ; 104 334 934 ; 91 863 490 ; 317 618 779 ;Akershus;NO1;0,1;0;3201;Bærum;72255131,35;94720740,81;108624021,7;136793893;106989269,5;94625759,24;15371743;629380558,6;74017031,63;93271745,87;104375443,5;121420354,8;104334934,4;91863489,65;11910270,92;601193270,7;;;;137114719,7;123044701,6;97849374,15;10040682,3;368049477,7;605128943,5;639713698,6;1598623307;;;;;;;
Asker;3203;26962;42233;0,64;1770;3458;51 %;4 %;0 %;-2 %;0 %;15 %;19 %;8 %;14 %; 60 736 335 ; 76 243 639 ; 86 668 380 ; 223 648 354 ; 114 127 268 ; 102 937 025 ; 80 950 048 ; 298 014 341 ; 58 339 574 ; 76 228 583 ; 88 680 267 ; 223 248 424 ; 99 341 806 ; 86 590 943 ; 74 876 527 ; 260 809 276 ;Akershus;NO1;0,116;0;3203;Asker;58339574,32;76228583,19;88680266,55;111645264;87926302,68;78622693,66;12707026,49;514149710,9;60736334,73;76243638,67;86668380,26;99341805,96;86590943,4;74876526,85;9742149,918;494199779,8;;;;114127267,8;102937024,8;80950048,14;8715927,282;306730268;493799850,2;530378621,6;1315079759;;;;;;;
Lillestrøm;3205;21863;40950;0,53;117;273;43 %;4 %;0 %;-3 %;0 %;14 %;18 %;6 %;13 %; 49 418 428 ; 60 980 226 ; 67 714 986 ; 178 113 640 ; 89 185 333 ; 80 821 885 ; 63 496 269 ; 233 503 488 ; 47 393 153 ; 60 929 724 ; 69 826 147 ; 178 149 023 ; 78 148 239 ; 68 296 156 ; 59 721 712 ; 206 166 107 ;Akershus;NO1;0,088;0;3205;Lillestrøm;47393153,08;60929723,51;69826146,78;90192299,89;70774234,27;63169801,92;10209524,34;412494883,8;49418427,88;60980226,07;67714985,75;78148238,89;68296156,21;59721712;7795364,299;392075111,1;;;;89185333,2;80821885,32;63496269,46;6956860,575;240460348,6;392110494,8;418573988,3;1045030343;;;;;;;
Nordre Follo;3207;17137;27499;0,62;115;260;44 %;5 %;1 %;-2 %;1 %;16 %;20 %;8 %;15 %; 36 541 702 ; 45 586 573 ; 51 019 450 ; 133 147 724 ; 66 895 544 ; 60 167 344 ; 48 374 702 ; 175 437 590 ; 34 935 610 ; 45 239 079 ; 51 928 680 ; 132 103 369 ; 57 909 673 ; 50 149 776 ; 44 934 612 ; 152 994 061 ;Akershus;NO1;0,106;0;3207;Nordre Follo;34935610,35;45239078,59;51928680,15;64919176,07;51836572,59;46739795,23;7560516,911;303159429,9;36541701,95;45586572,68;51019449,84;57909673,34;50149776,49;44934611,57;5916699,101;292058485;;;;66895543,62;60167344,4;48374702,14;5221211,089;180658801,3;291014129,6;313806525,7;775876716,1;;;;;;;
Ullensaker;3209;9383;19549;0,48;0;54;0 %;5 %;1 %;-2 %;1 %;14 %;18 %;7 %;13 %; 24 079 657 ; 29 497 838 ; 32 670 656 ; 86 248 151 ; 42 336 597 ; 38 515 245 ; 30 824 549 ; 111 676 391 ; 22 872 939 ; 29 221 697 ; 33 325 674 ; 85 420 309 ; 37 091 185 ; 32 537 615 ; 28 813 570 ; 98 442 369 ;Akershus;NO1;0,088;0;3209;Ullensaker;22872938,95;29221696,63;33325673,69;41523795,52;33292488,31;29766928,35;4825573,167;194829094,6;24079656,72;29497838,38;32670655,66;37091185,02;32537614,5;28813569,85;3798440,263;188488960,4;;;;42336596,59;38515245,24;30824549,03;3428181,347;115104572,2;187661118,9;201352723;498422627,2;;;;;;;
Nesodden;3212;5598;8546;0,66;361;759;48 %;4 %;0 %;-1 %;1 %;15 %;20 %;9 %;15 %; 12 209 347 ; 15 449 787 ; 17 743 362 ; 45 402 497 ; 23 263 420 ; 21 245 432 ; 16 815 939 ; 61 324 792 ; 11 715 309 ; 15 416 231 ; 17 984 727 ; 45 116 266 ; 20 149 507 ; 17 633 152 ; 15 386 595 ; 53 169 255 ;Akershus;NO1;0,117;0;3212;Nesodden;11715308,58;15416230,75;17984727,02;22607984,87;18271553,73;16432908,3;2634605,034;105063318,3;12209347,28;15449787,39;17743362,38;20149507,48;17633152,5;15386594,68;2012249,839;100584001,5;;;;23263420,29;21245432,36;16815939,44;1820317,758;63145109,85;100297770,8;108547606,9;268792429,6;;;;;;;
Frogn;3214;4865;7521;0,65;1402;2186;64 %;4 %;0 %;-1 %;1 %;17 %;23 %;10 %;17 %; 11 380 504 ; 14 337 919 ; 16 543 660 ; 42 262 083 ; 22 065 574 ; 20 076 232 ; 15 969 437 ; 58 111 244 ; 10 901 964 ; 14 329 197 ; 16 747 651 ; 41 978 812 ; 18 859 463 ; 16 370 599 ; 14 475 091 ; 49 705 153 ;Akershus;NO1;0,128;0;3214;Frogn;10901964,18;14329197,27;16747650,68;21114555,14;17012633,93;15332223,89;2445516,894;97883741,99;11380504,2;14337919,01;16543659,74;18859463,13;16370599,49;14475090,6;1930871,986;93898108,14;;;;22065574,36;20076232,39;15969436,84;1789485,288;59900728,88;93614837,33;102162811,8;251682579;;;;;;;
Vestby;3216;5233;8627;0,61;687;1215;57 %;8 %;3 %;1 %;3 %;19 %;23 %;9 %;17 %; 12 171 835 ; 15 178 625 ; 17 242 417 ; 44 592 876 ; 22 849 853 ; 20 785 246 ; 16 512 283 ; 60 147 381 ; 11 296 273 ; 14 782 567 ; 17 127 351 ; 43 206 191 ; 19 279 470 ; 16 888 611 ; 15 079 804 ; 51 247 886 ;Akershus;NO1;0,132;0;3216;Vestby;11296272,78;14782566,88;17127351,09;21814032,98;17152763,01;15495248,57;2484568,651;100152804;12171834,5;15178625,46;17242416,52;19279470,27;16888611,04;15079804,24;2039038,143;97879800,17;;;;22849852,78;20785245,54;16512283,1;1843288,713;61990670,13;96493114,43;106583546,6;260023274,3;;;;;;;
Ås;3218;4866;8056;0,6;145;299;48 %;4 %;0 %;-1 %;0 %;15 %;19 %;8 %;14 %; 11 177 388 ; 13 849 860 ; 15 440 492 ; 40 467 740 ; 20 178 950 ; 18 363 211 ; 14 804 702 ; 53 346 862 ; 10 751 783 ; 13 851 668 ; 15 672 848 ; 40 276 298 ; 17 616 772 ; 15 377 346 ; 13 762 619 ; 46 756 737 ;Akershus;NO1;0,102;0;3218;Ås;10751783,09;13851667,6;15672847,81;19642539,16;15775608,1;14309801,7;2300515,986;92304763,44;11177388,36;13849859,68;15440491,78;17616772,36;15377345,7;13762618,7;1824203,715;89048680,3;;;;20178949,58;18363210,94;14804701,74;1594293,914;54941156,18;88857238,97;95408896;236294599,9;;;;;;;
Enebakk;3220;2748;4665;0,59;326;601;54 %;5 %;1 %;-2 %;1 %;16 %;19 %;6 %;14 %; 7 185 088 ; 9 026 829 ; 10 097 634 ; 26 309 552 ; 13 344 238 ; 11 977 923 ; 9 536 300 ; 34 858 462 ; 6 860 103 ; 8 906 689 ; 10 342 130 ; 26 108 921 ; 11 525 809 ; 10 064 288 ; 8 961 717 ; 30 551 814 ;Akershus;NO1;0,1;0;3220;Enebakk;6860102,905;8906688,882;10342129,68;13135181,2;10467080,12;9391532,95;1508783,701;60611499,44;7185088,091;9026829,392;10097634,46;11525809,28;10064288,09;8961717,058;1177936,725;58039303,09;;;;13344238,39;11977922,93;9536300,25;1073614,375;35932075,95;57838672,62;62241627,89;154582878,5;;;;;;;
Lørenskog;3222;10529;22525;0,47;0;0;#DIV/0!;5 %;1 %;-2 %;1 %;15 %;19 %;7 %;14 %; 22 284 559 ; 27 260 061 ; 30 193 634 ; 79 738 254 ; 39 397 071 ; 35 711 332 ; 28 636 366 ; 103 744 769 ; 21 291 421 ; 27 050 164 ; 30 929 310 ; 79 270 895 ; 34 383 552 ; 30 009 431 ; 26 651 402 ; 91 044 384 ;Akershus;NO1;0,093;0;3222;Lørenskog;21291420,53;27050164,43;30929310,06;38191838,61;30743532,66;27862012,64;4499978,542;180568257,5;22284559,16;27260061,32;30193633,96;34383551,57;30009430,83;26651401,63;3504412,526;174287051;;;;39397071,01;35711332,43;28636365,87;3137853,836;106882623,1;173819691,6;186620877,6;461737931,6;;;;;;;
Rælingen;3224;4706;8352;0,56;0;48;0 %;4 %;1 %;-2 %;0 %;16 %;19 %;8 %;14 %; 10 540 711 ; 12 945 943 ; 14 329 343 ; 37 815 997 ; 18 898 842 ; 17 121 024 ; 13 619 895 ; 49 639 761 ; 10 112 321 ; 12 867 757 ; 14 669 069 ; 37 649 148 ; 16 338 429 ; 14 378 630 ; 12 644 459 ; 43 361 518 ;Akershus;NO1;0,105;0;3224;Rælingen;10112321,23;12867756,88;14669069,41;18479276,9;14806053,43;13391601,94;2175947,701;86502027,49;10540710,63;12945943,39;14329342,99;16338429,2;14378629,94;12644458,73;1657342,965;82834857,83;;;;18898842,28;17121023,74;13619894,6;1491229,428;51130990,05;82668008,35;88946987,05;220467875,4;;;;;;;
Aurskog-Høland;3226;4561;8808;0,52;554;980;57 %;7 %;3 %;-2 %;2 %;16 %;21 %;7 %;15 %; 11 633 545 ; 14 725 004 ; 16 483 965 ; 42 842 514 ; 21 710 557 ; 19 778 816 ; 15 308 419 ; 56 797 792 ; 10 922 028 ; 14 242 768 ; 16 766 643 ; 41 931 439 ; 18 763 089 ; 16 350 714 ; 14 309 564 ; 49 423 366 ;Akershus;NO1;0,085;0;3226;Aurskog-Høland;10922028,22;14242767,52;16766643,37;21851758,68;16706795,79;14814980,92;2378151,487;97683126;11633544,88;14725004,3;16483964,6;18763088,9;16350713,66;14309563,9;1886139,952;94152020,19;;;;21710557,18;19778816,47;15308418,52;1757787,271;58555579,44;93240945,53;101398093,2;250390725,6;;;;;;;
Nes;3228;5855;10698;0,55;189;389;49 %;6 %;1 %;-2 %;1 %;14 %;19 %;7 %;13 %; 14 892 880 ; 18 498 524 ; 20 648 027 ; 54 039 431 ; 27 034 884 ; 24 644 216 ; 19 124 754 ; 70 803 854 ; 14 090 583 ; 18 328 299 ; 21 120 683 ; 53 539 565 ; 23 801 693 ; 20 718 677 ; 17 937 856 ; 62 458 226 ;Akershus;NO1;0,069;0;3228;Nes;14090583,24;18328299,47;21120682,52;27745891,99;21292704,01;18764485,45;3050328,344;124392975;14892879,61;18498524,33;20648026,86;23801692,68;20718677,36;17937855,51;2376650,203;118874306,6;;;;27034883,87;24644215,76;19124753,93;2148641,879;72952495,44;118374441;126991926,2;316219777;;;;;;;
Gjerdrum;3230;1802;3073;0,59;0;18;0 %;3 %;-2 %;-4 %;-1 %;15 %;18 %;7 %;14 %; 4 591 472 ; 5 640 567 ; 6 361 688 ; 16 593 728 ; 8 350 875 ; 7 583 491 ; 5 898 552 ; 21 832 918 ; 4 441 041 ; 5 745 861 ; 6 602 845 ; 16 789 747 ; 7 265 812 ; 6 404 088 ; 5 527 204 ; 19 197 105 ;Akershus;NO1;0,095;0;3230;Gjerdrum;4441040,573;5745861,075;6602845,346;8310825,426;6597526,171;5864752,857;956640,79;38519492,24;4591471,941;5640567,343;6361688,426;7265812,481;6404088,092;5527204,435;719438,827;36510271,55;;;;8350874,91;7583491,406;5898551,54;637838,445;22470756,3;36706290,83;39064484,01;97500520,08;;;;;;;
Nittedal;3232;6547;10501;0,62;0;155;0 %;3 %;-2 %;-4 %;-2 %;13 %;16 %;6 %;12 %; 14 936 415 ; 18 714 649 ; 21 010 538 ; 54 661 601 ; 27 453 800 ; 24 559 884 ; 19 501 577 ; 71 515 261 ; 14 513 338 ; 19 000 993 ; 21 986 892 ; 55 501 223 ; 24 230 610 ; 21 093 228 ; 18 473 268 ; 63 797 107 ;Akershus;NO1;0,091;0;3232;Nittedal;14513338,14;19000993,3;21986892,07;27198007,92;21570663,51;19280054,23;3113664,13;126663613,3;14936414,63;18714648,98;21010537,79;24230610,46;21093228,14;18473268,29;2382005,336;120840713,6;;;;27453799,6;24559884,36;19501577,23;2099506,503;73614767,69;121680335,7;128276369,1;321119094,6;;;;;;;
Lunner;3234;2666;4341;0,61;616;945;65 %;3 %;-1 %;-4 %;-1 %;13 %;17 %;7 %;13 %; 6 558 833 ; 8 355 606 ; 9 589 336 ; 24 503 776 ; 12 327 752 ; 11 228 301 ; 8 609 490 ; 32 165 543 ; 6 361 141 ; 8 424 452 ; 9 967 034 ; 24 752 627 ; 10 906 294 ; 9 580 796 ; 8 058 446 ; 28 545 535 ;Akershus;NO1;0,072;0;3234;Lunner;6361140,884;8424451,814;9967034,217;12168358,83;9820514,781;8665412,79;1367724,82;56774638,13;6558833,303;8355606,036;9589336,237;10906293,53;9580795,538;8058446,211;1032426,465;54081737,32;;;;12327752,47;11228300,7;8609489,673;1006383,618;33171926,46;54330588,66;57675702,03;144028301,9;;;;;;;
Jevnaker;3236;2057;3506;0,59;174;294;59 %;4 %;-1 %;-4 %;-1 %;13 %;18 %;6 %;13 %; 4 481 561 ; 5 649 048 ; 6 380 927 ; 16 511 536 ; 8 271 511 ; 7 692 394 ; 5 821 541 ; 21 785 446 ; 4 316 016 ; 5 703 263 ; 6 638 624 ; 16 657 903 ; 7 298 592 ; 6 504 744 ; 5 480 591 ; 19 283 926 ;Akershus;NO1;0,08;0;3236;Jevnaker;4316015,821;5703263,215;6638623,547;8476906,971;6795487,717;5904973,278;949049,919;38784320,47;4481561,092;5649048,495;6380926,829;7298591,791;6504743,831;5480590,718;709992,587;36505455,34;;;;8271510,997;7692394,113;5821541,354;666742,149;22452188,61;36651821,51;38963725,03;97741964,42;;;;;;;
Nannestad;3238;3547;6914;0,51;0;101;0 %;4 %;-1 %;-4 %;-1 %;13 %;17 %;8 %;13 %; 9 279 509 ; 11 420 057 ; 12 826 433 ; 33 525 999 ; 16 517 885 ; 15 059 962 ; 12 036 721 ; 43 614 568 ; 8 894 407 ; 11 588 739 ; 13 356 336 ; 33 839 481 ; 14 582 247 ; 12 825 992 ; 11 151 658 ; 38 559 897 ;Akershus;NO1;0,088;0;3238;Nannestad;8894406,588;11588738,64;13356335,98;16240211,71;13064479,7;11612282;1870490,7;76626945,31;9279508,956;11420057,33;12826432,66;14582246,67;12825992,04;11151658,01;1458135,823;73544031,48;;;;16517884,71;15059962,38;12036720,93;1353594,86;44968162,88;73857513,75;78494161,81;195139139,7;;;;;;;
Eidsvoll;3240;6674;12859;0,52;164;354;46 %;5 %;0 %;-3 %;0 %;13 %;18 %;8 %;13 %; 16 281 710 ; 20 208 798 ; 22 589 534 ; 59 080 042 ; 29 219 975 ; 26 903 877 ; 21 293 788 ; 77 417 640 ; 15 457 890 ; 20 131 318 ; 23 199 957 ; 58 789 165 ; 25 774 014 ; 22 790 581 ; 19 780 796 ; 68 345 391 ;Akershus;NO1;0,081;0;3240;Eidsvoll;15457889,93;20131317,87;23199957,16;29088483,28;23844151,57;20904341,21;3343488,627;135969629,6;16281710,35;20208797,73;22589534,24;25774013,75;22790580,6;19780796,44;2600640,6;130026073,7;;;;29219974,65;26903877,16;21293788;2402649,826;79820289,64;129735196,3;138900332;345815993;;;;;;;
Hurdal;3242;777;1560;0,5;390;601;65 %;5 %;2 %;-2 %;1 %;15 %;21 %;9 %;15 %; 2 247 109 ; 2 857 982 ; 3 275 989 ; 8 381 079 ; 4 242 367 ; 3 926 321 ; 3 020 127 ; 11 188 815 ; 2 130 664 ; 2 814 361 ; 3 352 057 ; 8 297 082 ; 3 704 222 ; 3 232 624 ; 2 777 929 ; 9 714 775 ;Akershus;NO1;0,096;0;3242;Hurdal;2130663,939;2814361,397;3352057,042;4070183,009;3294041,433;2922654,96;449968,094;19033929,87;2247108,633;2857981,654;3275988,568;3704221,749;3232624,285;2777928,519;358533,476;18454386,88;;;;4242367,357;3926320,749;3020127,229;373237,94;11562053,28;18370390,41;19943132,13;49050370,03;;;;;;;
Drammen;3301;27027;49395;0,55;436;755;58 %;5 %;1 %;-2 %;1 %;15 %;17 %;7 %;13 %; 53 952 641 ; 68 561 253 ; 77 805 833 ; 200 319 727 ; 102 672 799 ; 92 294 006 ; 70 622 722 ; 265 589 526 ; 51 487 730 ; 68 108 409 ; 79 455 290 ; 199 051 429 ; 89 304 677 ; 78 894 865 ; 66 090 587 ; 234 290 129 ;Buskerud;NO1;0,116;0;3301;Drammen;51487729,51;68108409,16;79455290,45;101393603;80009103,01;70600418,99;11210959,77;462265513,9;53952640,53;68561253,46;77805833,29;89304677,12;78894865,02;66090586,79;8497991,688;443107847,9;;;;102672798,6;92294005,54;70622722,17;7669777,331;273259303,7;441839549,7;473579031;1178632665;;;;;;;
Kongsberg;3303;9062;14602;0,62;1609;2052;78 %;4 %;1 %;0 %;1 %;17 %;20 %;6 %;15 %; 18 093 974 ; 23 588 866 ; 27 102 391 ; 68 785 231 ; 35 842 958 ; 31 877 615 ; 23 749 917 ; 91 470 490 ; 17 427 767 ; 23 255 288 ; 27 220 974 ; 67 904 030 ; 30 600 476 ; 26 554 126 ; 22 303 903 ; 79 458 504 ;Buskerud;NO1;0,116;0;3303;Kongsberg;17427767,45;23255288,44;27220974,3;33749062,61;27022498,9;24057725,27;3779044,792;156512361,8;18093973,83;23588866,45;27102391,05;30600475,93;26554125,75;22303902,51;2715989,858;150959725,4;;;;35842957,55;31877615,2;23749916,9;2772814,209;94243303,86;150078524,2;163028535,2;401715391;;;;;;;
Ringerike;3305;8961;16120;0,56;1172;1818;64 %;6 %;2 %;-2 %;1 %;14 %;18 %;7 %;13 %; 18 695 910 ; 23 983 950 ; 27 360 040 ; 70 039 899 ; 35 451 690 ; 32 177 997 ; 24 203 976 ; 91 833 663 ; 17 705 658 ; 23 623 591 ; 27 924 571 ; 69 253 820 ; 31 022 811 ; 27 358 540 ; 22 539 682 ; 80 921 033 ;Buskerud;NO1;0,099;0;3305;Ringerike;17705658,28;23623591,27;27924570,69;35382722,95;27655566,58;23946080,46;3789476,561;160027666,8;18695909,68;23983950;27360039,65;31022810,68;27358540,47;22539682,26;2879247,898;153840180,6;;;;35451689,77;32177997,33;24203975,63;2796860,463;94630523,19;153054101,5;164670422,5;408498370,6;;;;;;;
Hole;3310;1746;2760;0,63;269;503;53 %;8 %;3 %;0 %;3 %;17 %;18 %;10 %;15 %; 4 118 561 ; 5 159 091 ; 5 860 675 ; 15 138 327 ; 7 663 867 ; 6 952 387 ; 5 352 517 ; 19 968 771 ; 3 814 835 ; 5 026 976 ; 5 854 608 ; 14 696 419 ; 6 572 713 ; 5 887 190 ; 4 870 345 ; 17 330 247 ;Buskerud;NO1;0,125;0;3310;Hole;3814834,631;5026976,41;5854608,112;7627618,624;5931981,947;5168457,403;826837,472;34251314,6;4118560,516;5159091,142;5860674,923;6572712,547;5887189,624;4870345,063;636145,707;33104719,52;;;;7663866,727;6952387,112;5352516,717;590869,685;20559640,24;32662812,09;35697966,82;87915674,36;;;;;;;
Lier;3312;7208;11975;0,6;0;131;0 %;4 %;1 %;-2 %;1 %;16 %;19 %;8 %;15 %; 15 538 796 ; 19 366 436 ; 21 921 866 ; 56 827 098 ; 28 869 538 ; 26 089 018 ; 20 300 811 ; 75 259 366 ; 14 911 139 ; 19 224 790 ; 22 390 252 ; 56 526 181 ; 24 917 093 ; 21 919 323 ; 18 857 396 ; 65 693 812 ;Buskerud;NO1;0,128;0;3312;Lier;14911139,21;19224789,64;22390251,74;28332623,84;22670314,42;20041731,29;3225518,995;130796369,1;15538796,11;19366436,42;21921865,58;24917093,01;21919323,43;18857395,53;2448420,725;124969330,8;;;;28869537,76;26089017,69;20300810,84;2197549,134;77456915,42;124668413,3;134284013,5;333222615,4;;;;;;;
Øvre Eiker;3314;5279;9618;0,55;0;144;0 %;6 %;2 %;0 %;2 %;16 %;18 %;7 %;14 %; 12 002 889 ; 15 359 158 ; 17 618 179 ; 44 980 226 ; 23 046 819 ; 20 552 701 ; 15 444 748 ; 59 044 268 ; 11 343 060 ; 15 016 172 ; 17 569 063 ; 43 928 295 ; 19 785 333 ; 17 424 231 ; 14 405 617 ; 51 615 181 ;Buskerud;NO1;0,129;0;3314;Øvre Eiker;11343060,01;15016171,64;17569063,47;22261783,56;17469364,07;15313677,75;2443666,883;101416787,4;12002889,06;15359157,86;17618179,34;19785332,72;17424231,33;14405616,66;1834597,72;98430004,68;;;;23046819,11;20552700,83;15444748,28;1693815,374;60738083,59;97378073,55;105718309,8;260584875,7;;;;;;;
Modum;3316;4131;7208;0,57;155;287;54 %;7 %;3 %;2 %;4 %;16 %;16 %;8 %;14 %; 8 955 371 ; 11 437 203 ; 13 150 823 ; 33 543 397 ; 16 902 050 ; 15 219 736 ; 11 463 890 ; 43 585 676 ; 8 402 846 ; 11 054 904 ; 12 915 011 ; 32 372 761 ; 14 536 269 ; 13 114 388 ; 10 600 198 ; 38 250 855 ;Buskerud;NO1;0,12;0;3316;Modum;8402845,82;11054904,35;12915011,32;16733955,91;12945953,58;11266380,23;1796505,622;75115556,82;8955370,546;11437203,45;13150823,22;14536269,32;13114387,76;10600197,72;1364444,764;73158696,79;;;;16902049,92;15219735,79;11463890,23;1286731,474;44872407,41;71988061,06;78415804,63;193146661;;;;;;;
Krødsherad;3318;669;1126;0,59;1481;2064;72 %;3 %;3 %;-3 %;1 %;21 %;23 %;13 %;20 %; 2 718 876 ; 3 677 535 ; 4 709 872 ; 11 106 283 ; 6 246 568 ; 5 782 169 ; 4 045 456 ; 16 074 193 ; 2 648 574 ; 3 557 072 ; 4 842 674 ; 11 048 320 ; 5 161 113 ; 4 688 017 ; 3 573 714 ; 13 422 844 ;Buskerud;NO1;0,1;0;3318;Krødsherad;2648574,157;3557072,071;4842673,707;5611256,716;4822401,744;4325538,272;553192,014;26360708,68;2718876,292;3677535,175;4709871,732;5161113,359;4688017,19;3573713,657;412304,558;24941431,96;;;;6246567,987;5782169,457;4045455,821;637890,308;16712083,57;24883468,7;27818366,77;68014224,22;;;;;;;
Flå;3320;254;609;0,42;1612;1923;84 %;6 %;6 %;1 %;4 %;26 %;26 %;15 %;23 %; 2 204 510 ; 2 923 042 ; 3 656 917 ; 8 784 469 ; 4 697 290 ; 4 227 034 ; 2 978 606 ; 11 902 931 ; 2 082 519 ; 2 759 959 ; 3 635 340 ; 8 477 818 ; 3 730 694 ; 3 350 207 ; 2 580 375 ; 9 661 276 ;Buskerud;NO1;0,139;0;3320;Flå;2082519,107;2759959,187;3635340,074;3941174,508;3473971,283;3176184,873;377313,027;19446462,06;2204510,191;2923042,162;3656916,63;3730693,679;3350207,18;2580375,484;288463,687;18734209,01;;;;4697290,212;4227034,255;2978606,143;538198,906;12441129,52;18427558,4;21225598,5;50621800,59;;;;;;;
Nesbyen;3322;914;1758;0,52;2701;3379;80 %;2 %;5 %;-1 %;1 %;21 %;20 %;13 %;19 %; 4 529 351 ; 6 117 346 ; 7 609 158 ; 18 255 856 ; 9 606 322 ; 8 804 086 ; 6 240 781 ; 24 651 189 ; 4 459 034 ; 5 845 766 ; 7 694 063 ; 17 998 863 ; 7 934 775 ; 7 325 947 ; 5 536 337 ; 20 797 058 ;Buskerud;NO1;0,094;0;3322;Nesbyen;4459034,492;5845765,789;7694063,127;8491429,953;7540846,365;6759928,783;840443,333;41631511,84;4529351,351;6117346,321;7609158,327;7934774,968;7325946,543;5536336,758;633379,481;39686293,75;;;;9606321,637;8804085,874;6240781,295;1099923,804;25751112,61;39429301,16;44006968,61;107068918,2;;;;;;;
Gol;3324;1210;2506;0,48;1896;2521;75 %;3 %;6 %;0 %;3 %;22 %;19 %;13 %;19 %; 4 962 034 ; 6 752 430 ; 8 136 536 ; 19 851 000 ; 10 250 302 ; 9 141 968 ; 6 661 752 ; 26 054 022 ; 4 833 741 ; 6 366 857 ; 8 098 253 ; 19 298 851 ; 8 388 334 ; 7 654 319 ; 5 895 082 ; 21 937 736 ;Buskerud;NO1;0,114;0;3324;Gol;4833741,328;6366857,44;8098252,661;9079521,785;7851424,66;7039590,64;941597,042;44210985,56;4962034,046;6752430,436;8136535,573;8388334,43;7654319,491;5895081,776;693966,396;42482702,15;;;;10250301,82;9141967,515;6661752,424;1042676,347;27096698,1;41930553,52;46947698,16;113790385,8;;;;;;;
Hemsedal;3326;686;1270;0,54;2256;3138;72 %;8 %;14 %;10 %;11 %;38 %;30 %;22 %;31 %; 4 430 086 ; 6 012 873 ; 8 043 181 ; 18 486 140 ; 10 334 164 ; 9 357 684 ; 6 743 969 ; 26 435 817 ; 4 090 071 ; 5 253 833 ; 7 282 093 ; 16 625 997 ; 7 481 601 ; 7 185 072 ; 5 534 679 ; 20 201 352 ;Buskerud;NO1;0,208;0;3326;Hemsedal;4090071,13;5253833,333;7282092,698;7900066,638;7169633,233;6615456,774;855769,616;39166923,42;4430086,054;6012873,381;8043180,516;7481600,652;7185072,338;5534678,705;659485,342;39346976,99;;;;10334164,23;9357683,73;6743969,024;1171320,226;27607137,21;37486834,2;46093277,16;106121037,6;;;;;;;
Ål;3328;1142;2310;0,49;2007;2588;78 %;1 %;7 %;1 %;3 %;26 %;24 %;12 %;22 %; 5 216 001 ; 7 087 031 ; 8 543 426 ; 20 846 459 ; 11 053 793 ; 9 851 528 ; 7 197 249 ; 28 102 569 ; 5 175 972 ; 6 612 363 ; 8 470 773 ; 20 259 107 ; 8 754 071 ; 7 961 598 ; 6 405 968 ; 23 121 638 ;Buskerud;NO1;0,131;0;3328;Ål;5175971,865;6612362,682;8470772,905;9485951,802;8336207,716;7647952,057;1034574,255;46763793,28;5216001,412;7087031,06;8543426,046;8754071,13;7961598,479;6405968,074;750122,794;44718219;;;;11053793,06;9851527,566;7197248,85;1146495,03;29249064,5;44130867,93;50095523,02;120731076,8;;;;;;;
Hol;3330;1458;2527;0,58;5178;6867;75 %;3 %;7 %;3 %;4 %;32 %;28 %;16 %;26 %; 9 017 019 ; 11 739 317 ; 15 152 282 ; 35 908 617 ; 19 604 986 ; 17 804 196 ; 12 925 149 ; 50 334 331 ; 8 777 053 ; 10 957 180 ; 14 700 106 ; 34 434 339 ; 14 894 291 ; 13 937 059 ; 11 175 842 ; 40 007 192 ;Buskerud;NO1;0,158;0;3330;Hol;8777052,979;10957179,84;14700106,42;15900521;14431683,59;13821732,21;1719237,676;80307513,71;9017018,572;11739316,92;15152281,61;14894290,73;13937059,35;11175841,59;1312043,042;77227851,81;;;;19604985,71;17804195,71;12925149,37;2413391,18;52747721,96;75753573,95;88656339,07;210283087,5;;;;;;;
Sigdal;3332;1003;1879;0,53;3582;4343;82 %;1 %;3 %;-2 %;0 %;23 %;22 %;13 %;20 %; 4 718 494 ; 6 295 858 ; 7 793 674 ; 18 808 026 ; 10 287 083 ; 9 433 601 ; 6 621 289 ; 26 341 973 ; 4 679 962 ; 6 136 789 ; 7 947 200 ; 18 763 950 ; 8 397 534 ; 7 726 219 ; 5 868 984 ; 21 992 737 ;Buskerud;NO1;0,122;0;3332;Sigdal;4679962,155;6136788,512;7947199,587;9302518,927;7952190,997;7200208,837;906501,216;44125370,23;4718494,117;6295858,087;7793673,527;8397533,706;7726218,815;5868984,128;664795,077;41465557,46;;;;10287083,2;9433600,605;6621289,032;1150368,988;27492341,83;41421481,98;46300367,56;113083269,5;;;;;;;
Flesberg;3334;707;1269;0,56;2487;3040;82 %;1 %;3 %;0 %;1 %;23 %;23 %;12 %;20 %; 3 178 323 ; 4 321 519 ; 5 143 385 ; 12 643 227 ; 6 974 082 ; 6 391 514 ; 4 534 795 ; 17 900 391 ; 3 152 674 ; 4 192 408 ; 5 148 340 ; 12 493 422 ; 5 688 710 ; 5 192 077 ; 4 066 196 ; 14 946 984 ;Buskerud;NO1;0,145;0;3334;Flesberg;3152674,009;4192407,683;5148340,146;6199866,937;5314051,592;4908404,168;654540,783;29570285,32;3178322,982;4321518,795;5143385,378;5688710,356;5192077,178;4066196,14;475141,398;28065352,23;;;;6974081,935;6391513,978;4534795,05;721416,759;18621807,72;27915546,91;31265034,88;76257445,27;;;;;;;
Rollag;3336;404;699;0,58;1613;1847;87 %;2 %;4 %;-1 %;1 %;25 %;24 %;11 %;21 %; 1 996 344 ; 2 647 643 ; 3 204 159 ; 7 848 146 ; 4 215 588 ; 3 815 483 ; 2 712 111 ; 10 743 182 ; 1 951 691 ; 2 540 093 ; 3 240 586 ; 7 732 369 ; 3 372 397 ; 3 084 410 ; 2 436 107 ; 8 892 913 ;Buskerud;NO1;0,11;0;3336;Rollag;1951690,946;2540092,505;3240586,017;3679144,139;3240623,052;3010373,45;365761,848;18028271,96;1996344,133;2647643,455;3204158,911;3372396,953;3084409,507;2436106,903;277906,246;17018966,11;;;;4215587,844;3815483,103;2712111,438;486626,548;11229808,93;16903189,08;19077955,43;46277047;;;;;;;
Nore og Uvdal;3338;709;1376;0,52;2321;3024;77 %;0 %;2 %;-1 %;0 %;26 %;22 %;10 %;20 %; 3 335 518 ; 4 403 508 ; 5 334 520 ; 13 073 546 ; 7 101 276 ; 6 466 621 ; 4 648 673 ; 18 216 570 ; 3 325 064 ; 4 311 238 ; 5 414 029 ; 13 050 332 ; 5 637 657 ; 5 283 709 ; 4 219 500 ; 15 140 867 ;Buskerud;NO1;0,129;0;3338;Nore og Uvdal;3325064,345;4311238,391;5414029,142;5992485,057;5363111,223;5009695,165;648503,952;30064127,28;3335517,917;4403507,91;5334519,711;5637657,4;5283709,077;4219500,323;487731,975;28702144,31;;;;7101276,457;6466621,236;4648672,728;849912,384;19066482,81;28678930,65;32140028,34;77832754,39;;;;;;;
Kongsvinger;3401;5130;9403;0,55;328;616;53 %;5 %;0 %;-4 %;0 %;14 %;19 %;6 %;13 %; 11 062 488 ; 13 905 771 ; 15 581 826 ; 40 550 085 ; 20 663 263 ; 18 852 586 ; 14 190 792 ; 53 706 641 ; 10 544 804 ; 13 956 625 ; 16 174 916 ; 40 676 345 ; 18 124 742 ; 15 902 663 ; 13 396 431 ; 47 423 837 ;Innlandet;NO1;0,061;0;3401;Kongsvinger;10544803,69;13956624,65;16174916,22;21023548,44;16315608,86;14342181,08;2321924,665;94679607,61;11062487,76;13905770,9;15581825,98;18124742,45;15902662,68;13396431,4;1760674,807;89734595,97;;;;20663263,29;18852585,65;14190791,77;1659094,169;55365734,88;89860855,91;95915819,51;239779938,5;;;;;;;
Hamar;3403;9108;16579;0,55;249;328;76 %;3 %;-2 %;-6 %;-2 %;11 %;17 %;6 %;12 %; 17 827 984 ; 22 413 261 ; 25 337 685 ; 65 578 930 ; 32 743 236 ; 29 872 398 ; 22 639 117 ; 85 254 751 ; 17 250 083 ; 22 822 524 ; 26 905 723 ; 66 978 330 ; 29 555 966 ; 25 472 894 ; 21 376 008 ; 76 404 868 ;Innlandet;NO1;0,047;0;3403;Hamar;17250083,16;22822523,54;26905723,36;33053730,04;26996218,03;22741912,93;3600553,882;153370744,9;17827983,78;22413261;25337685,12;29555965,59;25472894,23;21376008,16;2807770,859;144791568,7;;;;32743236,05;29872398,41;22639116,59;2576714,812;87831465,86;146190968,9;153410395,8;385993779,5;;;;;;;
Lillehammer;3405;8698;14460;0,6;829;1049;79 %;2 %;-2 %;-6 %;-2 %;14 %;20 %;6 %;14 %; 17 723 055 ; 22 858 881 ; 26 111 576 ; 66 693 512 ; 34 358 122 ; 30 987 380 ; 22 983 488 ; 88 328 990 ; 17 314 649 ; 23 235 138 ; 27 660 309 ; 68 210 095 ; 30 244 480 ; 25 842 531 ; 21 610 212 ; 77 697 223 ;Innlandet;NO1;0,063;0;3405;Lillehammer;17314648,81;23235137,56;27660308,88;32033054,21;26946924,76;23171483,91;3482776,545;153844334,7;17723054,96;22858880,58;26111576,36;30244480,24;25842530,62;21610212,2;2747705,931;147138440,9;;;;34358121,8;30987379,55;22983488,32;2678453,253;91007442,92;148655024,2;157700954,8;391990218,5;;;;;;;
Gjøvik;3407;8636;15375;0,56;280;479;58 %;3 %;-2 %;-5 %;-2 %;13 %;18 %;5 %;12 %; 19 565 763 ; 24 758 154 ; 28 169 908 ; 72 493 825 ; 36 612 218 ; 33 398 915 ; 24 900 943 ; 94 912 076 ; 18 993 043 ; 25 173 948 ; 29 519 275 ; 73 686 266 ; 32 448 243 ; 28 273 050 ; 23 750 027 ; 84 471 320 ;Innlandet;NO1;0,067;0;3407;Gjøvik;18993043,46;25173947,92;29519274,99;35436732,16;29648546,41;25716052,72;3979997,618;168467595,3;19565763,4;24758153,87;28169908,18;32448243,26;28273049,74;23750026,62;3061987,743;160027132,8;;;;36612218,07;33398914,67;24900942,94;2855094,829;97767170,51;161219573,7;170260996;426261898,6;;;;;;;
Ringsaker;3411;9046;17092;0,53;4880;6134;80 %;3 %;-1 %;-4 %;-1 %;16 %;23 %;9 %;16 %; 23 355 587 ; 30 073 886 ; 35 311 435 ; 88 740 908 ; 46 064 694 ; 42 586 641 ; 31 805 853 ; 120 457 188 ; 22 697 147 ; 30 257 244 ; 36 964 879 ; 89 919 270 ; 39 829 241 ; 34 764 568 ; 29 136 109 ; 103 729 919 ;Innlandet;NO1;0,083;0;3411;Ringsaker;22697146,69;30257243,96;36964879,22;43007485,03;36523772,43;31870865,49;4686111,228;206007504;23355587,17;30073885,88;35311434,59;39829241,44;34764568,04;29136109,37;3691590,73;196162417,2;;;;46064694,07;42586641;31805853,39;4109237,222;124566425,7;197340779,5;213307333,3;526736347;;;;;;;
Løten;3412;2063;3731;0,55;922;1178;78 %;5 %;0 %;-5 %;-1 %;13 %;19 %;7 %;13 %; 5 163 594 ; 6 568 290 ; 7 570 137 ; 19 302 022 ; 9 780 948 ; 8 979 489 ; 6 731 441 ; 25 491 878 ; 4 918 732 ; 6 561 334 ; 7 937 878 ; 19 417 944 ; 8 674 631 ; 7 540 309 ; 6 278 708 ; 22 493 649 ;Innlandet;NO1;0,053;0;3412;Løten;4918731,692;6561334,198;7937878,31;9386772,222;7764679,297;6686303,906;1035376,992;44291076,62;5163593,96;6568290,385;7570137,47;8674631,176;7540309,437;6278708,162;811238,53;42606909,12;;;;9780948,191;8979488,758;6731441,283;852865,78;26344744,01;42722831,51;45646765,83;113242729,7;;;;;;;
Stange;3413;5757;10093;0,57;452;822;55 %;4 %;0 %;-4 %;-1 %;13 %;18 %;7 %;13 %; 12 649 385 ; 15 886 944 ; 18 062 790 ; 46 599 119 ; 23 399 193 ; 21 430 726 ; 16 250 442 ; 61 080 362 ; 12 127 098 ; 15 934 013 ; 18 796 920 ; 46 858 031 ; 20 715 950 ; 18 094 924 ; 15 215 934 ; 54 026 807 ;Innlandet;NO1;0,065;0;3413;Stange;12127098,19;15934013,39;18796919,58;23348479,13;19069026,15;16272297,98;2578448,735;108126283,1;12649385,13;15886943,9;18062789,88;20715949,72;18094923,73;15215934,04;1997502,949;102623429,4;;;;23399193,43;21430726,25;16250442,3;1880657,609;62961019,59;102882341,6;109560138,5;273710732,1;;;;;;;
Nord-Odal;3414;1375;2589;0,53;291;543;54 %;5 %;-2 %;-5 %;-1 %;12 %;18 %;6 %;12 %; 3 482 670 ; 4 370 345 ; 5 027 528 ; 12 880 543 ; 6 622 846 ; 6 135 584 ; 4 690 934 ; 17 449 363 ; 3 324 544 ; 4 452 209 ; 5 288 174 ; 13 064 927 ; 5 934 334 ; 5 197 527 ; 4 437 695 ; 15 569 555 ;Innlandet;NO1;0,048;0;3414;Nord-Odal;3324544,154;4452209,096;5288174,14;6857943,573;5346424,559;4619645,804;732352,122;30621293,45;3482669,692;4370345,317;5027528,164;5934333,92;5197526,754;4437694,6;586785,275;29036883,72;;;;6622845,807;6135584,014;4690933,518;549397,552;17998760,89;29221267,94;30879304,06;77656938,06;;;;;;;
Sør-Odal;3415;2096;3943;0,53;262;438;60 %;6 %;1 %;-3 %;1 %;13 %;19 %;7 %;13 %; 5 196 522 ; 6 557 537 ; 7 389 666 ; 19 143 725 ; 9 839 601 ; 9 029 571 ; 6 825 601 ; 25 694 773 ; 4 881 504 ; 6 503 300 ; 7 630 185 ; 19 014 988 ; 8 699 285 ; 7 586 642 ; 6 403 323 ; 22 689 250 ;Innlandet;NO1;0,055;0;3415;Sør-Odal;4881504,131;6503299,588;7630184,681;10217955,53;7680662,687;6682886,646;1076408,814;44672902,08;5196521,815;6557537,017;7389665,978;8699284,764;7586642,113;6403323,236;848877,064;42681851,99;;;;9839601,217;9029571,399;6825600,645;783305,335;26478078,6;42553115,58;45621803,41;113832832,7;;;;;;;
Eidskog;3416;1721;3228;0,53;316;559;57 %;6 %;2 %;-4 %;1 %;15 %;19 %;5 %;13 %; 4 195 122 ; 5 319 355 ; 5 963 942 ; 15 478 420 ; 7 887 127 ; 7 251 257 ; 5 452 482 ; 20 590 866 ; 3 953 083 ; 5 204 327 ; 6 191 556 ; 15 348 966 ; 6 881 949 ; 6 092 275 ; 5 183 807 ; 18 158 031 ;Innlandet;NO1;0,063;0;3416;Eidskog;3953083,314;5204327,31;6191555,505;7990295,883;6233122,839;5495325,892;866320,105;35934030,85;4195122,315;5319354,935;5963942,438;6881949,17;6092274,532;5183806,976;680791,979;34317242,35;;;;7887126,77;7251256,768;5452482,16;660672,049;21251537,75;34187788,79;36729957,44;91502810,94;;;;;;;
Grue;3417;1380;2581;0,53;273;477;57 %;6 %;0 %;-3 %;0 %;14 %;20 %;8 %;14 %; 3 159 285 ; 4 052 452 ; 4 610 523 ; 11 822 259 ; 6 162 029 ; 5 678 317 ; 4 126 564 ; 15 966 910 ; 2 978 326 ; 4 042 512 ; 4 775 265 ; 11 796 103 ; 5 409 408 ; 4 730 610 ; 3 831 791 ; 13 971 809 ;Innlandet;NO1;0,046;0;3417;Grue;2978326,226;4042511,529;4775265,238;6404648,332;4861204,066;4187471,384;662163,883;27911590,66;3159284,697;4052451,559;4610522,633;5409408,026;4730609,912;3831791,309;500244,177;26294312,31;;;;6162029,446;5678316,687;4126564,359;500643,595;16467554,09;26268156,42;28289812,98;70673457,06;;;;;;;
Åsnes;3418;1978;3942;0,5;141;302;47 %;5 %;-2 %;-5 %;-1 %;12 %;18 %;6 %;12 %; 4 841 578 ; 6 098 285 ; 6 934 116 ; 17 873 980 ; 9 178 278 ; 8 437 207 ; 6 253 396 ; 23 868 882 ; 4 605 684 ; 6 204 459 ; 7 282 609 ; 18 092 753 ; 8 223 019 ; 7 129 499 ; 5 896 515 ; 21 249 033 ;Innlandet;NO1;0,031;0;3418;Åsnes;4605684,062;6204459,353;7282609,379;9445416,872;7320377,759;6265759,311;1006240,887;42130547,62;4841578,314;6098285,275;6934116,062;8223018,684;7129499,205;5896514,752;783994,974;39907007,27;;;;9178278,405;8437207,433;6253396,343;728262,923;24597145,1;40125780,41;42471124,76;106634700;;;;;;;
Våler;3419;0;0;0;0;0;0 %;5 %;-2 %;-6 %;-2 %;10 %;19 %;5 %;12 %; 2 311 088 ; 2 906 504 ; 3 317 903 ; 8 535 495 ; 4 405 539 ; 4 094 080 ; 2 941 216 ; 11 440 835 ; 2 208 164 ; 2 977 788 ; 3 539 626 ; 8 725 578 ; 4 015 529 ; 3 446 210 ; 2 791 775 ; 10 253 514 ;Innlandet;NO1;0,019;0;3419;Våler;2208164,459;2977787,528;3539626,389;4597904,25;3579439,081;3021608,827;476744,744;20401275,28;2311087,985;2906504,166;3317902,537;4015529,101;3446209,889;2791775,244;368913,166;19157922,09;;;;4405539,064;4094080,375;2941215,838;344565,127;11785400,4;19348005,78;20320895,09;51344597,77;;;;;;;
Elverum;3420;5955;10799;0,55;0;185;0 %;2 %;-2 %;-8 %;-3 %;8 %;16 %;4 %;10 %; 13 105 796 ; 16 527 294 ; 18 598 449 ; 48 231 538 ; 23 726 867 ; 21 875 819 ; 16 426 747 ; 62 029 432 ; 12 849 792 ; 16 832 481 ; 20 126 768 ; 49 809 041 ; 21 914 519 ; 18 846 712 ; 15 817 958 ; 56 579 189 ;Innlandet;NO1;0,004;0;3420;Elverum;12849792,17;16832480,6;20126767,93;24268023,97;19351175,72;16508282,55;2619080,924;112555603,9;13105795,86;16527293,75;18598448,55;21914519,06;18846711,94;15817958,21;2098420,943;106909148,3;;;;23726866,94;21875818,66;16426746,84;1921772,551;63951204,99;108486650,9;112182743,2;283415957,2;;;;;;;
Trysil;3421;2376;4417;0,54;4146;6009;69 %;1 %;-3 %;-7 %;-4 %;15 %;22 %;6 %;15 %; 9 102 851 ; 11 938 366 ; 15 192 255 ; 36 233 471 ; 19 919 242 ; 19 328 950 ; 13 814 949 ; 53 063 141 ; 8 999 517 ; 12 264 135 ; 16 358 056 ; 37 621 708 ; 17 272 567 ; 15 806 959 ; 13 019 104 ; 46 098 629 ;Innlandet;NO1;0,055;0;3421;Trysil;8999517,473;12264134,88;16358055,9;18422727,63;16401911,84;14709333,32;2076599,448;89232280,5;9102851,187;11938365,53;15192254,76;17272566,7;15806958,87;13019103,66;1582386,028;83914486,73;;;;19919241,53;19328950,12;13814948,88;2178632,422;55241772,95;85302723,52;91475244,42;228388540,2;;;;;;;
Åmot;3422;1275;2587;0,49;1277;1630;78 %;1 %;-3 %;-7 %;-4 %;12 %;18 %;5 %;12 %; 3 891 007 ; 5 018 712 ; 5 872 247 ; 14 781 967 ; 7 593 699 ; 7 172 028 ; 5 089 980 ; 19 855 708 ; 3 857 669 ; 5 187 291 ; 6 315 936 ; 15 360 896 ; 6 801 516 ; 6 070 833 ; 4 852 659 ; 17 725 008 ;Innlandet;NO1;0,009;0;3422;Åmot;3857668,626;5187291,215;6315935,963;7489491,987;6184005,541;5335189,853;741641,437;35111224,62;3891007,166;5018712,023;5872247,44;6801515,54;6070833,252;4852659,051;620934,513;33127908,99;;;;7593699,146;7172028,116;5089980,341;727867,049;20583574,65;33706838,16;35365541,28;88822708,26;;;;;;;
Stor-Elvdal;3423;673;1393;0,48;595;928;64 %;2 %;1 %;-5 %;-1 %;18 %;23 %;6 %;17 %; 1 848 122 ; 2 443 754 ; 2 858 701 ; 7 150 577 ; 3 809 833 ; 3 553 839 ; 2 447 979 ; 9 811 651 ; 1 809 429 ; 2 414 802 ; 3 022 501 ; 7 246 731 ; 3 217 817 ; 2 898 858 ; 2 301 681 ; 8 418 355 ;Innlandet;NO1;0,062;0;3423;Stor-Elvdal;1809429,037;2414801,516;3022500,602;3554629,533;3008254,474;2590766,81;363848,748;16764230,72;1848121,823;2443753,739;2858701,352;3217817,154;2898857,541;2301680,505;298257,831;15867189,95;;;;3809833,48;3553838,818;2447978,732;360868,809;10172519,84;15963344,19;17323096,75;42803940,5;;;;;;;
Rendalen;3424;521;1007;0,52;553;791;70 %;-1 %;-5 %;-10 %;-6 %;13 %;19 %;2 %;12 %; 1 757 114 ; 2 248 437 ; 2 601 589 ; 6 607 140 ; 3 471 810 ; 3 308 308 ; 2 315 640 ; 9 095 758 ; 1 766 254 ; 2 362 125 ; 2 878 000 ; 7 006 378 ; 3 068 484 ; 2 787 494 ; 2 275 980 ; 8 131 958 ;Innlandet;NO1;0,019;0;3424;Rendalen;1766253,532;2362125,053;2877999,751;3437771,198;2906056,596;2509123,445;355331,835;16214661,41;1757114,167;2248436,897;2601588,834;3068484,301;2787494,466;2275979,546;297980,023;15037078,23;;;;3471810,427;3308307,622;2315640,055;331415,792;9427173,896;15436316,67;16034313,79;40678913,54;;;;;;;
Engerdal;3425;408;779;0,52;788;1049;75 %;3 %;-1 %;-4 %;-1 %;24 %;27 %;9 %;21 %; 1 488 404 ; 1 902 132 ; 2 276 372 ; 5 666 908 ; 3 077 570 ; 2 922 847 ; 2 049 869 ; 8 050 285 ; 1 451 986 ; 1 915 088 ; 2 376 682 ; 5 743 756 ; 2 481 555 ; 2 308 991 ; 1 877 136 ; 6 667 682 ;Innlandet;NO1;0,113;0;3425;Engerdal;1451985,957;1915087,634;2376682,31;2771605,061;2434304,245;2214167,567;303633,972;13467466,75;1488404,401;1902131,846;2276371,549;2481555,322;2308990,532;1877135,792;244282,646;12578872,09;;;;3077569,544;2922846,512;2049869,29;340606,663;8390892,009;12655720,19;14057799,81;34437230,84;;;;;;;
Tolga;3426;341;634;0,54;209;341;61 %;-6 %;-15 %;-17 %;-13 %;7 %;9 %;-8 %;3 %; 1 243 239 ; 1 409 321 ; 1 628 301 ; 4 280 861 ; 2 195 957 ; 1 996 065 ; 1 446 679 ; 5 638 700 ; 1 327 432 ; 1 662 493 ; 1 954 687 ; 4 944 611 ; 2 054 186 ; 1 828 378 ; 1 567 078 ; 5 449 642 ;Innlandet;NO1;-0,029;0;3426;Tolga;1327431,559;1662492,713;1954686,705;2203682,449;1928514,339;1690536,351;255520,392;11022864,51;1243239,12;1409320,983;1628300,756;2054186,458;1828377,524;1567078,404;219707,618;9950210,863;;;;2195956,953;1996064,668;1446678,819;196861,1;5835561,54;10613960,98;10116422,4;26808636,91;;;;;;;
Tynset;3427;1338;2453;0,55;423;1096;39 %;-1 %;-4 %;-9 %;-5 %;18 %;19 %;-1 %;13 %; 4 282 917 ; 5 291 783 ; 6 076 821 ; 15 651 521 ; 8 266 019 ; 7 496 560 ; 5 118 498 ; 20 881 078 ; 4 317 673 ; 5 534 272 ; 6 648 950 ; 16 500 894 ; 7 023 397 ; 6 308 482 ; 5 153 887 ; 18 485 767 ;Innlandet;NO1;0,049;0;3427;Tynset;4317672,771;5534271,73;6648949,879;7561955,246;6477443,01;5517946,307;835077,165;36893316,11;4282916,741;5291783,085;6076821,27;7023397,498;6308481,967;5153887,18;725903,829;34863191,57;;;;8266019,294;7496560,289;5118498,368;685527,269;21566605,22;35712564,85;37218126,32;93323112,9;;;;;;;
Alvdal;3428;590;1027;0,57;168;289;58 %;-3 %;-7 %;-9 %;-7 %;18 %;18 %;-3 %;12 %; 1 806 808 ; 2 216 629 ; 2 574 568 ; 6 598 005 ; 3 521 060 ; 3 142 105 ; 2 148 176 ; 8 811 342 ; 1 859 007 ; 2 386 124 ; 2 826 549 ; 7 071 681 ; 2 992 267 ; 2 660 129 ; 2 210 456 ; 7 862 851 ;Innlandet;NO1;0,068;0;3428;Alvdal;1859006,945;2386124,378;2826549,423;3262411,508;2797003,372;2388143,358;367972,386;15887211,37;1806808,307;2216629,111;2574567,651;2992266,974;2660128,722;2210455,757;310699,354;14771555,88;;;;3521060,288;3142105,443;2148175,954;272657,91;9083999,595;15245231,55;15682004,66;39742766,84;;;;;;;
Folldal;3429;309;677;0,46;214;409;52 %;-4 %;-11 %;-13 %;-10 %;16 %;11 %;-11 %;7 %; 1 386 125 ; 1 665 419 ; 1 971 132 ; 5 022 676 ; 2 618 361 ; 2 296 325 ; 1 571 863 ; 6 486 549 ; 1 445 850 ; 1 875 987 ; 2 271 068 ; 5 592 905 ; 2 263 939 ; 2 059 887 ; 1 761 645 ; 6 085 471 ;Innlandet;NO1;0,014;0;3429;Folldal;1445849,516;1875986,926;2271068,478;2538959,085;2227947,648;1926030,628;284137,279;12569979,56;1386125,222;1665419,272;1971131,813;2263938,619;2059886,822;1761645,489;237635,716;11345782,95;;;;2618361,404;2296325,46;1571862,611;230624,28;6717173,755;11916011,57;11739850,06;30632936,27;;;;;;;
Os;3430;420;820;0,51;415;668;62 %;-5 %;-9 %;-11 %;-9 %;17 %;16 %;-4 %;11 %; 1 786 046 ; 2 145 637 ; 2 524 659 ; 6 456 342 ; 3 384 601 ; 3 102 575 ; 2 197 797 ; 8 684 973 ; 1 882 160 ; 2 353 525 ; 2 823 580 ; 7 059 265 ; 2 902 407 ; 2 673 037 ; 2 278 557 ; 7 854 001 ;Innlandet;NO1;0,035;0;3430;Os;1882159,903;2353525,002;2823580,439;3185614,088;2823660,405;2493871,465;370889,555;15933300,86;1786045,9;2145637,278;2524658,938;2902406,791;2673037,118;2278557,188;322686,347;14633029,56;;;;3384601,32;3102574,701;2197796,813;318133,638;9003106,472;15235952,79;15459448,59;39569436,89;;;;;;;
Dovre;3431;0;1211;0;0;457;0 %;1 %;-1 %;-5 %;-2 %;17 %;18 %;-2 %;12 %; 1 955 406 ; 2 545 737 ; 2 874 501 ; 7 375 645 ; 3 761 783 ; 3 373 113 ; 2 385 797 ; 9 520 693 ; 1 939 801 ; 2 572 789 ; 3 015 887 ; 7 528 477 ; 3 208 075 ; 2 868 481 ; 2 423 343 ; 8 499 899 ;Innlandet;NO1;0,057;0;3431;Dovre;1939801,13;2572789,147;3015887,205;3398208,86;2969325,809;2559511,062;392138,433;16847661,65;1955406,415;2545737,072;2874501,196;3208074,819;2868480,689;2423343,05;339785,179;16215328,42;;;;3761782,668;3373113,497;2385797,126;324308,232;9845001,523;16368161,22;17220646,21;42907991,59;;;;;;;
Lesja;3432;0;848;0;308;1994;15 %;1 %;-1 %;-2 %;-1 %;27 %;19 %;-2 %;16 %; 2 725 930 ; 3 734 604 ; 4 435 939 ; 10 896 473 ; 6 125 065 ; 5 238 177 ; 3 373 339 ; 14 736 581 ; 2 709 187 ; 3 786 177 ; 4 528 691 ; 11 024 055 ; 4 820 117 ; 4 403 774 ; 3 457 154 ; 12 681 045 ;Innlandet;NO1;0,109;0;3432;Lesja;2709186,737;3786177,466;4528690,577;5200923,674;4533319,775;3940670,173;521879,84;25220848,24;2725929,525;3734604,438;4435939,092;4820117,152;4403774,026;3457154,221;473096,117;24050614,57;;;;6125064,768;5238176,881;3373338,911;639898,036;15376478,6;24178196,3;26272951,65;64647941,41;;;;;;;
Skjåk;3433;0;977;0;0;668;0 %;-1 %;0 %;-4 %;-2 %;33 %;32 %;4 %;24 %; 1 502 848 ; 2 003 216 ; 2 267 208 ; 5 773 272 ; 3 337 361 ; 3 022 991 ; 1 912 310 ; 8 272 663 ; 1 510 914 ; 2 007 835 ; 2 372 690 ; 5 891 438 ; 2 510 093 ; 2 292 451 ; 1 842 499 ; 6 645 043 ;Innlandet;NO1;0,138;0;3433;Skjåk;1510913,819;2007834,579;2372689,935;2825789,661;2459098,181;2076854,615;304779,319;13557960,11;1502848,206;2003216,092;2267208,027;2510092,845;2292450,981;1842498,844;256527,737;12674842,73;;;;3337361,225;3022991,021;1912310,276;271591,358;8544253,88;12793008,74;14317526,21;34777056,72;;;;;;;
Lom;3434;0;1014;0;0;171;0 %;0 %;0 %;-3 %;-1 %;26 %;23 %;0 %;18 %; 1 392 856 ; 1 815 454 ; 2 041 001 ; 5 249 310 ; 2 863 613 ; 2 595 785 ; 1 727 711 ; 7 187 110 ; 1 391 964 ; 1 814 484 ; 2 114 044 ; 5 320 492 ; 2 266 847 ; 2 113 994 ; 1 727 429 ; 6 108 270 ;Innlandet;NO1;0,09;0;3434;Lom;1391963,998;1814483,89;2114043,823;2457347,011;2146686,471;1809546,256;278476,938;12012548,39;1392855,742;1815453,552;2041000,784;2266846,956;2113994,337;1727428,969;236296,635;11593876,98;;;;2863613,38;2595785,281;1727711,274;218457,376;7405567,311;11665058,61;12654877,39;31011992,67;;;;;;;
Vågå;3435;0;1586;0;126;811;16 %;0 %;1 %;-4 %;-1 %;19 %;20 %;3 %;15 %; 2 578 755 ; 3 411 304 ; 3 948 317 ; 9 938 377 ; 5 260 325 ; 4 727 097 ; 3 306 850 ; 13 294 272 ; 2 579 798 ; 3 383 667 ; 4 115 724 ; 10 079 189 ; 4 407 709 ; 3 949 256 ; 3 219 690 ; 11 576 655 ;Innlandet;NO1;0,069;0;3435;Vågå;2579798,285;3383667,296;4115723,809;4678956,05;4059205,55;3499278,415;518427,628;22835057,03;2578755,247;3411304,264;3948317,199;4407709,223;3949256,253;3219689,855;440480,352;21955512,39;;;;5260325,283;4727096,628;3306849,716;456322,929;13750594,56;22096325,07;23688971,27;58541163,98;;;;;;;
Nord-Fron;3436;1714;2913;0,59;1282;1696;76 %;-1 %;0 %;-5 %;-3 %;18 %;21 %;7 %;16 %; 4 501 820 ; 6 032 028 ; 7 161 556 ; 17 695 404 ; 9 411 364 ; 8 551 006 ; 6 063 328 ; 24 025 698 ; 4 569 426 ; 6 055 762 ; 7 534 058 ; 18 159 246 ; 8 005 794 ; 7 089 370 ; 5 691 885 ; 20 787 049 ;Innlandet;NO1;0,077;0;3436;Nord-Fron;4569426,017;6055761,9;7534058,144;8274234,621;7309248,706;6412041,972;920745,886;41075517,25;4501820,361;6032027,89;7161556,092;8005794,016;7089369,973;5691885,125;738486,515;39220939,97;;;;9411363,56;8551006,286;6063327,722;855140,443;24880838,01;39684781,69;42576242,35;105177295,2;;;;;;;
Sel;3437;210;2755;0,08;260;1461;18 %;-2 %;0 %;-6 %;-3 %;15 %;17 %;2 %;12 %; 4 283 133 ; 5 705 197 ; 6 518 760 ; 16 507 090 ; 8 649 116 ; 7 920 974 ; 5 577 540 ; 22 147 630 ; 4 360 354 ; 5 705 450 ; 6 932 996 ; 16 998 800 ; 7 535 438 ; 6 794 987 ; 5 464 284 ; 19 794 708 ;Innlandet;NO1;0,043;0;3437;Sel;4360353,641;5705450,353;6932995,814;7838806,508;6879028,231;5953635,988;863660,647;38533931,18;4283133,138;5705196,869;6518760,176;7535437,753;6794986,57;5464284,088;735799,239;37037597,83;;;;8649116,32;7920973,855;5577540,076;781274,011;22928904,26;37529307,46;39435994,45;98500433,28;;;;;;;
Sør-Fron;3438;847;1468;0,58;1391;1775;78 %;0 %;1 %;-3 %;-1 %;20 %;22 %;11 %;18 %; 3 281 226 ; 4 435 957 ; 5 449 181 ; 13 166 364 ; 6 982 551 ; 6 463 298 ; 4 609 913 ; 18 055 762 ; 3 271 989 ; 4 398 013 ; 5 602 204 ; 13 272 205 ; 5 827 880 ; 5 298 864 ; 4 153 051 ; 15 279 796 ;Innlandet;NO1;0,099;0;3438;Sør-Fron;3271988,531;4398012,747;5602204,019;6027975,679;5453465,716;4776017,501;639202,189;30168866,38;3281225,568;4435957,074;5449180,953;5827880,496;5298863,858;4153051,149;519786,786;28965945,88;;;;6982550,552;6463298,24;4609913,424;713441,334;18769203,55;29071787,59;31935567,15;77904015,82;;;;;;;
Ringebu;3439;1212;2121;0,57;2990;3974;75 %;2 %;2 %;-3 %;0 %;20 %;22 %;12 %;19 %; 5 297 880 ; 7 179 008 ; 9 257 179 ; 21 734 067 ; 11 820 736 ; 11 003 954 ; 7 972 257 ; 30 796 946 ; 5 213 873 ; 7 040 205 ; 9 546 988 ; 21 801 066 ; 9 843 868 ; 9 033 155 ; 7 088 978 ; 25 966 001 ;Innlandet;NO1;0,093;0;3439;Ringebu;5213872,972;7040205,19;9546987,571;10179344,68;9324489,04;8278479,187;1065456,653;50648835,3;5297880,449;7179007,756;9257179,217;9843867,929;9033155,102;7088977,535;877460,069;48577528,06;;;;11820735,79;11003954,15;7972256,555;1285735,682;32082682,17;48644526,37;53816749,59;131309045,5;;;;;;;
Øyer;3440;1373;2260;0,61;3340;4273;78 %;4 %;3 %;-1 %;2 %;21 %;24 %;13 %;20 %; 6 598 561 ; 8 763 742 ; 11 467 350 ; 26 829 653 ; 14 753 410 ; 13 702 517 ; 9 893 465 ; 38 349 393 ; 6 346 086 ; 8 500 334 ; 11 566 159 ; 26 412 579 ; 12 156 478 ; 11 055 431 ; 8 736 459 ; 31 948 369 ;Innlandet;NO1;0,108;0;3440;Øyer;6346086,448;8500333,738;11566158,58;12555470,32;11392720,7;10135475,58;1286659,049;61782904,42;6598560,937;8763742,043;11467349,72;12156478,15;11055431,32;8736459,363;1052917,046;59830938,58;;;;14753410,16;13702517,41;9893465,198;1567308,973;39916701,74;59413864,65;66746354,44;161530544,7;;;;;;;
Gausdal;3441;1622;3084;0,53;2116;2627;81 %;1 %;1 %;-3 %;-1 %;19 %;25 %;13 %;19 %; 5 645 281 ; 7 474 570 ; 9 260 750 ; 22 380 601 ; 11 611 064 ; 10 863 018 ; 7 901 582 ; 30 375 664 ; 5 612 449 ; 7 435 539 ; 9 573 326 ; 22 621 314 ; 9 765 796 ; 8 676 782 ; 7 017 343 ; 25 459 921 ;Innlandet;NO1;0,093;0;3441;Gausdal;5612448,653;7435539,13;9573326,23;10259602,22;9061372,776;8011712,468;1072720,491;51026721,97;5645280,638;7474570,154;9260749,779;9765795,836;8676782,247;7017343,045;862689,438;48703211,14;;;;11611063,91;10863017,86;7901582,391;1189347,998;31565012,16;48943924,58;53945612,73;131294945,3;;;;;;;
Østre Toten;3442;3782;7128;0,53;0;211;0 %;4 %;-1 %;-4 %;-1 %;15 %;20 %;7 %;14 %; 9 475 890 ; 11 956 219 ; 13 705 328 ; 35 137 437 ; 18 010 763 ; 16 591 908 ; 12 255 669 ; 46 858 340 ; 9 123 508 ; 12 111 813 ; 14 217 400 ; 35 452 720 ; 15 705 378 ; 13 776 583 ; 11 490 034 ; 40 971 996 ;Innlandet;NO1;0,078;0;3442;Østre Toten;9123508,17;12111812,58;14217399,69;17600016,37;14582346,21;12565527,52;1982790,01;82183400,55;9475889,868;11956219,12;13705327,75;15705378,41;13776583,35;11490033,91;1483244,187;77592676,6;;;;18010763,43;16591907,52;12255669,26;1437933,831;48296274,04;77907960,3;83433710,78;208072351,2;;;;;;;
Vestre Toten;3443;3952;6776;0,58;138;250;55 %;4 %;-1 %;-3 %;-1 %;15 %;19 %;6 %;14 %; 8 959 291 ; 11 226 039 ; 12 887 817 ; 33 073 147 ; 16 639 832 ; 15 169 303 ; 11 359 312 ; 43 168 447 ; 8 634 929 ; 11 390 847 ; 13 262 426 ; 33 288 201 ; 14 452 246 ; 12 705 740 ; 10 756 284 ; 37 914 269 ;Innlandet;NO1;0,085;0;3443;Vestre Toten;8634928,806;11390846,93;13262425,67;15959170,36;13215937,65;11734883,29;1847746,508;76045939,21;8959291,027;11226039,04;12887816,74;14452245,73;12705739,99;10756283,75;1386642,956;72374059,24;;;;16639831,84;15169303,03;11359311,93;1340478,575;44508925,38;72589113,83;77582072,19;192928923,8;;;;;;;
Gran;3446;3764;6405;0,59;836;1166;72 %;4 %;-1 %;-3 %;0 %;13 %;18 %;7 %;13 %; 9 242 380 ; 11 842 393 ; 13 695 489 ; 34 780 262 ; 17 665 510 ; 16 276 779 ; 12 157 354 ; 46 099 644 ; 8 866 634 ; 11 963 718 ; 14 095 748 ; 34 926 100 ; 15 598 565 ; 13 773 393 ; 11 347 814 ; 40 719 772 ;Innlandet;NO1;0,071;0;3446;Gran;8866633,805;11963718,28;14095748,12;17826420,24;14158066,12;12281370,71;1915731,915;81107689,19;9242379,508;11842393,23;13695488,96;15598565,19;13773393,25;11347813,76;1461264,299;76961298,2;;;;17665510,35;16276779,13;12157354,39;1458949,002;47558592,86;77107136,71;82338854,56;205627580,3;;;;;;;
Søndre Land;3447;1500;2784;0,54;513;843;61 %;3 %;-1 %;-4 %;-1 %;10 %;17 %;5 %;11 %; 3 639 094 ; 4 783 981 ; 5 599 091 ; 14 022 166 ; 7 132 060 ; 6 610 419 ; 4 889 195 ; 18 631 674 ; 3 521 119 ; 4 835 123 ; 5 860 554 ; 14 216 797 ; 6 473 291 ; 5 633 522 ; 4 664 361 ; 16 771 174 ;Innlandet;NO1;0,054;0;3447;Søndre Land;3521118,809;4835123,373;5860554,482;7340413,918;5904042,458;5102078,995;765899,181;33329231,22;3639094,001;4783981,333;5599090,716;6473290,966;5633522,462;4664360,679;601349,501;31394689,66;;;;7132059,848;6610419,109;4889194,782;600662,261;19232336;31589320,27;33254502,05;83956256,87;;;;;;;
Nordre Land;3448;1598;3242;0,49;1426;1850;77 %;1 %;-1 %;-4 %;-2 %;12 %;17 %;5 %;12 %; 5 078 777 ; 6 712 346 ; 8 101 702 ; 19 892 825 ; 10 033 378 ; 9 179 310 ; 6 772 379 ; 25 985 067 ; 5 052 694 ; 6 785 673 ; 8 448 065 ; 20 286 432 ; 8 937 799 ; 7 819 668 ; 6 453 075 ; 23 210 542 ;Innlandet;NO1;0,065;0;3448;Nordre Land;5052694,089;6785673,228;8448065,137;9697773,507;8112665,232;7127388,656;1015221,328;46239481,18;5078777,308;6712345,824;8101701,779;8937799,118;7819667,759;6453074,772;808566,028;43911932,59;;;;10033378,26;9179310,105;6772378,583;944678,593;26929745,54;44305540,13;46822570,45;117081159,3;;;;;;;
Sør-Aurdal;3449;880;1448;0,61;1382;1702;81 %;2 %;4 %;-2 %;1 %;21 %;21 %;10 %;18 %; 2 881 082 ; 3 812 039 ; 4 600 873 ; 11 293 994 ; 5 951 106 ; 5 388 955 ; 3 868 784 ; 15 208 844 ; 2 813 653 ; 3 682 312 ; 4 676 083 ; 11 172 048 ; 4 929 976 ; 4 441 526 ; 3 527 014 ; 12 898 516 ;Innlandet;NO1;0,113;0;3449;Sør-Aurdal;2813652,802;3682312,452;4676082,691;5316264,382;4652197,512;4185128,609;557852,141;25883490,59;2881081,79;3812039,285;4600872,728;4929975,89;4441526,416;3527013,524;418784,725;24611294,36;;;;5951105,691;5388954,553;3868783,526;621487,204;15830330,97;24489348,5;27124324,78;66325115,92;;;;;;;
Etnedal;3450;363;702;0,52;1415;1790;79 %;1 %;3 %;-2 %;0 %;22 %;24 %;12 %;20 %; 2 111 249 ; 2 784 584 ; 3 405 616 ; 8 301 449 ; 4 319 123 ; 3 975 579 ; 2 907 648 ; 11 202 350 ; 2 080 470 ; 2 710 461 ; 3 479 519 ; 8 270 449 ; 3 548 594 ; 3 211 295 ; 2 589 868 ; 9 349 756 ;Innlandet;NO1;0,124;0;3450;Etnedal;2080470,297;2710460,604;3479518,515;3735208,498;3355337,481;3202843,482;400148,478;18963987,36;2111249,095;2784583,85;3405616,335;3548594,015;3211294,5;2589867,62;311524,309;17962729,72;;;;4319122,683;3975579,311;2907647,678;533565,457;11735915,13;17931729,86;20037364,41;48662632,21;;;;;;;
Nord-Aurdal;3451;1831;3138;0,58;2898;3704;78 %;3 %;5 %;1 %;3 %;24 %;23 %;13 %;21 %; 5 909 061 ; 7 752 644 ; 9 564 376 ; 23 226 081 ; 12 328 280 ; 11 224 615 ; 7 991 842 ; 31 544 737 ; 5 736 521 ; 7 407 354 ; 9 440 459 ; 22 584 335 ; 9 981 389 ; 9 106 257 ; 7 057 220 ; 26 144 866 ;Innlandet;NO1;0,121;0;3451;Nord-Aurdal;5736521,413;7407354,303;9440459,431;10860376,88;9480785,686;8434098,764;1134962,98;52494559,45;5909061,04;7752644,047;9564375,86;9981389,009;9106257,071;7057220,049;864195,712;50235142,79;;;;12328280,28;11224615,07;7991842,094;1267985,66;32812723,1;49593396,99;56038804,05;135542425,3;;;;;;;
Vestre Slidre;3452;519;942;0,55;2026;2536;80 %;3 %;4 %;1 %;2 %;27 %;23 %;16 %;23 %; 2 755 058 ; 3 619 462 ; 4 579 559 ; 10 954 080 ; 5 872 200 ; 5 419 523 ; 3 818 850 ; 15 110 572 ; 2 685 534 ; 3 474 896 ; 4 529 917 ; 10 690 347 ; 4 641 273 ; 4 399 602 ; 3 285 441 ; 12 326 315 ;Innlandet;NO1;0,133;0;3452;Vestre Slidre;2685534,286;3474896,088;4529916,524;4984090,433;4563482,899;4114934,971;498539,605;24851394,81;2755058,015;3619462,268;4579559,443;4641273,103;4399601,814;3285440,544;386509,986;23666905,17;;;;5872199,776;5419522,99;3818849,655;698859,823;15809432,24;23403172,35;26763511,97;64327732,22;;;;;;;
Øystre Slidre;3453;841;1435;0,59;2883;3705;78 %;2 %;5 %;1 %;3 %;30 %;26 %;14 %;24 %; 4 394 715 ; 5 921 609 ; 7 533 648 ; 17 849 971 ; 9 478 047 ; 8 701 479 ; 6 192 726 ; 24 372 252 ; 4 307 595 ; 5 619 356 ; 7 439 151 ; 17 366 102 ; 7 305 989 ; 6 928 893 ; 5 418 900 ; 19 653 782 ;Innlandet;NO1;0,159;0;3453;Øystre Slidre;4307595,145;5619355,551;7439150,985;7969704,441;7297317,997;6699598,07;835355,341;40168077,53;4394714,828;5921608,606;7533647,977;7305989,365;6928893,363;5418899,542;660995,315;38164749;;;;9478046,952;8701479,206;6192725,507;1147070,756;25519322,42;37680879,27;43369293,83;103852148,9;;;;;;;
Vang;3454;423;652;0,65;1368;1724;79 %;2 %;4 %;0 %;2 %;32 %;26 %;14 %;25 %; 2 081 031 ; 2 691 392 ; 3 328 968 ; 8 101 391 ; 4 431 508 ; 4 030 826 ; 2 865 748 ; 11 328 082 ; 2 034 193 ; 2 585 479 ; 3 316 578 ; 7 936 249 ; 3 347 230 ; 3 200 206 ; 2 516 436 ; 9 063 871 ;Innlandet;NO1;0,169;0;3454;Vang;2034193,239;2585478,637;3316577,55;3576915,942;3237381,615;3052105,793;384236,958;18186889,73;2081030,859;2691391,758;3328968,262;3347229,815;3200205,609;2516435,548;310807,512;17476069,36;;;;4431507,893;4030825,93;2865748,46;538778,837;11866861,12;17310927,91;19968252;47529820,22;;;;;;;
Horten;3901;8876;13274;0,67;239;376;64 %;4 %;1 %;0 %;1 %;18 %;22 %;10 %;17 %; 15 661 499 ; 19 798 949 ; 22 644 873 ; 58 105 322 ; 30 132 567 ; 27 539 221 ; 22 029 669 ; 79 701 456 ; 15 021 843 ; 19 596 596 ; 22 711 056 ; 57 329 495 ; 25 619 596 ; 22 646 435 ; 20 025 228 ; 68 291 260 ;Vestfold;NO2;0,128;0;3901;Horten;15021843,01;19596595,57;22711056,22;29231925,19;23659242,58;21510059,25;3466178,525;135196900,3;15661499,34;19798949,37;22644872,82;25619596,42;22646435,38;20025228,3;2696745,654;129093327,3;;;;30132566,78;27539220,68;22029668,55;2459807,784;82161263,79;128317500,5;140266585,3;346451491,4;;;;;;;
Holmestrand;3903;8219;12478;0,66;876;1313;67 %;5 %;2 %;1 %;2 %;18 %;20 %;8 %;16 %; 16 284 396 ; 20 419 004 ; 23 307 845 ; 60 011 245 ; 30 687 863 ; 27 640 308 ; 21 788 294 ; 80 116 465 ; 15 459 403 ; 19 999 197 ; 23 173 207 ; 58 631 806 ; 26 074 378 ; 23 025 593 ; 20 161 527 ; 69 261 497 ;Vestfold;NO2;0,135;0;3903;Holmestrand;15459402,66;19999196,87;23173206,57;29375334,3;23458843,16;21258219,6;3388676,26;136112879,4;16284395,76;20419004,19;23307844,75;26074377,81;23025592,64;20161526,66;2682324,53;131955066,3;;;;30687863,12;27640307,77;21788293,77;2451108,275;82567572,94;130575627,7;142578817,6;350635518,7;;;;;;;
Tønsberg;3905;19042;28245;0,67;227;368;62 %;6 %;1 %;1 %;2 %;17 %;22 %;8 %;16 %; 31 029 147 ; 38 990 999 ; 44 555 761 ; 114 575 907 ; 58 784 551 ; 53 743 017 ; 42 133 856 ; 154 661 424 ; 29 316 030 ; 38 455 520 ; 44 191 265 ; 111 962 815 ; 50 164 632 ; 44 010 564 ; 38 921 863 ; 133 097 060 ;Vestfold;NO2;0,119;0;3905;Tønsberg;29316029,64;38455520,24;44191265,32;57544179,57;45297537,12;41113018,73;6619058,308;262536608,9;31029147,12;38990999,03;44555760,73;50164632,1;44010564,47;38921863;5186374,412;252859340,9;;;;58784550,92;53743017,17;42133856,26;4661668,048;159323092,4;250246249,2;273898999,3;674719042,2;;;;;;;
Sandefjord;3907;20832;30133;0,69;1672;2432;69 %;5 %;3 %;1 %;3 %;19 %;23 %;7 %;17 %; 37 302 659 ; 47 554 214 ; 54 230 380 ; 139 087 253 ; 72 374 242 ; 65 520 528 ; 51 272 878 ; 189 167 648 ; 35 409 825 ; 46 388 267 ; 53 863 607 ; 135 661 699 ; 60 785 053 ; 53 388 973 ; 47 729 531 ; 161 903 556 ;Vestfold;NO2;0,141;0;3907;Sandefjord;35409825,35;46388266,7;53863607,44;69808291,38;55422239,56;50547695,96;8088228,805;319528155,2;37302659,07;47554213,63;54230380,25;60785052,67;53388973,21;47729530,58;6155908,299;307146717,7;;;;72374242,13;65520527,99;51272877,83;5837454,045;195005102;303721164,3;334092354,9;821679974,9;;;;;;;
Larvik;3909;15673;23113;0,68;3227;4733;68 %;5 %;3 %;0 %;2 %;21 %;25 %;7 %;18 %; 28 253 802 ; 36 167 459 ; 41 437 948 ; 105 859 208 ; 56 528 923 ; 51 282 009 ; 39 835 142 ; 147 646 075 ; 26 965 229 ; 35 141 273 ; 41 328 638 ; 103 435 140 ; 46 731 538 ; 40 991 813 ; 37 056 032 ; 124 779 384 ;Vestfold;NO2;0,154;0;3909;Larvik;26965229,13;35141273,16;41328637,61;54397310,35;42888573,19;39383769,7;6232773,106;246337566,2;28253801,81;36167458,89;41437947,78;46731538,22;40991813,26;37056032,38;4769015,125;235407607,5;;;;56528923,28;51282009,14;39835142,26;4737624,172;152383698,8;232983538,9;258242907,3;634128872,5;;;;;;;
Færder;3911;9288;12766;0,73;2131;3304;64 %;6 %;3 %;1 %;3 %;21 %;25 %;9 %;19 %; 18 282 891 ; 23 394 831 ; 26 989 788 ; 68 667 510 ; 36 482 984 ; 33 371 170 ; 25 812 538 ; 95 666 692 ; 17 260 493 ; 22 816 950 ; 26 678 776 ; 66 756 219 ; 30 257 012 ; 26 747 873 ; 23 680 089 ; 80 684 974 ;Vestfold;NO2;0,143;0;3911;Færder;17260493,35;22816949,65;26678776,41;35226750,88;27818763,51;25343200,24;4047282,687;159192216,7;18282891,08;23394830,68;26989787,87;30257011,76;26747872,92;23680089,22;3143436,538;152495920,1;;;;36482984,26;33371170,03;25812538;3026157,341;98692849,63;150584629,8;167360359,3;410380986,4;;;;;;;
Porsgrunn;4001;12831;18268;0,7;853;1238;69 %;5 %;2 %;-1 %;2 %;15 %;21 %;7 %;15 %; 21 280 442 ; 27 648 144 ; 31 520 983 ; 80 449 569 ; 41 368 380 ; 37 416 011 ; 29 119 180 ; 107 903 571 ; 20 344 999 ; 27 005 531 ; 31 815 848 ; 79 166 378 ; 35 946 821 ; 30 831 102 ; 27 193 444 ; 93 971 367 ;Telemark;NO2;0,114;0;4001;Porsgrunn;20344999,34;27005530,89;31815847,65;40870247,04;31671924,66;28285457,67;4482567,077;184476574,3;21280442,34;27648144,42;31520982,64;35946820,77;30831102,17;27193444,11;3498989,744;177919926,2;;;;41368380,4;37416011,17;29119179,87;3274903,956;111178475,4;176636734,7;191628044,8;473574975,9;;;;;;;
Skien;4003;18405;27493;0,67;293;541;54 %;3 %;0 %;-1 %;0 %;12 %;19 %;6 %;13 %; 31 332 975 ; 40 380 871 ; 46 403 952 ; 118 117 797 ; 59 656 877 ; 53 915 330 ; 42 184 664 ; 155 756 871 ; 30 348 959 ; 40 219 295 ; 47 072 395 ; 117 640 648 ; 53 124 993 ; 45 227 294 ; 39 709 587 ; 138 061 873 ;Telemark;NO2;0,099;0;4003;Skien;30348958,51;40219294,76;47072394,68;60157191,95;46389856,13;40992654,27;6471109,931;271651460,2;31332974,54;40380871,01;46403951,75;53124992,6;45227293,93;39709586,75;5033596,633;261213267,2;;;;59656877,28;53915330,21;42184663,74;4695654,661;160452525,9;260736117,9;278570323,2;693317253,3;;;;;;;
Notodden;4005;4356;6334;0,69;477;623;77 %;6 %;4 %;0 %;3 %;13 %;19 %;8 %;13 %; 8 474 691 ; 11 269 027 ; 12 908 958 ; 32 652 676 ; 16 314 632 ; 14 805 298 ; 11 292 732 ; 42 412 661 ; 8 013 247 ; 10 855 235 ; 12 873 388 ; 31 741 869 ; 14 498 533 ; 12 456 354 ; 10 481 730 ; 37 436 618 ;Telemark;NO2;0,11;0;4005;Notodden;8013246,697;10855234,53;12873388;15887291,01;12404177,22;10967825,88;1689137,963;72690301,3;8474691,232;11269027,12;12908957,78;14498533,23;12456354,36;10481730,09;1278924,139;71368217,96;;;;16314631,59;14805298,03;11292731,79;1297570,383;43710231,79;70457411,05;76362907,93;187768751;;;;;;;
Siljan;4010;828;1108;0,75;109;160;68 %;2 %;2 %;-1 %;1 %;17 %;22 %;6 %;16 %; 1 443 720 ; 1 822 771 ; 2 106 946 ; 5 373 437 ; 2 767 050 ; 2 498 894 ; 1 953 997 ; 7 219 941 ; 1 410 899 ; 1 791 654 ; 2 129 866 ; 5 332 419 ; 2 355 251 ; 2 047 094 ; 1 846 526 ; 6 248 872 ;Telemark;NO2;0,134;0;4010;Siljan;1410898,865;1791654,2;2129865,674;2631628,514;2100206,067;1911936,211;302995,877;12279185,41;1443719,772;1822771,035;2106946,258;2355251,384;2047094,284;1846526,421;234216,015;11856525,17;;;;2767050,351;2498893,537;1953996,739;227639,578;7447580,205;11815506,84;12821017,27;31583290,78;;;;;;;
Bamble;4012;4843;6810;0,71;1706;2331;73 %;4 %;3 %;0 %;2 %;20 %;25 %;8 %;18 %; 8 993 572 ; 11 691 601 ; 13 526 794 ; 34 211 966 ; 18 273 441 ; 16 555 763 ; 12 815 685 ; 47 644 889 ; 8 675 976 ; 11 345 993 ; 13 524 085 ; 33 546 053 ; 15 267 861 ; 13 295 555 ; 11 844 366 ; 40 407 782 ;Telemark;NO2;0,144;0;4012;Bamble;8675975,596;11345992,83;13524084,95;17672751,13;13833433,76;12567490,2;1973359,681;79593088,15;8993571,635;11691600,81;13526793,7;15267861,19;13295555,27;11844365,58;1554932,222;76174680,41;;;;18273441,29;16555762,96;12815684,93;1530188,095;49175077,27;75508767,64;83387043,42;204942845,8;;;;;;;
Kragerø;4014;3811;5488;0,69;2421;3559;68 %;3 %;3 %;0 %;2 %;22 %;26 %;8 %;19 %; 6 958 618 ; 9 041 552 ; 10 498 906 ; 26 499 075 ; 14 612 803 ; 13 214 321 ; 9 983 852 ; 37 810 976 ; 6 746 603 ; 8 760 807 ; 10 512 071 ; 26 019 481 ; 11 990 343 ; 10 497 265 ; 9 248 507 ; 31 736 114 ;Telemark;NO2;0,153;0;4014;Kragerø;6746603,094;8760806,672;10512070,82;14192518,84;10878677,31;10027097,7;1544841,615;62662616,05;6958618,122;9041551,549;10498905,56;11990342,65;10497264,6;9248506,582;1194163,955;59429353,02;;;;14612802,67;13214320,88;9983852,237;1313196,366;39124172,16;58949758,37;65623247,39;161216141,2;;;;;;;
Drangedal;4016;1349;2033;0,66;1170;1438;81 %;5 %;5 %;1 %;3 %;18 %;19 %;7 %;15 %; 2 975 455 ; 3 925 283 ; 4 690 745 ; 11 591 483 ; 6 129 721 ; 5 526 769 ; 4 106 703 ; 15 763 194 ; 2 822 281 ; 3 738 826 ; 4 654 772 ; 11 215 879 ; 5 189 736 ; 4 638 321 ; 3 832 897 ; 13 660 954 ;Telemark;NO2;0,115;0;4016;Drangedal;2822280,59;3738826,225;4654771,71;5928091,07;4581820,561;4173355,094;585082,432;26484227,68;2975454,725;3925283,274;4690745,081;5189735,844;4638321,119;3832896,971;464198,954;25716635,97;;;;6129721,055;5526769,431;4106703,355;562548,456;16325742,3;25341031,41;27917225,38;68526605,95;;;;;;;
Nome;4018;2432;3413;0,71;139;215;65 %;3 %;3 %;-1 %;2 %;12 %;17 %;6 %;12 %; 4 026 519 ; 5 307 309 ; 6 201 217 ; 15 535 046 ; 7 843 567 ; 7 075 617 ; 5 472 111 ; 20 391 295 ; 3 902 981 ; 5 156 657 ; 6 242 958 ; 15 302 596 ; 6 994 165 ; 6 039 752 ; 5 168 002 ; 18 201 919 ;Telemark;NO2;0,096;0;4018;Nome;3902981,152;5156656,867;6242957,85;7713582,052;6028385,898;5415114,782;833752,519;35293431,12;4026519,015;5307309,428;6201217,179;6994165,201;6039751,5;5168002,171;641718,406;34378682,9;;;;7843566,56;7075616,579;5472111,442;638084,595;21029379,18;34146233,15;36564424,8;90701493,2;;;;;;;
Midt-Telemark;4020;3826;5376;0,71;809;1026;79 %;2 %;1 %;-1 %;0 %;13 %;19 %;8 %;13 %; 6 629 790 ; 8 688 154 ; 10 055 302 ; 25 373 246 ; 12 849 477 ; 11 600 663 ; 8 891 686 ; 33 341 826 ; 6 522 875 ; 8 630 303 ; 10 125 738 ; 25 278 916 ; 11 374 388 ; 9 755 526 ; 8 261 934 ; 29 391 848 ;Telemark;NO2;0,089;0;4020;Midt-Telemark;6522875,387;8630303,191;10125737,69;12443465,89;9805247,2;8724792,452;1320341,602;57572763,41;6629789,702;8688154,302;10055302,1;11374387,65;9755526,098;8261934,132;1002341,126;55767435,12;;;;12849477,16;11600662,97;8891686,082;1077589,096;34419415,3;55673105,27;59792661,41;147759613,8;;;;;;;
Seljord;4022;901;1478;0,61;506;695;73 %;1 %;4 %;-1 %;1 %;19 %;22 %;10 %;17 %; 2 115 070 ; 2 826 792 ; 3 291 081 ; 8 232 943 ; 4 281 840 ; 3 926 263 ; 2 968 440 ; 11 176 544 ; 2 086 017 ; 2 714 791 ; 3 313 877 ; 8 114 685 ; 3 610 842 ; 3 220 667 ; 2 691 049 ; 9 522 557 ;Telemark;NO2;0,104;0;4022;Seljord;2086017,487;2714790,962;3313876,791;3832898,239;3251906,078;2962826,042;428588,132;18590903,73;2115070,008;2826792,311;3291080,881;3610841,51;3220666,655;2691049,026;331583,713;18087084,1;;;;4281839,653;3926263,467;2968440,422;386956,326;11563499,87;17968826,14;19796443,07;48241487,7;;;;;;;
Hjartdal;4024;459;789;0,58;1462;1791;82 %;0 %;3 %;-2 %;0 %;23 %;25 %;12 %;20 %; 1 724 257 ; 2 339 859 ; 2 797 959 ; 6 862 075 ; 3 778 318 ; 3 454 073 ; 2 493 495 ; 9 725 886 ; 1 725 368 ; 2 270 096 ; 2 854 115 ; 6 849 580 ; 3 081 555 ; 2 774 104 ; 2 226 198 ; 8 081 857 ;Telemark;NO2;0,129;0;4024;Hjartdal;1725368,29;2270096,228;2854115,031;3362411,912;2890863,48;2673950,476;347745,23;16124550,65;1724256,628;2339859,4;2797959,374;3081555,116;2774104,476;2226197,631;260697,552;15204630,18;;;;3778317,609;3454072,986;2493495,097;414429,562;10140315,25;15192134,32;17002390,66;41469496,08;;;;;;;
Tinn;4026;2366;3657;0,65;2577;3336;77 %;-1 %;2 %;-3 %;-1 %;19 %;19 %;8 %;16 %; 6 264 041 ; 8 270 626 ; 9 893 815 ; 24 428 482 ; 12 913 782 ; 11 992 842 ; 8 999 086 ; 33 905 710 ; 6 339 107 ; 8 122 703 ; 10 200 614 ; 24 662 424 ; 10 822 637 ; 10 037 639 ; 8 328 886 ; 29 189 161 ;Telemark;NO2;0,098;0;4026;Tinn;6339106,576;8122702,963;10200614,1;11769977,17;10549865,91;9596521,251;1280651,961;57859439,93;6264040,715;8270625,531;9893815,366;10822636,51;10037638,97;8328885,903;951869,519;54569512,52;;;;12913782,21;11992841,58;8999086,078;1326867,096;35232576,96;54803454,55;59661058,57;147661529,4;;;;;;;
Kviteseid;4028;862;1381;0,62;870;1197;73 %;4 %;4 %;-2 %;2 %;18 %;19 %;9 %;16 %; 2 269 648 ; 3 015 384 ; 3 631 198 ; 8 916 230 ; 4 799 774 ; 4 478 386 ; 3 239 072 ; 12 517 232 ; 2 191 599 ; 2 898 894 ; 3 686 622 ; 8 777 114 ; 4 082 857 ; 3 759 273 ; 2 963 649 ; 10 805 779 ;Telemark;NO2;0,104;0;4028;Kviteseid;2191598,743;2898893,781;3686621,658;4498673,915;3660260,683;3293978,24;436191,418;20666218,44;2269647,57;3015384,423;3631197,905;4082857,499;3759272,56;2963648,994;349882,406;20071891,36;;;;4799774,344;4478385,712;3239071,811;469866,315;12987098,18;19932775,64;21903328,08;53725207,98;;;;;;;
Nissedal;4030;493;763;0,65;1906;2247;85 %;5 %;3 %;0 %;2 %;26 %;28 %;12 %;23 %; 1 829 440 ; 2 365 569 ; 2 909 796 ; 7 104 805 ; 4 047 556 ; 3 753 835 ; 2 599 899 ; 10 401 290 ; 1 745 515 ; 2 304 417 ; 2 914 011 ; 6 963 943 ; 3 215 894 ; 2 926 663 ; 2 318 376 ; 8 460 933 ;Telemark;NO2;0,134;0;4030;Nissedal;1745514,747;2304417,405;2914010,864;3576633,481;3029315,618;2831727,019;345080,916;16746700,05;1829440,249;2365568,965;2909795,78;3215894,364;2926662,843;2318375,579;270350,919;15836088,7;;;;4047555,846;3753834,978;2599899,226;460010,006;10861300,06;15695226,72;17966105,05;43444088,81;;;;;;;
Fyresdal;4032;406;638;0,64;531;686;77 %;5 %;5 %;1 %;3 %;22 %;21 %;10 %;18 %; 940 964 ; 1 241 447 ; 1 455 272 ; 3 637 684 ; 1 951 401 ; 1 772 083 ; 1 336 611 ; 5 060 095 ; 899 947 ; 1 184 903 ; 1 436 344 ; 3 521 194 ; 1 601 027 ; 1 469 589 ; 1 215 096 ; 4 285 712 ;Telemark;NO2;0,102;0;4032;Fyresdal;899946,705;1184903,462;1436343,928;1783491,874;1462513,806;1363796,954;188697,344;8319694,073;940964,329;1241447,311;1455271,934;1601027,498;1469589,101;1215095,532;149979,33;8073375,035;;;;1951401,352;1772083;1336610,727;193584,649;5253679,728;7956885,556;8891363,302;21646748,84;;;;;;;
Tokke;4034;664;1149;0,58;458;749;61 %;2 %;4 %;1 %;2 %;18 %;18 %;9 %;15 %; 1 910 594 ; 2 543 238 ; 3 065 729 ; 7 519 561 ; 3 897 822 ; 3 520 502 ; 2 707 093 ; 10 125 416 ; 1 874 296 ; 2 454 097 ; 3 026 954 ; 7 355 348 ; 3 307 412 ; 2 989 133 ; 2 474 552 ; 8 771 097 ;Telemark;NO2;0,087;0;4034;Tokke;1874296,246;2454097,401;3026954,154;3614343,699;3021352,608;2784346,759;392956,59;17168347,46;1910594,024;2543238,321;3065729,042;3307411,888;2989132,598;2474552,291;302278,122;16592936,29;;;;3897821,691;3520501,71;2707092,541;364640,651;10490056,59;16428722,7;18009617,98;44251340,34;;;;;;;
Vinje;4036;1250;1883;0,66;4856;5659;86 %;2 %;4 %;1 %;2 %;30 %;24 %;13 %;23 %; 6 183 909 ; 8 036 957 ; 10 149 176 ; 24 370 043 ; 13 895 135 ; 12 690 338 ; 9 011 274 ; 35 596 747 ; 6 088 467 ; 7 695 715 ; 10 030 286 ; 23 814 469 ; 10 700 901 ; 10 255 667 ; 7 950 953 ; 28 907 521 ;Telemark;NO2;0,17;0;4036;Vinje;6088467,045;7695715,494;10030286,24;11786190,43;10426734,62;9876254,582;1174773,413;57078421,82;6183909,319;8036957,08;10149176,3;10700901,26;10255666,96;7950953,004;956687,38;54234251,3;;;;13895135,36;12690337,79;9011274,005;1695471,959;37292219,11;53678677,38;61662261,81;148604892,2;;;;;;;
Risør;4201;2780;4032;0,69;1321;1871;71 %;2 %;4 %;2 %;3 %;24 %;25 %;9 %;20 %; 4 364 951 ; 5 733 507 ; 6 685 476 ; 16 783 934 ; 9 264 811 ; 8 369 635 ; 6 398 157 ; 24 032 603 ; 4 266 479 ; 5 508 375 ; 6 558 217 ; 16 333 071 ; 7 455 197 ; 6 677 874 ; 5 862 907 ; 19 995 978 ;Agder;NO2;0,176;0;4201;Risør;4266479,021;5508375,143;6558216,508;8949950,478;6877820,568;6406820,803;968892,375;39536554,9;4364950,761;5733507,348;6685475,959;7455197,022;6677873,919;5862907,351;749736,475;37529648,84;;;;9264811,397;8369635,254;6398156,7;839963,347;24872566,7;37078785,44;41656500,77;101938770,4;;;;;;;
Grimstad;4202;8284;11594;0,71;864;1227;70 %;4 %;4 %;4 %;4 %;25 %;27 %;11 %;21 %; 13 436 660 ; 17 080 891 ; 19 402 112 ; 49 919 663 ; 26 391 840 ; 23 793 307 ; 19 085 937 ; 69 271 084 ; 12 882 965 ; 16 404 663 ; 18 718 725 ; 48 006 353 ; 21 191 908 ; 18 800 035 ; 17 228 189 ; 57 220 132 ;Agder;NO2;0,174;0;4202;Grimstad;12882964,66;16404662,99;18718725,2;23941627,12;19400811,4;18364111,45;2882654,887;112595557,7;13436660,09;17080890,5;19402112,23;21191907,89;18800035,15;17228189,43;2256738,121;109396533,4;;;;26391840,17;23793307,03;19085937,11;2238115,73;71509200,04;107483223,4;121428862,9;293501291,2;;;;;;;
Arendal;4203;16158;23175;0,7;1426;1978;72 %;3 %;3 %;2 %;3 %;22 %;24 %;8 %;19 %; 24 549 531 ; 31 620 162 ; 36 214 805 ; 92 384 498 ; 49 302 441 ; 44 339 236 ; 35 071 843 ; 128 713 520 ; 23 828 988 ; 30 590 662 ; 35 468 867 ; 89 888 518 ; 40 313 598 ; 35 862 176 ; 32 355 622 ; 108 531 396 ;Agder;NO2;0,152;0;4203;Arendal;23828988,49;30590662,3;35468867,02;46631799,79;37236758,7;34887930,68;5422771,393;214067778,4;24549531,44;31620161,88;36214804,76;40313597,89;35862175,93;32355621,97;4155668,636;205071562,5;;;;49302441,13;44339235,7;35071842,81;4126786,339;132840306;202575582,2;225224804;551979646,8;;;;;;;
Kristiansand;4204;38549;55138;0,7;2556;3321;77 %;3 %;5 %;3 %;3 %;22 %;25 %;10 %;20 %; 55 792 718 ; 72 092 171 ; 80 121 290 ; 208 006 178 ; 108 403 209 ; 97 490 720 ; 79 119 406 ; 285 013 334 ; 54 415 333 ; 68 935 289 ; 77 924 931 ; 201 275 553 ; 88 793 546 ; 77 869 796 ; 71 812 501 ; 238 475 844 ;Agder;NO2;0,14;0;4204;Kristiansand;54415332,59;68935288,97;77924931,02;99288628,84;80202430,43;76285298,83;11982097,37;469034008,1;55792717,75;72092170,74;80121289,6;88793546,05;77869796,26;71812501,45;9342280,09;455824301,9;;;;108403208,6;97490720,01;79119405,59;8987604,54;294000938,7;449093676,4;502007116,8;1218859249;;;;;;;
Lindesnes;4205;7978;11453;0,7;2992;3788;79 %;2 %;4 %;2 %;3 %;25 %;27 %;9 %;21 %; 13 481 420 ; 17 313 132 ; 19 541 537 ; 50 336 089 ; 26 954 592 ; 24 271 819 ; 19 241 748 ; 70 468 159 ; 13 239 967 ; 16 676 280 ; 19 111 985 ; 49 028 232 ; 21 528 987 ; 19 062 505 ; 17 586 259 ; 58 177 751 ;Agder;NO2;0,158;0;4205;Lindesnes;13239966,79;16676280,3;19111985,11;24696644,96;19655109,1;19072912,21;2916702,571;115369601;13481419,88;17313131,69;19541537,3;21528987,32;19062505,09;17586258,83;2326729,843;110840569,9;;;;26954592,49;24271819,24;19241747,63;2495186,373;72963345,73;109532713,3;123299434,6;299173516,7;;;;;;;
Farsund;4206;3656;5228;0,7;1104;1450;76 %;2 %;4 %;3 %;3 %;28 %;30 %;11 %;24 %; 5 813 556 ; 7 461 350 ; 8 587 375 ; 21 862 282 ; 11 839 696 ; 10 668 340 ; 8 390 394 ; 30 898 430 ; 5 699 135 ; 7 168 904 ; 8 347 379 ; 21 215 419 ; 9 219 698 ; 8 185 007 ; 7 581 540 ; 24 986 245 ;Agder;NO2;0,189;0;4206;Farsund;5699135,183;7168904,182;8347379,313;10437712,26;8518476,355;8321881,977;1242720,876;49736210,15;5813556,189;7461350,395;8587375,022;9219698,263;8185007,084;7581539,951;991162,321;47839689,23;;;;11839695,64;10668340,36;8390394,078;1127599,732;32026029,81;47192826,3;53888311,41;129601929,2;;;;;;;
Flekkefjord;4207;3486;4892;0,71;972;1234;79 %;4 %;4 %;3 %;4 %;24 %;25 %;11 %;21 %; 5 461 986 ; 7 039 258 ; 7 983 507 ; 20 484 751 ; 10 816 380 ; 9 656 544 ; 7 767 113 ; 28 240 038 ; 5 266 449 ; 6 759 726 ; 7 731 596 ; 19 757 771 ; 8 738 036 ; 7 699 848 ; 6 987 264 ; 23 425 147 ;Agder;NO2;0,162;0;4207;Flekkefjord;5266448,922;6759725,9;7731595,757;9953027,571;7871786,302;7372852,884;1104622,125;46060059,46;5461986,029;7039258,388;7983506,531;8738035,543;7699847,593;6987264,156;934699,441;44844597,68;;;;10816380,05;9656544,012;7767113,443;1025230,275;29265267,78;44117617,31;49750018,72;120169924,9;;;;;;;
Gjerstad;4211;823;1296;0,64;112;155;72 %;4 %;4 %;2 %;3 %;17 %;18 %;7 %;15 %; 1 402 826 ; 1 823 524 ; 2 143 738 ; 5 370 089 ; 2 774 693 ; 2 483 683 ; 1 953 067 ; 7 211 443 ; 1 352 988 ; 1 752 322 ; 2 105 474 ; 5 210 784 ; 2 367 383 ; 2 096 008 ; 1 824 447 ; 6 287 838 ;Agder;NO2;0,121;0;4211;Gjerstad;1352987,592;1752322,415;2105474,149;2720203,145;2051061,057;1864735,405;285280,836;12132064,6;1402826,268;1823523,789;2143738,467;2367383,065;2096007,7;1824447,089;232387,725;11890314,1;;;;2774692,502;2483683,358;1953067,026;234845,428;7446288,314;11731009,74;12816376,84;31468667,02;;;;;;;
Vegårshei;4212;745;1043;0,71;352;474;74 %;5 %;4 %;2 %;3 %;20 %;20 %;7 %;16 %; 1 267 493 ; 1 608 116 ; 1 863 709 ; 4 739 318 ; 2 467 754 ; 2 215 412 ; 1 717 722 ; 6 400 888 ; 1 210 911 ; 1 544 291 ; 1 832 875 ; 4 588 078 ; 2 059 279 ; 1 845 097 ; 1 609 964 ; 5 514 339 ;Agder;NO2;0,135;0;4212;Vegårshei;1210911,242;1544291,142;1832875,224;2367176,937;1834248,038;1707769,454;257382,097;10754654,13;1267493,239;1608116,222;1863708,711;2059279,07;1845096,51;1609963,535;204566,347;10458223,63;;;;2467754,167;2215411,519;1717721,977;218597,76;6619485,423;10306983,07;11358803,6;27832363,19;;;;;;;
Tvedestrand;4213;2381;3513;0,68;1134;1660;68 %;3 %;5 %;2 %;3 %;25 %;24 %;9 %;20 %; 4 213 840 ; 5 449 507 ; 6 282 467 ; 15 945 814 ; 8 840 149 ; 7 937 485 ; 6 117 714 ; 22 895 348 ; 4 088 783 ; 5 209 413 ; 6 181 905 ; 15 480 101 ; 7 090 914 ; 6 375 965 ; 5 588 508 ; 19 055 387 ;Agder;NO2;0,178;0;4213;Tvedestrand;4088782,654;5209413,254;6181904,823;8380884,533;6483488,786;6057999,007;914883;37317356,06;4213839,663;5449506,944;6282467,202;7090913,82;6375965,412;5588507,887;722215,95;35723416,88;;;;8840148,91;7937484,819;6117714,308;803804,64;23699152,68;35257703,8;39644966,49;96739925,61;;;;;;;
Froland;4214;1911;2821;0,68;400;506;79 %;5 %;5 %;3 %;4 %;20 %;20 %;8 %;16 %; 3 421 334 ; 4 360 672 ; 4 999 873 ; 12 781 879 ; 6 615 680 ; 5 883 660 ; 4 680 264 ; 17 179 604 ; 3 266 617 ; 4 164 684 ; 4 853 333 ; 12 284 635 ; 5 515 413 ; 4 907 524 ; 4 327 738 ; 14 750 675 ;Agder;NO2;0,129;0;4214;Froland;3266617,265;4164684,02;4853333,49;6254031,989;4891417,361;4569112,3;700346,503;28699542,93;3421333,986;4360671,67;4999873,042;5515413,167;4907524,109;4327738,135;560404,738;28092958,85;;;;6615679,6;5883660,05;4680264,167;563794,582;17743398,4;27595714,92;30525277,1;74535900,17;;;;;;;
Lillesand;4215;4107;5417;0,76;1148;1630;70 %;3 %;4 %;3 %;3 %;24 %;27 %;10 %;21 %; 6 549 858 ; 8 430 334 ; 9 595 153 ; 24 575 345 ; 13 280 284 ; 11 904 826 ; 9 393 384 ; 34 578 493 ; 6 376 241 ; 8 134 156 ; 9 328 492 ; 23 838 889 ; 10 676 335 ; 9 357 954 ; 8 516 842 ; 28 551 131 ;Agder;NO2;0,158;0;4215;Lillesand;6376241,159;8134155,709;9328492,073;12002930,96;9625819,186;9172603,165;1444621,514;56084863,76;6549858,419;8430334,072;9595152,711;10676334,77;9357954,224;8516842,206;1114619,149;54241095,55;;;;13280283,85;11904825,55;9393383,827;1145402,753;35723895,98;53504639,29;60299241,18;146049855,3;;;;;;;
Birkenes;4216;1618;2287;0,71;236;342;69 %;5 %;4 %;4 %;4 %;20 %;20 %;9 %;16 %; 2 527 718 ; 3 239 851 ; 3 689 562 ; 9 457 131 ; 4 881 641 ; 4 326 293 ; 3 499 302 ; 12 707 237 ; 2 417 911 ; 3 102 786 ; 3 548 202 ; 9 068 898 ; 4 076 307 ; 3 612 084 ; 3 220 007 ; 10 908 397 ;Agder;NO2;0,134;0;4216;Birkenes;2417910,507;3102785,519;3548202,394;4673345,75;3573126,223;3356494,624;522028,371;21193893,39;2527718,096;3239850,896;3689561,856;4076306,849;3612083,973;3220006,614;421868,028;20787396,31;;;;4881641,222;4326293,435;3499302,453;406532,102;13113769,21;20399163,88;22570900,06;55095058,91;;;;;;;
Åmli;4217;652;992;0,66;276;383;72 %;6 %;5 %;2 %;4 %;20 %;22 %;9 %;17 %; 1 415 148 ; 1 849 818 ; 2 155 766 ; 5 420 732 ; 2 863 588 ; 2 587 782 ; 1 971 923 ; 7 423 293 ; 1 335 479 ; 1 761 602 ; 2 112 565 ; 5 209 646 ; 2 391 273 ; 2 119 159 ; 1 815 354 ; 6 325 786 ;Agder;NO2;0,107;0;4217;Åmli;1335479,351;1761602,361;2112564,616;2743985,598;2126172,172;1970787,661;281806,371;12332398,13;1415148,104;1849817,612;2155766,111;2391273,048;2119158,621;1815353,874;224552,224;11971069,59;;;;2863587,892;2587782,015;1971922,668;263494,31;7686786,885;11759984,1;13107518,71;31990254,61;;;;;;;
Iveland;4218;409;627;0,65;130;171;76 %;4 %;2 %;2 %;3 %;18 %;20 %;9 %;16 %; 933 203 ; 1 175 879 ; 1 332 064 ; 3 441 147 ; 1 767 985 ; 1 584 719 ; 1 272 461 ; 4 625 165 ; 895 536 ; 1 149 568 ; 1 308 837 ; 3 353 941 ; 1 500 326 ; 1 325 707 ; 1 168 078 ; 3 994 111 ;Agder;NO2;0,096;0;4218;Iveland;895536,11;1149567,73;1308836,902;1657338,831;1285951,77;1205260,637;183283,959;7685775,939;933203,349;1175879,369;1332064,322;1500325,865;1325706,876;1168078,234;152795,054;7588053,069;;;;1767985,025;1584718,582;1272461,241;159310,28;4784475,128;7500846,771;8225622,168;20058304,14;;;;;;;
Evje og Hornnes;4219;1261;1862;0,68;915;1135;81 %;1 %;1 %;-2 %;0 %;18 %;22 %;10 %;17 %; 2 457 266 ; 3 243 846 ; 3 676 900 ; 9 378 013 ; 5 000 345 ; 4 547 254 ; 3 565 300 ; 13 112 899 ; 2 442 858 ; 3 220 593 ; 3 750 413 ; 9 413 864 ; 4 228 012 ; 3 718 788 ; 3 241 788 ; 11 188 588 ;Agder;NO2;0,098;0;4219;Evje og Hornnes;2442857,939;3220592,996;3750412,71;4806096,016;3741490,748;3534409,249;511777,406;22007637,06;2457266,332;3243846,435;3676899,75;4228011,676;3718788,17;3241787,79;397896,57;20964496,72;;;;5000345,444;4547253,7;3565299,558;476299,34;13589198,04;21000347,85;22967210,56;56561331,83;;;;;;;
Bygland;4220;493;740;0,67;272;370;74 %;2 %;2 %;-1 %;1 %;17 %;18 %;10 %;15 %; 863 430 ; 1 124 554 ; 1 301 778 ; 3 289 762 ; 1 724 209 ; 1 562 697 ; 1 240 745 ; 4 527 650 ; 850 593 ; 1 105 155 ; 1 308 889 ; 3 264 636 ; 1 473 890 ; 1 324 799 ; 1 123 389 ; 3 922 078 ;Agder;NO2;0,105;0;4220;Bygland;850592,594;1105154,706;1308889,09;1619839,014;1294355,769;1220519,59;174127,908;7573478,671;863430,033;1124553,725;1301778,318;1473890,323;1324798,532;1123388,829;141649,356;7353489,116;;;;1724209,226;1562696,58;1240744,583;176396,76;4704047,149;7328363,43;7993809,225;19631014,94;;;;;;;
Valle;4221;460;719;0,64;694;774;90 %;1 %;5 %;0 %;2 %;24 %;21 %;14 %;21 %; 1 107 290 ; 1 506 979 ; 1 814 588 ; 4 428 857 ; 2 433 363 ; 2 173 105 ; 1 644 640 ; 6 251 108 ; 1 096 780 ; 1 433 139 ; 1 820 128 ; 4 350 046 ; 1 956 073 ; 1 792 529 ; 1 438 636 ; 5 187 238 ;Agder;NO2;0,131;0;4221;Valle;1096779,762;1433138,528;1820127,882;2083668,131;1720857,772;1613766,726;199889,172;9968227,973;1107289,697;1506978,839;1814588,381;1956072,64;1792528,978;1438636,404;169454,374;9785549,313;;;;2433363,342;2173104,806;1644640,243;272154,77;6523263,161;9706738,568;10952120,08;26277040,45;;;;;;;
Bykle;4222;383;597;0,64;2779;3188;87 %;5 %;2 %;3 %;3 %;30 %;20 %;12 %;21 %; 2 690 370 ; 3 516 999 ; 4 590 044 ; 10 797 413 ; 6 307 375 ; 5 869 612 ; 4 158 096 ; 16 335 083 ; 2 556 253 ; 3 464 354 ; 4 462 737 ; 10 483 344 ; 4 868 988 ; 4 877 844 ; 3 728 229 ; 13 475 061 ;Agder;NO2;0,173;0;4222;Bykle;2556253,486;3464353,694;4462736,974;5369240,003;4789953,283;4558377,115;478240,264;25679154,82;2690369,857;3516999,483;4590043,687;4868987,991;4877844,149;3728228,906;461552,275;24734026,35;;;;6307374,545;5869612,032;4158095,952;857088,9;17192171,43;24419957,48;27989584,46;67605352,6;;;;;;;
Vennesla;4223;4959;7018;0,71;0;118;0 %;4 %;4 %;3 %;4 %;19 %;20 %;10 %;17 %; 8 020 752 ; 10 262 973 ; 11 425 074 ; 29 708 799 ; 15 148 760 ; 13 547 806 ; 11 090 888 ; 39 787 453 ; 7 706 058 ; 9 830 490 ; 11 071 245 ; 28 607 793 ; 12 759 456 ; 11 244 430 ; 10 094 636 ; 34 098 522 ;Agder;NO2;0,125;0;4223;Vennesla;7706058,254;9830490,18;11071244,54;13965389,59;11007283,37;10335152,69;1621837,886;65537456,5;8020752,286;10262973,23;11425073,87;12759455,7;11244430,29;10094636,43;1323538,066;65130859,87;;;;15148759,81;13547805,66;11090887,74;1268585,266;41056038,47;64029853,46;70764837,86;171724354,8;;;;;;;
Åseral;4224;306;461;0,66;2131;2355;90 %;2 %;4 %;-1 %;2 %;28 %;29 %;21 %;26 %; 1 503 426 ; 1 996 006 ; 2 413 082 ; 5 912 514 ; 3 521 253 ; 3 358 112 ; 2 396 830 ; 9 276 194 ; 1 467 778 ; 1 917 081 ; 2 426 768 ; 5 811 627 ; 2 758 699 ; 2 599 768 ; 1 976 131 ; 7 334 597 ;Agder;NO2;0,105;0;4224;Åseral;1467778,113;1917081,204;2426767,874;3023689,577;2678374,549;2594730,956;280473,414;14388895,69;1503425,574;1996006,041;2413082,028;2758699,189;2599767,734;1976130,511;214808,793;13461919,87;;;;3521252,794;3358111,637;2396829,589;458685,05;9734879,07;13361033,42;15647392,71;37585694,63;;;;;;;
Lyngdal;4225;3469;5100;0,68;1497;1883;80 %;2 %;4 %;3 %;3 %;23 %;26 %;11 %;20 %; 6 068 889 ; 7 788 905 ; 8 808 268 ; 22 666 062 ; 11 940 977 ; 10 699 713 ; 8 629 827 ; 31 270 517 ; 5 931 721 ; 7 511 221 ; 8 592 922 ; 22 035 864 ; 9 704 556 ; 8 489 726 ; 7 806 309 ; 26 000 591 ;Agder;NO2;0,151;0;4225;Lyngdal;5931720,548;7511220,714;8592922,494;10862392,89;8709049,83;8373893,764;1242924,577;51224124,82;6068889,243;7788904,682;8808268,071;9704555,703;8489725,825;7806309,172;1027350,437;49694003,13;;;;11940976,82;10699712,97;8629827,275;1163589,666;32434106,73;49063804,89;55100168,73;133352234,7;;;;;;;
Hægebostad;4226;553;860;0,64;362;463;78 %;4 %;4 %;2 %;3 %;21 %;24 %;14 %;20 %; 1 173 922 ; 1 533 408 ; 1 720 997 ; 4 428 327 ; 2 346 876 ; 2 131 782 ; 1 703 166 ; 6 181 824 ; 1 131 402 ; 1 471 556 ; 1 693 736 ; 4 296 693 ; 1 937 807 ; 1 719 554 ; 1 495 745 ; 5 153 106 ;Agder;NO2;0,117;0;4226;Hægebostad;1131401,722;1471555,73;1693735,542;2123448,245;1685135,69;1571292,225;226850,221;9903419,375;1173922,004;1533407,955;1720996,852;1937806,914;1719554,246;1495744,694;190872,669;9772305,334;;;;2346876,318;2131781,511;1703166,4;222243,321;6404067,55;9640671,517;10832394,36;26079792,26;;;;;;;
Kvinesdal;4227;2197;3136;0,7;887;1082;82 %;3 %;3 %;3 %;3 %;21 %;24 %;11 %;19 %; 3 750 246 ; 4 935 447 ; 5 597 615 ; 14 283 308 ; 7 489 121 ; 6 676 147 ; 5 290 608 ; 19 455 876 ; 3 653 414 ; 4 791 890 ; 5 436 872 ; 13 882 176 ; 6 184 287 ; 5 392 801 ; 4 786 001 ; 16 363 088 ;Agder;NO2;0,13;0;4227;Kvinesdal;3653413,747;4791889,786;5436872,244;7096266,455;5491233,299;5118779,189;750997,542;32339452,26;3750246,095;4935446,736;5597615,332;6184286,504;5392800,781;4786000,636;622007,123;31268403,21;;;;7489121,144;6676147,014;5290607,831;708637,184;20164513,17;30867270,82;34447821,34;83772368,64;;;;;;;
Sirdal;4228;608;971;0,63;3531;3992;88 %;4 %;1 %;-2 %;0 %;27 %;25 %;17 %;24 %; 3 384 426 ; 4 593 812 ; 5 521 878 ; 13 500 115 ; 8 311 212 ; 7 444 333 ; 5 347 586 ; 21 103 131 ; 3 257 102 ; 4 570 677 ; 5 617 971 ; 13 445 751 ; 6 539 977 ; 5 940 646 ; 4 568 715 ; 17 049 338 ;Agder;NO2;0,141;0;4228;Sirdal;3257102,419;4570677,33;5617970,844;7204606,739;6046349,117;5852098,667;661824,462;33210629,58;3384425,786;4593811,731;5521877,939;6539977,449;5940645,559;4568715,148;533550,836;31083004,45;;;;8311211,979;7444332,849;5347585,686;967868,741;22070999,26;31028639,59;35571114,71;86364633,28;;;;;;;
Bergen;4601;69423;148796;0,47;513;1226;42 %;3 %;4 %;0 %;2 %;18 %;16 %;8 %;14 %; 154 803 885 ; 192 666 372 ; 204 449 893 ; 551 920 151 ; 275 797 038 ; 233 080 815 ; 206 501 555 ; 715 379 409 ; 149 794 396 ; 185 198 456 ; 204 614 307 ; 539 607 159 ; 234 057 780 ; 200 325 877 ; 191 575 763 ; 625 959 420 ;Vestland;NO5;0,114;0;4601;Bergen;149794395,8;185198455,8;204614307;243449902,9;209297586,2;189183160,2;29451943,75;1210989752;154803885,5;192666371,8;204449893,3;234057779,7;200325877,5;191575763,1;25141676,71;1203021248;;;;275797038,5;233080814,9;206501555,2;24158448,84;739537857,4;1190708256;1291458008;3153548857;;;;;;;
Kinn;4602;270;8171;0,03;0;1187;0 %;1 %;3 %;-3 %;0 %;12 %;13 %;4 %;10 %; 10 573 737 ; 13 052 611 ; 14 217 446 ; 37 843 794 ; 17 686 516 ; 15 015 602 ; 13 843 509 ; 46 545 627 ; 10 505 347 ; 12 665 695 ; 14 625 071 ; 37 796 112 ; 15 813 545 ; 13 320 462 ; 13 308 329 ; 42 442 336 ;Vestland;NO5;0,067;0;4602;Kinn;10505346,77;12665694,72;14625070,99;15777826,59;13920529,2;12829916,51;2085228,804;82409613,58;10573736,83;13052610,95;14217445,86;15813545,35;13320461,8;13308328,81;1852705,518;82138835,11;;;;17686516,12;15015601,7;13843509,42;1855284,284;48400911,52;82091153,94;86244705,16;212949360,2;;;;;;;
Etne;4611;1239;2130;0,58;587;811;72 %;5 %;4 %;1 %;3 %;24 %;20 %;11 %;19 %; 2 737 633 ; 3 460 326 ; 3 821 964 ; 10 019 923 ; 5 255 286 ; 4 393 275 ; 3 736 351 ; 13 384 912 ; 2 617 194 ; 3 333 750 ; 3 776 833 ; 9 727 777 ; 4 235 377 ; 3 668 268 ; 3 376 029 ; 11 279 674 ;Vestland;NO5;0,176;0;4611;Etne;2617193,647;3333750,174;3776832,841;4693032,784;3706601,863;3447602,397;507993,214;22083006,92;2737633,33;3460325,623;3821964,023;4235376,742;3668268,149;3376029,057;439426,412;21739023,34;;;;5255285,859;4393274,992;3736351,195;519860,722;13904772,77;21446877,02;23924695,74;57726803,02;;;;;;;
Sveio;4612;2054;2888;0,71;1035;1334;78 %;5 %;4 %;1 %;3 %;24 %;20 %;13 %;20 %; 3 965 953 ; 4 957 408 ; 5 526 877 ; 14 450 238 ; 7 484 811 ; 6 321 379 ; 5 587 838 ; 19 394 028 ; 3 789 825 ; 4 763 484 ; 5 449 886 ; 14 003 195 ; 6 024 437 ; 5 269 172 ; 4 923 958 ; 16 217 567 ;Vestland;NO5;0,152;0;4612;Sveio;3789824,76;4763483,937;5449885,965;6410890,197;5305019,915;5097744,044;756470,879;31573319,7;3965952,904;4957408,366;5526876,563;6024437,304;5269171,696;4923958,034;654974,151;31322779,02;;;;7484811,33;6321378,995;5587837,859;762082,909;20156111,09;30875735,85;34606348,93;83052209,81;;;;;;;
Bømlo;4613;4301;5860;0,73;1672;2202;76 %;5 %;4 %;1 %;3 %;20 %;20 %;14 %;18 %; 7 934 795 ; 9 774 448 ; 10 812 722 ; 28 521 965 ; 14 326 388 ; 12 190 262 ; 10 962 202 ; 37 478 852 ; 7 549 164 ; 9 366 834 ; 10 742 391 ; 27 658 389 ; 11 889 147 ; 10 168 149 ; 9 618 453 ; 31 675 750 ;Vestland;NO5;0,135;0;4613;Bømlo;7549164,248;9366833,709;10742391,27;12277207,11;10462103,94;10037864,22;1515165,645;61950730,15;7934794,532;9774447,672;10812722,48;11889147,45;10168149,15;9618452,965;1269036,618;61466750,86;;;;14326388,24;12190261,51;10962202,26;1495674,226;38974526,24;60603175,41;67496490,92;162392007,2;;;;;;;
Stord;4614;5824;8512;0,68;183;268;68 %;7 %;4 %;1 %;4 %;18 %;19 %;13 %;17 %; 10 672 004 ; 13 117 712 ; 14 421 138 ; 38 210 853 ; 18 785 111 ; 15 981 633 ; 14 526 799 ; 49 293 544 ; 9 974 311 ; 12 582 325 ; 14 288 359 ; 36 844 995 ; 15 939 628 ; 13 417 572 ; 12 832 005 ; 42 189 205 ;Vestland;NO5;0,111;0;4614;Stord;9974310,831;12582324,76;14288359,07;16576253,04;14102727,27;13089946,54;2007848,001;82621769,5;10672003,56;13117712,32;14421137,51;15939627,95;13417571,61;12832005;1674882,278;82074940,23;;;;18785111,38;15981633,27;14526798,97;1782876,657;51076420,28;80709081,49;89287273,67;215773130;;;;;;;
Fitjar;4615;1045;1462;0,71;482;664;73 %;7 %;6 %;2 %;4 %;20 %;19 %;11 %;17 %; 1 989 544 ; 2 479 538 ; 2 725 572 ; 7 194 654 ; 3 614 087 ; 3 065 070 ; 2 715 569 ; 9 394 727 ; 1 864 916 ; 2 337 373 ; 2 685 259 ; 6 887 549 ; 3 008 286 ; 2 574 089 ; 2 438 117 ; 8 020 491 ;Vestland;NO5;0,129;0;4615;Fitjar;1864916,365;2337373,492;2685258,723;3073330,182;2576009,133;2474317,048;371482,687;15382687,63;1989543,601;2479538,33;2725571,987;3008285,926;2574088,895;2438116,544;328144,228;15543289,51;;;;3614087,425;3065070,336;2715569,038;367994,145;9762720,944;15236184,17;16957374,86;40688698,09;;;;;;;
Tysnes;4616;1240;1948;0,64;812;1209;67 %;5 %;2 %;1 %;2 %;24 %;20 %;14 %;19 %; 2 424 274 ; 2 995 794 ; 3 318 504 ; 8 738 572 ; 4 537 477 ; 3 822 020 ; 3 348 360 ; 11 707 857 ; 2 319 105 ; 2 941 781 ; 3 282 309 ; 8 543 195 ; 3 670 601 ; 3 190 531 ; 2 944 466 ; 9 805 597 ;Vestland;NO5;0,157;0;4616;Tysnes;2319104,685;2941781,135;3282309,144;3889751,597;3253067,111;3146926,773;453238,595;19286179,04;2424273,852;2995794,227;3318503,602;3670601,003;3190530,598;2944465,563;394058,506;18938227,35;;;;4537477,085;3822020,227;3348359,642;512941,242;12220798,2;18742850,63;20959369,88;50445204,59;;;;;;;
Kvinnherad;4617;4344;6790;0,64;1161;1706;68 %;4 %;5 %;7 %;6 %;21 %;19 %;13 %;18 %; 8 284 904 ; 10 435 796 ; 12 045 373 ; 30 766 073 ; 15 130 208 ; 12 865 943 ; 11 509 138 ; 39 505 289 ; 7 961 363 ; 9 913 755 ; 11 230 114 ; 29 105 232 ; 12 504 707 ; 10 785 703 ; 10 194 721 ; 33 485 131 ;Vestland;NO5;0,164;0;4617;Kvinnherad;7961362,733;9913755,271;11230114,46;13039367,9;10958707,92;10403570,97;1529978,184;65036857,43;8284903,889;10435796,4;12045372,83;12504706,83;10785702,69;10194721,39;1338969,284;65590173,31;;;;15130207,53;12865943,4;11509137,88;1568168,09;41073456,9;63929332,66;71839530,01;171700487,6;;;;;;;
Ullensvang;4618;3447;6270;0,55;1812;2451;74 %;1 %;15 %;21 %;14 %;41 %;38 %;29 %;37 %; 8 070 839 ; 11 506 005 ; 13 912 419 ; 33 489 263 ; 18 233 742 ; 15 817 862 ; 13 308 684 ; 47 360 288 ; 8 010 493 ; 10 009 943 ; 11 469 344 ; 29 489 779 ; 12 907 610 ; 11 440 662 ; 10 297 167 ; 34 645 439 ;Vestland;NO5;0,312;0;4618;Ullensvang;8010492,947;10009942,58;11469343,89;13947623,39;11721508,84;10706390,03;1544545,023;67409846,7;8070839,031;11506004,92;13912419,3;12907610,37;11440662,06;10297166,72;1319391,145;69454093,53;;;;18233742,3;15817861,83;13308684,25;1858880,575;49219168,95;65454609,7;82708432,21;186083109,2;;;;;;;
Eidfjord;4619;259;517;0,5;1077;1323;81 %;2 %;30 %;35 %;25 %;72 %;66 %;49 %;63 %; 1 404 652 ; 2 335 829 ; 2 981 627 ; 6 722 108 ; 4 084 582 ; 3 579 580 ; 2 748 917 ; 10 413 078 ; 1 376 820 ; 1 800 378 ; 2 206 330 ; 5 383 529 ; 2 375 479 ; 2 155 512 ; 1 843 799 ; 6 374 791 ;Vestland;NO5;0,537;0;4619;Eidfjord;1376820,169;1800378,303;2206330,353;2566688,41;2201687,196;2070895,306;267892,172;12490691,91;1404652,164;2335828,76;2981627,443;2375479,412;2155512,227;1843799,392;229439,521;13326338,92;;;;4084581,627;3579579,507;2748917,128;458148,757;10871227,02;11987759,38;17593335,39;36688257,85;;;;;;;
Ulvik;4620;283;576;0,49;168;297;57 %;-1 %;1 %;-2 %;-1 %;18 %;19 %;7 %;15 %; 780 905 ; 998 266 ; 1 155 019 ; 2 934 190 ; 1 528 602 ; 1 334 467 ; 1 102 042 ; 3 965 111 ; 789 465 ; 992 927 ; 1 180 782 ; 2 963 174 ; 1 295 900 ; 1 125 137 ; 1 030 807 ; 3 451 844 ;Vestland;NO5;0,141;0;4620;Ulvik;789465,043;992926,971;1180782,271;1409247,791;1178030,28;1082074,038;152286,164;6784812,558;780905,406;998266,341;1155018,576;1295899,653;1125137,369;1030806,868;130356,153;6516390,366;;;;1528601,866;1334466,683;1102042,027;166951,124;4132061,7;6545374,328;7066252,023;17433264,62;;;;;;;
Voss;4621;3745;7735;0,48;2758;3807;72 %;0 %;3 %;1 %;1 %;23 %;22 %;9 %;19 %; 10 670 571 ; 14 140 581 ; 16 434 316 ; 41 245 468 ; 23 040 813 ; 19 431 453 ; 15 035 104 ; 57 507 370 ; 10 646 448 ; 13 689 905 ; 16 346 267 ; 40 682 620 ; 18 727 147 ; 15 975 465 ; 13 738 749 ; 48 441 361 ;Vestland;NO5;0,12;0;4621;Voss;10646447,89;13689905,39;16346267,17;20473585,77;16045409,69;14335895;2015880,38;93553391,28;10670570,58;14140581,15;16434316,33;18727146,77;15975464,58;13738749,24;1724410,357;91411239;;;;23040813,09;19431452,78;15035104,42;2201281,54;59708651,82;90848391,4;100954119,9;244673282,1;;;;;;;
Kvam;4622;2119;4108;0,52;2053;2630;78 %;-1 %;1 %;-3 %;-1 %;18 %;19 %;12 %;17 %; 6 221 723 ; 8 042 495 ; 9 151 087 ; 23 415 304 ; 12 328 951 ; 10 574 437 ; 8 935 226 ; 31 838 614 ; 6 303 454 ; 7 968 946 ; 9 403 040 ; 23 675 441 ; 10 448 816 ; 8 867 332 ; 7 988 701 ; 27 304 849 ;Vestland;NO5;0,106;0;4622;Kvam;6303454,471;7968946,467;9403040,429;11157703,56;9321076,107;8512387,408;1184397,063;53851005,51;6221722,877;8042494,915;9151086,686;10448816,41;8867331,812;7988701,077;991645,466;51711799,24;;;;12328950,95;10574436,81;8935225,999;1329863,755;33168477,52;51971936,13;56583782;138731282,3;;;;;;;
Samnanger;4623;675;1285;0,53;373;611;61 %;1 %;3 %;0 %;1 %;20 %;18 %;11 %;16 %; 1 755 316 ; 2 234 823 ; 2 479 127 ; 6 469 267 ; 3 352 835 ; 2 823 889 ; 2 442 580 ; 8 619 304 ; 1 734 539 ; 2 173 114 ; 2 482 430 ; 6 390 082 ; 2 804 263 ; 2 396 644 ; 2 208 179 ; 7 409 087 ;Vestland;NO5;0,125;0;4623;Samnanger;1734538,69;2173113,801;2482429,64;2998056,471;2470283,619;2261703,281;333281,675;14453407,18;1755316,189;2234823,073;2479127,322;2804263,281;2396644,161;2208179,423;281171,468;14159524,92;;;;3352834,963;2823889,409;2442579,951;336295,271;8955599,594;14080340,46;15424866,18;37568531,69;;;;;;;
Bjørnafjorden;4624;6333;11980;0,53;1159;1948;59 %;4 %;3 %;0 %;2 %;18 %;16 %;9 %;14 %; 15 947 250 ; 19 591 496 ; 21 274 608 ; 56 813 354 ; 27 964 607 ; 23 448 072 ; 21 002 569 ; 72 415 247 ; 15 355 748 ; 18 936 890 ; 21 207 884 ; 55 500 522 ; 23 739 757 ; 20 202 982 ; 19 303 563 ; 63 246 302 ;Vestland;NO5;0,112;0;4624;Bjørnafjorden;15355748,03;18936889,61;21207884,29;24700589,7;20842475,59;19302762,37;2995872,444;123342222;15947249,93;19591495,94;21274608,37;23739756,51;20202982,27;19303562,81;2555992,342;122615648,2;;;;27964607;23448071,61;21002568,6;2633426,029;75048673,24;121302815,9;131862027,5;321006543,4;;;;;;;
Austevoll;4625;1585;2528;0,63;993;1537;65 %;5 %;5 %;0 %;3 %;18 %;19 %;13 %;17 %; 4 034 660 ; 4 979 393 ; 5 485 152 ; 14 499 204 ; 7 161 340 ; 6 090 616 ; 5 544 877 ; 18 796 833 ; 3 828 353 ; 4 764 553 ; 5 470 099 ; 14 063 005 ; 6 075 681 ; 5 124 726 ; 4 922 117 ; 16 122 524 ;Vestland;NO5;0,112;0;4625;Austevoll;3828353,296;4764553,093;5470098,984;6182361,595;5287086,786;5009622,341;753301,513;31295377,61;4034659,921;4979392,539;5485151,603;6075680,506;5124725,848;4922117,242;654101,243;31275828,9;;;;7161340;6090615,956;5544876,804;752456,065;19549288,83;30839630,21;34048492,89;82120495,34;;;;;;;
Øygarden;4626;8688;18128;0,48;1700;3424;50 %;4 %;4 %;-1 %;2 %;17 %;17 %;9 %;15 %; 24 237 001 ; 29 630 789 ; 32 211 200 ; 86 078 991 ; 42 061 006 ; 35 787 416 ; 32 470 333 ; 110 318 755 ; 23 284 891 ; 28 591 878 ; 32 402 589 ; 84 279 359 ; 35 985 120 ; 30 598 378 ; 29 762 112 ; 96 345 610 ;Vestland;NO5;0,108;0;4626;Øygarden;23284891,02;28591878,45;32402589,09;36292620,22;31796739,55;29661248,31;4560298,475;186590265,1;24237001;29630789,24;32211200,34;35985120,14;30598377,97;29762111,82;4031938,582;186456539,1;;;;42061006,35;35787415,69;32470332,83;4055481,477;114374236,3;184656907,1;200453226,9;487421040,5;;;;;;;
Askøy;4627;6798;12402;0,55;468;1030;45 %;3 %;3 %;-1 %;2 %;15 %;14 %;7 %;13 %; 17 771 154 ; 21 890 309 ; 23 747 337 ; 63 408 801 ; 30 621 414 ; 25 807 760 ; 23 673 979 ; 80 103 153 ; 17 312 540 ; 21 183 091 ; 23 955 485 ; 62 451 116 ; 26 576 397 ; 22 573 737 ; 22 026 669 ; 71 176 802 ;Vestland;NO5;0,089;0;4627;Askøy;17312540,06;21183091,33;23955484,64;26955548,84;23511594,78;21421820,01;3344490,039;137684569,7;17771153,72;21890309,47;23747337,42;26576396,83;22573736,56;22026668,78;2938801,963;137524404,7;;;;30621414,36;25807760,37;23673978,71;2851446,875;82954600,32;136566720,2;146363400,9;358163574,8;;;;;;;
Vaksdal;4628;1015;2089;0,49;398;593;67 %;1 %;4 %;1 %;2 %;23 %;21 %;7 %;17 %; 2 605 281 ; 3 329 159 ; 3 658 501 ; 9 592 941 ; 5 094 126 ; 4 332 546 ; 3 520 277 ; 12 946 949 ; 2 567 778 ; 3 203 748 ; 3 631 409 ; 9 402 935 ; 4 156 772 ; 3 582 047 ; 3 287 489 ; 11 026 308 ;Vestland;NO5;0,13;0;4628;Vaksdal;2567778,317;3203748,273;3631408,563;4541845,68;3682883,148;3307835,356;495378,53;21430877,87;2605280,807;3329159,012;3658501,366;4156772,402;3582047,202;3287488,626;426475,466;21045724,88;;;;5094125,864;4332545,746;3520277,17;473017,579;13419966,36;20855718,85;23012907,54;55896569,11;;;;;;;
Modalen;4629;114;177;0,64;0;123;0 %;-3 %;-1 %;-2 %;-2 %;9 %;1 %;-4 %;3 %; 359 698 ; 461 358 ; 520 685 ; 1 341 741 ; 647 001 ; 539 635 ; 470 808 ; 1 657 444 ; 372 429 ; 463 987 ; 530 417 ; 1 366 833 ; 592 221 ; 531 873 ; 489 088 ; 1 613 182 ;Vestland;NO5;0,027;0;4629;Modalen;372428,565;463987,139;530416,826;682895,01;559827,964;513538,564;75715,967;3198810,035;359697,8;461358,001;520684,875;592221,417;531873,133;489087,863;66597,851;3021520,94;;;;647000,842;539635,351;470807,677;67264,885;1724708,755;3046612,794;3066449,431;7945039,73;;;;;;;
Osterøy;4630;1798;3898;0,46;348;663;52 %;3 %;4 %;1 %;2 %;19 %;17 %;6 %;15 %; 5 017 028 ; 6 210 128 ; 6 837 670 ; 18 064 826 ; 9 059 203 ; 7 584 223 ; 6 526 168 ; 23 169 594 ; 4 881 524 ; 5 987 091 ; 6 761 431 ; 17 630 046 ; 7 612 955 ; 6 468 516 ; 6 138 324 ; 20 219 795 ;Vestland;NO5;0,107;0;4630;Osterøy;4881524,116;5987091,128;6761430,6;8059534,516;6730616,717;6131728,23;943498,084;39495423,39;5017027,57;6210128,398;6837669,785;7612954,665;6468516,188;6138324,164;819013,446;39103634,22;;;;9059203,126;7584222,916;6526168,381;829278,347;23998872,77;38668854,31;42063698,52;102597930,4;;;;;;;
Alver;4631;6826;14017;0,49;1759;3141;56 %;3 %;4 %;0 %;2 %;16 %;17 %;9 %;14 %; 18 707 271 ; 23 058 834 ; 25 168 016 ; 66 934 121 ; 32 686 093 ; 27 592 577 ; 24 868 089 ; 85 146 759 ; 18 213 501 ; 22 184 704 ; 25 178 017 ; 65 576 222 ; 28 087 555 ; 23 553 233 ; 22 906 433 ; 74 547 221 ;Vestland;NO5;0,09;0;4631;Alver;18213501,19;22184704,07;25178016,71;28778189,75;24758248,04;22782574,7;3498824,542;145394059;18707270,77;23058834,04;25168016,46;28087555,34;23553233,07;22906432,76;3067267,879;144548610,3;;;;32686092,87;27592576,86;24868089,48;3222674,494;88369433,71;143190711;155303555;378312103;;;;;;;
Austrheim;4632;752;1681;0,45;280;505;55 %;3 %;5 %;1 %;3 %;19 %;19 %;11 %;16 %; 2 193 976 ; 2 724 618 ; 3 012 708 ; 7 931 302 ; 3 931 951 ; 3 348 585 ; 3 008 623 ; 10 289 158 ; 2 134 779 ; 2 603 981 ; 2 989 775 ; 7 728 535 ; 3 314 529 ; 2 817 415 ; 2 721 574 ; 8 853 519 ;Vestland;NO5;0,115;0;4632;Austrheim;2134778,5;2603981,16;2989775,339;3345501,971;2926884,162;2730184,497;413950,566;17145056,2;2193976,371;2724618,49;3012707,543;3314529,448;2817414,944;2721574,354;369365,132;17154186,28;;;;3931950,734;3348584,615;3008622,533;413801,151;10702959,03;16951418,88;18634261,44;45002201,51;;;;;;;
Fedje;4633;155;348;0,45;0;146;0 %;2 %;5 %;-3 %;1 %;18 %;19 %;13 %;17 %; 428 931 ; 524 999 ; 578 538 ; 1 532 467 ; 771 151 ; 669 357 ; 609 706 ; 2 050 215 ; 419 480 ; 501 793 ; 599 126 ; 1 520 399 ; 652 037 ; 561 219 ; 541 935 ; 1 755 191 ;Vestland;NO5;0,122;0;4633;Fedje;419479,603;501793,002;599126,099;649652,118;581229,908;566336,618;80235,145;3397852,493;428930,635;524998,528;578537,892;652037,095;561218,503;541935,059;74827,616;3362485,328;;;;771151,434;669357,389;609706,247;98452,69;2148667,76;3350416,977;3681134,815;8909005,581;;;;;;;
Masfjorden;4634;440;952;0,46;351;589;60 %;2 %;4 %;0 %;2 %;21 %;21 %;10 %;18 %; 1 284 464 ; 1 596 681 ; 1 771 519 ; 4 652 664 ; 2 362 016 ; 2 002 699 ; 1 742 845 ; 6 107 560 ; 1 258 556 ; 1 533 110 ; 1 765 251 ; 4 556 917 ; 1 945 324 ; 1 652 126 ; 1 578 341 ; 5 175 791 ;Vestland;NO5;0,123;0;4634;Masfjorden;1258556,47;1533109,926;1765250,795;2097352,831;1790289,843;1706585,426;246951,813;10398097,1;1284464,291;1596680,835;1771518,842;1945323,915;1652125,602;1578341,234;213090,256;10041544,98;;;;2362016,13;2002698,773;1742844,773;262935,801;6370495,477;9945798,198;11023159,45;26810137,56;;;;;;;
Gulen;4635;562;1275;0,44;674;1128;60 %;1 %;3 %;-1 %;1 %;21 %;22 %;13 %;19 %; 1 883 798 ; 2 318 518 ; 2 546 722 ; 6 749 038 ; 3 415 205 ; 2 914 947 ; 2 605 844 ; 8 935 996 ; 1 871 481 ; 2 242 737 ; 2 576 794 ; 6 691 012 ; 2 815 658 ; 2 393 494 ; 2 301 439 ; 7 510 592 ;Vestland;NO5;0,119;0;4635;Gulen;1871481,149;2242736,783;2576793,826;2968187,673;2583232,473;2492146,106;360627,645;15095205,66;1883797,543;2318518,276;2546722,277;2815658,355;2393494,071;2301439,219;315581,752;14575211,49;;;;3415204,73;2914946,942;2605844,256;417152,916;9353148,844;14517185,16;16102186,94;39023565,99;;;;;;;
Solund;4636;0;505;0;0;355;0 %;-1 %;0 %;-5 %;-2 %;12 %;14 %;7 %;11 %; 650 874 ; 773 590 ; 839 420 ; 2 263 883 ; 1 097 636 ; 960 389 ; 882 054 ; 2 940 079 ; 660 443 ; 772 069 ; 886 425 ; 2 318 937 ; 979 755 ; 843 915 ; 825 465 ; 2 649 135 ;Vestland;NO5;0,057;0;4636;Solund;660442,806;772068,788;886425,23;968533,753;858236,567;827192,62;124245,775;5097145,539;650873,951;773589,688;839419,726;979755,495;843914,797;825464,845;117833,168;5030851,67;;;;1097635,958;960388,774;882053,977;142584,85;3082663,559;5085905,129;5346546,924;13210660,77;;;;;;;
Hyllestad;4637;0;717;0;0;273;0 %;1 %;2 %;-3 %;0 %;13 %;14 %;4 %;10 %; 880 842 ; 1 068 053 ; 1 174 478 ; 3 123 374 ; 1 506 365 ; 1 284 566 ; 1 146 778 ; 3 937 708 ; 873 311 ; 1 049 024 ; 1 216 674 ; 3 139 008 ; 1 338 653 ; 1 123 909 ; 1 103 205 ; 3 565 767 ;Vestland;NO5;0,043;0;4637;Hyllestad;873310,816;1049023,584;1216673,857;1401622,009;1187245,396;1084419,661;163887,199;6976182,522;880842,151;1068053,195;1174478,235;1338652,928;1123908,981;1103205,428;152225,138;6841366,056;;;;1506364,839;1284565,645;1146777,814;169988,136;4107696,434;6857000,732;7231070,015;17925245,01;;;;;;;
Høyanger;4638;205;2144;0,1;190;634;30 %;-2 %;0 %;2 %;0 %;34 %;43 %;31 %;36 %; 2 828 627 ; 3 544 921 ; 4 201 886 ; 10 575 434 ; 6 017 239 ; 5 458 971 ; 4 749 261 ; 16 225 471 ; 2 885 977 ; 3 557 720 ; 4 128 573 ; 10 572 271 ; 4 485 745 ; 3 806 227 ; 3 620 911 ; 11 912 883 ;Vestland;NO5;0,199;0;4638;Høyanger;2885977,491;3557720,394;4128573,493;4859716,1;4046448,945;3634714,362;555360,554;23668511,34;2828626,768;3544920,943;4201885,997;4485745,198;3806227,185;3620910,863;499088,009;22987404,96;;;;6017238,643;5458971,098;4749261,124;678730,845;16904201,71;22984242,63;27479635,42;63560118,01;;;;;;;
Vik;4639;710;1431;0,5;163;284;57 %;-4 %;5 %;4 %;2 %;27 %;28 %;14 %;24 %; 1 699 490 ; 2 265 198 ; 2 601 095 ; 6 565 783 ; 3 477 744 ; 3 038 232 ; 2 450 766 ; 8 966 742 ; 1 766 299 ; 2 155 615 ; 2 511 060 ; 6 432 974 ; 2 728 421 ; 2 375 575 ; 2 154 329 ; 7 258 325 ;Vestland;NO5;0,161;0;4639;Vik;1766298,679;2155615,119;2511060,136;2967227,975;2439177,475;2216860,533;325487,429;14381727,35;1699490,247;2265198,018;2601095,14;2728420,821;2375575,136;2154328,576;296022,701;14120130,64;;;;3477743,893;3038231,926;2450765,726;352779,487;9319521,032;13987321,17;15885304,44;37821379,02;;;;;;;
Sogndal;4640;3225;5956;0,54;288;566;51 %;-4 %;0 %;-4 %;-3 %;16 %;17 %;4 %;13 %; 7 270 030 ; 9 543 725 ; 10 516 975 ; 27 330 729 ; 14 043 913 ; 12 092 078 ; 9 783 262 ; 35 919 253 ; 7 561 351 ; 9 516 947 ; 10 970 567 ; 28 048 864 ; 12 071 885 ; 10 344 264 ; 9 369 324 ; 31 785 472 ;Vestland;NO5;0,084;0;4640;Sogndal;7561350,552;9516946,982;10970566,9;13080991,98;10647297,37;9272895,495;1410981,282;62461030,56;7270029,525;9543725,075;10516974,88;12071884,64;10344263,67;9369323,752;1247648,785;60363850,32;;;;14043913,38;12092078,16;9783261,569;1234733,876;37153986,99;61081985,28;64484716,47;159978867,9;;;;;;;
Aurland;4641;717;915;0,78;174;258;67 %;-2 %;4 %;-1 %;0 %;20 %;18 %;3 %;14 %; 1 474 625 ; 1 902 890 ; 2 088 431 ; 5 465 946 ; 2 841 095 ; 2 473 431 ; 1 929 241 ; 7 243 766 ; 1 502 128 ; 1 834 435 ; 2 108 209 ; 5 444 772 ; 2 371 895 ; 2 099 899 ; 1 866 568 ; 6 338 362 ;Vestland;NO5;0,088;0;4641;Aurland;1502128,149;1834434,999;2108209,125;2570719,449;2099068,321;1923041,751;293753,185;12331354,98;1474624,891;1902890,246;2088431,288;2371894,829;2099898,983;1866567,845;261658,75;12065966,83;;;;2841094,991;2473430,639;1929240,644;262521,63;7506287,904;12044792,68;12972234,33;31903609,72;;;;;;;
Lærdal;4642;903;1270;0,71;238;344;69 %;3 %;4 %;-2 %;1 %;17 %;18 %;3 %;13 %; 1 892 213 ; 2 398 390 ; 2 601 755 ; 6 892 359 ; 3 443 122 ; 3 119 033 ; 2 434 562 ; 8 996 718 ; 1 843 096 ; 2 300 758 ; 2 663 598 ; 6 807 452 ; 2 942 518 ; 2 634 877 ; 2 353 518 ; 7 930 913 ;Vestland;NO5;0,081;0;4642;Lærdal;1843095,853;2300758,092;2663598,334;3223957,993;2662948,047;2378203,879;353956,408;15426518,61;1892213,258;2398390,343;2601755,283;2942517,898;2634876,788;2353518,246;335338,748;15158610,56;;;;3443122,138;3119032,991;2434562,38;328689,426;9325406,935;15073703,96;16217765,82;39910536,11;;;;;;;
Årdal;4643;1665;2775;0,6;268;413;65 %;-4 %;-2 %;-7 %;-4 %;15 %;14 %;-1 %;10 %; 3 523 818 ; 4 612 323 ; 5 027 123 ; 13 163 264 ; 6 741 959 ; 6 004 991 ; 4 594 364 ; 17 341 314 ; 3 659 636 ; 4 688 239 ; 5 412 434 ; 13 760 308 ; 5 875 417 ; 5 261 966 ; 4 651 128 ; 15 788 511 ;Vestland;NO5;0,061;0;4643;Årdal;3659635,824;4688238,823;5412433,764;6605626,595;5280336,289;4641609,55;708062,298;30995943,14;3523818,189;4612322,823;5027123,465;5875417,424;5261965,878;4651128,174;637356,996;29589132,95;;;;6741959,091;6004990,57;4594364,072;572212,123;17913525,86;30186176,88;31076790,33;78498601,95;;;;;;;
Luster;4644;1994;2814;0,71;334;596;56 %;-3 %;1 %;-3 %;-2 %;20 %;21 %;6 %;17 %; 3 632 341 ; 4 795 572 ; 5 448 851 ; 13 876 764 ; 7 353 785 ; 6 574 329 ; 4 983 223 ; 18 911 337 ; 3 736 377 ; 4 752 822 ; 5 633 821 ; 14 123 020 ; 6 106 402 ; 5 425 101 ; 4 681 047 ; 16 212 549 ;Vestland;NO5;0,094;0;4644;Luster;3736377,188;4752821,798;5633821,021;6708759,084;5342594,836;4774394,334;705434,661;31654202,92;3632340,886;4795572,029;5448851,478;6106401,501;5425101,106;4681046,667;635764,557;30725078,22;;;;7353785,325;6574328,808;4983223,178;665896,939;19577234,25;30971333,84;33453998,64;81956515,4;;;;;;;
Askvoll;4645;0;1491;0;0;463;0 %;-1 %;1 %;-5 %;-2 %;12 %;13 %;3 %;9 %; 2 176 013 ; 2 643 329 ; 2 904 654 ; 7 723 996 ; 3 683 559 ; 3 131 613 ; 2 808 473 ; 9 623 644 ; 2 188 140 ; 2 624 404 ; 3 056 050 ; 7 868 594 ; 3 302 730 ; 2 771 350 ; 2 721 275 ; 8 795 355 ;Vestland;NO5;0,05;0;4645;Askvoll;2188139,903;2624404,207;3056049,525;3249247,884;2793256,704;2572076,053;389548,906;16872723,18;2176013,131;2643329,381;2904653,865;3302729,941;2771349,962;2721275,172;379577,235;16898928,69;;;;3683558,863;3131612,583;2808472,929;409195,954;10032840,33;17043525,95;17756836,71;43804492,2;;;;;;;
Fjaler;4646;0;1347;0;0;463;0 %;0 %;1 %;-4 %;-1 %;12 %;11 %;-1 %;8 %; 1 831 772 ; 2 273 904 ; 2 483 566 ; 6 589 242 ; 3 236 769 ; 2 701 947 ; 2 327 601 ; 8 266 318 ; 1 838 572 ; 2 257 835 ; 2 587 616 ; 6 684 023 ; 2 878 819 ; 2 432 681 ; 2 342 447 ; 7 653 947 ;Vestland;NO5;0,028;0;4646;Fjaler;1838572,01;2257835,008;2587616,422;2974660,386;2489151,362;2302664,565;351758,613;14802258,37;1831772,138;2273904,009;2483565,81;2878819,077;2432681,311;2342446,658;328825,441;14572014,44;;;;3236769,113;2701947,146;2327601,375;329910,02;8596227,654;14666795,93;15185469,61;37970500,46;;;;;;;
Sunnfjord;4647;486;10428;0,05;105;924;11 %;1 %;2 %;-1 %;0 %;15 %;13 %;1 %;10 %; 13 078 248 ; 16 253 794 ; 17 722 113 ; 47 054 155 ; 22 922 332 ; 19 035 104 ; 16 343 899 ; 58 301 335 ; 12 931 771 ; 15 967 200 ; 17 955 375 ; 46 854 346 ; 19 955 403 ; 16 824 025 ; 16 177 196 ; 52 956 624 ;Vestland;NO5;0,065;0;4647;Sunnfjord;12931771,13;15967199,7;17955375,21;20941642,76;17414640,39;15604964,09;2520656,502;103336249,8;13078248,34;16253793,7;17722113,41;19955402,58;16824025,4;16177196,49;2232954,209;102243734,1;;;;22922332,41;19035103,57;16343899,02;2167817,941;60469152,94;102043924,7;107523308,4;266049136,8;;;;;;;
Bremanger;4648;0;1853;0;0;634;0 %;-1 %;2 %;-3 %;-1 %;15 %;13 %;4 %;11 %; 2 496 201 ; 3 072 553 ; 3 373 891 ; 8 942 644 ; 4 337 022 ; 3 676 595 ; 3 302 263 ; 11 315 879 ; 2 530 695 ; 3 018 617 ; 3 484 818 ; 9 034 130 ; 3 785 741 ; 3 248 180 ; 3 184 889 ; 10 218 810 ;Vestland;NO5;0,079;0;4648;Bremanger;2530694,917;3018616,764;3484818,061;3833500,943;3424447,39;3228684,361;509920,776;20030683,21;2496201,042;3072552,548;3373890,633;3785740,895;3248180,253;3184889,195;443062,431;19604517;;;;4337021,526;3676594,784;3302263,05;494628,678;11810508,04;19696002,52;20753152,26;51445708,25;;;;;;;
Stad;4649;118;4169;0,03;0;708;0 %;1 %;2 %;0 %;1 %;14 %;14 %;1 %;10 %; 6 104 405 ; 7 482 881 ; 8 357 364 ; 21 944 650 ; 10 466 764 ; 8 685 973 ; 7 563 446 ; 26 716 183 ; 6 028 493 ; 7 354 664 ; 8 397 944 ; 21 781 101 ; 9 143 983 ; 7 629 842 ; 7 467 781 ; 24 241 607 ;Vestland;NO5;0,077;0;4649;Stad;6028493,232;7354664,423;8397943,647;9257794,569;8073514,912;7359076,684;1182017,683;47653505,15;6104404,769;7482881,102;8357363,889;9143983,354;7629841,93;7467781,299;1038277,982;47224534,33;;;;10466764,48;8685973,046;7563445,674;1082734,306;27798917,51;47060985,87;49743567,27;122676957;;;;;;;
Gloppen;4650;137;2626;0,05;0;328;0 %;1 %;0 %;0 %;0 %;16 %;15 %;0 %;11 %; 3 721 212 ; 4 588 754 ; 5 192 817 ; 13 502 782 ; 6 668 151 ; 5 540 552 ; 4 557 439 ; 16 766 142 ; 3 678 342 ; 4 585 421 ; 5 185 205 ; 13 448 968 ; 5 771 211 ; 4 815 486 ; 4 546 477 ; 15 133 174 ;Vestland;NO5;0,068;0;4650;Gloppen;3678341,965;4585421,107;5185205,182;5965905,18;5067424,728;4577399,811;696677,13;29756375,1;3721212,123;4588753,581;5192816,59;5771210,795;4815486,478;4546476,616;630367,117;29266323,3;;;;6668150,603;5540552,374;4557439,02;640336,645;17406478,64;29212509,26;30909260,94;76429177,05;;;;;;;
Stryn;4651;0;3113;0;126;1038;12 %;2 %;-1 %;0 %;0 %;15 %;15 %;1 %;11 %; 4 781 745 ; 5 873 622 ; 6 596 089 ; 17 251 456 ; 8 405 044 ; 7 097 230 ; 5 850 922 ; 21 353 197 ; 4 675 257 ; 5 908 963 ; 6 622 124 ; 17 206 344 ; 7 315 185 ; 6 171 811 ; 5 820 770 ; 19 307 766 ;Vestland;NO5;0,081;0;4651;Stryn;4675257,368;5908962,612;6622123,812;7446943,322;6352244,681;5677479,198;847773,037;37530784,03;4781744,53;5873622,3;6596088,808;7315185,306;6171810,899;5820769,934;816935,217;37376156,99;;;;8405044,402;7097230,199;5850922,443;870729,156;22223926,2;37331045,15;39475381,84;97130867,22;;;;;;;
Trondheim;5001;1667;111822;0,01;0;645;0 %;-1 %;-1 %;-2 %;-1 %;18 %;19 %;-5 %;11 %; 115 058 656 ; 143 061 052 ; 154 584 378 ; 412 704 086 ; 201 126 134 ; 173 250 311 ; 136 015 901 ; 510 392 346 ; 116 113 116 ; 143 825 744 ; 158 141 708 ; 418 080 568 ; 170 898 195 ; 145 905 459 ; 143 173 132 ; 459 976 786 ;Trøndelag;NO3;0,079;0;5001;Trondheim;116113115,8;143825744,2;158141708,3;180065020,6;157472326,5;132870574,3;23940398,74;912428888,4;115058655,6;143061052,4;154584378,4;170898194,5;145905459;143173132,3;20406235,14;893087107,6;;;;201126133,7;173250311,1;136015900,9;15030645,08;525422990,8;898463589,3;938127077,2;2330938987;;;;;;;
Steinkjer;5006;298;11111;0,03;0;872;0 %;-2 %;1 %;-1 %;-1 %;25 %;21 %;-2 %;15 %; 13 913 108 ; 17 690 111 ; 20 152 508 ; 51 755 726 ; 26 224 090 ; 22 615 033 ; 17 817 153 ; 66 656 276 ; 14 266 357 ; 17 588 876 ; 20 367 599 ; 52 222 832 ; 20 926 713 ; 18 644 415 ; 18 165 455 ; 57 736 582 ;Trøndelag;NO3;0,182;0;5006;Steinkjer;14266357,23;17588875,84;20367599,27;22633501,47;20036828,5;17481352,84;3022264,249;115396779,4;13913107,79;17690110,76;20152507,92;20926712,58;18644414,99;18165454,81;2577453,084;112069761,9;;;;26224089,56;22615033,36;17817152,97;2152307,095;68808582,99;112536867,8;120564309,5;296275124,3;;;;;;;
Namsos;5007;223;7334;0,03;0;891;0 %;-1 %;3 %;-1 %;1 %;26 %;24 %;-1 %;17 %; 8 822 430 ; 11 408 020 ; 12 609 739 ; 32 840 190 ; 16 601 273 ; 14 199 203 ; 11 114 667 ; 41 915 143 ; 8 893 515 ; 11 030 205 ; 12 742 040 ; 32 665 760 ; 13 188 564 ; 11 465 762 ; 11 253 952 ; 35 908 278 ;Trøndelag;NO3;0,199;0;5007;Namsos;8893514,727;11030204,85;12742040,23;14177967,09;12445462,8;11071157,21;1935815,045;72296161,95;8822430,157;11408020,49;12609739,14;13188564,22;11465761,53;11253951,82;1625319,496;70373786,86;;;;16601273,42;14199202,57;11114666,62;1394770,559;43309913,17;70199356,88;76150102,96;185979862;;;;;;;
Frøya;5014;0;2720;0;0;1086;0 %;-2 %;2 %;-3 %;-1 %;14 %;17 %;-3 %;10 %; 3 968 089 ; 4 814 920 ; 5 210 890 ; 13 993 898 ; 6 549 199 ; 5 538 252 ; 4 770 587 ; 16 858 037 ; 4 050 098 ; 4 707 857 ; 5 389 352 ; 14 147 307 ; 5 756 784 ; 4 732 377 ; 4 905 871 ; 15 395 032 ;Trøndelag;NO3;0,065;0;5014;Frøya;4050097,769;4707856,653;5389352,28;5887441,431;5197503,807;4789667,677;865984,876;30887904,49;3968089,009;4814919,542;5210889,714;5756783,705;4732377,382;4905871,232;735310,04;30124240,62;;;;6549198,673;5538252,167;4770586,565;692724,643;17550762,05;30277649,06;31544660,31;78562907,17;;;;;;;
Osen;5020;0;535;0;0;290;0 %;-1 %;4 %;-3 %;0 %;22 %;21 %;-4 %;13 %; 664 800 ; 821 552 ; 902 273 ; 2 388 624 ; 1 186 578 ; 1 003 026 ; 823 058 ; 3 012 663 ; 668 945 ; 789 401 ; 926 067 ; 2 384 413 ; 975 601 ; 830 922 ; 853 725 ; 2 660 248 ;Trøndelag;NO3;0,169;0;5020;Osen;668944,883;789401,138;926066,732;1041424,911;918969,888;853256,655;140344,732;5338408,939;664799,702;821551,56;902272,623;975601,279;830921,723;853724,697;128187,058;5177058,642;;;;1186577,952;1003026,293;823058,385;122067,609;3134730,239;5172847,51;5523354,124;13650197,82;;;;;;;
Oppdal;5021;0;3638;0;457;4245;11 %;-1 %;-4 %;-4 %;-3 %;20 %;22 %;-2 %;14 %; 7 998 050 ; 10 329 283 ; 12 190 701 ; 30 518 034 ; 15 867 740 ; 13 713 814 ; 10 130 898 ; 39 712 451 ; 8 065 727 ; 10 776 174 ; 12 695 266 ; 31 537 166 ; 13 188 385 ; 11 258 121 ; 10 381 697 ; 34 828 203 ;Trøndelag;NO3;0,07;0;5021;Oppdal;8065726,707;10776174,1;12695265,61;13918396,52;12332108,77;11023128,27;1613914,376;70424714,35;7998050,272;10329283,23;12190700,93;13188385,32;11258121,02;10381696,85;1432845,484;66779083,11;;;;15867739,71;13713813,52;10130898,04;1758666,086;41471117,36;67798215,09;71989151,8;178674914,8;;;;;;;
Rennebu;5022;0;1306;0;141;1714;8 %;-1 %;-1 %;-4 %;-2 %;22 %;24 %;-1 %;15 %; 2 563 467 ; 3 297 202 ; 3 754 270 ; 9 614 938 ; 4 945 076 ; 4 302 702 ; 3 183 263 ; 12 431 040 ; 2 587 881 ; 3 329 363 ; 3 908 563 ; 9 825 808 ; 4 066 934 ; 3 476 617 ; 3 230 206 ; 10 773 757 ;Trøndelag;NO3;0,099;0;5022;Rennebu;2587881,134;3329363,389;3908563,225;4276081,73;3840850,734;3454985,718;516314,357;21914040,29;2563466,702;3297201,731;3754269,716;4066934,246;3476616,536;3230206,124;457497,26;20846192,32;;;;4945075,566;4302702,18;3183262,575;544971,756;12976012,08;21057061,91;22590950,23;55736244,68;;;;;;;
Røros;5025;1715;2972;0,58;1818;2791;65 %;-5 %;-5 %;-7 %;-6 %;25 %;26 %;6 %;20 %; 5 207 402 ; 6 590 278 ; 7 822 735 ; 19 620 414 ; 10 649 860 ; 9 951 750 ; 7 034 941 ; 27 636 552 ; 5 474 735 ; 6 909 577 ; 8 378 934 ; 20 763 246 ; 8 494 488 ; 7 874 527 ; 6 638 900 ; 23 007 915 ;Trøndelag;NO3;0,129;0;5025;Rosse;5474734,818;6909576,944;8378933,744;9362184,552;8461143,576;7513959,638;1077511,779;47178045,05;5207402,25;6590277,7;7822734,539;8494487,859;7874526,816;6638899,871;922828,55;43551157,59;;;;10649860,49;9951750,493;7034941,129;1065814,484;28702366,6;44693988,6;48322781,09;119431569,2;;;;;;;
Holtålen;5026;0;1084;0;0;796;0 %;-2 %;-3 %;-7 %;-4 %;21 %;23 %;-1 %;15 %; 1 730 477 ; 2 180 095 ; 2 488 965 ; 6 399 537 ; 3 364 739 ; 3 010 434 ; 2 212 820 ; 8 587 993 ; 1 773 854 ; 2 243 179 ; 2 676 523 ; 6 693 556 ; 2 777 743 ; 2 438 702 ; 2 244 579 ; 7 461 025 ;Trøndelag;NO3;0,087;0;5026;Holtålen;1773853,86;2243178,92;2676523,249;3002771,878;2650256,583;2394888,629;363133,268;15104606,39;1730477,258;2180095,067;2488964,838;2777743,363;2438702,279;2244579,37;322298,486;14182860,66;;;;3364739,049;3010433,891;2212820,478;328293,254;8916286,672;14476879,53;15315823,84;38203753,72;;;;;;;
Midtre Gauldal;5027;0;2770;0;0;861;0 %;-2 %;-3 %;-5 %;-3 %;17 %;19 %;-3 %;12 %; 4 580 009 ; 5 840 780 ; 6 551 359 ; 16 972 147 ; 8 501 512 ; 7 453 577 ; 5 671 985 ; 21 627 074 ; 4 681 562 ; 6 001 617 ; 6 864 234 ; 17 547 413 ; 7 236 077 ; 6 240 633 ; 5 844 180 ; 19 320 890 ;Trøndelag;NO3;0,067;0;5027;Midtre Gauldal;4681561,553;6001617,015;6864234,031;7706177,628;6724392,582;5850104,135;980851,129;38808938,07;4580008,932;5840779,597;6551358,826;7236077,36;6240632,541;5844180,007;849884,151;37142921,41;;;;8501511,601;7453577,174;5671985,487;710541,039;22337615,3;37718186,66;39309762,66;98289474,79;;;;;;;
Melhus;5028;125;7485;0,02;0;416;0 %;-1 %;-1 %;-3 %;-2 %;18 %;18 %;-4 %;11 %; 10 984 171 ; 13 828 915 ; 15 210 440 ; 40 023 526 ; 19 817 370 ; 16 826 915 ; 13 142 907 ; 49 787 191 ; 11 052 681 ; 13 975 242 ; 15 704 244 ; 40 732 168 ; 16 823 331 ; 14 271 138 ; 13 673 936 ; 44 768 404 ;Trøndelag;NO3;0,079;0;5028;Melhus;11052681,24;13975242,03;15704244,33;17344952,93;15019701,57;12761346,07;2275279,119;88133447,29;10984171,21;13828914,62;15210440,16;16823330,93;14271137,6;13673935,71;1980193,874;86772124,1;;;;19817369,96;16826914,61;13142906,54;1525484,79;51312675,89;87480765,72;91336201,88;226218247,3;;;;;;;
Skaun;5029;0;3503;0;0;319;0 %;-1 %;0 %;-1 %;0 %;19 %;19 %;-2 %;13 %; 5 378 185 ; 6 652 155 ; 7 478 859 ; 19 509 198 ; 9 530 381 ; 8 115 033 ; 6 518 671 ; 24 164 085 ; 5 439 644 ; 6 629 537 ; 7 521 806 ; 19 590 987 ; 8 017 638 ; 6 807 322 ; 6 653 061 ; 21 478 021 ;Trøndelag;NO3;0,081;0;5029;Skaun;5439643,964;6629537,017;7521806,281;8329276,862;7284153,682;6260652,462;1120999,418;42586069,69;5378184,777;6652154,701;7478858,673;8017638,138;6807321,848;6653060,685;950906,405;41938125,23;;;;9530381,122;8115033,478;6518670,512;751869,682;24915954,79;42019914,34;44425152,95;109440149,7;;;;;;;
Malvik;5031;140;6254;0,02;0;225;0 %;-1 %;-1 %;-3 %;-2 %;18 %;17 %;-5 %;11 %; 9 178 569 ; 11 188 258 ; 12 227 162 ; 32 593 989 ; 15 825 049 ; 13 591 422 ; 10 912 889 ; 40 329 360 ; 9 256 909 ; 11 254 831 ; 12 596 039 ; 33 107 778 ; 13 401 732 ; 11 580 204 ; 11 439 752 ; 36 421 688 ;Trøndelag;NO3;0,098;0;5031;Malvik;9256908,912;11254830,9;12596038,62;14204195,65;12405243,78;10802773,61;1945977,199;72465968,66;9178569,072;11188258,44;12227161,7;13401731,85;11580204,05;11439752,49;1663658,046;70679335,64;;;;15825048,67;13591421,99;10912889,25;1253783,4;41583143,31;71193124,86;74177132,52;184728447,6;;;;;;;
Selbu;5032;0;1928;0;0;1040;0 %;0 %;-2 %;-5 %;-3 %;19 %;20 %;-4 %;12 %; 3 113 482 ; 3 911 979 ; 4 439 390 ; 11 464 851 ; 5 907 163 ; 5 086 430 ; 3 835 787 ; 14 829 380 ; 3 117 556 ; 4 003 133 ; 4 653 993 ; 11 774 682 ; 4 954 757 ; 4 223 448 ; 4 005 027 ; 13 183 232 ;Trøndelag;NO3;0,088;0;5032;Selbu;3117555,961;4003133,253;4653993,028;5248480,773;4545292,303;3934849,668;667248,581;26170553,57;3113482,474;3911978,91;4439389,858;4954757,177;4223447,781;4005026,628;585071,114;25233153,94;;;;5907162,886;5086429,856;3835786,964;503612,82;15332992,53;25542984,94;26797843,77;66736700,04;;;;;;;
Tydal;5033;0;444;0;123;1415;9 %;0 %;-2 %;2 %;0 %;36 %;37 %;19 %;31 %; 1 467 605 ; 1 799 700 ; 2 253 793 ; 5 521 098 ; 3 145 188 ; 2 813 222 ; 2 220 213 ; 8 178 623 ; 1 462 897 ; 1 836 803 ; 2 211 279 ; 5 510 980 ; 2 316 799 ; 2 046 097 ; 1 865 252 ; 6 228 148 ;Trøndelag;NO3;0,21;0;5033;Tydal;1462897,403;1836803,154;2211279,265;2539267,133;2309592,031;2190816,566;298207,596;12848863,15;1467604,597;1799700,449;2253793,16;2316799,145;2046096,627;1865252,348;261876,519;12011122,85;;;;3145188,003;2813221,843;2220213,095;395952,642;8574575,583;12001004,46;14095673,79;33434561,58;;;;;;;
Meråker;5034;0;1301;0;114;1060;11 %;-2 %;-3 %;-3 %;-2 %;25 %;26 %;-2 %;17 %; 2 136 370 ; 2 686 886 ; 3 150 594 ; 7 973 850 ; 4 332 461 ; 3 739 170 ; 2 766 602 ; 10 838 234 ; 2 173 594 ; 2 757 127 ; 3 240 749 ; 8 171 470 ; 3 478 735 ; 2 974 713 ; 2 815 265 ; 9 268 714 ;Trøndelag;NO3;0,127;0;5034;Meråker;2173593,525;2757127,374;3240748,888;3753872,026;3334975,186;2958092,842;465564,989;18683974,83;2136369,78;2686886,025;3150594,359;3478735,492;2974713,259;2815265,388;398832,698;17641397;;;;4332461,195;3739170,238;2766602,098;407743,5;11245977,03;17839016,62;19219827,2;47571348,86;;;;;;;
Stjørdal;5035;225;10904;0,02;0;542;0 %;1 %;0 %;-2 %;-1 %;19 %;21 %;-3 %;12 %; 13 773 515 ; 17 080 487 ; 19 076 776 ; 49 930 778 ; 24 720 796 ; 21 032 319 ; 16 606 207 ; 62 359 322 ; 13 691 750 ; 17 124 299 ; 19 408 691 ; 50 224 740 ; 20 847 140 ; 17 412 070 ; 17 180 000 ; 55 439 209 ;Trøndelag;NO3;0,103;0;5035;Stjørdal;13691749,8;17124299,24;19408690,99;21892787,7;18753588,55;16086641,77;2885448,994;109843207;13773514,68;17080487,39;19076775,57;20847139,6;17412069,86;17179999,94;2508674,413;107878661,5;;;;24720796,13;21032319,25;16606206,85;1952588,212;64311910,43;108172623,8;114242688,1;282033778,9;;;;;;;
Frosta;5036;0;1265;0;0;616;0 %;-1 %;1 %;-2 %;-1 %;21 %;22 %;-4 %;14 %; 1 908 745 ; 2 345 392 ; 2 637 138 ; 6 891 275 ; 3 410 764 ; 2 898 418 ; 2 307 906 ; 8 617 088 ; 1 936 608 ; 2 327 895 ; 2 692 132 ; 6 956 634 ; 2 817 956 ; 2 376 238 ; 2 393 325 ; 7 587 519 ;Trøndelag;NO3;0,127;0;5036;Frosta;1936607,617;2327895,115;2692131,631;2946499,029;2544571,753;2290968,195;404609,929;15143283,27;1908744,821;2345391,625;2637138,307;2817956,314;2376238,112;2393324,67;347702,826;14826496,68;;;;3410764,417;2898417,903;2307906,113;316644,977;8933733,41;14891856,29;15825008,16;38903513,35;;;;;;;
Levanger;5037;202;9137;0,02;125;1720;7 %;-2 %;0 %;-1 %;-1 %;23 %;25 %;-2 %;16 %; 11 764 281 ; 14 695 780 ; 16 661 447 ; 43 121 508 ; 22 054 512 ; 19 021 857 ; 14 771 375 ; 55 847 744 ; 12 058 854 ; 14 630 475 ; 16 910 779 ; 43 600 107 ; 17 882 521 ; 15 246 408 ; 15 002 204 ; 48 131 133 ;Trøndelag;NO3;0,133;0;5037;Levanger;12058853,67;14630474,93;16910778,56;19138661,19;16753885,2;14648678,55;2590872,686;96732204,78;11764280,62;14695780,14;16661447,15;17882520,77;15246407,9;15002204,38;2140237,787;93392878,74;;;;22054511,69;19021857,43;14771374,8;1835131,254;57682875,17;93871477,99;100804383,1;247807958,7;;;;;;;
Verdal;5038;147;7006;0,02;125;915;14 %;-2 %;-1 %;-1 %;-1 %;23 %;24 %;-3 %;15 %; 8 602 014 ; 10 815 264 ; 12 385 790 ; 31 803 067 ; 16 222 604 ; 14 009 219 ; 10 731 174 ; 40 962 997 ; 8 781 913 ; 10 905 190 ; 12 542 319 ; 32 229 422 ; 13 145 111 ; 11 321 666 ; 11 057 115 ; 35 523 892 ;Trøndelag;NO3;0,15;0;5038;Verdal;8781913,149;10905190,35;12542318,82;14127081,25;12362169,69;10801200,42;1892029,64;71411903,3;8602013,77;10815263,62;12385790,06;13145111,15;11321666,39;11057114,5;1603994,994;68930954,48;;;;16222604,42;14009218,8;10731173,63;1322721,957;42285718,81;69357309,34;74088786,26;182628576,6;;;;;;;
Snåsa;5041;0;912;0;0;98;0 %;0 %;3 %;-1 %;1 %;26 %;26 %;-2 %;17 %; 1 095 596 ; 1 416 373 ; 1 590 815 ; 4 102 784 ; 2 077 642 ; 1 825 521 ; 1 388 557 ; 5 291 720 ; 1 096 785 ; 1 370 401 ; 1 614 955 ; 4 082 141 ; 1 649 520 ; 1 444 912 ; 1 412 974 ; 4 507 405 ;Trøndelag;NO3;0,192;0;5041;Snåase;1096784,97;1370401,187;1614955,219;1816364,009;1600894,733;1392083,121;242050,313;9133533,552;1095596,172;1416372,737;1590815,287;1649519,618;1444911,999;1412973,577;205197,515;8815386,905;;;;2077641,821;1825520,997;1388557,465;175975,484;5467695,767;8794744,085;9570479,963;23416616,22;;;;;;;
Lierne;5042;0;681;0;0;512;0 %;0 %;6 %;-3 %;1 %;25 %;30 %;0 %;19 %; 1 044 217 ; 1 365 496 ; 1 560 704 ; 3 970 417 ; 2 046 363 ; 1 833 581 ; 1 355 563 ; 5 235 507 ; 1 041 239 ; 1 293 335 ; 1 608 538 ; 3 943 112 ; 1 638 956 ; 1 413 859 ; 1 357 554 ; 4 410 369 ;Trøndelag;NO3;0,208;0;5042;Lierne;1041239,167;1293335,148;1608537,893;1756924,421;1562207,435;1440694,609;229235,907;8932174,58;1044217,188;1365496,373;1560703,761;1638956,166;1413859,025;1357553,768;196072,456;8576858,737;;;;2046362,746;1833581,205;1355563,306;196496,17;5432003,427;8549553,623;9402420,749;22941036,74;;;;;;;
Røyrvik;5043;0;246;0;0;144;0 %;-1 %;6 %;-6 %;-1 %;22 %;30 %;-2 %;17 %; 353 053 ; 483 074 ; 523 781 ; 1 359 908 ; 682 408 ; 634 018 ; 471 773 ; 1 788 199 ; 356 563 ; 456 080 ; 558 020 ; 1 370 663 ; 557 824 ; 485 897 ; 479 670 ; 1 523 391 ;Trøndelag;NO3;0,217;0;5043;Raarvihke;356563,382;456079,965;558019,538;603074,416;549776,977;508609,163;79441,151;3111564,592;353053,177;483073,923;523781,355;557823,869;485896,553;479670,195;68048,811;2951347,883;;;;682407,509;634017,754;471773,448;69191,969;1857390,68;2962102,313;3217299,135;7920303,155;;;;;;;
Namsskogan;5044;0;495;0;0;163;0 %;2 %;7 %;-2 %;2 %;23 %;26 %;-1 %;17 %; 666 190 ; 888 089 ; 970 071 ; 2 524 350 ; 1 237 446 ; 1 116 792 ; 849 620 ; 3 203 858 ; 656 334 ; 830 328 ; 988 176 ; 2 474 838 ; 1 005 137 ; 884 722 ; 855 964 ; 2 745 823 ;Trøndelag;NO3;0,196;0;5044;Namsskogan;656334,002;830327,596;988176,422;1055240,31;953108,86;880450,808;139396,061;5503034,059;666190,373;888088,634;970071,318;1005136,82;884722,094;855964,213;124971,906;5395145,358;;;;1237446,224;1116791,739;849619,632;117073,341;3320930,936;5345633,053;5845281,261;14219110,35;;;;;;;
Grong;5045;0;1183;0;0;294;0 %;-1 %;3 %;-3 %;-1 %;27 %;28 %;-1 %;18 %; 1 596 568 ; 2 136 770 ; 2 373 110 ; 6 106 448 ; 3 184 632 ; 2 792 801 ; 2 105 984 ; 8 083 417 ; 1 616 271 ; 2 080 100 ; 2 446 206 ; 6 142 577 ; 2 516 553 ; 2 190 287 ; 2 129 632 ; 6 836 472 ;Trøndelag;NO3;0,196;0;5045;Grong;1616271,369;2080099,564;2446206,465;2725334,849;2430147,879;2148370,182;354406,121;13800836,43;1596568,497;2136770,323;2373109,593;2516552,55;2190287,047;2129632,331;300272,162;13243192,5;;;;3184631,834;2792800,904;2105984,004;285544,099;8368960,841;13279321,49;14475409,25;35412989,77;;;;;;;
Høylandet;5046;0;537;0;0;55;0 %;-1 %;2 %;-2 %;0 %;22 %;23 %;-2 %;15 %; 750 682 ; 965 709 ; 1 089 932 ; 2 806 323 ; 1 393 966 ; 1 236 040 ; 942 765 ; 3 572 770 ; 757 615 ; 944 008 ; 1 113 557 ; 2 815 181 ; 1 142 195 ; 1 006 445 ; 960 889 ; 3 109 529 ;Trøndelag;NO3;0,182;0;5046;Høylandet;757615,271;944008,383;1113557,347;1223077,611;1074368,379;967361,307;166823,718;6246812,016;750682,111;965709,04;1089931,898;1142195,212;1006444,949;960888,665;139492,076;6055343,951;;;;1393965,734;1236039,57;942765,13;118218,764;3690989,198;6064201,903;6497312,247;15993145,17;;;;;;;
Overhalla;5047;0;1593;0;0;33;0 %;0 %;2 %;-2 %;0 %;25 %;22 %;-2 %;16 %; 2 222 828 ; 2 864 503 ; 3 191 225 ; 8 278 556 ; 4 191 179 ; 3 611 206 ; 2 795 995 ; 10 598 379 ; 2 223 655 ; 2 806 822 ; 3 260 101 ; 8 290 579 ; 3 354 696 ; 2 961 351 ; 2 854 806 ; 9 170 853 ;Trøndelag;NO3;0,202;0;5047;Overhalla;2223655,428;2806822,366;3260101,135;3511324,521;3072961,009;2738148,05;483150,207;18096162,72;2222828,084;2864503,353;3191224,799;3354695,939;2961351,092;2854806,33;412987,013;17862396,61;;;;4191179,213;3611205,671;2795994,513;331983,467;10930362,86;17874419,3;19208919,1;46888922,19;;;;;;;
Flatanger;5049;0;626;0;0;580;0 %;-2 %;4 %;-3 %;-1 %;28 %;25 %;-5 %;17 %; 799 416 ; 1 014 283 ; 1 100 849 ; 2 914 548 ; 1 515 615 ; 1 272 855 ; 1 001 695 ; 3 790 165 ; 818 062 ; 975 742 ; 1 140 475 ; 2 934 278 ; 1 183 495 ; 1 016 565 ; 1 049 045 ; 3 249 105 ;Trøndelag;NO3;0,204;0;5049;Flatanger;818061,615;975741,528;1140474,531;1296486,452;1140993,485;1037027,977;173146,928;6581932,516;799415,856;1014283,368;1100849,11;1183494,567;1016565,2;1049045,489;154394,22;6318047,81;;;;1515615,232;1272854,731;1001694,777;157674,036;3947838,776;6337777,15;6862387,11;16847819,1;;;;;;;
Leka;5052;0;349;0;0;147;0 %;-2 %;6 %;-5 %;0 %;19 %;25 %;-3 %;14 %; 431 957 ; 553 176 ; 586 170 ; 1 571 303 ; 758 246 ; 665 016 ; 533 373 ; 1 956 634 ; 438 836 ; 521 640 ; 615 115 ; 1 575 591 ; 636 144 ; 532 398 ; 547 994 ; 1 716 537 ;Trøndelag;NO3;0,152;0;5052;Leka;438836,169;521640,019;615114,909;651941,186;580873,986;539630,256;91558,987;3439595,512;431957,083;553175,714;586170,184;636144,424;532398,397;547994,059;82554,256;3370394,117;;;;758245,525;665016,322;533372,571;77521,215;2034155,633;3374682,233;3605458,614;8844145,262;;;;;;;
Inderøy;5053;0;2996;0;0;729;0 %;-1 %;4 %;1 %;1 %;26 %;23 %;-1 %;17 %; 4 261 543 ; 5 385 594 ; 6 146 617 ; 15 793 754 ; 7 801 033 ; 6 662 042 ; 5 340 186 ; 19 803 261 ; 4 308 198 ; 5 193 269 ; 6 068 295 ; 15 569 762 ; 6 208 569 ; 5 420 302 ; 5 367 845 ; 16 996 715 ;Trøndelag;NO3;0,166;0;5053;Inderøy;4308197,874;5193269,302;6068294,679;6684389,447;5868249,397;5212094,891;902802,083;34237297,67;4261543,251;5385593,846;6146616,88;6208568,748;5420301,718;5367845,015;776643,998;33567113,46;;;;7801033,12;6662042,039;5340186,105;679246,74;20482508;33343121,33;36276261,98;88286919,13;;;;;;;
Indre Fosen;5054;0;4874;0;0;1175;0 %;0 %;1 %;-1 %;0 %;20 %;20 %;-3 %;13 %; 6 719 292 ; 8 286 615 ; 9 419 571 ; 24 425 478 ; 11 852 284 ; 10 080 381 ; 8 152 064 ; 30 084 729 ; 6 721 255 ; 8 178 421 ; 9 543 800 ; 24 443 476 ; 9 895 785 ; 8 426 780 ; 8 394 729 ; 26 717 294 ;Trøndelag;NO3;0,106;0;5054;Indre Fosen;6721255,196;8178421,223;9543799,945;10601843,9;9200984,223;8151965,122;1413389,379;53811658,99;6719292,371;8286615,401;9419570,654;9895784,881;8426780,234;8394728,836;1221294,463;52364066,84;;;;11852284,16;10080380,54;8152064,178;1093152,868;31177881,74;52382064,78;55603360,17;137353607,6;;;;;;;
Heim;5055;0;3174;0;0;1323;0 %;-3 %;0 %;0 %;-1 %;19 %;21 %;-2 %;13 %; 4 342 565 ; 5 347 203 ; 6 180 175 ; 15 869 943 ; 7 872 071 ; 6 777 430 ; 5 436 317 ; 20 085 818 ; 4 464 016 ; 5 329 180 ; 6 184 164 ; 15 977 361 ; 6 604 130 ; 5 600 915 ; 5 527 403 ; 17 732 448 ;Trøndelag;NO3;0,083;0;5055;Heim;4464016,264;5329180,166;6184164,273;6668658,42;6013628,831;5448236,815;911978,065;35019862,83;4342565,028;5347203,315;6180175,062;6604129,717;5600914,928;5527403,47;791750,657;34394142,18;;;;7872071,352;6777429,643;5436317,138;774874,706;20860692,84;34501559,48;36730636,24;90274697,85;;;;;;;
Hitra;5056;0;2939;0;0;2060;0 %;-3 %;2 %;0 %;0 %;21 %;23 %;1 %;15 %; 4 555 943 ; 5 512 873 ; 6 174 817 ; 16 243 633 ; 7 972 485 ; 6 794 860 ; 5 720 377 ; 20 487 723 ; 4 694 392 ; 5 407 525 ; 6 149 331 ; 16 251 247 ; 6 595 083 ; 5 504 080 ; 5 656 351 ; 17 755 514 ;Trøndelag;NO3;0,11;0;5056;Hitra;4694391,97;5407524,715;6149330,558;6695587,611;5911856,681;5541381,901;957251,938;35357325,37;4555942,559;5512872,555;6174817,494;6595083,081;5504080,184;5656350,802;831555,148;34830701,82;;;;7972485,162;6794860,103;5720377,251;879302,577;21367025,09;34838316,46;37610657,7;91555052,29;;;;;;;
Ørland;5057;0;5420;0;0;960;0 %;-2 %;1 %;-2 %;-1 %;18 %;18 %;-4 %;11 %; 7 438 214 ; 9 243 240 ; 10 189 130 ; 26 870 583 ; 12 995 591 ; 11 011 080 ; 9 174 241 ; 33 180 912 ; 7 618 718 ; 9 114 466 ; 10 432 147 ; 27 165 331 ; 11 031 591 ; 9 339 140 ; 9 513 390 ; 29 884 121 ;Trøndelag;NO3;0,105;0;5057;Ørland;7618718,079;9114465,568;10432147,05;11930307,69;10290813,53;9210246,96;1623175,949;60219874,83;7438213,953;9243239,561;10189129,62;11031591,33;9339140,019;9513389,907;1380290,994;58134995,39;;;;12995590,57;11011079,61;9174241,4;1233902,38;34414813,96;58429742,95;61285397,1;152769684,2;;;;;;;
Åfjord;5058;0;2258;0;0;1462;0 %;0 %;2 %;3 %;2 %;27 %;28 %;5 %;20 %; 3 462 802 ; 4 255 396 ; 4 930 307 ; 12 648 506 ; 6 409 878 ; 5 439 815 ; 4 537 714 ; 16 387 408 ; 3 464 988 ; 4 161 397 ; 4 782 993 ; 12 409 378 ; 5 031 269 ; 4 242 123 ; 4 329 454 ; 13 602 847 ;Trøndelag;NO3;0,193;0;5058;Åfjord;3464988,157;4161397,44;4782992,701;5368172,328;4699136,647;4300155,997;718100,714;27494943,98;3462802,418;4255396,231;4930307,395;5031269,407;4242123,324;4329453,927;634267,616;26885620,32;;;;6409878,394;5439815,259;4537714,467;709632,2;17097040,32;26646492,57;29745546,36;71477604,62;;;;;;;
Orkland;5059;195;9120;0,02;157;2841;6 %;-2 %;1 %;1 %;0 %;24 %;26 %;0 %;17 %; 13 094 464 ; 16 776 506 ; 19 568 308 ; 49 439 278 ; 25 519 989 ; 22 319 978 ; 16 806 155 ; 64 646 122 ; 13 415 668 ; 16 661 373 ; 19 358 734 ; 49 435 775 ; 20 655 353 ; 17 708 466 ; 16 728 152 ; 55 091 970 ;Trøndelag;NO3;0,103;0;5059;Orkland;13415668,12;16661373,13;19358734,04;21477583,25;19073141,38;16430486,57;2792277,161;109209263,7;13094464,41;16776506,02;19568308,02;20655352,51;17708465,9;16728151,55;2376258,804;106907507,2;;;;25519988,52;22319978,47;16806154,89;2127025,302;66773147,18;106904004,1;116212425,6;282889918;;;;;;;
Nærøysund;5060;107;5033;0,02;0;918;0 %;-1 %;4 %;-4 %;0 %;18 %;19 %;-3 %;12 %; 6 094 907 ; 7 791 528 ; 8 378 632 ; 22 265 067 ; 10 583 104 ; 9 067 189 ; 7 457 420 ; 27 107 713 ; 6 186 041 ; 7 473 244 ; 8 714 824 ; 22 374 109 ; 8 990 709 ; 7 594 507 ; 7 694 661 ; 24 279 878 ;Trøndelag;NO3;0,153;0;5060;Nærøysund;6186040,803;7473244,117;8714824,267;9410701,892;8304142,033;7416582,736;1288470,081;48794005,93;6094906,934;7791527,575;8378632,449;8990709,447;7594507,485;7694661,023;1159885,532;47704830,45;;;;10583103,72;9067189,359;7457419,741;976443,331;28084156,15;47813872,67;50349223,11;124582992,5;;;;;;;
Rindal;5061;0;857;0;0;487;0 %;-2 %;0 %;0 %;-1 %;21 %;23 %;-3 %;14 %; 1 484 981 ; 1 904 230 ; 2 249 951 ; 5 639 162 ; 2 893 128 ; 2 505 934 ; 1 870 290 ; 7 269 352 ; 1 517 258 ; 1 912 343 ; 2 245 938 ; 5 675 539 ; 2 399 164 ; 2 039 186 ; 1 932 753 ; 6 371 103 ;Trøndelag;NO3;0,09;0;5061;Rindal;1517258,289;1912342,86;2245938,027;2431594,454;2182493,829;1879085,935;309253,039;12477966,43;1484980,907;1904230,198;2249951,325;2399163,746;2039185,845;1932753,291;276171,532;12286436,84;;;;2893128,018;2505933,839;1870289,908;256130,597;7525482,362;12322813,59;13164644,79;32289885,64;;;;;;;
Tromsø;5501;0;39158;0;0;1487;0 %;2 %;9 %;-1 %;3 %;12 %;15 %;-7 %;7 %; 57 107 711 ; 71 535 834 ; 77 006 834 ; 205 650 379 ; 90 678 108 ; 76 541 262 ; 67 622 082 ; 234 841 453 ; 56 010 910 ; 65 663 297 ; 77 987 576 ; 199 661 783 ; 80 764 525 ; 66 360 384 ; 72 393 398 ; 219 518 307 ;Troms;NO4;0,11;0;5501;Tromsø;56010909,95;65663297,18;77987575,78;81809304,48;72567496,11;66879176,57;11879376,43;432797136,5;57107711,15;71535833,89;77006833,82;80764525,25;66360383,72;72393398,04;10777221,77;435945907,6;;;;90678108,47;76541262,43;67622082,18;8059547,222;242901000,3;429957311,7;448551379,2;1111644044;;;;;;;
Harstad;5503;0;12524;0;0;787;0 %;-1 %;11 %;-2 %;2 %;12 %;16 %;-9 %;6 %; 19 454 761 ; 25 408 633 ; 27 024 945 ; 71 888 340 ; 32 116 262 ; 26 866 443 ; 23 166 217 ; 82 148 922 ; 19 677 573 ; 22 887 222 ; 27 607 046 ; 70 171 841 ; 28 717 888 ; 23 095 162 ; 25 322 190 ; 77 135 240 ;Troms;NO4;0,079;0;5503;Harstad;19677573,42;22887221,89;27607045,59;29723317,6;25626454,93;23632284,91;4185902,665;153339801;19454760,81;25408633,4;27024945,31;28717888,2;23095161,56;25322190,12;3748971,643;152772551;;;;32116262,19;26866442,89;23166217,26;2822473,993;84971396,34;151056052,4;156859735,9;391083748,4;;;;;;;
Kvæfjord;5510;0;1370;0;0;267;0 %;-2 %;11 %;-2 %;2 %;11 %;14 %;-10 %;5 %; 2 470 174 ; 3 230 623 ; 3 461 222 ; 9 162 019 ; 4 105 725 ; 3 405 064 ; 2 975 447 ; 10 486 235 ; 2 510 236 ; 2 923 311 ; 3 546 505 ; 8 980 053 ; 3 698 846 ; 2 989 629 ; 3 306 198 ; 9 994 673 ;Troms;NO4;0,079;0;5510;Kvæfjord;2510236,105;2923311,288;3546505,311;3826945,364;3278874,548;3061272,245;541927,564;19689072,43;2470173,73;3230623,399;3461222,362;3698846,379;2989628,842;3306197,682;493094,123;19649786,52;;;;4105724,551;3405064,004;2975446,68;393387,229;10879622,46;19467819,73;20041641,96;50218481,41;;;;;;;
Tjeldsund;5512;0;2334;0;0;879;0 %;-2 %;12 %;-3 %;2 %;12 %;15 %;-10 %;6 %; 4 258 130 ; 5 659 596 ; 6 066 760 ; 15 984 486 ; 7 430 335 ; 6 085 501 ; 5 143 700 ; 18 659 535 ; 4 346 767 ; 5 058 261 ; 6 262 353 ; 15 667 381 ; 6 623 740 ; 5 299 343 ; 5 722 049 ; 17 645 131 ;Troms;NO4;0,081;0;5512;Dielddanuorri;4346767,255;5058261,107;6262352,832;6869959,418;5879663,99;5498329,797;960901,138;34876235,54;4258130,294;5659596,245;6066759,921;6623739,903;5299342,72;5722048,63;866036,89;34495654,6;;;;7430334,574;6085500,897;5143699,677;706356,91;19365892,06;34178549,34;35350378,52;88737782,2;;;;;;;
Ibestad;5514;0;927;0;0;264;0 %;-2 %;9 %;-5 %;0 %;13 %;17 %;-9 %;7 %; 1 423 228 ; 1 867 960 ; 2 028 739 ; 5 319 927 ; 2 461 075 ; 2 063 800 ; 1 766 338 ; 6 291 214 ; 1 446 067 ; 1 720 314 ; 2 144 994 ; 5 311 376 ; 2 182 626 ; 1 758 056 ; 1 947 462 ; 5 888 143 ;Troms;NO4;0,093;0;5514;Ibestad;1446067,401;1720314,289;2144993,872;2273593,249;1969139,31;1889456,946;324292,12;11767857,19;1423227,771;1867959,96;2028739,308;2182626,112;1758055,567;1947461,505;282537,611;11490607,83;;;;2461075,297;2063800,186;1766338,469;249687,693;6540901,645;11482056,36;11860828,68;29799366,67;;;;;;;
Gratangen;5516;0;657;0;0;213;0 %;2 %;13 %;-3 %;4 %;15 %;21 %;-10 %;9 %; 1 085 874 ; 1 433 428 ; 1 523 484 ; 4 042 786 ; 1 898 497 ; 1 592 458 ; 1 301 854 ; 4 792 810 ; 1 065 027 ; 1 265 103 ; 1 573 196 ; 3 903 326 ; 1 654 068 ; 1 316 185 ; 1 439 442 ; 4 409 695 ;Troms;NO4;0,1;0;5516;Gratangen;1065027,058;1265102,79;1573196,048;1719589,383;1484680,59;1411475,669;248222,784;8767294,322;1085874,107;1433427,981;1523483,885;1654068,351;1316184,764;1439441,569;214252,32;8666732,977;;;;1898497,489;1592458,259;1301853,762;180892,251;4973701,761;8527272,9;9016487,734;22407729,06;;;;;;;
Lavangen;5518;0;529;0;0;154;0 %;4 %;16 %;-1 %;6 %;22 %;27 %;-6 %;14 %; 914 866 ; 1 205 495 ; 1 294 758 ; 3 415 119 ; 1 657 246 ; 1 363 641 ; 1 089 419 ; 4 110 305 ; 881 675 ; 1 040 535 ; 1 303 080 ; 3 225 290 ; 1 361 753 ; 1 075 531 ; 1 163 724 ; 3 601 009 ;Troms;NO4;0,165;0;5518;Loabák;881674,992;1040534,613;1303080,163;1425657,123;1226013,216;1144319,996;206710,493;7227990,596;914865,745;1205495,254;1294758,248;1361753,129;1075531,125;1163724,471;172184,525;7188312,497;;;;1657245,545;1363640,62;1089419,294;146270,484;4256575,943;6998483,018;7671695,19;18672879,04;;;;;;;
Bardu;5520;0;1918;0;0;442;0 %;1 %;16 %;1 %;6 %;20 %;30 %;-8 %;14 %; 3 353 928 ; 4 596 163 ; 4 925 928 ; 12 876 019 ; 6 392 814 ; 5 332 270 ; 4 001 563 ; 15 726 648 ; 3 315 114 ; 3 969 893 ; 4 884 261 ; 12 169 268 ; 5 340 128 ; 4 101 865 ; 4 331 349 ; 13 773 341 ;Troms;NO4;0,133;0;5520;Bardu;3315114,239;3969892,751;4884261,064;5555307,958;4683069,999;4237704,92;767921,273;27413272,2;3353927,662;4596163,224;4925927,623;5340127,814;4101865,066;4331348,513;630414,198;27279774,1;;;;6392814,135;5332270,223;4001563,221;487305,561;16213953,14;26573023,65;29089971,65;70906999,44;;;;;;;
Salangen;5522;0;1112;0;0;275;0 %;1 %;14 %;-2 %;4 %;19 %;26 %;-7 %;13 %; 1 880 556 ; 2 546 707 ; 2 731 737 ; 7 159 001 ; 3 506 838 ; 2 897 728 ; 2 292 536 ; 8 697 102 ; 1 870 140 ; 2 235 629 ; 2 782 445 ; 6 888 214 ; 2 942 141 ; 2 303 977 ; 2 467 880 ; 7 713 998 ;Troms;NO4;0,129;0;5522;Salangen;1870140,141;2235629,139;2782444,749;3112872,053;2601778,872;2412033,736;431280,661;15446179,35;1880556,139;2546707,384;2731737,179;2942141,498;2303977,071;2467879,88;364216,2;15237215,35;;;;3506837,906;2897728,423;2292535,975;293344,263;8990446,567;14966428,68;16149447,27;39673841,27;;;;;;;
Målselv;5524;0;3464;0;0;719;0 %;1 %;15 %;0 %;5 %;23 %;32 %;-6 %;16 %; 6 476 151 ; 8 774 361 ; 9 488 139 ; 24 738 651 ; 12 602 276 ; 10 281 149 ; 7 794 882 ; 30 678 307 ; 6 432 888 ; 7 607 866 ; 9 457 131 ; 23 497 885 ; 10 262 550 ; 7 817 004 ; 8 314 580 ; 26 394 134 ;Troms;NO4;0,147;0;5524;Målselv;6432888,078;7607866,399;9457130,989;10760259,06;8941782,72;8068712,142;1435032,19;52703671,58;6476150,916;8774361,025;9488139,401;10262549,82;7817004,327;8314580,142;1201372,012;52334157,64;;;;12602275,59;10281149,15;7794881,99;966290,479;31644597,21;51093391,77;56383248,55;136682426,4;;;;;;;
Sørreisa;5526;0;1720;0;0;142;0 %;1 %;13 %;-1 %;4 %;16 %;24 %;-8 %;11 %; 2 603 000 ; 3 437 471 ; 3 713 276 ; 9 753 748 ; 4 599 188 ; 3 870 427 ; 3 106 168 ; 11 575 783 ; 2 580 476 ; 3 045 320 ; 3 748 899 ; 9 374 695 ; 3 948 719 ; 3 119 753 ; 3 390 096 ; 10 458 569 ;Troms;NO4;0,123;0;5526;Sørreisa;2580475,881;3045320,398;3748898,716;4120313,343;3495726,487;3194399,71;580345,242;20765479,78;2603000,477;3437471,409;3713275,649;3948719,399;3119753,344;3390095,896;499431,281;20711747,46;;;;4599188,294;3870426,784;3106168,329;378989,936;11954773,34;20332694,92;21708520,88;53432000,58;;;;;;;
Dyrøy;5528;0;640;0;0;316;0 %;2 %;12 %;-3 %;3 %;17 %;22 %;-8 %;10 %; 1 098 917 ; 1 418 582 ; 1 520 619 ; 4 038 119 ; 1 906 627 ; 1 581 305 ; 1 334 147 ; 4 822 079 ; 1 079 822 ; 1 265 488 ; 1 572 769 ; 3 918 078 ; 1 635 078 ; 1 296 885 ; 1 449 562 ; 4 381 526 ;Troms;NO4;0,11;0;5528;Dyrøy;1079821,734;1265487,655;1572768,921;1701537,884;1442631,592;1389112,028;244283,175;8695642,989;1098916,726;1418582,446;1520619,426;1635078,343;1296885,467;1449562,106;213136,936;8632781,45;;;;1906627,242;1581305,272;1334146,959;189148,455;5011227,928;8512741,162;9049346,526;22339652,37;;;;;;;
Senja;5530;0;7697;0;0;1664;0 %;1 %;12 %;-2 %;4 %;14 %;18 %;-8 %;8 %; 13 444 590 ; 17 489 495 ; 19 050 772 ; 49 984 857 ; 23 186 470 ; 19 168 792 ; 16 369 841 ; 58 725 103 ; 13 257 018 ; 15 658 631 ; 19 364 773 ; 48 280 422 ; 20 254 152 ; 16 187 357 ; 17 706 892 ; 54 148 401 ;Troms;NO4;0,105;0;5530;Senja;13257018,18;15658631,18;19364772,97;20793854,03;17891208,36;16766294,92;2929140,186;106660919,8;13444590,31;17489494,95;19050771,89;20254152,11;16187357,35;17706891,66;2607716,424;106740974,7;;;;23186470,1;19168791,79;16369841,49;2111266,771;60836370,16;105036539,9;110821227,3;274238264,7;;;;;;;
Balsfjord;5532;0;3033;0;0;1139;0 %;3 %;13 %;1 %;5 %;17 %;23 %;-7 %;11 %; 5 650 668 ; 7 353 286 ; 8 048 095 ; 21 052 048 ; 9 918 300 ; 8 282 889 ; 6 810 438 ; 25 011 626 ; 5 493 087 ; 6 500 839 ; 7 999 275 ; 19 993 200 ; 8 441 390 ; 6 752 215 ; 7 304 874 ; 22 498 479 ;Troms;NO4;0,128;0;5532;Balsfjord;5493086,548;6500839,194;7999274,743;8642928,397;7476709,935;7014338,745;1224248,166;44351425,73;5650667,572;7353285,77;8048094,921;8441390,457;6752214,529;7304873,965;1068523,273;44619050,49;;;;9918299,549;8282889,02;6810437,618;897301,164;25908927,35;43560202,71;46960975,61;114879403,6;;;;;;;
Karlsøy;5534;0;1245;0;0;922;0 %;2 %;9 %;-1 %;3 %;11 %;16 %;-7 %;7 %; 2 749 398 ; 3 438 500 ; 3 797 138 ; 9 985 037 ; 4 388 786 ; 3 690 995 ; 3 313 903 ; 11 393 684 ; 2 690 872 ; 3 146 929 ; 3 826 693 ; 9 664 494 ; 3 938 926 ; 3 175 648 ; 3 545 397 ; 10 659 972 ;Troms;NO4;0,107;0;5534;Karlsøy;2690871,665;3146929,339;3826693,438;3957809,546;3537459,646;3516383,872;588568,672;21264716,18;2749398,399;3438500,21;3797138,174;3938925,841;3175648,466;3545397,221;529680,49;21174688,8;;;;4388786,083;3690994,572;3313903,282;488316,332;11882000,27;20854146,46;21867037,05;54321405,25;;;;;;;
Lyngen;5536;0;1469;0;0;455;0 %;1 %;12 %;0 %;4 %;14 %;16 %;-7 %;8 %; 2 800 609 ; 3 619 336 ; 4 056 030 ; 10 475 975 ; 4 757 587 ; 4 009 473 ; 3 516 543 ; 12 283 602 ; 2 759 905 ; 3 242 212 ; 4 069 311 ; 10 071 428 ; 4 186 719 ; 3 451 388 ; 3 784 612 ; 11 422 719 ;Troms;NO4;0,114;0;5536;Lyngen;2759905,363;3242212,305;4069310,53;4272267,658;3893484,462;3685995,096;642224,905;22565400,32;2800609,479;3619335,932;4056029,584;4186719,462;3451388,039;3784611,652;567405,344;22466099,49;;;;4757586,547;4009472,651;3516542,901;471594,291;12755196,39;22061552,7;23231171,39;57786696,2;;;;;;;
Storfjord;5538;0;956;0;0;324;0 %;1 %;16 %;2 %;6 %;17 %;23 %;-6 %;11 %; 1 707 894 ; 2 255 385 ; 2 464 895 ; 6 428 174 ; 2 984 548 ; 2 519 078 ; 2 057 277 ; 7 560 902 ; 1 687 534 ; 1 938 517 ; 2 428 071 ; 6 054 123 ; 2 561 830 ; 2 041 799 ; 2 191 732 ; 6 795 361 ;Troms;NO4;0,138;0;5538;Storfjord;1687534,189;1938517,122;2428071,221;2630877,22;2347339,66;2166051,875;392421,624;13590812,91;1707894,317;2255384,623;2464895,239;2561829,823;2041798,849;2191732,439;320758,39;13544293,68;;;;2984547,532;2519077,779;2057276,503;268486,62;7829388,434;13170242,03;14257562,61;34964495,03;;;;;;;
Kåfjord;5540;0;1041;0;0;246;0 %;2 %;13 %;0 %;5 %;15 %;18 %;-8 %;9 %; 1 664 511 ; 2 153 118 ; 2 367 232 ; 6 184 861 ; 2 811 530 ; 2 348 841 ; 1 968 182 ; 7 128 553 ; 1 631 426 ; 1 901 049 ; 2 378 870 ; 5 911 344 ; 2 444 204 ; 1 982 540 ; 2 132 409 ; 6 559 153 ;Troms;NO4;0,114;0;5540;Gáivuotna;1631425,77;1901048,925;2378869,583;2499406,332;2244443,805;2085921,118;375273,794;13116389,33;1664510,946;2153118,245;2367231,978;2444204,011;1982540,453;2132408,54;313678,626;13057692,8;;;;2811530,03;2348841,292;1968182,116;256274,467;7384827,905;12784175,91;13569689,07;33558910,03;;;;;;;
Skjervøy;5542;0;1298;0;0;355;0 %;2 %;9 %;-1 %;3 %;12 %;14 %;-8 %;6 %; 2 371 911 ; 2 969 488 ; 3 324 859 ; 8 666 259 ; 3 786 583 ; 3 185 057 ; 2 805 232 ; 9 776 873 ; 2 330 378 ; 2 715 350 ; 3 351 692 ; 8 397 419 ; 3 375 565 ; 2 805 740 ; 3 034 961 ; 9 216 266 ;Troms;NO4;0,116;0;5542;Skjervøy;2330377,691;2715349,807;3351691,5;3426531,215;3121424,168;2924646,304;510193,583;18380214,27;2371911,102;2969488,472;3324859,033;3375565,342;2805740,081;3034960,725;454360,404;18336885,16;;;;3786583,341;3185057,137;2805232,45;355235,4;10132108,33;18068045,55;18798366,94;46849207,76;;;;;;;
Nordreisa;5544;0;2384;0;0;498;0 %;2 %;15 %;0 %;6 %;17 %;22 %;-9 %;10 %; 4 151 996 ; 5 413 696 ; 5 915 739 ; 15 481 431 ; 7 168 756 ; 6 051 504 ; 4 830 404 ; 18 050 664 ; 4 051 068 ; 4 695 186 ; 5 910 674 ; 14 656 928 ; 6 117 445 ; 4 943 427 ; 5 284 879 ; 16 345 751 ;Troms;NO4;0,152;0;5544;Nordreisa;4051067,589;4695186,455;5910673,666;6428537,002;5668301,208;5055965,18;914802,746;32724533,85;4151996,11;5413696,209;5915738,622;6117445,463;4943427,316;5284878,666;765130,335;32592312,72;;;;7168756,224;6051503,74;4830403,881;586976,174;18637640,02;31767809,49;34119070,96;83954486,59;;;;;;;
Kvænangen;5546;0;766;0;0;403;0 %;6 %;17 %;4 %;9 %;16 %;18 %;-5 %;10 %; 1 488 066 ; 1 904 836 ; 2 124 479 ; 5 517 381 ; 2 479 998 ; 2 096 419 ; 1 792 645 ; 6 369 061 ; 1 398 938 ; 1 622 196 ; 2 047 990 ; 5 069 123 ; 2 134 458 ; 1 770 574 ; 1 894 702 ; 5 799 733 ;Troms;NO4;0,153;0;5546;Kvænangen;1398937,649;1622195,82;2047989,78;2144391,315;1917938,086;1840658,194;317384,888;11289495,73;1488066,042;1904836,001;2124478,911;2134457,689;1770574,067;1894701,731;278074,677;11595189,12;;;;2479997,557;2096418,842;1792644,682;232964,971;6602026,052;11146931,41;12119407,01;29486710,9;;;;;;;
Alta;5601;0;9465;0;0;1239;0 %;0 %;16 %;2 %;6 %;19 %;24 %;-9 %;12 %; 19 024 270 ; 25 274 395 ; 27 562 169 ; 71 860 834 ; 34 049 401 ; 28 548 295 ; 22 394 880 ; 84 992 576 ; 18 937 728 ; 21 819 930 ; 27 136 290 ; 67 893 949 ; 28 690 952 ; 22 948 492 ; 24 522 142 ; 76 161 586 ;Finnmark;NO4;0,178;0;5601;Alta;18937728,32;21819930,35;27136290,03;30001877,87;26294600,08;23410129,07;4163651,7;151764207,4;19024269,78;25274395,42;27562168,61;28690951,66;22948492,23;24522142,45;3473247,442;151495667,6;;;;34049401,29;28548294,55;22394879,79;2509256,572;87501832,2;147528782,5;159362666;390761707,2;;;;;;;
Hammerfest;5603;0;4935;0;0;1211;0 %;1 %;9 %;-2 %;2 %;9 %;12 %;-8 %;4 %; 10 137 813 ; 12 541 178 ; 14 078 013 ; 36 757 004 ; 15 739 067 ; 13 837 700 ; 12 218 492 ; 41 795 259 ; 10 035 052 ; 11 517 667 ; 14 376 758 ; 35 929 477 ; 14 465 222 ; 12 340 473 ; 13 292 262 ; 40 097 957 ;Finnmark;NO4;0,101;0;5603;Hammerfest;10035051,81;11517667,08;14376758,37;14668421,55;13734854,12;12929458,62;2217047,679;79479259,22;10137812,98;12541177,51;14078013,22;14465221,61;12340473,43;13292261,78;1987616,916;78842577,45;;;;15739066,55;13837700,22;12218491,79;1470068,736;43265327,29;78015051;80022331;201587164;;;;;;;
Sør-Varanger;5605;0;4937;0;0;1040;0 %;-1 %;14 %;1 %;5 %;17 %;27 %;-3 %;14 %; 9 288 731 ; 13 282 724 ; 14 967 314 ; 37 538 769 ; 18 502 967 ; 15 826 365 ; 12 497 510 ; 46 826 841 ; 9 411 053 ; 11 628 782 ; 14 789 565 ; 35 829 400 ; 15 796 283 ; 12 417 251 ; 12 920 462 ; 41 133 996 ;Finnmark;NO4;0,211;0;5605;Sør-Varanger;9411052,844;11628782,38;14789564,8;16285438,32;14318981,65;12615387,79;2215757,908;81264965,68;9288731,235;13282724,49;14967313,57;15796283,27;12417251,33;12920461,55;1870815,714;80543581,15;;;;18502966,76;15826365,05;12497509,53;1385140,052;48211981,39;78834211,88;85750750,68;210020528,2;;;;;;;
Vadsø;5607;0;3014;0;0;154;0 %;0 %;10 %;1 %;4 %;11 %;18 %;-3 %;9 %; 5 604 025 ; 7 544 055 ; 8 540 649 ; 21 688 728 ; 9 489 711 ; 8 537 096 ; 7 231 005 ; 25 257 812 ; 5 592 709 ; 6 880 858 ; 8 480 382 ; 20 953 949 ; 8 538 353 ; 7 258 532 ; 7 480 413 ; 23 277 298 ;Finnmark;NO4;0,144;0;5607;Vadsø;5592709,096;6880858,156;8480382,087;8907439,809;8005708,291;7404033,187;1287443,858;46558574,48;5604025,015;7544054,613;8540648,766;8538352,934;7258532,129;7480412,581;1104484,516;46070510,55;;;;9489710,614;8537096,234;7231004,921;821095,641;26078907,41;45335731,5;47767635,8;118707992,4;;;;;;;
Karasjok;5610;0;1108;0;0;52;0 %;-6 %;14 %;3 %;4 %;15 %;32 %;-9 %;12 %; 2 015 933 ; 2 977 865 ; 3 372 372 ; 8 366 170 ; 4 223 319 ; 3 539 637 ; 2 527 884 ; 10 290 840 ; 2 140 679 ; 2 607 173 ; 3 265 893 ; 8 013 746 ; 3 687 327 ; 2 681 823 ; 2 779 956 ; 9 149 105 ;Finnmark;NO4;0,157;0;5610;Kárášjohka;2140679,111;2607173,217;3265893,351;3803237,412;3075437,727;2665738,988;496329,965;18054489,77;2015933,451;2977865,249;3372371,54;3687326,534;2681822,637;2779955,505;371327,739;17886602,66;;;;4223318,612;3539637,109;2527884,15;292836,846;10583676,72;17534178,09;18949846,96;46524769,14;;;;;;;
Kautokeino;5612;0;1284;0;0;274;0 %;-3 %;22 %;5 %;8 %;21 %;30 %;-8 %;14 %; 2 512 604 ; 3 749 808 ; 4 078 232 ; 10 340 644 ; 5 114 985 ; 4 298 111 ; 3 199 703 ; 12 612 798 ; 2 598 948 ; 3 082 690 ; 3 873 240 ; 9 554 878 ; 4 244 541 ; 3 312 218 ; 3 470 213 ; 11 026 972 ;Finnmark;NO4;0,229;0;5612;Guovdageaidnu;2598947,704;3082690,011;3873240,165;4432495,093;3771426,068;3417363,542;607708,803;21783871,39;2512603,763;3749808,488;4078231,651;4244541,418;3312218,021;3470212,58;469351,166;21836967,09;;;;5114984,949;4298110,743;3199702,788;406106,981;13018905,46;21051201,07;23359549,36;56639743,93;;;;;;;
Loppa;5614;0;574;0;0;272;0 %;0 %;11 %;-2 %;3 %;12 %;16 %;-6 %;7 %; 974 656 ; 1 236 301 ; 1 369 694 ; 3 580 651 ; 1 582 728 ; 1 373 147 ; 1 219 907 ; 4 175 782 ; 971 174 ; 1 118 439 ; 1 399 150 ; 3 488 763 ; 1 409 199 ; 1 183 880 ; 1 303 097 ; 3 896 177 ;Finnmark;NO4;0,124;0;5614;Loppa;971173,852;1118438,945;1399150,036;1451420,847;1337649,093;1303948,403;223323,27;7805104,446;974656,092;1236300,684;1369693,925;1409198,794;1183880,491;1303097,332;199688,193;7676515,511;;;;1582727,633;1373147,293;1219907,461;162258,947;4338041,334;7584627,643;7918692,035;19819661,29;;;;;;;
Hasvik;5616;0;534;0;0;50;0 %;1 %;7 %;-1 %;2 %;7 %;14 %;-5 %;5 %; 901 798 ; 1 082 644 ; 1 220 232 ; 3 204 673 ; 1 346 973 ; 1 236 556 ; 1 149 695 ; 3 733 224 ; 894 822 ; 1 008 261 ; 1 226 729 ; 3 129 812 ; 1 259 250 ; 1 086 000 ; 1 213 981 ; 3 559 231 ;Finnmark;NO4;0,065;0;5616;Hasvik;894821,927;1008260,924;1226729,114;1274514,64;1210908,862;1176595,758;200884,505;6992715,73;901797,683;1082644,162;1220231,617;1259250,184;1085999,841;1213980,929;183590,136;6947494,552;;;;1346972,716;1236556,205;1149694,699;141805,785;3875029,405;6872633,055;7079702,867;17815239,69;;;;;;;
Måsøy;5618;0;590;0;0;205;0 %;1 %;6 %;-2 %;2 %;6 %;11 %;-7 %;3 %; 1 056 711 ; 1 288 635 ; 1 463 399 ; 3 808 745 ; 1 567 149 ; 1 404 977 ; 1 302 919 ; 4 275 044 ; 1 044 498 ; 1 212 411 ; 1 495 345 ; 3 752 253 ; 1 473 324 ; 1 271 391 ; 1 393 635 ; 4 138 350 ;Finnmark;NO4;0,088;0;5618;Måsøy;1044497,947;1212410,548;1495344,681;1531027,363;1449380,076;1412312,245;237683,187;8382656,047;1056710,902;1288635,136;1463399,363;1473324,001;1271391,061;1393634,662;207118,688;8154213,813;;;;1567149,368;1404976,546;1302918,516;167248,685;4442293,115;8097721,588;8251038,516;20979162,98;;;;;;;
Nordkapp;5620;0;1562;0;0;162;0 %;0 %;6 %;-2 %;1 %;7 %;9 %;-6 %;3 %; 2 678 923 ; 3 328 670 ; 3 751 570 ; 9 759 164 ; 4 117 907 ; 3 653 845 ; 3 348 083 ; 11 119 835 ; 2 669 463 ; 3 137 737 ; 3 839 007 ; 9 646 208 ; 3 831 095 ; 3 366 347 ; 3 564 934 ; 10 762 375 ;Finnmark;NO4;0,114;0;5620;Nordkapp;2669463,438;3137737,367;3839007,313;3911088,51;3723240,942;3510078,248;603058,584;21393674,4;2678923,494;3328670,263;3751570,14;3831094,91;3366346,567;3564933,669;538699,112;21060238,16;;;;4117906,965;3653844,703;3348083,142;392613,648;11512448,46;20947282,38;21271612,36;53966361,02;;;;;;;
Porsanger;5622;0;1670;0;0;401;0 %;-2 %;15 %;1 %;5 %;16 %;23 %;-7 %;10 %; 3 932 129 ; 5 306 825 ; 5 890 625 ; 15 129 579 ; 7 095 269 ; 6 106 392 ; 4 912 853 ; 18 114 514 ; 4 001 540 ; 4 596 968 ; 5 815 105 ; 14 413 613 ; 6 142 862 ; 4 978 822 ; 5 295 891 ; 16 417 576 ;Finnmark;NO4;0,182;0;5622;Porsanger;4001539,5;4596967,862;5815105,342;6538227,345;5845202,644;5288061,785;907288,623;32992393,1;3932129,084;5306825,024;5890625,334;6142862,063;4978822,377;5295891,188;764678,509;32311833,58;;;;7095269,094;6106391,598;4912853,036;595151,879;18709665,61;31595866,84;33839245,05;84013892,29;;;;;;;
Lebesby;5624;0;625;0;0;255;0 %;0 %;9 %;1 %;3 %;12 %;13 %;0 %;8 %; 1 168 646 ; 1 461 431 ; 1 681 228 ; 4 311 305 ; 1 865 074 ; 1 647 086 ; 1 565 669 ; 5 077 829 ; 1 164 652 ; 1 345 619 ; 1 667 233 ; 4 177 504 ; 1 671 283 ; 1 454 582 ; 1 568 225 ; 4 694 089 ;Finnmark;NO4;0,153;0;5624;Lebesby;1164651,948;1345618,647;1667233,41;1716890,891;1627309,476;1593896,525;269627,579;9385228,476;1168646,11;1461431,208;1681227,655;1671282,895;1454581,537;1568224,565;237570,172;9242964,142;;;;1865074,074;1647085,994;1565668,773;198800,107;5276628,948;9109163,174;9587933,921;23904821,57;;;;;;;
Gamvik;5626;0;521;0;0;76;0 %;-3 %;4 %;-4 %;-1 %;5 %;6 %;-10 %;0 %; 887 764 ; 1 106 483 ; 1 264 005 ; 3 258 252 ; 1 367 357 ; 1 216 819 ; 1 123 728 ; 3 707 904 ; 919 757 ; 1 060 336 ; 1 318 260 ; 3 298 352 ; 1 304 143 ; 1 147 187 ; 1 247 151 ; 3 698 482 ;Finnmark;NO4;0,102;0;5626;Gamvik;919757,05;1060335,516;1318259,713;1372047,411;1307737,107;1259944,978;209137,906;7447219,681;887763,769;1106482,864;1264005,473;1304143,425;1147187,313;1247150,836;188219,65;7144953,33;;;;1367357,394;1216818,884;1123727,833;138396,221;3846300,332;7185053,503;7104552,438;18438473,34;;;;;;;
Tana;5628;0;1542;0;0;368;0 %;0 %;18 %;5 %;8 %;18 %;26 %;-3 %;14 %; 3 024 216 ; 4 205 764 ; 4 880 230 ; 12 110 210 ; 5 731 141 ; 4 940 546 ; 3 993 434 ; 14 665 121 ; 3 020 941 ; 3 562 905 ; 4 645 457 ; 11 229 303 ; 4 874 604 ; 3 918 330 ; 4 113 073 ; 12 906 007 ;Finnmark;NO4;0,215;0;5628;Deatnu;3020940,891;3562905,081;4645457,115;5063393,423;4439046,399;4079781,965;715630,737;25527155,61;3024215,959;4205764,116;4880230,216;4874603,656;3918329,537;4113073,49;598581,413;25614798,39;;;;5731140,933;4940546,164;3993433,761;454898,785;15120019,64;24733891,18;27230229,93;66261973,64;;;;;;;
Berlevåg;5630;0;562;0;0;55;0 %;-1 %;11 %;-1 %;3 %;12 %;13 %;-4 %;7 %; 892 076 ; 1 185 691 ; 1 321 325 ; 3 399 093 ; 1 475 057 ; 1 322 393 ; 1 184 121 ; 3 981 572 ; 897 065 ; 1 064 867 ; 1 339 703 ; 3 301 634 ; 1 320 327 ; 1 165 332 ; 1 231 113 ; 3 716 772 ;Finnmark;NO4;0,165;0;5630;Berlevåg;897065,127;1064866,545;1339702,755;1400334,09;1344297,524;1253261,976;212012,11;7511540,127;892075,951;1185691,142;1321325,492;1320326,636;1165332,294;1231113,013;187158,419;7303022,947;;;;1475057,489;1322393,366;1184121,305;137324,726;4118896,886;7205564,789;7517989,471;18933459,96;;;;;;;
Båtsfjord;5632;0;1004;0;0;145;0 %;0 %;9 %;1 %;3 %;12 %;15 %;-2 %;8 %; 1 864 887 ; 2 426 008 ; 2 724 161 ; 7 015 056 ; 3 008 929 ; 2 690 493 ; 2 409 551 ; 8 108 972 ; 1 872 838 ; 2 219 848 ; 2 710 193 ; 6 802 879 ; 2 691 242 ; 2 342 153 ; 2 457 652 ; 7 491 047 ;Finnmark;NO4;0,148;0;5632;Båtsfjord;1872838,098;2219847,894;2710193,141;2834173,56;2663120,968;2489130,422;419612,361;15208916,44;1864887,148;2426008,144;2724161,118;2691241,789;2342153,47;2457651,506;376376,961;14882480,14;;;;3008928,595;2690492,548;2409550,769;287785,427;8396757,339;14670302,86;15411813,75;38488153,92;;;;;;;
Vardø;5634;0;1255;0;0;92;0 %;-3 %;6 %;-4 %;-1 %;8 %;13 %;0 %;7 %; 2 399 974 ; 3 080 257 ; 3 389 782 ; 8 870 013 ; 3 730 333 ; 3 461 398 ; 3 209 238 ; 10 400 970 ; 2 473 494 ; 2 918 424 ; 3 541 173 ; 8 933 091 ; 3 444 781 ; 3 063 170 ; 3 196 102 ; 9 704 053 ;Finnmark;NO4;0,051;0;5634;Vardø;2473494,06;2918424,109;3541172,721;3617878,794;3348015,65;3184514,594;537702,748;19621202,68;2399973,872;3080257,066;3389781,676;3444781,154;3063169,539;3196102,179;494921,769;19068987,26;;;;3730333,234;3461398,172;3209238,122;323066,353;10724035,88;19132065,53;19594048,5;49414225,81;;;;;;;
Nesseby;5636;0;493;0;0;113;0 %;0 %;13 %;3 %;5 %;16 %;23 %;-3 %;12 %; 890 756 ; 1 259 939 ; 1 462 936 ; 3 613 631 ; 1 675 981 ; 1 458 165 ; 1 197 003 ; 4 331 149 ; 892 841 ; 1 111 335 ; 1 427 054 ; 3 431 230 ; 1 446 075 ; 1 186 116 ; 1 232 073 ; 3 864 263 ;Finnmark;NO4;0,201;0;5636;Unjárga;892841,109;1111335,276;1427053,509;1498880,401;1322502,035;1218592,486;211745,365;7682950,181;890756,293;1259938,992;1462935,866;1446074,501;1186116,117;1232072,752;179255,128;7657149,649;;;;1675980,948;1458165,495;1197002,687;132963,304;4464112,434;7474748,392;8077743,585;19804212,26;;;;;;;
