hentet_dato,origin,origin_navn,destinasjon,destinasjon_navn,gruppe,avreise_maaned,pris,valuta,avreise,retur,selskap,selskap_navn,flynummer,mellomlandinger,varighet_min,direkte,lenke
2026-10-08,ALC,Alicante,OSL,Oslo,norwegian_intl,2026-10,938,nok,2026-10-20T21:50:00+02:00,2026-11-03T13:50:00+01:00,FR,Ryanair,8430,1,1330,False,https://www.aviasales.com/search/ALC2010OSL03111?t=FR17925330001792577100000735ALCLTNSTNOSL17937138001793749500000595OSLSTNALC_d1901c5115a062888915f5b526e73d7c_8418&search_date=06102026&expected_price_uuid=01a11118-2434-8030-6497-1c0a291c9242&static_fare_key=TY%7CP1%7CH0%7CL0%7CCH0%7CR0%7CTBC0&itinerary_key=UQqzxGfZmGENZ0-P8UWlGA&expected_price_source=share&expected_price_currency=nok&expected_price=938
2026-10-08,AMS,Amsterdam,BGO,Bergen,bergen,2026-12,2352,nok,2026-12-16T18:20:00+01:00,2027-01-02T19:35:00+01:00,DY,Norwegian,1259,1,1075,False,https://www.aviasales.com/search/AMS1612BGO02011?t=DY17974452001797458700000225AMSOSLBGO17989185001798969500000850BGOCPHAMS_3f95bf8ea5a8f95fbf1c8afe11c4cca6_20866&search_date=06102026&expected_price_uuid=01a113a0-a7ee-8040-6708-7edd6253a899&static_fare_key=TY%7CP0%7CH0%7CL0%7CCH0%7CR0%7CTBC0&itinerary_key=bslsEa0Bu7R1BYf-yJLNFA&expected_price_source=share&expected_price_currency=nok&expected_price=2352
2026-10-08,AMS,Amsterdam,OSL,Oslo,norwegian_intl,2026-10,2368,nok,2026-10-13T21:45:00+02:00,2026-10-19T19:05:00+02:00,DY,Norwegian,1259,0,220,True,https://www.aviasales.com/search/AMS1310OSL19101?t=DY17919279001791934200000105AMSOSL17924367001792443600000115OSLAMS_a82fb7b51c2a111162742e0a7c3b6009_21148&search_date=07102026&expected_price_uuid=01a1177c-310f-8030-a3b1-97eccba44609&static_fare_key=TY%7CP0%7CH0%7CL0%7CCH1%7CR0%7CTBC0&itinerary_key=sTMt2R78K9EMRqnOz1G_1g&expected_price_source=share&expected_price_currency=nok&expected_price=2368
2026-10-08,AMS,Amsterdam,OSL,Oslo,norwegian_intl,2026-11,1924,nok,2026-11-14T10:05:00+01:00,2026-11-16T15:40:00+01:00,U2,easyJet,2162,1,660,False,https://www.aviasales.com/search/AMS1411OSL16111?t=DY17946507001794683400000545AMSMANTRF17948436001794850500000115OSLAMS_3e065d705672febd8299c07a49eb2148_16705&search_date=02102026&expected_price_uuid=01a0fc7f-e8d3-8030-6eeb-aaf0340c1c60&static_fare_key=TY%7CP1%7CH0%7CL0%7CCH0%7CR0%7CTBC0&itinerary_key=iihSJyGU6PN6vTiubl_I4A&expected_price_source=share&expected_price_currency=nok&expected_price=1924
2026-10-08,AMS,Amsterdam,OSL,Oslo,norwegian_intl,2026-12,2067,nok,2026-12-14T18:20:00+01:00,2026-12-20T15:40:00+01:00,DY,Norwegian,1259,0,220,True,https://www.aviasales.com/search/AMS1412OSL20121?t=DY17972724001797278700000105AMSOSL17977812001797788100000115OSLAMS_a2d8e874630454f49782af0239a48892_18455&search_date=07102026&expected_price_uuid=01a116dc-984c-8030-acdc-1eee4aae711e&static_fare_key=TY%7CP1_JW%7CH0%7CL0%7CCH1%7CR0%7CTBC0&itinerary_key=lIyEvewPgraGFMr_OxXB4Q&expected_price_source=share&expected_price_currency=nok&expected_price=2067
2026-10-08,AMS,Amsterdam,OSL,Oslo,norwegian_intl,2027-01,1417,nok,2027-01-07T20:00:00+01:00,2027-01-10T15:40:00+01:00,DY,Norwegian,1259,0,220,True,https://www.aviasales.com/search/AMS0701OSL10011?t=DY17993520001799358300000105AMSOSL17995956001799602500000115OSLAMS_b31e74fcdb3285029198107d3f9d2f2d_12650&search_date=07102026&expected_price_uuid=01a116f3-b6b6-8030-ac23-14edc4b4a392&static_fare_key=TY%7CP1_JW%7CH0%7CL0%7CCH1%7CR0%7CTBC0&itinerary_key=9FRg9SZyZTFCgd1soDP-fg&expected_price_source=share&expected_price_currency=nok&expected_price=1417
2026-10-08,AMS,Amsterdam,OSL,Oslo,norwegian_intl,2027-06,1601,nok,2027-06-02T21:45:00+02:00,2027-06-09T19:05:00+02:00,DY,Norwegian,1259,0,220,True,https://www.aviasales.com/search/AMS0206OSL09061?t=DY18119727001811979000000105AMSOSL18125679001812574800000115OSLAMS_c7100ca4f9756ece36ffafe4fc430d90_13887&search_date=04102026&expected_price_uuid=01a10869-8ac4-8040-295f-419b1b8ce538&static_fare_key=TY%7CP0%7CH0%7CL0%7CCH1%7CR0%7CTBC0&itinerary_key=aS0jTiJuuoxx8ExV6bG-Cg&expected_price_source=share&expected_price_currency=nok&expected_price=1601
2026-10-08,BCN,Barcelona,OSL,Oslo,norwegian_intl,2026-10,1326,nok,2026-10-23T06:10:00+02:00,2026-10-25T19:40:00+01:00,FR,Ryanair,846,1,1280,False,https://www.aviasales.com/search/BCN2310OSL25101?t=FR17927358001792758900000385BCNBGYTRF17929572001793010900000895TRFGDNBCN_31a71d59fcb43f09a451307607370a07_11529&search_date=02102026&expected_price_uuid=01a0fed6-f329-8030-6457-b4bbe5d594e0&static_fare_key=TY%7CP1%7CH0%7CL0%7CCH0%7CR0%7CTBC0&itinerary_key=ZIi5oaWKaQBdLW97_RPoxg&expected_price_source=share&expected_price_currency=nok&expected_price=1326
2026-10-08,BCN,Barcelona,OSL,Oslo,norwegian_intl,2026-11,1181,nok,2026-11-20T20:35:00+01:00,2026-11-23T20:45:00+01:00,FR,Ryanair,7539,1,1500,False,https://www.aviasales.com/search/BCN2011OSL23111?t=FR17952069001795250700000730BCNMXPBGYTRF17954667001795512900000770OSLSTNLGWBCN_77a607a9658cb472629bb5eeee273dea_10224&search_date=02102026&expected_price_uuid=01a0fbd3-5cb6-8030-2691-51335e9c38d6&static_fare_key=TY%7CP1%7CH0%7CL0%7CCH0%7CR0%7CTBC0&itinerary_key=J5REXhQmLsBcSeUKyJIjmQ&expected_price_source=share&expected_price_currency=nok&expected_price=1181
2026-10-08,BCN,Barcelona,OSL,Oslo,norwegian_intl,2026-12,1655,nok,2026-12-01T09:10:00+01:00,2027-01-02T09:30:00+01:00,W6,Wizz Air,2048,1,2310,False,https://www.aviasales.com/search/BCN0112OSL02011?t=W617961162001796223000001780BCNKRKOSL17988822001798914000000530OSLCPHBCN_60ca91045d7599a9e75003df270aeb02_14642&search_date=05102026&expected_price_uuid=01a10cb2-37d7-8030-6711-072b1ab8d36d&static_fare_key=TY%7CP1%7CH0%7CL0%7CCH0%7CR0%7CTBC0&itinerary_key=WDIN5O-ZuOCx7fT55xgmTg&expected_price_source=share&expected_price_currency=nok&expected_price=1655
2026-10-08,BCN,Barcelona,OSL,Oslo,norwegian_intl,2027-01,5096,nok,2027-01-02T07:30:00+01:00,2027-01-02T17:00:00+01:00,VY,Vueling,1194,1,2115,False,https://www.aviasales.com/search/BCN0201OSL02011?t=DY17988750001798898100000385BCNPRGOSL17989092001799013000001730OSLBEGBCN_a2f34700e88c0f060c554860e24cc8b1_45072&search_date=05102026&expected_price_uuid=01a10cb2-4384-8030-2819-639262733af8&static_fare_key=TY%7CP1%7CH0%7CL0%7CCH0%7CR0%7CTBC0&itinerary_key=n-nzfQMfnxIse4BuydjC7Q&expected_price_source=share&expected_price_currency=nok&expected_price=5096
2026-10-08,BCN,Barcelona,OSL,Oslo,norwegian_intl,2027-04,1514,nok,2027-04-05T23:30:00+02:00,2027-04-10T19:35:00+02:00,VY,Vueling,3908,1,825,False,https://www.aviasales.com/search/BCN0504OSL10041?t=D818069678001807005300000625BCNPMITRF18073857001807397700000200OSLBCN_65b18b772eff85cd4d55ad15c13d4fe9_13441&search_date=06102026&expected_price_uuid=01a11007-1060-8030-2055-97112ec33b81&static_fare_key=TY%7CP0%7CH0%7CL0%7CCH0%7CR0%7CTBC0&itinerary_key=0xGHqdLhXCLxBjvKnnVCJw&expected_price_source=share&expected_price_currency=nok&expected_price=1514
2026-10-08,BGO,Bergen,ALC,Alicante,bergen,2026-10,2076,nok,2026-10-18T08:10:00+02:00,2026-10-21T14:40:00+02:00,DY,Norwegian,1316,1,4150,False,https://www.aviasales.com/search/BGO1810ALC21101?t=LS17923110001792411500001675BGOLGWALC17925936001792742100002475ALCMXPWAWWMIBGO_37dd7ba0b293e86e2c9e08df71e9e7ef_18499&search_date=08102026&expected_price_uuid=01a11a73-aeed-8030-e1bf-5f0777364912&static_fare_key=TY%7CP1%7CH0%7CL0%7CCH0%7CR0%7CTBC0&itinerary_key=O0Ef0Zv5oPf2a0K9M9TDyQ&expected_price_source=share&expected_price_currency=nok&expected_price=2076
2026-10-08,BGO,Bergen,ALC,Alicante,bergen,2026-11,1638,nok,2026-11-19T08:30:00+01:00,2026-11-21T06:00:00+01:00,DY,Norwegian,609,1,1310,False,https://www.aviasales.com/search/BGO1911ALC21111?t=FR17950770001795130100000885BGOOSLTRFALC17952408001795266300000425ALCTRFBGO_dd057fdba5041aae8e6680451694cc90_14502&search_date=07102026&expected_price_uuid=01a11520-8ac0-8040-ab44-bb399637692f&static_fare_key=TY%7CP1%7CH0%7CL0%7CCH0%7CR0%7CTBC0&itinerary_key=LpY_VDaW2EkJUWJeBatmoA&expected_price_source=share&expected_price_currency=nok&expected_price=1638
2026-10-08,BGO,Bergen,AMS,Amsterdam,bergen,2026-10,2694,nok,2026-10-29T19:45:00+01:00,2026-11-01T08:25:00+01:00,DY,Norwegian,0645,1,1410,False,https://www.aviasales.com/search/BGO2910AMS01111?t=DY17933031001793381700001310BGOOSLAMS17935215001793527500000100AMSBGO_bc37f8a5905f44d6400f3e064bba9575_23423&search_date=03102026&expected_price_uuid=01a101e2-cb00-8030-6f84-9252268c96d0&static_fare_key=TY%7CP0%7CH0%7CL0%7CCH0%7CR0%7CTBC0&itinerary_key=YVvBMOyhHkkrepB7UROkAQ&expected_price_source=share&expected_price_currency=nok&expected_price=2694
2026-10-08,BGO,Bergen,AMS,Amsterdam,bergen,2026-11,2384,nok,2026-11-27T20:10:00+01:00,2026-11-29T12:45:00+01:00,SK,SAS,286,1,1215,False,https://www.aviasales.com/search/BGO2711AMS29111?t=SK17958102001795860300000835BGOOSLAMS17959563001795979100000380AMSOSLBGO_b12372b3a8baaa9d844c09a6b261bead_21289&search_date=07102026&expected_price_uuid=01a11830-0447-8030-2e3f-c3af40f873a5&static_fare_key=TY%7CP1%7CH0%7CL0%7CCH0%7CR0%7CTBC0&itinerary_key=wnvowzUK-lbq7JoeuhEMoQ&expected_price_source=share&expected_price_currency=nok&expected_price=2384
2026-10-08,BGO,Bergen,AMS,Amsterdam,bergen,2026-12,2446,nok,2026-12-16T08:30:00+01:00,2027-01-02T08:30:00+01:00,DY,Norwegian,0609,1,640,False,https://www.aviasales.com/search/BGO1612AMS02011?t=DY17974098001797442500000545BGOOSLAMS17988786001798884300000095AMSBGO_42595f7dd051f15064e718270287642c_21699&search_date=06102026&expected_price_uuid=01a113a2-e854-8040-60a4-0d5b01100459&static_fare_key=TY%7CP0%7CH0%7CL0%7CCH0%7CR0%7CTBC0&itinerary_key=ZvbhwB9UF821lpRXXV2iFw&expected_price_source=share&expected_price_currency=nok&expected_price=2446
2026-10-08,BGO,Bergen,AMS,Amsterdam,bergen,2027-03,3106,nok,2027-03-20T19:35:00+01:00,2027-03-23T11:15:00+01:00,SK,SAS,2869,1,2930,False,https://www.aviasales.com/search/BGO2003AMS23031?t=SK18055713001805664900001560BGOCPHAMS18058005001805882700001370AMSARNBGO_47b28cf4506095b620a5702e3f38f151_27472&search_date=05102026&expected_price_uuid=01a10cc1-b0e2-8030-677b-5375093638df&static_fare_key=TY%7CP1%7CH0%7CL0%7CCH0%7CR0%7CTBC0&itinerary_key=vUKAIoNj3YMMXdEFcFxKQA&expected_price_source=share&expected_price_currency=nok&expected_price=3106
2026-10-08,BGO,Bergen,BCN,Barcelona,bergen,2026-10,2867,nok,2026-10-14T06:50:00+02:00,2026-10-17T17:20:00+02:00,DY,Norwegian,1316,1,860,False,https://www.aviasales.com/search/BGO1410BCN17101?t=DY17919606001791992400000530BGOLGWSTNBCN17922576001792277400000330BCNAMSBGO_ed529ef25f270bab15a67e68ac0a517f_25363&search_date=05102026&expected_price_uuid=01a10db4-bfa7-8030-a5c5-a1b8c1dbf5f9&static_fare_key=TY%7CP1%7CH0%7CL0%7CCH0%7CR0%7CTBC0&itinerary_key=TIQlJFqGzGkSVmzhUxbhog&expected_price_source=share&expected_price_currency=nok&expected_price=2867
2026-10-08,BGO,Bergen,BCN,Barcelona,bergen,2026-11,2265,nok,2026-11-18T08:55:00+01:00,2026-11-22T06:00:00+01:00,W6,Wizz Air,1746,2,1765,False,https://www.aviasales.com/search/BGO1811BCN22111?t=W617949921001795045500000890BGOGDNMXPBCN17953272001795379700000875BCNBGYKRKBGO_bc502f5f996b639e740986d5e1c82833_20039&search_date=05102026&expected_price_uuid=01a10d90-33b1-8030-69b5-79aa4306a793&static_fare_key=TY%7CP1%7CH0%7CL0%7CCH0%7CR0%7CTBC0&itinerary_key=OdJzSCSoXczCLZUig14Fsg&expected_price_source=share&expected_price_currency=nok&expected_price=2265
2026-10-08,BGO,Bergen,BER,Berlin,bergen,2026-10,1160,nok,2026-10-20T10:25:00+02:00,2026-10-20T21:30:00+02:00,DY,Norwegian,1122,0,730,True,https://www.aviasales.com/search/BGO2010BER20101?t=DY17924919001792498200000105BGOBER17925318001792569300000625BEROSLBGO_7918e94b060829a0bedede8c44f0c614_10277&search_date=05102026&expected_price_uuid=01a10bc1-6b11-8040-2ac5-dd978fe32efc&static_fare_key=TY%7CP1_JW%7CH0%7CL0%7CCH1%7CR0%7CTBC0&itinerary_key=3g93aU-leOf_iNte2v7Xgg&expected_price_source=share&expected_price_currency=nok&expected_price=1160
2026-10-08,BGO,Bergen,GDN,Gdańsk,bergen,2026-10,903,nok,2026-10-12T13:20:00+02:00,2026-10-26T19:35:00+01:00,W6,Wizz Air,1746,0,850,True,https://www.aviasales.com/search/BGO1210GDN26101?t=W617918112001791817500000105BGOGDN17930433001793088000000745GDNTRFOSLBGO_669ee81ac1e0592ceac5823b76e40fa3_7831&search_date=04102026&expected_price_uuid=01a106c0-469b-8030-e7d4-2afc67032049&static_fare_key=TY%7CP1%7CH0%7CL0%7CCH0%7CR0%7CTBC0&itinerary_key=ZN_BVauQPtPkL0xaPmOfnA&expected_price_source=share&expected_price_currency=nok&expected_price=903
2026-10-08,BGO,Bergen,GDN,Gdańsk,bergen,2026-11,695,nok,2026-11-01T08:55:00+01:00,2026-11-03T20:10:00+01:00,W6,Wizz Air,1746,0,225,True,https://www.aviasales.com/search/BGO0111GDN03111?t=W617935233001793529600000105BGOGDN17937366001793743800000120GDNBGO_ca662bb1715cc15f87002878094ac49e_6047&search_date=03102026&expected_price_uuid=01a1011e-28d8-8030-ede2-f78bbc2d4a00&static_fare_key=TY%7CP0%7CH0%7CL0%7CCH0%7CR0%7CTBC0&itinerary_key=OZ3xPUeB7I-_b1z-dxeEfA&expected_price_source=share&expected_price_currency=nok&expected_price=695
2026-10-08,BGO,Bergen,GDN,Gdańsk,bergen,2026-12,1105,nok,2026-12-24T22:00:00+01:00,2026-12-28T06:20:00+01:00,W6,Wizz Air,1758,0,225,True,https://www.aviasales.com/search/BGO2412GDN28121?t=W617981496001798155900000105BGOGDN17984388001798446000000120GDNBGO_975bf9052c70690f11dec3e9bf8c3d2a_9581&search_date=04102026&expected_price_uuid=01a10776-ab98-8030-a22d-52a2a8eec36d&static_fare_key=TY%7CP1%7CH0%7CL0%7CCH0%7CR0%7CTBC0&itinerary_key=wX7exyH6AylH-O5yotb8Tw&expected_price_source=share&expected_price_currency=nok&expected_price=1105
2026-10-08,BGO,Bergen,LPA,Gran Canaria,bergen,2026-10,4500,nok,2026-10-17T11:25:00+02:00,2026-10-24T17:50:00+01:00,D8,Norwegian,5627,2,1670,False,https://www.aviasales.com/search/BGO1710LPA24101?t=DY17922363001792314000001355BGOPMIMADLPA17928642001792886700000315LPABGO_46f9d398d33867df4adecce062503686_40179&search_date=07102026&expected_price_uuid=01a118b3-8cb3-8040-64b9-14e3f65cc039&static_fare_key=TY%7CP0%7CH0%7CL0%7CCH0%7CR0%7CTBC0&itinerary_key=3TAdiZZquYqByPH_7tvVtA&expected_price_source=share&expected_price_currency=nok&expected_price=4500
2026-10-08,BGO,Bergen,LPA,Gran Canaria,bergen,2027-05,2581,nok,2027-05-12T06:30:00+02:00,2027-05-19T17:05:00+01:00,DY,Norwegian,601,1,1855,False,https://www.aviasales.com/search/BGO1205LPA19051?t=D818101034001810138500000645BGOOSLLPA18107463001810822500001210LPAOSLBGO_d0f2f3c06d75d94af5c89092fd7241e9_22834&search_date=05102026&expected_price_uuid=01a10d8f-b61c-8030-a587-5862005cd324&static_fare_key=TY%7CP0%7CH0%7CL0%7CCH1%7CR0%7CTBC0&itinerary_key=OjX9EzCORpPcpci8rAXJ-g&expected_price_source=share&expected_price_currency=nok&expected_price=2581
2026-10-08,BGO,Bergen,KRK,Kraków,bergen,2026-10,1856,nok,2026-10-29T21:10:00+01:00,2026-11-01T18:00:00+01:00,W6,Wizz Air,2036,0,295,True,https://www.aviasales.com/search/BGO2910KRK01111?t=W617933082001793316600000140BGOKRK17935560001793565300000155KRKBGO_c75480b25b537022d3df9101882ac1bc_16382&search_date=05102026&expected_price_uuid=01a10b9a-b5cc-8030-61cc-4c200dd61222&static_fare_key=TY%7CP0%7CH0%7CL0%7CCH0%7CR0%7CTBC0&itinerary_key=gWW9IXOgRm6O4SJE72KlcA&expected_price_source=share&expected_price_currency=nok&expected_price=1856
2026-10-08,BGO,Bergen,KRK,Kraków,bergen,2026-11,851,nok,2026-11-24T06:30:00+01:00,2026-11-26T18:00:00+01:00,DY,Norwegian,601,1,490,False,https://www.aviasales.com/search/BGO2411KRK26111?t=W617955018001795521900000335BGOOSLKRK17957160001795725300000155KRKBGO_1da5002cd4087063e7764ee7da44be6f_7621&search_date=08102026&expected_price_uuid=01a11b2f-8b38-8030-6b68-4d4ae6f9f46c&static_fare_key=TY%7CP1%7CH0%7CL0%7CCH0%7CR0%7CTBC0&itinerary_key=ZPtRIPEfrXicbQdNFYI8Pg&expected_price_source=share&expected_price_currency=nok&expected_price=851
2026-10-08,BGO,Bergen,KRK,Kraków,bergen,2026-12,995,nok,2026-12-01T06:30:00+01:00,2026-12-03T20:30:00+01:00,DY,Norwegian,601,1,475,False,https://www.aviasales.com/search/BGO0112KRK03121?t=DY17961066001796126700000335BGOOSLKRK17963298001796338200000140KRKBGO_f02a94569d4947afd5de2dc7c6f20b45_8906&search_date=08102026&expected_price_uuid=01a11b2f-9cba-8031-618c-9c694c46258f&static_fare_key=TY%7CP1_JW%7CH0%7CL0%7CCH1%7CR0%7CTBC0&itinerary_key=oDmw-LRmFbvZSDj7KfyXQA&expected_price_source=share&expected_price_currency=nok&expected_price=995
2026-10-08,BGO,Bergen,KRK,Kraków,bergen,2027-04,737,nok,2027-04-20T07:30:00+02:00,2027-04-23T22:25:00+02:00,DY,Norwegian,605,1,910,False,https://www.aviasales.com/search/BGO2004KRK23041?t=DY18082062001808221500000255BGOOSLKRK18085191001808558400000655KRKOSLBGO_15a0a282beb4dbe1867ab6e45b6872e0_6526&search_date=07102026&expected_price_uuid=01a113d2-9d54-8030-634b-8f8c707972a2&static_fare_key=TY%7CP1_JW%7CH0%7CL0%7CCH1%7CR0%7CTBC0&itinerary_key=otWWZFI1gixt21IcVy_zkg&expected_price_source=share&expected_price_currency=nok&expected_price=737
2026-10-08,BGO,Bergen,CPH,København,bergen,2026-12,2390,nok,2026-12-12T05:50:00+01:00,2026-12-12T13:30:00+01:00,SK,SAS,2861,0,1215,True,https://www.aviasales.com/search/BGO1212CPH12121?t=W617970546001797059700000085BGOCPH17970822001797150000001130CPHGDNBGO_268be1b94caeae00c5b8f5f8fefa8344_20735&search_date=04102026&expected_price_uuid=01a1088a-a666-8030-6f7f-483e49a668e9&static_fare_key=TY%7CP1%7CH0%7CL0%7CCH0%7CR0%7CTBC0&itinerary_key=iJAWbj1R5ChxhAgGKwXIkQ&expected_price_source=share&expected_price_currency=nok&expected_price=2390
2026-10-08,BGO,Bergen,CPH,København,bergen,2027-05,1847,nok,2027-05-09T07:00:00+02:00,2027-05-09T15:20:00+02:00,DY,Norwegian,603,1,1195,False,https://www.aviasales.com/search/BGO0905CPH09051?t=W618098460001809857700000195BGOOSLCPH18098760001809936000001000CPHGDNBGO_bf5a3e122044d92f62f3cea6a04fd4dc_16022&search_date=04102026&expected_price_uuid=01a10916-2194-8050-6caf-109fe16d7e5f&static_fare_key=TY%7CP1%7CH0%7CL0%7CCH0%7CR0%7CTBC0&itinerary_key=EdiZMwbdRQUVOwKSG141jA&expected_price_source=share&expected_price_currency=nok&expected_price=1847
2026-10-08,BGO,Bergen,LGW,London Gatwick,bergen,2026-10,1288,nok,2026-10-23T06:50:00+02:00,2026-10-30T11:00:00Z,DY,Norwegian,1316,0,250,True,https://www.aviasales.com/search/BGO2310LGW30101?t=DY17927382001792742700000135BGOLGW17933580001793368500000115LGWBGO_c1597743fbf631488108774a48fbd68c_11183&search_date=02102026&expected_price_uuid=01a0fc31-17ec-8030-e8e1-06c37877ce67&static_fare_key=TY%7CP1_JW%7CH0%7CL0%7CCH1%7CR0%7CTBC0&itinerary_key=QcZ33h4cOQasNS3O-QwsgQ&origin_airports=1&destination_airports=0&expected_price_source=share&expected_price_currency=nok&expected_price=1288
2026-10-08,BGO,Bergen,AGP,Málaga,bergen,2026-10,3530,nok,2026-10-15T08:00:00+02:00,2026-10-17T10:45:00+02:00,D8,Norwegian,607,2,2260,False,https://www.aviasales.com/search/BGO1510AGP17101?t=D817920512001792110600000990BGOOSLSVGAGP17922339001792310100001270AGPLGWLTNWAWWMIBGO_93ad4a436610e5fb73e1f4374139c851_30692&search_date=03102026&expected_price_uuid=01a10249-e16a-8030-a5c5-c613d3aac84b&static_fare_key=TY%7CP1%7CH0%7CL0%7CCH0%7CR0%7CTBC0&itinerary_key=h4zfg4Y3uMSK0wLGGZR-3A&expected_price_source=share&expected_price_currency=nok&expected_price=3530
2026-10-08,BGO,Bergen,OSL,Oslo,bergen,2026-10,622,nok,2026-10-14T06:30:00+02:00,2026-10-14T22:00:00+02:00,SK,SAS,236,0,110,True,https://www.aviasales.com/search/BGO1410OSL14101?t=DY17919594001791962700000055BGOOSL17920152001792018500000055OSLBGO_a6d71cdf0375b87417e49edd1f802bd3_5558&search_date=07102026&expected_price_uuid=01a117f4-23a8-8030-e039-418974e67783&static_fare_key=TY%7CP1_JW%7CH0%7CL0%7CCH1%7CR0%7CTBC0&itinerary_key=KVAPm_J6D-vGDCG2la89kg&expected_price_source=share&expected_price_currency=nok&expected_price=622
2026-10-08,BGO,Bergen,OSL,Oslo,bergen,2026-11,882,nok,2026-11-07T19:55:00+01:00,2026-11-08T08:55:00+01:00,SK,SAS,286,0,115,True,https://www.aviasales.com/search/BGO0711OSL08111?t=WF17940813001794084600000055BGOOSL17941281001794131700000060OSLBGO_cbdb48b39cbb649a9b8282b0a0939b97_7666&search_date=03102026&expected_price_uuid=01a10239-09f0-8030-243b-259c6a0572d6&static_fare_key=TY%7CP1%7CH0%7CL0%7CCH0%7CR0%7CTBC0&itinerary_key=szHmrZBZHsMulSAex3_ZSw&expected_price_source=share&expected_price_currency=nok&expected_price=882
2026-10-08,BGO,Bergen,TOS,Tromsø,bergen,2026-10,984,nok,2026-10-29T19:45:00+01:00,2026-10-31T06:00:00+01:00,DY,Norwegian,645,1,545,False,https://www.aviasales.com/search/BGO2910TOS31101?t=SK17933031001793316600000225BGOOSLTOS17934264001793445600000320TOSOSLBGO_49536d451cc03ec70549167297b084b0_8535&search_date=01102026&expected_price_uuid=01a0f79d-d5b7-8040-a51b-5642c31c4227&static_fare_key=TY%7CP0%7CH0%7CL0%7CCH0%7CR0%7CTBC0&itinerary_key=n-O5cX8C3f-T20296LIKcA&expected_price_source=share&expected_price_currency=nok&expected_price=984
2026-10-08,BER,Berlin,BGO,Bergen,bergen,2026-10,1847,nok,2026-10-13T21:30:00+02:00,2026-10-18T15:45:00+02:00,DY,Norwegian,1109,1,730,False,https://www.aviasales.com/search/BER1310BGO18101?t=DY17919270001791964500000625BEROSLBGO17923383001792344600000105BGOBER_2da1810c7245e58c3682f4cb469f91cf_16583&search_date=06102026&expected_price_uuid=01a11121-af7f-8030-6f3d-16f37ebc8be0&static_fare_key=TY%7CP0%7CH0%7CL0%7CCH1%7CR0%7CTBC0&itinerary_key=J58fgX7lke_QAhdv-35Htg&expected_price_source=share&expected_price_currency=nok&expected_price=1847
2026-10-08,BER,Berlin,OSL,Oslo,norwegian_intl,2026-10,1212,nok,2026-10-30T20:15:00+01:00,2026-11-02T07:30:00+01:00,DY,Norwegian,1109,0,195,True,https://www.aviasales.com/search/BER3010OSL02111?t=DY17933913001793397300000100BEROSL17936046001793610300000095OSLBER_58b4c56bc4f3ccc7a48fcd61a72ec115_10490&search_date=01102026&expected_price_uuid=01a0f8fd-f656-8030-68f4-c8bcf47832e5&static_fare_key=TY%7CP0%7CH0%7CL0%7CCH1%7CR0%7CTBC0&itinerary_key=OQf0utW8_qpB47zbB9jLgQ&expected_price_source=share&expected_price_currency=nok&expected_price=1212
2026-10-08,BER,Berlin,OSL,Oslo,norwegian_intl,2026-11,696,nok,2026-11-20T14:25:00+01:00,2026-11-22T18:30:00+01:00,DY,Norwegian,1105,0,195,True,https://www.aviasales.com/search/BER2011OSL22111?t=DY17951847001795190700000100BEROSL17953722001795377900000095OSLBER_0acb88ff41a7bc5c604febb142697b02_6223&search_date=08102026&expected_price_uuid=01a11b0a-9d12-8031-2ed9-0ba70c506372&static_fare_key=TY%7CP1_JW%7CH0%7CL0%7CCH1%7CR0%7CTBC0&itinerary_key=d4znanHVMM1BniwpndsMhw&expected_price_source=share&expected_price_currency=nok&expected_price=696
2026-10-08,BER,Berlin,OSL,Oslo,norwegian_intl,2026-12,902,nok,2026-12-11T20:15:00+01:00,2026-12-13T07:30:00+01:00,DY,Norwegian,1109,0,195,True,https://www.aviasales.com/search/BER1112OSL13121?t=DY17970201001797026100000100BEROSL17971470001797152700000095OSLBER_308b786b2fec47dfbe1ea64a86d438f8_7879&search_date=05102026&expected_price_uuid=01a10acd-614e-8030-a739-ef79536653a6&static_fare_key=TY%7CP1_JW%7CH0%7CL0%7CCH1%7CR0%7CTBC0&itinerary_key=fjf7Ao5S3h1cIaYLM8Ns1g&expected_price_source=share&expected_price_currency=nok&expected_price=902
2026-10-08,BER,Berlin,OSL,Oslo,norwegian_intl,2027-02,877,nok,2027-02-22T20:15:00+01:00,2027-02-25T08:00:00+01:00,DY,Norwegian,1109,0,325,True,https://www.aviasales.com/search/BER2202OSL25021?t=DY18033273001803333300000100BEROSL18035424001803555900000225OSLBGOBER_ec0d42e6a5760778c137df2b349c665a_7616&search_date=02102026&expected_price_uuid=01a0fbb8-0476-8030-ae80-fffcc8acaacc&static_fare_key=TY%7CP1_JW%7CH0%7CL0%7CCH1%7CR0%7CTBC0&itinerary_key=Cgcq5uunDZU_CnirabNGRw&expected_price_source=share&expected_price_currency=nok&expected_price=877
2026-10-08,BER,Berlin,OSL,Oslo,norwegian_intl,2027-03,1026,nok,2027-03-08T20:15:00+01:00,2027-03-10T15:30:00+01:00,DY,Norwegian,1109,0,1315,True,https://www.aviasales.com/search/BER0803OSL10031?t=DY18045369001804542900000100BEROSL18046926001804765500001215OSLBGOBER_c35dde76d6dfc7d49e6f9eb80a5ba36c_9173&search_date=06102026&expected_price_uuid=01a11218-1b40-8030-e71f-706cd6f0fe64&static_fare_key=TY%7CP1_JW%7CH0%7CL0%7CCH1%7CR0%7CTBC0&itinerary_key=hOw9Qz-uW8K0t1nGy8C1kg&expected_price_source=share&expected_price_currency=nok&expected_price=1026
2026-10-08,BOO,Bodø,OSL,Oslo,innenriks,2026-10,2481,nok,2026-10-23T19:40:00+02:00,2026-10-25T09:00:00+01:00,DY,Norwegian,355,0,185,True,https://www.aviasales.com/search/BOO2310OSL25101?t=DY17927844001792789800000090BOOOSL17929188001792924500000095OSLBOO_dd929553adbf09cd6a26d9468085d229_22155&search_date=07102026&expected_price_uuid=01a117a2-d658-8030-ec5c-54661030e609&static_fare_key=TY%7CP1_JW%7CH0%7CL0%7CCH1%7CR0%7CTBC0&itinerary_key=60wBqideu8ZezyX9uav25w&expected_price_source=share&expected_price_currency=nok&expected_price=2481
2026-10-08,GDN,Gdańsk,BGO,Bergen,bergen,2026-10,561,nok,2026-10-16T12:50:00+02:00,2026-10-18T08:45:00+02:00,DY,Norwegian,1031,0,215,True,https://www.aviasales.com/search/GDN1610BGO18101?t=DY17921550001792161600000110GDNBGO17923131001792319400000105BGOGDN_d6fa9df6ec67e370b0d39a396868d8b2_4857&search_date=01102026&expected_price_uuid=01a0f8b9-a63d-8030-6066-6ad3334b4007&static_fare_key=TY%7CP0%7CH0%7CL0%7CCH0%7CR0%7CTBC0&itinerary_key=qqOSqI2M60-CvUdK-ccNUA&expected_price_source=share&expected_price_currency=nok&expected_price=561
2026-10-08,GDN,Gdańsk,BGO,Bergen,bergen,2026-11,460,nok,2026-11-06T06:20:00+01:00,2026-11-09T13:40:00+01:00,W6,Wizz Air,1745,0,225,True,https://www.aviasales.com/search/GDN0611BGO09111?t=W617939460001793953200000120GDNBGO17942316001794237900000105BGOGDN_1b93265595e1bd87a185b4c35220b199_4131&search_date=06102026&expected_price_uuid=01a11127-919b-8030-e61a-d15734057282&static_fare_key=TY%7CP0%7CH0%7CL0%7CCH0%7CR0%7CTBC0&itinerary_key=o9jTrNeWm3QElgOVAGYPQw&expected_price_source=share&expected_price_currency=nok&expected_price=460
2026-10-08,GDN,Gdańsk,BGO,Bergen,bergen,2027-01,636,nok,2027-01-18T06:20:00+01:00,2027-01-22T13:40:00+01:00,W6,Wizz Air,1745,0,225,True,https://www.aviasales.com/search/GDN1801BGO22011?t=W618002532001800260400000120GDNBGO18006252001800631500000105BGOGDN_8bc673a995506e9623ebcb0d112af021_5713&search_date=07102026&expected_price_uuid=01a1157d-fd64-8030-a491-a85ef93fff9b&static_fare_key=TY%7CP0%7CH0%7CL0%7CCH0%7CR0%7CTBC0&itinerary_key=hwVtjQG5jY7rw4hp70s-_w&expected_price_source=share&expected_price_currency=nok&expected_price=636
2026-10-08,GDN,Gdańsk,OSL,Oslo,norwegian_intl,2026-10,334,nok,2026-10-30T11:25:00+01:00,2026-11-02T08:00:00+01:00,FR,Ryanair,3277,0,185,True,https://www.aviasales.com/search/GDN3010OSL02111?t=FR17933595001793365200000095GDNTRF17936064001793611800000090TRFGDN_83f3f5447ed5eaa16ab8567f7ef697a5_2910&search_date=05102026&expected_price_uuid=01a109de-1e5f-8030-e21e-cf4dc262238d&static_fare_key=TY%7CP1%7CH0%7CL0%7CCH0%7CR0%7CTBC0&itinerary_key=D8xxhwlaAaMvN6HApEBiJA&expected_price_source=share&expected_price_currency=nok&expected_price=334
2026-10-08,GDN,Gdańsk,OSL,Oslo,norwegian_intl,2026-11,371,nok,2026-11-20T11:25:00+01:00,2026-11-23T21:35:00+01:00,FR,Ryanair,3277,0,185,True,https://www.aviasales.com/search/GDN2011OSL23111?t=FR17951739001795179600000095GDNTRF17954697001795475100000090TRFGDN_040cbdfb3691b62214dbf9916472f87a_3319&search_date=06102026&expected_price_uuid=01a11229-85e0-8030-e118-0d5cf9ec2e39&static_fare_key=TY%7CP1%7CH0%7CL0%7CCH0%7CR0%7CTBC0&itinerary_key=JgePWSvcfJpYAr-fwBe4EQ&expected_price_source=share&expected_price_currency=nok&expected_price=371
2026-10-08,GDN,Gdańsk,OSL,Oslo,norwegian_intl,2026-12,429,nok,2026-12-01T14:35:00+01:00,2026-12-05T17:45:00+01:00,FR,Ryanair,3277,0,185,True,https://www.aviasales.com/search/GDN0112OSL05121?t=FR17961357001796141400000095GDNTRF17964927001796498100000090TRFGDN_a5232e27086c9a5f7f43875e014715b8_3825&search_date=07102026&expected_price_uuid=01a115aa-2f6a-8030-a3bb-46db25fc502d&static_fare_key=TY%7CP1%7CH0%7CL0%7CCH0%7CR0%7CTBC0&itinerary_key=BqXmv8-ATeYZBu1SBAt4hw&expected_price_source=share&expected_price_currency=nok&expected_price=429
2026-10-08,LPA,Gran Canaria,BGO,Bergen,bergen,2027-01,2084,nok,2027-01-14T18:30:00Z,2027-01-21T14:00:00+01:00,D8,Norwegian,5718,1,2065,False,https://www.aviasales.com/search/LPA1401BGO21011?t=D817999514001800003300000805LPAOSLBGO18005400001800612000001260BGOAMSLPA_597262e60162a60c6df0651bdd01436e_18070&search_date=01102026&expected_price_uuid=01a0f7c0-0a51-8040-a6d8-41c0e84138b7&static_fare_key=TY%7CP0%7CH0%7CL0%7CCH0%7CR0%7CTBC0&itinerary_key=Pv8FUrbdlWggDmtrqSTjCQ&expected_price_source=share&expected_price_currency=nok&expected_price=2084
2026-10-08,KKN,Kirkenes,OSL,Oslo,innenriks,2026-10,545,nok,2026-10-22T10:55:00+02:00,2026-10-30T09:15:00+01:00,DY,Norwegian,311,0,265,True,https://www.aviasales.com/search/KKN2210OSL30101?t=DY17926665001792674300000130KKNOSL17933517001793359800000135OSLKKN_4e7bc02fb981d1817c6c57a142b883e0_4819&search_date=05102026&expected_price_uuid=01a10d6a-7eac-8030-eca5-cf13fec8666e&static_fare_key=TY%7CP0%7CH0%7CL0%7CCH1%7CR0%7CTBC0&itinerary_key=maGK0ClM_2apM3g7Cx-PZg&expected_price_source=share&expected_price_currency=nok&expected_price=545
2026-10-08,KKN,Kirkenes,OSL,Oslo,innenriks,2026-12,2796,nok,2026-12-16T12:00:00+01:00,2026-12-19T07:00:00+01:00,D8,Norwegian,311,0,280,True,https://www.aviasales.com/search/KKN1612OSL19121?t=DY17974224001797430800000140KKNOSL17976636001797672000000140OSLKKN_ec9fe17e3db026d54b1a3f5e3ba121dc_24824&search_date=06102026&expected_price_uuid=01a10fd3-0174-8030-20c1-f878182eef34&static_fare_key=TY%7CP1%7CH0%7CL0%7CCH0%7CR0%7CTBC0&itinerary_key=thvQNaw7XedVwbs5ZEoeLA&expected_price_source=share&expected_price_currency=nok&expected_price=2796
2026-10-08,KKN,Kirkenes,OSL,Oslo,innenriks,2027-01,1296,nok,2027-01-05T12:00:00+01:00,2027-01-10T14:40:00+01:00,D8,Norwegian,311,0,275,True,https://www.aviasales.com/search/KKN0501OSL10011?t=DY17991504001799158800000140KKNOSL17995920001799600100000135OSLKKN_8c3ff67b70dcd01f0127ee7502d302a7_11587&search_date=06102026&expected_price_uuid=01a11205-3e5f-8030-a11e-dbd90bd1e0d5&static_fare_key=TY%7CP0%7CH0%7CL0%7CCH1%7CR0%7CTBC0&itinerary_key=UOkOyIVZMYFnpmrZSmWS3g&expected_price_source=share&expected_price_currency=nok&expected_price=1296
2026-10-08,KKN,Kirkenes,OSL,Oslo,innenriks,2027-06,1199,nok,2027-06-13T18:50:00+02:00,2027-07-08T08:15:00+02:00,DY,Norwegian,315,0,260,True,https://www.aviasales.com/search/KKN1306OSL08071?t=DY18129126001812920400000130KKNOSL18150345001815042300000130OSLKKN_912a825cef1dcfbeda21d70e7124b14b_10703&search_date=07102026&expected_price_uuid=01a11675-099e-8030-6a6f-5771a0ecb418&static_fare_key=TY%7CP0%7CH0%7CL0%7CCH1%7CR0%7CTBC0&itinerary_key=99VO3zgC-5CFiaX25rlGzQ&expected_price_source=share&expected_price_currency=nok&expected_price=1199
2026-10-08,KRK,Kraków,OSL,Oslo,norwegian_intl,2026-10,334,nok,2026-10-17T06:55:00+02:00,2026-10-19T13:55:00+02:00,FR,Ryanair,6216,0,245,True,https://www.aviasales.com/search/KRK1710OSL19101?t=FR17922201001792227600000125KRKTRF17924181001792425300000120TRFKRK_b838518d45d2eb00c0e15ed1c4081ec3_2892&search_date=01102026&expected_price_uuid=01a0f9d1-c5f6-8030-24a3-068d2254b8d3&static_fare_key=TY%7CP1%7CH0%7CL0%7CCH0%7CR0%7CTBC0&itinerary_key=2PBuOP3VeIELAVmQXUsFWg&expected_price_source=share&expected_price_currency=nok&expected_price=334
2026-10-08,KRK,Kraków,OSL,Oslo,norwegian_intl,2026-11,320,nok,2026-11-27T21:50:00+01:00,2026-11-30T15:50:00+01:00,DY,Norwegian,1043,0,260,True,https://www.aviasales.com/search/KRK2711OSL30111?t=W617958162001795823700000125KRKOSL17960538001796061900000135OSLKRK_c19d06dad3d5e02deaadd86e013d3556_2873&search_date=06102026&expected_price_uuid=01a1103c-5e9a-8030-e205-4bcbfc6e1b79&static_fare_key=TY%7CP0%7CH0%7CL0%7CCH0%7CR0%7CTBC0&itinerary_key=wwpqMFh8p_rrb2tND7Td2g&expected_price_source=share&expected_price_currency=nok&expected_price=320
2026-10-08,KRS,Kristiansand,OSL,Oslo,innenriks,2026-11,459,nok,2026-11-04T10:15:00+01:00,2026-11-04T20:30:00+01:00,DY,Norwegian,273,0,100,True,https://www.aviasales.com/search/KRS0411OSL04111?t=DY17937873001793790300000050KRSOSL17938242001793827200000050OSLKRS_ff4408d3e37d2438d9da5bb2d220a7e7_4073&search_date=06102026&expected_price_uuid=01a11350-5632-8030-631c-f0dbbce04b73&static_fare_key=TY%7CP1_JW%7CH0%7CL0%7CCH1%7CR0%7CTBC0&itinerary_key=Z8PCu587UV2pffFW0kykYQ&expected_price_source=share&expected_price_currency=nok&expected_price=459
2026-10-08,CPH,København,BGO,Bergen,bergen,2026-11,2052,nok,2026-11-12T08:05:00+01:00,2026-11-12T16:05:00+01:00,SK,SAS,2862,0,280,True,https://www.aviasales.com/search/CPH1211BGO12111?t=SK17944707001794476100000090CPHBGO17944995001794510900000190BGOOSLCPH_8f132bc06fb405d25e65e670f1ff7270_18323&search_date=07102026&expected_price_uuid=01a116a9-a0e0-8030-611a-723ab617f169&static_fare_key=TY%7CP1%7CH0%7CL0%7CCH0%7CR0%7CTBC0&itinerary_key=55_OqGDx-p7tvI3b70ztfw&expected_price_source=share&expected_price_currency=nok&expected_price=2052
2026-10-08,CPH,København,BGO,Bergen,bergen,2027-05,2878,nok,2027-05-09T10:45:00+02:00,2027-05-09T22:00:00+02:00,DY,Norwegian,935,1,1200,False,https://www.aviasales.com/search/CPH0905BGO09051?t=DY18098595001809892500000550CPHOSLBGO18099000001809939000000650BGOOSLCPH_2ff3d85cb0caf323573377c6932b47a9_24969&search_date=04102026&expected_price_uuid=01a10917-5cd9-8050-a8a8-310dcef73d88&static_fare_key=TY%7CP1_JW%7CH0%7CL0%7CCH1%7CR0%7CTBC0&itinerary_key=fLrzs03eBoyr1mQk5Iq_PQ&expected_price_source=share&expected_price_currency=nok&expected_price=2878
2026-10-08,CPH,København,OSL,Oslo,norwegian_intl,2026-10,1283,nok,2026-10-17T07:15:00+02:00,2026-10-24T08:55:00+02:00,D8,Norwegian,3220,0,140,True,https://www.aviasales.com/search/CPH1710OSL24101?t=D817922213001792225500000070CPHOSL17928321001792836300000070OSLCPH_4885e3aadb952e4574e594c9ec9db15a_11157&search_date=03102026&expected_price_uuid=01a1025c-8403-8030-259b-1466ccc4053e&static_fare_key=TY%7CP1_JW%7CH0%7CL0%7CCH1%7CR0%7CTBC0&itinerary_key=ReJJToeapJDhGRno6fc_Gw&expected_price_source=share&expected_price_currency=nok&expected_price=1283
2026-10-08,CPH,København,OSL,Oslo,norwegian_intl,2027-03,1420,nok,2027-03-01T09:15:00+01:00,2027-03-11T17:25:00+01:00,D8,Norwegian,933,0,150,True,https://www.aviasales.com/search/CPH0103OSL11031?t=DY18038925001803897000000075CPHOSL18047859001804790400000075OSLCPH_e44d8af6097522b887a0232dc6f78f6f_12601&search_date=05102026&expected_price_uuid=01a10c57-0e55-8050-e31b-2a07b03b3770&static_fare_key=TY%7CP1_JW%7CH0%7CL0%7CCH1%7CR0%7CTBC0&itinerary_key=jbyJmE5bkUHSWZiN4Gr_nA&expected_price_source=share&expected_price_currency=nok&expected_price=1420
2026-10-08,CPH,København,OSL,Oslo,norwegian_intl,2027-06,1154,nok,2027-06-07T19:10:00+02:00,2027-06-15T09:00:00+02:00,DY,Norwegian,949,0,535,True,https://www.aviasales.com/search/CPH0706OSL15061?t=DY18123954001812399600000070CPHOSL18130500001813077900000465OSLBUDCPH_25a73bf5e4b564b716b3b814ce5bdc84_10213&search_date=07102026&expected_price_uuid=01a11450-3d37-8040-6d0b-e14aba33e84c&static_fare_key=TY%7CP1_JW%7CH0%7CL0%7CCH1%7CR0%7CTBC0&itinerary_key=CI-zs6P26ODdXNPsWtdVbA&expected_price_source=share&expected_price_currency=nok&expected_price=1154
2026-10-08,LGW,London Gatwick,BGO,Bergen,bergen,2026-10,2127,nok,2026-10-14T21:00:00+01:00,2026-10-31T07:00:00+01:00,DY,Norwegian,1319,0,235,True,https://www.aviasales.com/search/LGW1410BGO31101?t=DY17920116001792022100000115LGWBGO17934300001793433600000120BGOLGW_e1c906ddf2de407ed7aeff11dc3711e0_18867&search_date=06102026&expected_price_uuid=01a113a5-3a1b-8040-ab70-4fa357352bd8&static_fare_key=TY%7CP0%7CH0%7CL0%7CCH1%7CR0%7CTBC0&itinerary_key=iLdZJT7whE6suG0wYzChiw&origin_airports=0&destination_airports=1&expected_price_source=share&expected_price_currency=nok&expected_price=2127
2026-10-08,LGW,London Gatwick,BGO,Bergen,bergen,2026-12,2426,nok,2026-12-16T09:15:00Z,2027-01-02T07:00:00+01:00,D8,Norwegian,1303,1,490,False,https://www.aviasales.com/search/LGW1612BGO02011?t=DY17974125001797438300000370LGWOSLBGO17988732001798876800000120BGOLGW_8d73651ae350aa404cb043a38910c4e6_21518&search_date=06102026&expected_price_uuid=01a113a3-cf2d-8040-645a-156366ad4654&static_fare_key=TY%7CP0%7CH0%7CL0%7CCH1%7CR0%7CTBC0&itinerary_key=fzuCCMoapLy2in1n4FkWUA&origin_airports=0&destination_airports=1&expected_price_source=share&expected_price_currency=nok&expected_price=2426
2026-10-08,LGW,London Gatwick,OSL,Oslo,norwegian_intl,2026-10,1118,nok,2026-10-21T09:20:00+01:00,2026-10-26T07:00:00+01:00,D8,Norwegian,1303,0,280,True,https://www.aviasales.com/search/LGW2110OSL26101?t=DY17925744001792585500000125LGWOSL17929980001793003700000155OSLLGW_a146adf9d57f6a47a02a58b5143fc8ec_9988&search_date=07102026&expected_price_uuid=01a11706-5af3-8030-2497-ce87f1ecd839&static_fare_key=TY%7CP0%7CH0%7CL0%7CCH1%7CR0%7CTBC0&itinerary_key=o-n9YMLF17ywEaMVLa09Mw&origin_airports=0&destination_airports=1&expected_price_source=share&expected_price_currency=nok&expected_price=1118
2026-10-08,LGW,London Gatwick,OSL,Oslo,norwegian_intl,2026-11,1169,nok,2026-11-13T17:40:00Z,2026-11-16T09:00:00+01:00,DY,Norwegian,1309,0,870,True,https://www.aviasales.com/search/LGW1311OSL16111?t=DY17945916001794603000000130LGWOSL17948196001794860400000740OSLBGOLGW_56670d6335dcef578170103fcc527cc6_10478&search_date=06102026&expected_price_uuid=01a11196-6d72-8040-aab2-d12cd39c182e&static_fare_key=TY%7CP0%7CH0%7CL0%7CCH1%7CR0%7CTBC0&itinerary_key=T-NQsXRWkTsXVw_vQ_hBiw&origin_airports=0&destination_airports=1&expected_price_source=share&expected_price_currency=nok&expected_price=1169
2026-10-08,LGW,London Gatwick,OSL,Oslo,norwegian_intl,2026-12,1762,nok,2026-12-30T21:00:00Z,2027-01-03T14:10:00+01:00,DY,Norwegian,1319,1,2350,False,https://www.aviasales.com/search/LGW3012OSL03011?t=DY17986644001798732200001070LGWBGOOSL17989854001799058600001280OSLSVGLGW_36c2f6ee5cf2a4145c28d89ef4982a5e_15736&search_date=07102026&expected_price_uuid=01a115f2-48dc-8030-eea4-6c9df3781c93&static_fare_key=TY%7CP1_JW%7CH0%7CL0%7CCH1%7CR0%7CTBC0&itinerary_key=LAmQgZlzlqZKbNOqBsSk3A&origin_airports=0&destination_airports=1&expected_price_source=share&expected_price_currency=nok&expected_price=1762
2026-10-08,LGW,London Gatwick,OSL,Oslo,norwegian_intl,2027-03,1407,nok,2027-03-26T11:10:00Z,2027-04-11T18:50:00+02:00,DY,Norwegian,1335,1,470,False,https://www.aviasales.com/search/LGW2603OSL11041?t=DY18060594001806082800000330LGWSVGOSL18074694001807474200000140OSLLGW_52413f054982d8dc5eb2595460d86c2e_12558&search_date=07102026&expected_price_uuid=01a1166c-610e-8030-e0ab-39fb82a36189&static_fare_key=TY%7CP1_JW%7CH0%7CL0%7CCH1%7CR0%7CTBC0&itinerary_key=EkHbvekHyfLW1U01DHt82A&origin_airports=0&destination_airports=1&expected_price_source=share&expected_price_currency=nok&expected_price=1407
2026-10-08,MAD,Madrid,OSL,Oslo,norwegian_intl,2026-10,977,nok,2026-10-27T23:10:00+01:00,2026-10-31T09:10:00+01:00,W4,W4,6314,1,2090,False,https://www.aviasales.com/search/MAD2710OSL31101?t=FR17931426001793220300001295MADMXPBGYTRF17934378001793485500000795TRFBGYMXPMAD_bd9c70ba9e2128b06c703d0757dafaab_8469&search_date=02102026&expected_price_uuid=01a0fb2d-811b-8030-abd6-105c9b30929b&static_fare_key=TY%7CP1%7CH0%7CL0%7CCH0%7CR0%7CTBC0&itinerary_key=0v4WjzFN3yn7heTPv56FaA&expected_price_source=share&expected_price_currency=nok&expected_price=977
2026-10-08,MAD,Madrid,OSL,Oslo,norwegian_intl,2026-11,1039,nok,2026-11-16T21:35:00+01:00,2026-11-21T09:10:00+01:00,FR,Ryanair,7071,1,1910,False,https://www.aviasales.com/search/MAD1611OSL21111?t=FR17948649001794931800001115MADGDNTRF17952522001795299900000795TRFBGYMXPMAD_8eb5178fad3b8aac4d6bd1269e6ab1b3_9007&search_date=02102026&expected_price_uuid=01a0fb22-05da-8030-6977-a8f665d9cb5e&static_fare_key=TY%7CP1%7CH0%7CL0%7CCH0%7CR0%7CTBC0&itinerary_key=qv8xSe_yE2Vo3rrvGHCiRg&expected_price_source=share&expected_price_currency=nok&expected_price=1039
2026-10-08,MAD,Madrid,OSL,Oslo,norwegian_intl,2026-12,1137,nok,2026-12-01T06:25:00+01:00,2026-12-05T09:40:00+01:00,FR,Ryanair,498,1,1110,False,https://www.aviasales.com/search/MAD0112OSL05121?t=FR17961063001796131500000420MADSTNOSL17964636001796505000000690TRFWAWWMIMAD_d073fbf8c1694c9f16d422b826dcea47_9851&search_date=02102026&expected_price_uuid=01a0fb22-b2f7-8030-24da-108e2144d835&static_fare_key=TY%7CP1%7CH0%7CL0%7CCH0%7CR0%7CTBC0&itinerary_key=IUBhRQDS2tKkDnNINVgQxA&expected_price_source=share&expected_price_currency=nok&expected_price=1137
2026-10-08,MAD,Madrid,OSL,Oslo,norwegian_intl,2027-01,1482,nok,2027-01-21T12:20:00+01:00,2027-01-24T11:20:00+01:00,DY,Norwegian,1719,0,460,True,https://www.aviasales.com/search/MAD2101OSL24011?t=IB18005340001800547500000225MADOSL18007896001800803700000235OSLMAD_802946a9154d52b0f4af1a9c49c642b5_12853&search_date=04102026&expected_price_uuid=01a10777-2d3d-8040-6f30-85040361d62f&static_fare_key=TY%7CP0%7CH0%7CL0%7CCH1%7CR0%7CTBC0&itinerary_key=OIYnssRSrKhi54NfUSRyBw&expected_price_source=share&expected_price_currency=nok&expected_price=1482
2026-10-08,MOL,Molde,OSL,Oslo,innenriks,2026-11,1534,nok,2026-11-13T18:55:00+01:00,2026-11-15T08:50:00+01:00,DY,Norwegian,431,0,115,True,https://www.aviasales.com/search/MOL1311OSL15111?t=DY17945961001794599400000055MOLOSL17947326001794736200000060OSLMOL_c41b24c9e5b8d0ac6e6253774b20dc48_13573&search_date=05102026&expected_price_uuid=01a10dcc-4031-8040-a02b-0d51c35908db&static_fare_key=TY%7CP0%7CH0%7CL0%7CCH1%7CR0%7CTBC0&itinerary_key=SUAIB_U8lAUTJWXXJRSKOQ&expected_price_source=share&expected_price_currency=nok&expected_price=1534
2026-10-08,AGP,Málaga,BGO,Bergen,bergen,2026-12,1760,nok,2026-12-01T11:25:00+01:00,2026-12-04T10:10:00+01:00,SK,SAS,1584,2,2105,False,https://www.aviasales.com/search/AGP0112BGO04121?t=SK17961243001796162700000640AGPARNOSLBGO17963790001796466900001465BGOARNAGP_aed6ea9417e8683ec6acc90b2bea0db9_15284&search_date=02102026&expected_price_uuid=01a0fc4a-b058-8030-674b-1386c3bf3580&static_fare_key=TY%7CP0%7CH0%7CL0%7CCH0%7CR0%7CTBC0&itinerary_key=HNJJ1jQ5ipzmVYxbnK14PQ&expected_price_source=share&expected_price_currency=nok&expected_price=1760
2026-10-08,AGP,Málaga,BGO,Bergen,bergen,2027-04,1640,nok,2027-04-01T12:35:00+02:00,2027-04-04T17:40:00+02:00,X5,X5,5036,2,2065,False,https://www.aviasales.com/search/AGP0104BGO04041?t=D818065829001806686100001720AGPMADOSLBGO18068604001806881100000345BGOOSLAGP_f4cbe4eeb4f2cc016b7b2a4745fbe673_14661&search_date=06102026&expected_price_uuid=01a111f2-4bbc-8030-ab90-54bfdde1c15d&static_fare_key=TY%7CP0%7CH0%7CL0%7CCH1%7CR0%7CTBC0&itinerary_key=_P4wP5CjXD-JEVW61pzozA&expected_price_source=share&expected_price_currency=nok&expected_price=1640
2026-10-08,AGP,Málaga,BGO,Bergen,bergen,2027-05,2027,nok,2027-05-01T11:35:00+02:00,2027-05-04T15:30:00+02:00,DY,Norwegian,1751,0,470,True,https://www.aviasales.com/search/AGP0105BGO04051?t=DY18091713001809185100000230AGPBGO18094446001809459000000240BGOAGP_309509161b7e827b0ce7e69dba76acad_18095&search_date=07102026&expected_price_uuid=01a115aa-a6ca-8030-618a-e6d5bfa096a2&static_fare_key=TY%7CP0%7CH0%7CL0%7CCH1%7CR0%7CTBC0&itinerary_key=sZ6pBHiHx3eRTQ4gmQF15A&expected_price_source=share&expected_price_currency=nok&expected_price=2027
2026-10-08,MUC,München,OSL,Oslo,norwegian_intl,2026-10,2547,nok,2026-10-22T19:40:00+02:00,2026-10-26T09:50:00+01:00,LO,LO,354,1,2515,False,https://www.aviasales.com/search/MUC2210OSL26101?t=FR17926980001792765800001130MUCWAWTRF17930082001793091300001385TRFKRKWAWMUC_eb9edc92bad61760f37e59eb045ee239_22080&search_date=01102026&expected_price_uuid=01a0f788-9670-8040-6172-c921e97fa715&static_fare_key=TY%7CP1%7CH0%7CL0%7CCH0%7CR0%7CTBC0&itinerary_key=8KjmsDFskqmAERupVvqLyQ&expected_price_source=share&expected_price_currency=nok&expected_price=2547
2026-10-08,MUC,München,OSL,Oslo,norwegian_intl,2026-12,2248,nok,2026-12-11T09:05:00+01:00,2026-12-14T08:20:00+01:00,BT,BT,222,1,1260,False,https://www.aviasales.com/search/MUC1112OSL14121?t=BT17969799001797018300000640MUCRIXOSL17972364001797273600000620OSLRIXMUC_b4e3114af804cf312aa49868a519626d_19573&search_date=02102026&expected_price_uuid=01a0fd6b-3353-8030-eb40-e1d02b817ce8&static_fare_key=TY%7CP1%7CH1%7CL0%7CCH0%7CR0%7CTBC0&itinerary_key=fzngPbccJ8GLHkuV94JRnw&expected_price_source=share&expected_price_currency=nok&expected_price=2248
2026-10-08,MUC,München,OSL,Oslo,norwegian_intl,2027-01,2874,nok,2027-01-01T20:05:00+01:00,2027-01-05T06:05:00+01:00,KL,KLM,1858,1,1050,False,https://www.aviasales.com/search/MUC0101OSL05011?t=KL17988339001798879500000760MUCAMSOSL17991291001799146500000290OSLAMSMUC_a768184b75617cbdb7b2a9c9d918dbea_25663&search_date=07102026&expected_price_uuid=01a116c7-4635-8030-6bb3-86bcdb825570&static_fare_key=TY%7CP0%7CH0%7CL0%7CCH0%7CR0%7CTBC0&itinerary_key=phZh5UmdgiGpJOWejbFaVg&expected_price_source=share&expected_price_currency=nok&expected_price=2874
2026-10-08,MUC,München,OSL,Oslo,norwegian_intl,2027-03,2122,nok,2027-03-22T06:50:00+01:00,2027-03-24T21:30:00+01:00,LO,LO,356,1,1580,False,https://www.aviasales.com/search/MUC2203OSL24031?t=DY18056982001805741700000725MUCWAWOSL18059238001805975100000855OSLTOSMUC_469205c4a1dac7aa034a8aa74fa1069c_18454&search_date=03102026&expected_price_uuid=01a10144-22ba-8030-a4d5-87fe9b80b336&static_fare_key=TY%7CP1%7CH1%7CL0%7CCH1%7CR0%7CTBC0&itinerary_key=sPV-zNZKl0z5Mb6FybDoEA&expected_price_source=share&expected_price_currency=nok&expected_price=2122
2026-10-08,NCE,Nice,OSL,Oslo,norwegian_intl,2026-10,1381,nok,2026-10-22T13:35:00+02:00,2026-10-25T08:00:00+01:00,W6,Wizz Air,1720,1,1260,False,https://www.aviasales.com/search/NCE2210OSL25101?t=DY17926761001792741200001085NCEGDNTRF17929152001792925700000175OSLNCE_9caf329526670dd75a305d2da990be42_12323&search_date=07102026&expected_price_uuid=01a1168e-821a-8030-6e9c-6ed3445ba38e&static_fare_key=TY%7CP1%7CH0%7CL0%7CCH0%7CR0%7CTBC0&itinerary_key=rdjrR94v2F3ZPmv-kStmTw&expected_price_source=share&expected_price_currency=nok&expected_price=1381
2026-10-08,OSL,Oslo,ALC,Alicante,norwegian_intl,2026-10,1570,nok,2026-10-10T23:40:00+02:00,2026-10-12T23:45:00+02:00,RK,RK,1395,1,1250,False,https://www.aviasales.com/search/OSL1010ALC12101?t=FR17916756001791713100000625OSLSTNLTNALC17918487001791886200000625ALCLGWSTNOSL_ababf9105c9bd767bfc8cc7289d4fe57_13612&search_date=04102026&expected_price_uuid=01a10692-2124-8030-251b-e4a0b0b149a5&static_fare_key=TY%7CP1%7CH0%7CL0%7CCH0%7CR0%7CTBC0&itinerary_key=Ooe2wZ3GMI7EUh1mlcrzOA&expected_price_source=share&expected_price_currency=nok&expected_price=1570
2026-10-08,OSL,Oslo,ALC,Alicante,norwegian_intl,2026-11,817,nok,2026-11-21T10:05:00+01:00,2026-11-24T08:00:00+01:00,FR,Ryanair,6599,0,440,True,https://www.aviasales.com/search/OSL2111ALC24111?t=FR17952555001795268700000220TRFALC17955072001795520400000220ALCTRF_b75825f2f7418b51fff427addd677473_7107&search_date=03102026&expected_price_uuid=01a1027a-4def-8030-6c19-140e9df06a41&static_fare_key=TY%7CP1%7CH0%7CL0%7CCH0%7CR0%7CTBC0&itinerary_key=mEJ640-Ky60Prm8UOQ8bFg&expected_price_source=share&expected_price_currency=nok&expected_price=817
2026-10-08,OSL,Oslo,ALC,Alicante,norwegian_intl,2026-12,2133,nok,2026-12-19T10:05:00+01:00,2026-12-26T06:00:00+01:00,FR,Ryanair,6599,0,440,True,https://www.aviasales.com/search/OSL1912ALC26121?t=FR17976747001797687900000220TRFALC17982648001798278000000220ALCTRF_9d76c6baba825e3dc053713bb7418e49_18495&search_date=04102026&expected_price_uuid=01a1078d-dff1-8030-6fe7-8b445add7fcc&static_fare_key=TY%7CP1%7CH0%7CL0%7CCH0%7CR0%7CTBC0&itinerary_key=F40YuIfBA0nmF4rbkx-Phg&expected_price_source=share&expected_price_currency=nok&expected_price=2133
2026-10-08,OSL,Oslo,ALC,Alicante,norwegian_intl,2027-01,1421,nok,2027-01-28T19:35:00+01:00,2027-01-31T22:10:00+01:00,FR,Ryanair,6599,0,1290,True,https://www.aviasales.com/search/OSL2801ALC31011?t=FR18011649001801178100000220TRFALC18014334001801497600001070ALCMXPBTSOSL_6e4897eae7a856f94382579597466b0c_12621&search_date=06102026&expected_price_uuid=01a10fad-b34a-8030-aa91-a0af591fd054&static_fare_key=TY%7CP1%7CH0%7CL0%7CCH0%7CR0%7CTBC0&itinerary_key=cz6YdQYWB3D4QnJVr3RWmw&expected_price_source=share&expected_price_currency=nok&expected_price=1421
2026-10-08,OSL,Oslo,AMS,Amsterdam,norwegian_intl,2026-10,2559,nok,2026-10-25T20:00:00+01:00,2026-10-28T18:20:00+01:00,DY,Norwegian,824,1,1005,False,https://www.aviasales.com/search/OSL2510AMS28101?t=D817929584001793012400000900OSLARNAMS17932116001793217900000105AMSOSL_87fd54a80163e528258bbc06f8687b49_22656&search_date=07102026&expected_price_uuid=01a113ec-d42e-8030-6175-a233cde91375&static_fare_key=TY%7CP1_JW%7CH0%7CL0%7CCH1%7CR0%7CTBC0&itinerary_key=MTIH_yOvognG0Hn6YEIp0Q&expected_price_source=share&expected_price_currency=nok&expected_price=2559
2026-10-08,OSL,Oslo,AMS,Amsterdam,norwegian_intl,2026-11,1958,nok,2026-11-13T07:45:00+01:00,2026-11-16T19:10:00+01:00,SK,SAS,821,0,235,True,https://www.aviasales.com/search/OSL1311AMS16111?t=SK17945559001794563700000130OSLAMS17948562001794862500000105AMSOSL_82f887f04a59e022d7f4e16574f2680a_17527&search_date=08102026&expected_price_uuid=01a11ac2-b758-8030-6e8e-8b03b9794f97&static_fare_key=TY%7CP0%7CH0%7CL0%7CCH0%7CR0%7CTBC0&itinerary_key=Ju9gHDQFwsY7NgL1GkuaSQ&expected_price_source=share&expected_price_currency=nok&expected_price=1958
2026-10-08,OSL,Oslo,AMS,Amsterdam,norwegian_intl,2027-01,1795,nok,2027-01-29T15:40:00+01:00,2027-02-03T19:10:00+01:00,DY,Norwegian,1258,0,220,True,https://www.aviasales.com/search/OSL2901AMS03021?t=DY18012372001801244100000115OSLAMS18016818001801688100000105AMSOSL_e9ac56a50c474d4683362003e2d7dba7_15533&search_date=01102026&expected_price_uuid=01a0f88c-731c-8040-2697-242844ebb4b9&static_fare_key=TY%7CP1%7CH0%7CL0%7CCH0%7CR0%7CTBC0&itinerary_key=wBk6yn0CV8vx45Ze7JRL2w&expected_price_source=share&expected_price_currency=nok&expected_price=1795
2026-10-08,OSL,Oslo,BCN,Barcelona,norwegian_intl,2026-10,1250,nok,2026-10-20T13:40:00+02:00,2026-10-21T09:35:00+02:00,AL,AL,3588,1,1155,False,https://www.aviasales.com/search/OSL2010BCN21101?t=W617925036001792536900000555TRFBGYBCN17925753001792611300000600BCNKRKTRF_d7edbec86c591d3de04d1d80bd2d0070_11087&search_date=06102026&expected_price_uuid=01a11266-08b0-8030-2fd0-3c422fdb610a&static_fare_key=TY%7CP1%7CH0%7CL0%7CCH0%7CR0%7CTBC0&itinerary_key=cV5vnhO-MyufNjmP75UgpQ&expected_price_source=share&expected_price_currency=nok&expected_price=1250
2026-10-08,OSL,Oslo,BCN,Barcelona,norwegian_intl,2026-11,1077,nok,2026-11-23T19:25:00+01:00,2026-11-28T17:55:00+01:00,RK,RK,33,1,2400,False,https://www.aviasales.com/search/OSL2311BCN28111?t=FR17954619001795538100001270TRFSTNBCN17958885001795956300001130BCNSTNTRF_8d515eeffa008756c47eb561f7eab719_9383&search_date=02102026&expected_price_uuid=01a0fdfc-27c0-8030-2862-121d3d6d580f&static_fare_key=TY%7CP1%7CH0%7CL0%7CCH0%7CR0%7CTBC0&itinerary_key=J3pshixN4kiQ2mAx6OOA0g&expected_price_source=share&expected_price_currency=nok&expected_price=1077
2026-10-08,OSL,Oslo,BCN,Barcelona,norwegian_intl,2026-12,1483,nok,2026-12-02T17:35:00+01:00,2026-12-09T08:15:00+01:00,RK,RK,1393,1,1465,False,https://www.aviasales.com/search/OSL0212BCN09121?t=FR17962329001796288700000930OSLSTNLTNBCN17968041001796836200000535BCNSTNOSL_58ef9f58336a06e9f84fcfa9a80a4c84_12841&search_date=01102026&expected_price_uuid=01a0f99e-15c3-8030-675a-2eef214bf79b&static_fare_key=TY%7CP1%7CH0%7CL0%7CCH0%7CR0%7CTBC0&itinerary_key=YsDnt9I8bX2Wb5IIUmhMOA&expected_price_source=share&expected_price_currency=nok&expected_price=1483
2026-10-08,OSL,Oslo,BGO,Bergen,bergen,2026-10,501,nok,2026-10-28T08:00:00+01:00,2026-10-29T06:30:00+01:00,D8,Norwegian,604,0,115,True,https://www.aviasales.com/search/OSL2810BGO29101?t=DY17931744001793177700000055OSLBGO17932554001793259000000060BGOOSL_6011acfacfe27f79dc1db2332fb9ea04_4349&search_date=02102026&expected_price_uuid=01a0fcf4-8a81-8030-a5ec-a44e3a75c6fb&static_fare_key=TY%7CP1_JW%7CH0%7CL0%7CCH1%7CR0%7CTBC0&itinerary_key=HYXKNgNcZNcJ9Vl0LVtaTg&expected_price_source=share&expected_price_currency=nok&expected_price=501
2026-10-08,OSL,Oslo,BGO,Bergen,bergen,2026-11,977,nok,2026-11-06T08:00:00+01:00,2026-11-08T22:50:00+01:00,SK,SAS,332,1,770,False,https://www.aviasales.com/search/OSL0611BGO08111?t=SK17939520001793994900000715OSLTRDBGO17941782001794181500000055BGOTRF_86d1ea1f25c00b78831321e2925f3b29_8720&search_date=07102026&expected_price_uuid=01a11871-44d9-8030-2fcf-5d83d0845258&static_fare_key=TY%7CP1%7CH0%7CL0%7CCH0%7CR0%7CTBC0&itinerary_key=_CbI1sMXhEunbnQ6uFRCBQ&expected_price_source=share&expected_price_currency=nok&expected_price=977
2026-10-08,OSL,Oslo,BER,Berlin,norwegian_intl,2026-10,1048,nok,2026-10-14T07:30:00+02:00,2026-10-21T20:45:00+02:00,DY,Norwegian,1102,0,195,True,https://www.aviasales.com/search/OSL1410BER21101?t=DY17919630001791968700000095OSLBER17926155001792621500000100BEROSL_690a0e17b33072c6652dd5e2c2f1d9e6_9360&search_date=07102026&expected_price_uuid=01a11744-d1bc-8030-2a0a-9e541d799026&static_fare_key=TY%7CP0%7CH0%7CL0%7CCH1%7CR0%7CTBC0&itinerary_key=8n8GXHyP0S2Mdm4-znadfA&expected_price_source=share&expected_price_currency=nok&expected_price=1048
2026-10-08,OSL,Oslo,BER,Berlin,norwegian_intl,2026-12,1858,nok,2026-12-21T07:30:00+01:00,2027-01-03T20:45:00+01:00,DY,Norwegian,1102,0,195,True,https://www.aviasales.com/search/OSL2112BER03011?t=DY17978382001797843900000095OSLBER17990091001799015100000100BEROSL_f893043f0c17225394be9c3dc40dbf99_16373&search_date=05102026&expected_price_uuid=01a10b29-10a3-8030-6694-d661905fb1e8&static_fare_key=TY%7CP1_JW%7CH0%7CL0%7CCH1%7CR0%7CTBC0&itinerary_key=hefnCkzFATKK3wv2SJZ-rw&expected_price_source=share&expected_price_currency=nok&expected_price=1858
2026-10-08,OSL,Oslo,GDN,Gdańsk,norwegian_intl,2026-10,354,nok,2026-10-20T18:20:00+02:00,2026-10-23T06:10:00+02:00,FR,Ryanair,4943,0,175,True,https://www.aviasales.com/search/OSL2010GDN23101?t=FR17925204001792525500000085TRFGDN17927358001792741200000090GDNTRF_13dae875cf89bd83dbbe83b17a9cd939_3160&search_date=07102026&expected_price_uuid=01a11745-922a-8030-e3a5-d2a51f83ce61&static_fare_key=TY%7CP0%7CH0%7CL0%7CCH0%7CR0%7CTBC0&itinerary_key=HziSd2XWxNQtV1JYWhTjxQ&expected_price_source=share&expected_price_currency=nok&expected_price=354
2026-10-08,OSL,Oslo,GDN,Gdańsk,norwegian_intl,2026-11,331,nok,2026-11-14T17:45:00+01:00,2026-11-16T19:35:00+01:00,FR,Ryanair,3278,0,185,True,https://www.aviasales.com/search/OSL1411GDN16111?t=FR17946783001794683700000090TRFGDN17948577001794863400000095GDNTRF_ec866bda944217d900130ed9bec07f27_2925&search_date=05102026&expected_price_uuid=01a10de3-d27b-8030-2167-15d2f83d7925&static_fare_key=TY%7CP1%7CH0%7CL0%7CCH0%7CR0%7CTBC0&itinerary_key=MXrTbeb3x4bBDw27P_SRcQ&expected_price_source=share&expected_price_currency=nok&expected_price=331
2026-10-08,OSL,Oslo,GDN,Gdańsk,norwegian_intl,2026-12,463,nok,2026-12-05T17:45:00+01:00,2026-12-07T06:00:00+01:00,FR,Ryanair,3278,0,185,True,https://www.aviasales.com/search/OSL0512GDN07121?t=FR17964927001796498100000090TRFGDN17966232001796628900000095GDNTRF_87e4d9356045681107e1c9e941a26121_4093&search_date=05102026&expected_price_uuid=01a10dee-fc1d-8030-ea91-40c4cdfc1485&static_fare_key=TY%7CP1%7CH0%7CL0%7CCH0%7CR0%7CTBC0&itinerary_key=Ytnbb5d_b6A19vWotJyJFA&expected_price_source=share&expected_price_currency=nok&expected_price=463
2026-10-08,OSL,Oslo,LPA,Gran Canaria,norwegian_intl,2026-11,1777,nok,2026-11-28T09:10:00+01:00,2026-12-05T08:15:00Z,MW,MW,3588,1,1270,False,https://www.aviasales.com/search/OSL2811LPA05121?t=FR17958570001795893900000675TRFBGYLPA17964585001796497800000595LPAFUEMANTRF_f8a8309c72f3a4750092ea39a0c5e290_15412&search_date=04102026&expected_price_uuid=01a10732-d624-8030-63f1-46a5bc867a24&static_fare_key=TY%7CP1%7CH0%7CL0%7CCH0%7CR0%7CTBC0&itinerary_key=iPrRUNyFbGTHaeAUR496Ow&expected_price_source=share&expected_price_currency=nok&expected_price=1777
2026-10-08,OSL,Oslo,LPA,Gran Canaria,norwegian_intl,2026-12,3214,nok,2026-12-20T18:55:00+01:00,2026-12-28T18:50:00Z,KL,KLM,1206,1,1740,False,https://www.aviasales.com/search/OSL2012LPA28121?t=HV17977929001797847200000965OSLAMSLPA17984838001798533900000775LPAAMSOSL_047ad1bb3fbad8362a0f7e3622165305_27945&search_date=03102026&expected_price_uuid=01a103fc-8ddb-8030-ef9b-0b70d555208e&static_fare_key=TY%7CP1%7CH0%7CL0%7CCH0%7CR0%7CTBC0&itinerary_key=D9BUCCiJ_FUA1BD1ThFEFw&expected_price_source=share&expected_price_currency=nok&expected_price=3214
2026-10-08,OSL,Oslo,LPA,Gran Canaria,norwegian_intl,2027-03,4450,nok,2027-03-20T21:30:00+01:00,2027-03-28T18:05:00+01:00,W4,W4,3216,2,3820,False,https://www.aviasales.com/search/OSL2003LPA28031?t=HV18055782001805703300002145TRFOTPAGPLPA18062571001806361200001675LPABRUOSL_710702d5c8a375fadaa0eca02bc42ffb_38690&search_date=03102026&expected_price_uuid=01a103fc-ce7c-8030-2fb8-21ae25206c16&static_fare_key=TY%7CP1%7CH0%7CL0%7CCH0%7CR0%7CTBC0&itinerary_key=TCgU97MQBJ_DyP-wOOwloQ&expected_price_source=share&expected_price_currency=nok&expected_price=4450
2026-10-08,OSL,Oslo,LPA,Gran Canaria,norwegian_intl,2027-05,2302,nok,2027-05-07T19:35:00+02:00,2027-05-19T20:40:00+01:00,D8,Norwegian,5523,1,2195,False,https://www.aviasales.com/search/OSL0705LPA19051?t=VY18097185001809767100000870OSLBCNLPA18107592001810842300001325LPABCNOSL_b41f3e855d59d53abf5dca0d8d937a01_19952&search_date=02102026&expected_price_uuid=01a0faa4-572b-8030-2a3b-5d8b2da2f2ec&static_fare_key=TY%7CP0%7CH0%7CL0%7CCH0%7CR0%7CTBC0&itinerary_key=QHVX41JcOZc3q3en-sgbjA&expected_price_source=share&expected_price_currency=nok&expected_price=2302
2026-10-08,OSL,Oslo,KKN,Kirkenes,innenriks,2026-12,2978,nok,2026-12-18T09:15:00+01:00,2027-01-03T18:35:00+01:00,DY,Norwegian,310,0,2520,True,https://www.aviasales.com/search/OSL1812KKN03011?t=DY17975853001797593400000135OSLKKN17990013001799144400002385KKNVDSALFOSL_2a529346a85e36a94696b3ad3bad0efc_26343&search_date=05102026&expected_price_uuid=01a10d1c-d4d9-8030-a016-a1f7ea781560&static_fare_key=TY%7CP0%7CH0%7CL0%7CCH1%7CR0%7CTBC0&itinerary_key=AJryyWTb0UBCtc2l0n2m8Q&expected_price_source=share&expected_price_currency=nok&expected_price=2978
2026-10-08,OSL,Oslo,KRK,Kraków,norwegian_intl,2026-10,488,nok,2026-10-14T20:00:00+02:00,2026-10-23T15:30:00+02:00,FR,Ryanair,6311,0,245,True,https://www.aviasales.com/search/OSL1410KRK23101?t=FR17920080001792015200000120TRFKRK17927694001792776900000125KRKTRF_a9650036e6eb25995358cdec8e31f80b_4363&search_date=08102026&expected_price_uuid=01a11ae9-024d-8030-25ce-601d94c75adb&static_fare_key=TY%7CP1%7CH0%7CL0%7CCH0%7CR0%7CTBC0&itinerary_key=xysDTyAj0ID85aVel0F9Qw&expected_price_source=share&expected_price_currency=nok&expected_price=488
2026-10-08,OSL,Oslo,KRK,Kraków,norwegian_intl,2026-11,364,nok,2026-11-18T19:55:00+01:00,2026-11-21T06:15:00+01:00,FR,Ryanair,6217,0,255,True,https://www.aviasales.com/search/OSL1811KRK21111?t=FR17950317001795039200000125TRFKRK17952417001795249500000130KRKTRF_a181522dc904093e22617fc1182ad499_3235&search_date=06102026&expected_price_uuid=01a11004-58f9-8030-a726-915cae22a80f&static_fare_key=TY%7CP1%7CH0%7CL0%7CCH0%7CR0%7CTBC0&itinerary_key=KX8xyWzHGJ1n1o9krw2R4g&expected_price_source=share&expected_price_currency=nok&expected_price=364
2026-10-08,OSL,Oslo,KRK,Kraków,norwegian_intl,2026-12,3027,nok,2026-12-20T05:55:00+01:00,2027-01-03T10:15:00+01:00,SK,SAS,1461,1,955,False,https://www.aviasales.com/search/OSL2012KRK03011?t=SK17977461001797759300000220OSLCPHKRK17989713001799015400000735KRKCPHOSL_83eb971f2307a487127f6dcd42e4f9b3_26674&search_date=05102026&expected_price_uuid=01a10b23-71f0-8030-6d7c-c7da10bd834f&static_fare_key=TY%7CP1%7CH0%7CL0%7CCH0%7CR0%7CTBC0&itinerary_key=h5Ilua98OsUrBrZ6hTwd2Q&expected_price_source=share&expected_price_currency=nok&expected_price=3027
2026-10-08,OSL,Oslo,KRK,Kraków,norwegian_intl,2027-02,732,nok,2027-02-20T08:50:00+01:00,2027-02-23T12:45:00+01:00,FR,Ryanair,6311,0,250,True,https://www.aviasales.com/search/OSL2002KRK23021?t=FR18031134001803120900000125TRFKRK18033867001803394200000125KRKOSL_2ae53cad5322ef7ac716ba5aa10055a6_6337&search_date=01102026&expected_price_uuid=01a0f99f-5065-8030-2245-2055d1418fad&static_fare_key=TY%7CP1%7CH0%7CL0%7CCH0%7CR0%7CTBC0&itinerary_key=s7FZBFL1E6XOR6M_BMuUbw&expected_price_source=share&expected_price_currency=nok&expected_price=732
2026-10-08,OSL,Oslo,CPH,København,norwegian_intl,2026-10,1068,nok,2026-10-12T08:20:00+02:00,2026-10-19T20:35:00+02:00,RR,RR,6217,1,1645,False,https://www.aviasales.com/search/OSL1210CPH19101?t=FR17917932001791850500000955TRFKRKCPH17924421001792483500000690CPHKRKTRF_9ef4060dd5969a6b5480eb48079fdb98_9480&search_date=06102026&expected_price_uuid=01a10ec1-2d02-8030-6f8f-f643db139f4e&static_fare_key=TY%7CP1%7CH0%7CL0%7CCH0%7CR0%7CTBC0&itinerary_key=BjUFF_IJ3pBKFkI1t89gNw&expected_price_source=share&expected_price_currency=nok&expected_price=1068
2026-10-08,OSL,Oslo,CPH,København,norwegian_intl,2026-11,1030,nok,2026-11-14T17:45:00+01:00,2026-11-16T13:10:00+01:00,RR,RR,3278,1,1620,False,https://www.aviasales.com/search/OSL1411CPH16111?t=FR17946783001794746700001140TRFGDNCPH17948346001794863400000480CPHGDNTRF_29f1a9968b4b1d6e83d6f5cacc535c5a_8917&search_date=01102026&expected_price_uuid=01a0f85e-ccf7-8030-2496-cf6a2a613b6d&static_fare_key=TY%7CP1%7CH0%7CL0%7CCH0%7CR0%7CTBC0&itinerary_key=ZLVQpFCDKGZ_Nd1iNGYcgw&expected_price_source=share&expected_price_currency=nok&expected_price=1030
2026-10-08,OSL,Oslo,LGW,London Gatwick,norwegian_intl,2026-10,1510,nok,2026-10-13T07:10:00+02:00,2026-10-22T20:50:00+01:00,DY,Norwegian,1302,0,275,True,https://www.aviasales.com/search/OSL1310LGW22101?t=DY17918754001791880800000150OSLLGW17927022001792713300000125LGWOSL_a8a80f5e8ff4465d3e30b70f06051661_13486&search_date=07102026&expected_price_uuid=01a11746-a896-8030-ab64-f7075a213789&static_fare_key=TY%7CP0%7CH0%7CL0%7CCH1%7CR0%7CTBC0&itinerary_key=kO4kkamZYbetjCm6L3v_8A&origin_airports=1&destination_airports=0&expected_price_source=share&expected_price_currency=nok&expected_price=1510
2026-10-08,OSL,Oslo,LGW,London Gatwick,norwegian_intl,2026-11,1202,nok,2026-11-16T07:00:00+01:00,2026-11-20T17:40:00Z,DY,Norwegian,602,1,385,False,https://www.aviasales.com/search/OSL1611LGW20111?t=DY17948124001794824100000255OSLBGOLGW17951964001795207800000130LGWOSL_5d8c7c19799c4682c5f51c0ab4aab0ce_10802&search_date=07102026&expected_price_uuid=01a1156a-b40b-8030-e700-860dbafebbde&static_fare_key=TY%7CP0%7CH0%7CL0%7CCH1%7CR0%7CTBC0&itinerary_key=p6wQiiYDQsSsfdoLqI8LiQ&origin_airports=1&destination_airports=0&expected_price_source=share&expected_price_currency=nok&expected_price=1202
2026-10-08,OSL,Oslo,LGW,London Gatwick,norwegian_intl,2026-12,1767,nok,2026-12-24T07:00:00+01:00,2027-01-05T17:40:00Z,DY,Norwegian,1302,0,285,True,https://www.aviasales.com/search/OSL2412LGW05011?t=DY17980956001798101300000155OSLLGW17991708001799182200000130LGWOSL_76835591a8805dbf217e98ab8a174b71_15673&search_date=06102026&expected_price_uuid=01a112dd-5e69-8030-69f5-2eb5e5be129b&static_fare_key=TY%7CP1_JW%7CH0%7CL0%7CCH1%7CR0%7CTBC0&itinerary_key=xPV31Upnib3r4PHFruFnRg&origin_airports=1&destination_airports=0&expected_price_source=share&expected_price_currency=nok&expected_price=1767
2026-10-08,OSL,Oslo,LGW,London Gatwick,norwegian_intl,2027-01,1363,nok,2027-01-06T20:40:00+01:00,2027-01-10T20:55:00Z,D8,Norwegian,770,1,1555,False,https://www.aviasales.com/search/OSL0601LGW10011?t=DY17992680001799349900001425OSLTRDLGW17996145001799625900000130LGWOSL_7d5b4e5237f2d31bef277daefe94dd2e_11823&search_date=04102026&expected_price_uuid=01a10899-5377-8030-e3fe-29b38a086443&static_fare_key=TY%7CP1_JW%7CH0%7CL0%7CCH1%7CR0%7CTBC0&itinerary_key=ajRUltoTAogOqfvsukIHgA&origin_airports=1&destination_airports=0&expected_price_source=share&expected_price_currency=nok&expected_price=1363
2026-10-08,OSL,Oslo,LGW,London Gatwick,norwegian_intl,2027-04,1249,nok,2027-04-05T07:10:00+02:00,2027-04-25T09:20:00+01:00,DY,Norwegian,1302,0,275,True,https://www.aviasales.com/search/OSL0504LGW25041?t=DY18069090001806914400000150OSLLGW18086448001808655900000125LGWOSL_feb40dd222a52f3f0f242e527aa62362_11098&search_date=08102026&expected_price_uuid=01a11a43-49a4-8040-24d3-af2d25ffba55&static_fare_key=TY%7CP0%7CH0%7CL0%7CCH1%7CR0%7CTBC0&itinerary_key=_DemZTLpPMTIlsAquaoZTA&origin_airports=1&destination_airports=0&expected_price_source=share&expected_price_currency=nok&expected_price=1249
2026-10-08,OSL,Oslo,MAD,Madrid,norwegian_intl,2026-10,1592,nok,2026-10-29T13:05:00+01:00,2026-11-01T20:15:00+01:00,RR,RR,4943,1,1090,False,https://www.aviasales.com/search/OSL2910MAD01111?t=FR17932791001793303700000410TRFGDNMAD17935641001793604900000680MADGDNTRF_cb538e918d31f3ed034448fec204dd96_14087&search_date=05102026&expected_price_uuid=01a10d06-a884-8040-67e4-1d5ed0e59173&static_fare_key=TY%7CP0%7CH0%7CL0%7CCH0%7CR0%7CTBC0&itinerary_key=4kKUEU7BPnFNxhxKJA8Qsg&expected_price_source=share&expected_price_currency=nok&expected_price=1592
2026-10-08,OSL,Oslo,MAD,Madrid,norwegian_intl,2026-11,1605,nok,2026-11-20T17:35:00+01:00,2026-11-23T21:25:00+01:00,MW,MW,3588,1,2110,False,https://www.aviasales.com/search/OSL2011MAD23111?t=FR17951961001795260000001065TRFBGYMAD17954691001795531800001045MADSTNKRKOSL_01a7aebea2243921b69d77c3fc421eac_13919&search_date=04102026&expected_price_uuid=01a1076e-a307-8040-6288-d6cf636f4f3d&static_fare_key=TY%7CP0%7CH0%7CL0%7CCH0%7CR0%7CTBC0&itinerary_key=jn7NDu_LJ_29vou-oUWt7A&expected_price_source=share&expected_price_currency=nok&expected_price=1605
2026-10-08,OSL,Oslo,MAD,Madrid,norwegian_intl,2027-01,2098,nok,2027-01-01T12:40:00+01:00,2027-01-05T20:00:00+01:00,W6,Wizz Air,1784,1,2390,False,https://www.aviasales.com/search/OSL0101MAD05011?t=W617988072001798883700001275OSLGDNMAD17991792001799246100001115MADBUDOSL_0c7548c890f2d5bf36de12ec420319e1_18195&search_date=04102026&expected_price_uuid=01a10672-88ca-8030-e03d-263dfb24d79d&static_fare_key=TY%7CP1%7CH0%7CL0%7CCH0%7CR0%7CTBC0&itinerary_key=Nv3mrfyRfQqD0mWirRw0SA&expected_price_source=share&expected_price_currency=nok&expected_price=2098
2026-10-08,OSL,Oslo,AGP,Málaga,norwegian_intl,2026-10,1346,nok,2026-10-30T17:35:00+01:00,2026-11-08T07:30:00+01:00,AL,AL,3588,1,2420,False,https://www.aviasales.com/search/OSL3010AGP08111?t=FR17933817001793440200000975TRFBGYAGP17941230001794209700001445AGPGDNTRF_2b5ef557555e8cd9fd0de311d3ee5312_12033&search_date=06102026&expected_price_uuid=01a11228-6fa5-8040-2ce4-bcebda5a7ac8&static_fare_key=TY%7CP0%7CH0%7CL0%7CCH0%7CR0%7CTBC0&itinerary_key=gjWte1Ol1eSGcPX6CuzY5w&expected_price_source=share&expected_price_currency=nok&expected_price=1346
2026-10-08,OSL,Oslo,AGP,Málaga,norwegian_intl,2026-11,1378,nok,2026-11-27T10:40:00+01:00,2026-11-29T22:25:00+01:00,D8,Norwegian,5031,0,2310,True,https://www.aviasales.com/search/OSL2711AGP29111?t=D817957760001795790400000240TRFAGP17959911001796115300002070AGPVCEWAWTRF_73353f2e10d06a1c2470d558e2850d1f_12281&search_date=08102026&expected_price_uuid=01a11a7f-d364-8030-e223-318fa615ed63&static_fare_key=TY%7CP1%7CH0%7CL0%7CCH0%7CR0%7CTBC0&itinerary_key=b59dFYi7sPoYextawWKEDw&expected_price_source=share&expected_price_currency=nok&expected_price=1378
2026-10-08,OSL,Oslo,AGP,Málaga,norwegian_intl,2027-02,2026,nok,2027-02-20T08:50:00+01:00,2027-02-27T20:50:00+01:00,RR,RR,6311,1,2049,False,https://www.aviasales.com/search/OSL2002AGP27021?t=FR18031134001803167940000909TRFKRKAGP18037614001803829800001140AGPLTNPOZTRF_866572f217b1868aea98d6f0ff429140_17566&search_date=04102026&expected_price_uuid=01a1060a-e184-8030-efc4-a457f0e0a31a&static_fare_key=TY%7CP0%7CH0%7CL0%7CCH0%7CR0%7CTBC0&itinerary_key=4FpT-vujDq17I_9B4txfcQ&expected_price_source=share&expected_price_currency=nok&expected_price=2026
2026-10-08,OSL,Oslo,AGP,Málaga,norwegian_intl,2027-05,1121,nok,2027-05-25T19:20:00+02:00,2027-06-01T14:40:00+02:00,D8,Norwegian,5023,0,485,True,https://www.aviasales.com/search/OSL2505AGP01061?t=D818112728001811287500000245OSLAGP18118608001811875200000240AGPOSL_35b4244e9451088bceac87a859d0dfe7_10010&search_date=07102026&expected_price_uuid=01a115df-e5e2-8030-e1ea-49ab8014c5da&static_fare_key=TY%7CP1_JW%7CH0%7CL0%7CCH1%7CR0%7CTBC0&itinerary_key=Ez-aKVRmSQu3m-HwJs-zlg&expected_price_source=share&expected_price_currency=nok&expected_price=1121
2026-10-08,OSL,Oslo,MUC,München,norwegian_intl,2026-10,3335,nok,2026-10-11T14:50:00+02:00,2026-10-12T21:50:00+02:00,DY,Norwegian,1156,0,1275,True,https://www.aviasales.com/search/OSL1110MUC12101?t=DY17917302001791738300000135OSLMUC17918418001791910200001140MUCLGWLTNGDNOSL_e3638a42af4056b97f649853850242bb_29885&search_date=06102026&expected_price_uuid=01a11151-3be4-8030-2922-b940239e765c&static_fare_key=TY%7CP1%7CH0%7CL0%7CCH0%7CR0%7CTBC0&itinerary_key=Kl099ZSX6aLz2MC_4D28kw&expected_price_source=share&expected_price_currency=nok&expected_price=3335
2026-10-08,OSL,Oslo,MUC,München,norwegian_intl,2026-11,1819,nok,2026-11-14T08:20:00+01:00,2026-11-16T09:05:00+01:00,BT,BT,152,1,1050,False,https://www.aviasales.com/search/OSL1411MUC16111?t=BT17946444001794669000000410OSLRIXMUC17948199001794858300000640MUCRIXOSL_390ae2ae79b1223986545da5dd25bf41_15815&search_date=03102026&expected_price_uuid=01a102c1-4f1e-8030-a1d5-255a9affd584&static_fare_key=TY%7CP1%7CH0%7CL0%7CCH0%7CR0%7CTBC0&itinerary_key=vna-ghBziOu8VmtxTZNk6g&expected_price_source=share&expected_price_currency=nok&expected_price=1819
2026-10-08,OSL,Oslo,MUC,München,norwegian_intl,2026-12,2530,nok,2026-12-28T08:40:00+01:00,2027-01-02T09:25:00+01:00,SK,SAS,4759,0,270,True,https://www.aviasales.com/search/OSL2812MUC02011?t=SK17984472001798455000000130OSLMUC17988819001798890300000140MUCOSL_256076d79d6805fcb469960291fdec00_22594&search_date=07102026&expected_price_uuid=01a11830-3a2a-8030-a262-7eec9cf26554&static_fare_key=TY%7CP1%7CH0%7CL0%7CCH0%7CR0%7CTBC0&itinerary_key=oKojIbFHAIwZWe-v4zazPA&expected_price_source=share&expected_price_currency=nok&expected_price=2530
2026-10-08,OSL,Oslo,NCE,Nice,norwegian_intl,2026-11,1662,nok,2026-11-14T09:40:00+01:00,2026-11-16T07:00:00+01:00,W6,Wizz Air,1516,1,1330,False,https://www.aviasales.com/search/OSL1411NCE16111?t=W617946492001794685800000610TRFWAWNCE17948124001794855600000720NCELGWSTNTRF_d08563cfa5349b71cdb68582d1b45691_14452&search_date=03102026&expected_price_uuid=01a102e0-9719-8030-a898-c9ae65ab1942&static_fare_key=TY%7CP1%7CH0%7CL0%7CCH0%7CR0%7CTBC0&itinerary_key=LO8QGqvIdaB-kiH-21CmUg&expected_price_source=share&expected_price_currency=nok&expected_price=1662
2026-10-08,OSL,Oslo,NCE,Nice,norwegian_intl,2027-01,1677,nok,2027-01-12T09:40:00+01:00,2027-01-14T20:40:00+01:00,RR,RR,1502,1,1295,False,https://www.aviasales.com/search/OSL1201NCE14011?t=W617997468001799779800000550OSLVNONCE17999592001800003900000745NCEWAWTRF_b4a6897778e0e1e6b597d286a3df6b17_14545&search_date=04102026&expected_price_uuid=01a1070b-8743-8030-e5ee-a96a536380ca&static_fare_key=TY%7CP1%7CH0%7CL0%7CCH0%7CR0%7CTBC0&itinerary_key=Yq-ebq9ek7AtJW_FI-wVaA&expected_price_source=share&expected_price_currency=nok&expected_price=1677
2026-10-08,OSL,Oslo,NCE,Nice,norwegian_intl,2027-04,1552,nok,2027-04-26T10:00:00+02:00,2027-05-02T21:00:00+02:00,SK,SAS,4703,0,870,True,https://www.aviasales.com/search/OSL2604NCE02051?t=SK18087336001808744400000180OSLNCE18092916001809333000000690NCEARNOSL_8b94c1c753bb4fe4e249f365b732c2a6_13679&search_date=05102026&expected_price_uuid=01a10b29-9734-8030-af46-0edd4b44fb59&static_fare_key=TY%7CP0%7CH0%7CL0%7CCH0%7CR0%7CTBC0&itinerary_key=0W90ZOHoUpiY0Uuvx-lWRA&expected_price_source=share&expected_price_currency=nok&expected_price=1552
2026-10-08,OSL,Oslo,NCE,Nice,norwegian_intl,2027-06,1848,nok,2027-06-21T12:30:00+02:00,2027-07-01T21:25:00+02:00,W6,Wizz Air,1652,1,1885,False,https://www.aviasales.com/search/OSL2106NCE01071?t=DY18135810001813683900001715OSLGDNNCE18144771001814487300000170NCEOSL_793cab4232959e26c6b912db20b9c5ec_16345&search_date=05102026&expected_price_uuid=01a10d8a-1de6-8030-6d6c-440fec2bea10&static_fare_key=TY%7CP1%7CH0%7CL0%7CCH0%7CR0%7CTBC0&itinerary_key=OKBKxokMcsT_qfDXmTdSAw&expected_price_source=share&expected_price_currency=nok&expected_price=1848
2026-10-08,OSL,Oslo,PMI,Palma,norwegian_intl,2026-10,1701,nok,2026-10-25T13:10:00+01:00,2026-10-27T22:45:00+01:00,RK,RK,33,1,1930,False,https://www.aviasales.com/search/OSL2510PMI27101?t=W617929338001792974900000685TRFSTNPMI17931411001793215800001245PMIBCNKRKTRF_a4499d8d24e888b40b8c998096cf0ee0_15049&search_date=05102026&expected_price_uuid=01a10cb2-3387-8030-666c-1dada9c7400c&static_fare_key=TY%7CP1%7CH0%7CL0%7CCH0%7CR0%7CTBC0&itinerary_key=GnzCtW_TGLQYb2m_C2ggqg&expected_price_source=share&expected_price_currency=nok&expected_price=1701
2026-10-08,OSL,Oslo,PMI,Palma,norwegian_intl,2026-11,1419,nok,2026-11-01T19:50:00+01:00,2026-11-30T16:40:00+01:00,DY,Norwegian,5623,0,1305,True,https://www.aviasales.com/search/OSL0111PMI30111?t=D817935626001793575200000210OSLPMI17960568001796122500001095PMIBCNSTNTRF_4feda4109a29a2c427926a0cd002a62f_12525&search_date=05102026&expected_price_uuid=01a10b42-c225-8040-20d5-1319a81bb458&static_fare_key=TY%7CP0%7CH0%7CL0%7CCH0%7CR0%7CTBC0&itinerary_key=kVZtMzPsLQoyiUKljKfg9A&expected_price_source=share&expected_price_currency=nok&expected_price=1419
2026-10-08,OSL,Oslo,PMI,Palma,norwegian_intl,2027-03,2859,nok,2027-03-20T13:00:00+01:00,2027-03-25T20:05:00+01:00,LX,SWISS,1211,1,1130,False,https://www.aviasales.com/search/OSL2003PMI25031?t=LX18055476001805569800000370OSLZRHPMI18060051001806050700000760PMIFRAOSL_791e52c24ecfe49ad0a837aeb197fd06_25365&search_date=06102026&expected_price_uuid=01a11318-299e-8030-a714-4f32ca3025bc&static_fare_key=TY%7CP1%7CH0%7CL0%7CCH0%7CR0%7CTBC0&itinerary_key=132MpsXfqTwYfhis1nJBsQ&expected_price_source=share&expected_price_currency=nok&expected_price=2859
2026-10-08,OSL,Oslo,CDG,Paris CDG,norwegian_intl,2026-10,2689,nok,2026-10-23T18:45:00+02:00,2026-10-24T11:30:00+02:00,LH,Lufthansa,2455,1,715,False,https://www.aviasales.com/search/OSL2310CDG24101?t=LH17927811001792798500000290OSLMUCCDG17928414001792866900000425CDGFRAOSL_cc292697ccc03cca7fd858e78fde5f65_24042&search_date=08102026&expected_price_uuid=01a1195e-afa4-8030-ee47-18295bee7276&static_fare_key=TY%7CP1%7CH0%7CL0%7CCH0%7CR0%7CTBC0&itinerary_key=viIhr_gDTCdusZ99EwJVHA&origin_airports=1&destination_airports=0&expected_price_source=share&expected_price_currency=nok&expected_price=2689
2026-10-08,OSL,Oslo,CDG,Paris CDG,norwegian_intl,2026-11,1727,nok,2026-11-08T09:00:00+01:00,2026-11-11T21:40:00+01:00,DY,Norwegian,1494,0,805,True,https://www.aviasales.com/search/OSL0811CDG11111?t=FR17941284001794137100000145OSLCDG17944332001794472800000660CDGMXPBGYTRF_c72a585b242c4afa1cf2d9f5f058848f_14999&search_date=02102026&expected_price_uuid=01a0fc2f-4e12-8030-61e9-feb4ba7c3a89&static_fare_key=TY%7CP0%7CH0%7CL0%7CCH0%7CR0%7CTBC0&itinerary_key=BYdC2AkVE1X9C1aJmxBBXg&origin_airports=1&destination_airports=0&expected_price_source=share&expected_price_currency=nok&expected_price=1727
2026-10-08,OSL,Oslo,CDG,Paris CDG,norwegian_intl,2027-01,1644,nok,2027-01-28T09:20:00+01:00,2027-02-03T12:10:00+01:00,D8,Norwegian,1494,0,290,True,https://www.aviasales.com/search/OSL2801CDG03021?t=DY18011280001801136700000145OSLCDG18016566001801665300000145CDGOSL_233b1636682170ac63f4034dc70f5396_14562&search_date=05102026&expected_price_uuid=01a10baa-4538-8030-e776-ad9ca5edc3ae&static_fare_key=TY%7CP0%7CH0%7CL0%7CCH0%7CR0%7CTBC0&itinerary_key=j7l20HvHmGKo9ca6nVL2yw&origin_airports=1&destination_airports=0&expected_price_source=share&expected_price_currency=nok&expected_price=1644
2026-10-08,OSL,Oslo,CDG,Paris CDG,norwegian_intl,2027-02,1745,nok,2027-02-05T08:30:00+01:00,2027-02-10T19:10:00+01:00,DY,Norwegian,1494,0,285,True,https://www.aviasales.com/search/OSL0502CDG10021?t=DY18018162001801824900000145OSLCDG18022866001802295000000140CDGOSL_83c79a22b9fbb606f8d8c1b36201711e_15200&search_date=02102026&expected_price_uuid=01a0fe6c-f480-8030-66fb-70ea8635e392&static_fare_key=TY%7CP1%7CH0%7CL0%7CCH0%7CR0%7CTBC0&itinerary_key=OKvkBzhTKZ2SxU1jQlpVYA&origin_airports=1&destination_airports=0&expected_price_source=share&expected_price_currency=nok&expected_price=1745
2026-10-08,OSL,Oslo,CDG,Paris CDG,norwegian_intl,2027-03,2355,nok,2027-03-23T20:25:00+01:00,2027-03-26T13:30:00+01:00,BT,BT,154,1,1250,False,https://www.aviasales.com/search/OSL2303CDG26031?t=DY18058335001805878200000745OSLRIXCDG18060678001806098100000505CDGTOSOSL_bcf7de309452b0bb94a6d12a70c6d6bf_20479&search_date=03102026&expected_price_uuid=01a103d0-1bf0-8030-e7c7-74a1c7d5d2d1&static_fare_key=TY%7CP1%7CH0%7CL0%7CCH0%7CR0%7CTBC0&itinerary_key=gU6YlRSMkIAz2_AkbJRCqA&origin_airports=1&destination_airports=0&expected_price_source=share&expected_price_currency=nok&expected_price=2355
2026-10-08,OSL,Oslo,CDG,Paris CDG,norwegian_intl,2027-06,1781,nok,2027-06-01T08:45:00+02:00,2027-06-07T21:15:00+02:00,DY,Norwegian,1494,0,280,True,https://www.aviasales.com/search/OSL0106CDG07061?t=DY18118395001811848200000145OSLCDG18124029001812411000000135CDGOSL_24a4ebecdef57153d5cea3cdf20c0710_15903&search_date=07102026&expected_price_uuid=01a11736-00fc-8030-a545-0ff6038ea9f3&static_fare_key=TY%7CP0%7CH0%7CL0%7CCH1%7CR0%7CTBC0&itinerary_key=CxqKwRV7XGAPULdVTnTkRw&origin_airports=1&destination_airports=0&expected_price_source=share&expected_price_currency=nok&expected_price=1781
2026-10-08,OSL,Oslo,PRG,Praha,norwegian_intl,2026-10,1806,nok,2026-10-30T19:40:00+01:00,2026-11-02T21:25:00+01:00,RR,RR,6217,1,1605,False,https://www.aviasales.com/search/OSL3010PRG02111?t=FR17933892001793436900000795TRFKRKPRG17936547001793703300000810PRGSTNTRF_fe2a2f141ddff15ef20e41027d9e5be7_16115&search_date=07102026&expected_price_uuid=01a1165a-bffa-8030-a261-f48e18d5e4aa&static_fare_key=TY%7CP0%7CH0%7CL0%7CCH0%7CR0%7CTBC0&itinerary_key=wJHIOYpT9Otag7FPG_WNxA&expected_price_source=share&expected_price_currency=nok&expected_price=1806
2026-10-08,OSL,Oslo,PRG,Praha,norwegian_intl,2026-11,1037,nok,2026-11-07T21:15:00+01:00,2026-11-12T14:30:00+01:00,W6,Wizz Air,4706,1,755,False,https://www.aviasales.com/search/OSL0711PRG12111?t=W617940861001794124200000635TRFSKPPRG17944938001794501000000120PRGOSL_4b09d2176c005b1af570211b88bebe1b_9265&search_date=07102026&expected_price_uuid=01a11779-77c6-8030-23e3-54597ab85e14&static_fare_key=TY%7CP1%7CH0%7CL0%7CCH0%7CR0%7CTBC0&itinerary_key=tvn9AB_mJa7JPnqQn2UQ4g&expected_price_source=share&expected_price_currency=nok&expected_price=1037
2026-10-08,OSL,Oslo,PRG,Praha,norwegian_intl,2026-12,2924,nok,2026-12-21T11:50:00+01:00,2027-01-03T20:20:00+01:00,DY,Norwegian,1502,0,865,True,https://www.aviasales.com/search/OSL2112PRG03011?t=DY17978538001797861000000120OSLPRG17990076001799052300000745PRGAMSOSL_7d79cbc31e886feab4bab145605eaa83_25769&search_date=05102026&expected_price_uuid=01a10b21-5db8-8030-ab5f-a9eb011da5ca&static_fare_key=TY%7CP1%7CH0%7CL0%7CCH0%7CR0%7CTBC0&itinerary_key=5uWVlYwqizJoZVVL7idIqg&expected_price_source=share&expected_price_currency=nok&expected_price=2924
2026-10-08,OSL,Oslo,FCO,Roma,norwegian_intl,2026-10,1327,nok,2026-10-29T09:55:00+01:00,2026-11-03T06:15:00+01:00,W4,W4,6246,0,400,True,https://www.aviasales.com/search/OSL2910FCO03111?t=W417932677001793279700000200OSLFCO17936865001793698500000200FCOOSL_431697040f40ce932f8ab4320edb2a21_11861&search_date=08102026&expected_price_uuid=01a11964-a8cd-8030-e81d-94095fae0eff&static_fare_key=TY%7CP1%7CH0%7CL0%7CCH0%7CR0%7CTBC0&itinerary_key=Ty_bywgsyO-ldeswlZ3o0w&origin_airports=1&destination_airports=0&expected_price_source=share&expected_price_currency=nok&expected_price=1327
2026-10-08,OSL,Oslo,FCO,Roma,norwegian_intl,2026-11,1430,nok,2026-11-11T20:10:00+01:00,2026-11-14T06:15:00+01:00,W6,Wizz Air,2242,1,1680,False,https://www.aviasales.com/search/OSL1111FCO14111?t=W417944278001794516600001480OSLBUDFCO17946369001794648900000200FCOOSL_e9a5f933225cc10aa7f044750731586d_12444&search_date=04102026&expected_price_uuid=01a1059b-3565-8030-67f9-a266549c931f&static_fare_key=TY%7CP1%7CH0%7CL0%7CCH0%7CR0%7CTBC0&itinerary_key=Yw-KJIW9HwflE7gC5_BcPQ&origin_airports=1&destination_airports=0&expected_price_source=share&expected_price_currency=nok&expected_price=1430
2026-10-08,OSL,Oslo,FCO,Roma,norwegian_intl,2026-12,1381,nok,2026-12-03T09:55:00+01:00,2026-12-06T22:10:00+01:00,W4,W4,6246,0,765,True,https://www.aviasales.com/search/OSL0312FCO06121?t=W417962917001796303700000200OSLFCO17965950001796628900000565FCOGDNTRF_24725cadbb4826a9c81e4a873934b15e_12367&search_date=08102026&expected_price_uuid=01a11ac1-15a0-8030-6466-17c6d4c338f6&static_fare_key=TY%7CP1%7CH0%7CL0%7CCH0%7CR0%7CTBC0&itinerary_key=q7p3j0DbYi6iSKYTOHg7sA&origin_airports=1&destination_airports=0&expected_price_source=share&expected_price_currency=nok&expected_price=1381
2026-10-08,OSL,Oslo,FCO,Roma,norwegian_intl,2027-03,2360,nok,2027-03-22T17:10:00+01:00,2027-03-26T17:55:00+01:00,SK,SAS,1465,1,2340,False,https://www.aviasales.com/search/OSL2203FCO26031?t=SK18057354001805799900001075OSLCPHFCO18060837001806159600001265FCOARNOSL_7a147c23f327f82336860266cc815a83_20934&search_date=06102026&expected_price_uuid=01a11303-8fee-8030-eca5-42722c563725&static_fare_key=TY%7CP1%7CH0%7CL0%7CCH0%7CR0%7CTBC0&itinerary_key=dXNRob0JC3dJ3gPpxhuTvw&origin_airports=1&destination_airports=0&expected_price_source=share&expected_price_currency=nok&expected_price=2360
2026-10-08,OSL,Oslo,ARN,Stockholm,norwegian_intl,2026-10,1249,nok,2026-10-23T15:00:00+02:00,2026-10-26T18:30:00+01:00,DY,Norwegian,816,0,120,True,https://www.aviasales.com/search/OSL2310ARN26101?t=DY17927676001792771200000060OSLARN17930394001793043000000060ARNOSL_b30eb7ed3e03d253cafee27580171749_11005&search_date=05102026&expected_price_uuid=01a10b10-c67a-8030-e392-a67d1872077a&static_fare_key=TY%7CP1_JW%7CH0%7CL0%7CCH1%7CR0%7CTBC0&itinerary_key=InvmnN2vqTdOWhhAlgq34g&origin_airports=1&destination_airports=0&expected_price_source=share&expected_price_currency=nok&expected_price=1249
2026-10-08,OSL,Oslo,ARN,Stockholm,norwegian_intl,2026-11,792,nok,2026-11-14T17:45:00+01:00,2026-11-16T06:05:00+01:00,RR,RR,3278,1,1740,False,https://www.aviasales.com/search/OSL1411ARN16111?t=FR17946783001794728400000835TRFGDNARN17948091001794863400000905ARNGDNTRF_e745af433e7e0704bb04b03b894b2e30_6869&search_date=04102026&expected_price_uuid=01a10625-0c51-8030-e676-a4b7a1c28588&static_fare_key=TY%7CP1%7CH0%7CL0%7CCH0%7CR0%7CTBC0&itinerary_key=JjHln4TAzW8rkAkHKMqgxQ&origin_airports=1&destination_airports=0&expected_price_source=share&expected_price_currency=nok&expected_price=792
2026-10-08,OSL,Oslo,ARN,Stockholm,norwegian_intl,2027-03,1360,nok,2027-03-01T07:30:00+01:00,2027-03-04T18:30:00+01:00,D8,Norwegian,804,0,130,True,https://www.aviasales.com/search/OSL0103ARN04031?t=DY18038862001803890400000070OSLARN18041850001804188600000060ARNOSL_7e451a228e2867588cda095b7a1558ea_11841&search_date=02102026&expected_price_uuid=01a0fd4f-f181-8030-2986-e8a821d37b04&static_fare_key=TY%7CP0%7CH0%7CL0%7CCH0%7CR0%7CTBC0&itinerary_key=Mjluzc1CQyW9nrIM_SLkzw&origin_airports=1&destination_airports=0&expected_price_source=share&expected_price_currency=nok&expected_price=1360
2026-10-08,OSL,Oslo,ARN,Stockholm,norwegian_intl,2027-05,1139,nok,2027-05-01T19:45:00+02:00,2027-05-04T07:45:00+02:00,ET,ET,715,0,460,True,https://www.aviasales.com/search/OSL0105ARN04051?t=DY18092007001809204600000065OSLARN18094167001809440400000395ARNGDNOSL_b24a2a296de5bc6f686c0a25af89ffd8_9903&search_date=03102026&expected_price_uuid=01a1036e-4e10-8030-a3e4-078d438aeb34&static_fare_key=TY%7CP0%7CH0%7CL0%7CCH0%7CR0%7CTBC0&itinerary_key=sANIBXOypVk6rQT3BqhXng&origin_airports=1&destination_airports=0&expected_price_source=share&expected_price_currency=nok&expected_price=1139
2026-10-08,OSL,Oslo,TFS,Tenerife,norwegian_intl,2026-11,1128,nok,2026-11-28T19:35:00+01:00,2026-12-01T17:55:00Z,RK,RK,3227,1,2345,False,https://www.aviasales.com/search/OSL2811TFS01121?t=FR17958945001795974300001390TRFMANTFS17961477001796208600000955TFSMANTRF_23d68759034d0103b7b2a993e6c60927_10016&search_date=06102026&expected_price_uuid=01a10fb7-7723-8030-a08e-431c93ed2b81&static_fare_key=TY%7CP1%7CH0%7CL0%7CCH0%7CR0%7CTBC0&itinerary_key=uqsg13f77BMp6LiThv6bpA&origin_airports=1&destination_airports=0&expected_price_source=share&expected_price_currency=nok&expected_price=1128
2026-10-08,OSL,Oslo,TFS,Tenerife,norwegian_intl,2027-01,2189,nok,2027-01-15T06:05:00+01:00,2027-01-29T19:00:00Z,KL,KLM,1196,1,1545,False,https://www.aviasales.com/search/OSL1501TFS29011?t=KL17999931001800036300000780OSLAMSTFS18012492001801298700000765TFSAMSOSL_edc59436260700a49aad382a57f6fe5b_19546&search_date=07102026&expected_price_uuid=01a116ab-8f48-8030-e293-bdb077a8114e&static_fare_key=TY%7CP0%7CH1%7CL0%7CCH0%7CR0%7CTBC0&itinerary_key=nh3LrwTUV41n5VVkK10WfQ&origin_airports=1&destination_airports=0&expected_price_source=share&expected_price_currency=nok&expected_price=2189
2026-10-08,OSL,Oslo,TFS,Tenerife,norwegian_intl,2027-02,3118,nok,2027-02-19T08:00:00+01:00,2027-02-27T17:55:00Z,DY,Norwegian,524,2,2410,False,https://www.aviasales.com/search/OSL1902TFS27021?t=U218030240001803060000000660OSLSVGLGWTFS18037509001803859500001750TFSLTNLGWOSL_19e5d21abdb50b9d1bead80f10f866f0_27033&search_date=04102026&expected_price_uuid=01a1071e-274d-8030-6ab1-0ef4ecb3cf1b&static_fare_key=TY%7CP1%7CH0%7CL0%7CCH0%7CR0%7CTBC0&itinerary_key=NV3XNyxm4C5dRz3rkThx6Q&origin_airports=1&destination_airports=0&expected_price_source=share&expected_price_currency=nok&expected_price=3118
2026-10-08,OSL,Oslo,TOS,Tromsø,innenriks,2026-10,499,nok,2026-10-22T08:20:00+02:00,2026-10-29T20:15:00+01:00,DY,Norwegian,370,0,235,True,https://www.aviasales.com/search/OSL2210TOS29101?t=SK17926572001792664100000115OSLTOS17933049001793312100000120TOSOSL_60af0dcc3849c35f1e9fa38b7ac09f5e_4426&search_date=05102026&expected_price_uuid=01a10c4f-deae-8030-23ee-61a456751d75&static_fare_key=TY%7CP1%7CH0%7CL0%7CCH0%7CR0%7CTBC0&itinerary_key=2MU1yfgpzEnF7wYHv7kXhA&expected_price_source=share&expected_price_currency=nok&expected_price=499
2026-10-08,OSL,Oslo,TOS,Tromsø,innenriks,2026-11,617,nok,2026-11-12T08:15:00+01:00,2026-11-15T21:05:00+01:00,DY,Norwegian,370,0,240,True,https://www.aviasales.com/search/OSL1211TOS15111?t=DY17944713001794478500000120OSLTOS17947767001794783900000120TOSOSL_4b1da084c07f7e1c9a5876fa6bfe23a9_5363&search_date=03102026&expected_price_uuid=01a102e8-7390-8050-e74d-5328015f5127&static_fare_key=TY%7CP1_JW%7CH0%7CL0%7CCH0%7CR0%7CTBC0&itinerary_key=1QIcqN8DZzkQkjvKf0APWA&expected_price_source=share&expected_price_currency=nok&expected_price=617
2026-10-08,OSL,Oslo,TOS,Tromsø,innenriks,2026-12,376,nok,2026-12-08T21:50:00+01:00,2026-12-11T20:15:00+01:00,SK,SAS,4432,0,240,True,https://www.aviasales.com/search/OSL0812TOS11121?t=SK17967666001796773800000120OSLTOS17970201001797027300000120TOSOSL_82f02c4be1b57ed94e3baf59bb394d77_3265&search_date=03102026&expected_price_uuid=01a100ac-50e4-8030-6416-badd1fa4c1ef&static_fare_key=TY%7CP1%7CH0%7CL0%7CCH0%7CR0%7CTBC0&itinerary_key=InoAGiJ-YUAFLo9SZQO7Sg&expected_price_source=share&expected_price_currency=nok&expected_price=376
2026-10-08,OSL,Oslo,TOS,Tromsø,innenriks,2027-01,429,nok,2027-01-07T08:15:00+01:00,2027-01-13T06:10:00+01:00,DY,Norwegian,370,0,245,True,https://www.aviasales.com/search/OSL0701TOS13011?t=DY17993097001799316900000120OSLTOS17998206001799828100000125TOSOSL_0ed93a89ada7ece7de93c43fbf3ade20_3798&search_date=05102026&expected_price_uuid=01a10d26-58cc-8030-65d7-77fe162ddf3d&static_fare_key=TY%7CP0%7CH0%7CL0%7CCH1%7CR0%7CTBC0&itinerary_key=F8TXJRx_hswZEhyn5XJi4w&expected_price_source=share&expected_price_currency=nok&expected_price=429
2026-10-08,OSL,Oslo,TRD,Trondheim,innenriks,2026-10,508,nok,2026-10-16T07:05:00+02:00,2026-10-18T07:30:00+02:00,DY,Norwegian,740,0,110,True,https://www.aviasales.com/search/OSL1610TRD18101?t=DY17921343001792137600000055OSLTRD17923086001792311900000055TRDOSL_04a75d9eb895e23abcbbc4bb8621503f_4495&search_date=07102026&expected_price_uuid=01a11429-f01e-8030-250d-41db00ef58fb&static_fare_key=TY%7CP1_JW%7CH0%7CL0%7CCH1%7CR0%7CTBC0&itinerary_key=0ep68nWj9_Inb1QK1iVpuw&expected_price_source=share&expected_price_currency=nok&expected_price=508
2026-10-08,OSL,Oslo,AES,Ålesund,innenriks,2027-06,552,nok,2027-06-12T13:00:00+02:00,2027-06-19T06:45:00+02:00,DY,Norwegian,408,0,110,True,https://www.aviasales.com/search/OSL1206AES19061?t=DY18128052001812808500000055OSLAES18133875001813390800000055AESOSL_c4938a07c8ac6158a0aa9b9d5bfa3932_4800&search_date=02102026&expected_price_uuid=01a0fcdb-c6fb-8030-6409-641e5ec3f402&static_fare_key=TY%7CP1_JW%7CH0%7CL0%7CCH1%7CR0%7CTBC0&itinerary_key=LRXDf3UUFFahTQtbH8IZOw&expected_price_source=share&expected_price_currency=nok&expected_price=552
2026-10-08,CDG,Paris CDG,OSL,Oslo,norwegian_intl,2026-10,1359,nok,2026-10-16T22:00:00+02:00,2026-10-19T17:50:00+02:00,DY,Norwegian,1487,1,760,False,https://www.aviasales.com/search/CDG1610OSL19101?t=DY17921880001792224900000615CDGSVGOSL17924322001792440900000145OSLCDG_5a9ecc98f8ba894cc50ae862317d6cb3_12149&search_date=07102026&expected_price_uuid=01a11641-d142-8030-2b28-fcca07ba6af1&static_fare_key=TY%7CP0%7CH0%7CL0%7CCH1%7CR0%7CTBC0&itinerary_key=YBCa3jV9Xw0RpoLanXD_kQ&origin_airports=0&destination_airports=1&expected_price_source=share&expected_price_currency=nok&expected_price=1359
2026-10-08,CDG,Paris CDG,OSL,Oslo,norwegian_intl,2026-11,1205,nok,2026-11-13T22:50:00+01:00,2026-11-16T09:50:00+01:00,EC,EC,3806,1,1410,False,https://www.aviasales.com/search/CDG1311OSL16111?t=FR17946102001794645900000595CDGMXPBGYTRF17948226001794871500000815TRFKRKCDG_ecac0c733eac2d934ea2a8d86a97ed83_10664&search_date=05102026&expected_price_uuid=01a10e36-09e6-8030-6516-12dea21a3d33&static_fare_key=TY%7CP0%7CH0%7CL0%7CCH0%7CR0%7CTBC0&itinerary_key=YaTvRrPQtAOAypW-Uc25mg&origin_airports=0&destination_airports=1&expected_price_source=share&expected_price_currency=nok&expected_price=1205
2026-10-08,CDG,Paris CDG,OSL,Oslo,norwegian_intl,2026-12,1636,nok,2026-12-07T14:15:00+01:00,2026-12-13T09:00:00+01:00,D8,Norwegian,1481,1,1225,False,https://www.aviasales.com/search/CDG0712OSL13121?t=DY17966529001796717700001080CDGTOSOSL17971524001797161100000145OSLCDG_2544f3c100e61edea6135657ace87cff_14182&search_date=01102026&expected_price_uuid=01a0f799-56b8-8030-6183-37540355ea88&static_fare_key=TY%7CP1_JW%7CH0%7CL0%7CCH1%7CR0%7CTBC0&itinerary_key=P61whUb82Vc-j7RhJYv3fg&origin_airports=0&destination_airports=1&expected_price_source=share&expected_price_currency=nok&expected_price=1636
2026-10-08,CDG,Paris CDG,OSL,Oslo,norwegian_intl,2027-01,1636,nok,2027-01-24T10:50:00+01:00,2027-02-10T19:50:00+01:00,LO,LO,332,1,2225,False,https://www.aviasales.com/search/CDG2401OSL10021?t=LO18007878001800870600001380CDGWAWOSL18022890001802339700000845OSLWAWCDG_d0af726a3e64338ca268428c138e7cca_14325&search_date=05102026&expected_price_uuid=01a10a37-5cd8-8040-aff4-421e8fd50a36&static_fare_key=TY%7CP1%7CH1%7CL0%7CCH1%7CR0%7CTBC0&itinerary_key=XUBgywF9dddRcT-hdN0qOw&origin_airports=0&destination_airports=1&expected_price_source=share&expected_price_currency=nok&expected_price=1636
2026-10-08,CDG,Paris CDG,OSL,Oslo,norwegian_intl,2027-02,2013,nok,2027-02-02T12:10:00+01:00,2027-02-05T08:30:00+01:00,SK,SAS,834,0,290,True,https://www.aviasales.com/search/CDG0202OSL05021?t=SK18015702001801578900000145CDGOSL18018162001801824900000145OSLCDG_2334c027727fa23da382fc4313d2af29_17409&search_date=01102026&expected_price_uuid=01a0f832-1dfb-8050-e4a4-27e9b57bdf28&static_fare_key=TY%7CP1%7CH0%7CL0%7CCH1%7CR0%7CTBC0&itinerary_key=xF7uvbJERgZl2S5_v63PFg&origin_airports=0&destination_airports=1&expected_price_source=share&expected_price_currency=nok&expected_price=2013
2026-10-08,CDG,Paris CDG,OSL,Oslo,norwegian_intl,2027-04,1364,nok,2027-04-29T21:15:00+02:00,2027-05-02T18:30:00+02:00,DY,Norwegian,1497,0,280,True,https://www.aviasales.com/search/CDG2904OSL02051?t=DY18090333001809041400000135CDGOSL18092826001809291300000145OSLCDG_2e7850df066debe10e982a2e2cfc7b8e_11880&search_date=02102026&expected_price_uuid=01a0fdc4-af34-8030-2dd6-c94958a31211&static_fare_key=TY%7CP1_JW%7CH0%7CL0%7CCH1%7CR0%7CTBC0&itinerary_key=A5tFSByH98YpQANJUer6KA&origin_airports=0&destination_airports=1&expected_price_source=share&expected_price_currency=nok&expected_price=1364
2026-10-08,CDG,Paris CDG,OSL,Oslo,norwegian_intl,2027-05,1611,nok,2027-05-21T10:45:00+02:00,2027-06-01T10:45:00+02:00,LO,LO,332,1,1210,False,https://www.aviasales.com/search/CDG2105OSL01061?t=LO18108963001810925700000490CDGWAWOSL18118467001811889900000720OSLWAWCDG_4ebbcbaef5a833ddfc382a4dee899f74_14482&search_date=06102026&expected_price_uuid=01a110ca-7d70-8030-e1df-503439794661&static_fare_key=TY%7CP0%7CH1%7CL0%7CCH1%7CR0%7CTBC0&itinerary_key=ewTPQzPJL-5RU6wlmCqvUw&origin_airports=0&destination_airports=1&expected_price_source=share&expected_price_currency=nok&expected_price=1611
2026-10-08,CDG,Paris CDG,OSL,Oslo,norwegian_intl,2027-06,1700,nok,2027-06-01T11:50:00+02:00,2027-06-13T08:45:00+02:00,DY,Norwegian,1495,0,280,True,https://www.aviasales.com/search/CDG0106OSL13061?t=DY18118506001811858700000135CDGOSL18128763001812885000000145OSLCDG_82141462464a240f35842e7ec77efa9e_14773&search_date=05102026&expected_price_uuid=01a10979-b92a-8050-2319-bbeeb1069ac1&static_fare_key=TY%7CP1_JW%7CH0%7CL0%7CCH1%7CR0%7CTBC0&itinerary_key=K5gtZi2jLdFqWZd9U0sIOQ&origin_airports=0&destination_airports=1&expected_price_source=share&expected_price_currency=nok&expected_price=1700
2026-10-08,PRG,Praha,BGO,Bergen,bergen,2026-11,1818,nok,2026-11-18T12:35:00+01:00,2026-11-20T18:20:00+01:00,DY,Norwegian,1503,1,1585,False,https://www.aviasales.com/search/PRG1811BGO20111?t=DY17950053001795039500000570PRGOSLBGO17951988001795259700001015BGOOSLPRG_9cb2ec4e9fb0d6e3b4efc9f2ba2c4a71_15809&search_date=03102026&expected_price_uuid=01a10047-acfd-8030-20a1-dbdb5dd3e90c&static_fare_key=TY%7CP1_JW%7CH0%7CL0%7CCH1%7CR0%7CTBC0&itinerary_key=DMJwr-hoE4kb1CxWbh9QXg&expected_price_source=share&expected_price_currency=nok&expected_price=1818
2026-10-08,PRG,Praha,BGO,Bergen,bergen,2027-02,1620,nok,2027-02-05T10:25:00+01:00,2027-02-10T09:35:00+01:00,SK,SAS,768,2,830,False,https://www.aviasales.com/search/PRG0502BGO10021?t=D818018231001801855200000535PRGCPHOSLBGO18022521001802269800000295BGOOSLCPHPRG_b7505d78711f36084be9bdd13c97e730_14086&search_date=03102026&expected_price_uuid=01a10350-4c57-8030-a5e2-d21b11538852&static_fare_key=TY%7CP1%7CH0%7CL0%7CCH0%7CR0%7CTBC0&itinerary_key=fSHxsz8ZXRdkFFqQU5aegQ&expected_price_source=share&expected_price_currency=nok&expected_price=1620
2026-10-08,PRG,Praha,BGO,Bergen,bergen,2027-03,2108,nok,2027-03-25T14:30:00+01:00,2027-03-29T20:30:00+02:00,DY,Norwegian,1503,1,1185,False,https://www.aviasales.com/search/PRG2503BGO29031?t=DY18059850001805999700000245PRGOSLBGO18063522001806408600000940BGOOSLPRG_6732b8db47e79e770424795c2bb993bf_18823&search_date=07102026&expected_price_uuid=01a116cd-b452-8030-a323-adc882f09da4&static_fare_key=TY%7CP1_JW%7CH0%7CL0%7CCH1%7CR0%7CTBC0&itinerary_key=8YMRV5NyTyVV7rYyIoXCvg&expected_price_source=share&expected_price_currency=nok&expected_price=2108
2026-10-08,PRG,Praha,OSL,Oslo,norwegian_intl,2026-10,928,nok,2026-10-14T06:00:00+02:00,2026-10-18T07:50:00+02:00,RR,RR,1921,1,2970,False,https://www.aviasales.com/search/PRG1410OSL18101?t=FR17919576001792049100001525PRGGDNTRF17923098001792396500001445TRFGDNPRG_95c885c832f85b34b0a6ac0bc5c3a517_8286&search_date=07102026&expected_price_uuid=01a1176f-7fda-8030-2ac8-ffcf0da100b4&static_fare_key=TY%7CP0%7CH0%7CL0%7CCH0%7CR0%7CTBC0&itinerary_key=rxzCdmELs-km8x6dCPTsqw&expected_price_source=share&expected_price_currency=nok&expected_price=928
2026-10-08,PRG,Praha,OSL,Oslo,norwegian_intl,2026-11,952,nok,2026-11-21T11:55:00+01:00,2026-11-21T21:15:00+01:00,D8,Norwegian,1503,0,755,True,https://www.aviasales.com/search/PRG2111OSL21111?t=W617952621001795269300000120PRGOSL17952957001795333800000635TRFSKPPRG_3416f3cf779374a0fa2c9a9871536ff8_8526&search_date=08102026&expected_price_uuid=01a11b3f-8a12-8030-65b2-941a5c0defa2&static_fare_key=TY%7CP1%7CH0%7CL0%7CCH0%7CR0%7CTBC0&itinerary_key=yzugh_bbumJndyU0gAPskQ&expected_price_source=share&expected_price_currency=nok&expected_price=952
2026-10-08,PRG,Praha,OSL,Oslo,norwegian_intl,2026-12,1838,nok,2026-12-21T14:30:00+01:00,2026-12-28T11:50:00+01:00,DY,Norwegian,1503,0,240,True,https://www.aviasales.com/search/PRG2112OSL28121?t=DY17978634001797870600000120PRGOSL17984586001798465800000120OSLPRG_1e59c1e39cc4c70629a52377a9512380_15984&search_date=03102026&expected_price_uuid=01a102ce-4756-8030-2751-6c75c3ee3dfc&static_fare_key=TY%7CP1_JW%7CH0%7CL0%7CCH0%7CR0%7CTBC0&itinerary_key=FIpoduwruqRYrdqw68yc2g&expected_price_source=share&expected_price_currency=nok&expected_price=1838
2026-10-08,PRG,Praha,OSL,Oslo,norwegian_intl,2027-01,1268,nok,2027-01-14T14:30:00+01:00,2027-01-18T11:50:00+01:00,DY,Norwegian,1503,0,240,True,https://www.aviasales.com/search/PRG1401OSL18011?t=DY17999370001799944200000120PRGOSL18002730001800280200000120OSLPRG_20e4487ccdcb12e4601a54ff714499f5_11369&search_date=06102026&expected_price_uuid=01a1107e-219b-8030-e492-86ccd763d237&static_fare_key=TY%7CP0%7CH0%7CL0%7CCH1%7CR0%7CTBC0&itinerary_key=CLiUfSJ1G7RI-IAq1rOv3Q&expected_price_source=share&expected_price_currency=nok&expected_price=1268
2026-10-08,FCO,Roma,OSL,Oslo,norwegian_intl,2026-10,1082,nok,2026-10-19T23:30:00+02:00,2026-10-20T21:55:00+02:00,RR,RR,5975,1,775,False,https://www.aviasales.com/search/FCO1910OSL20101?t=W417924526001792487100000575FCODBVTRF17925333001792545300000200OSLFCO_77e75ac9c3b83c54071068a847fd9fa5_9567&search_date=05102026&expected_price_uuid=01a10cb1-76f0-8030-eb72-6cc09648a286&static_fare_key=TY%7CP1%7CH0%7CL0%7CCH0%7CR0%7CTBC0&itinerary_key=DmiNyO3BiCv5kQZiVl9cZQ&origin_airports=0&destination_airports=1&expected_price_source=share&expected_price_currency=nok&expected_price=1082
2026-10-08,FCO,Roma,OSL,Oslo,norwegian_intl,2026-11,822,nok,2026-11-12T06:00:00+01:00,2026-11-21T10:10:00+01:00,W4,W4,6245,0,400,True,https://www.aviasales.com/search/FCO1211OSL21111?t=W417944632001794475200000200FCOOSL17952558001795267800000200OSLFCO_19120bd26b465ad26e12484043d60d0b_7344&search_date=08102026&expected_price_uuid=01a11a0f-0be9-8030-e7f6-1b9b8fc0867f&static_fare_key=TY%7CP1%7CH0%7CL0%7CCH0%7CR0%7CTBC0&itinerary_key=jSVG3_HSLFSKIm3BNP1HZQ&origin_airports=0&destination_airports=1&expected_price_source=share&expected_price_currency=nok&expected_price=822
2026-10-08,FCO,Roma,OSL,Oslo,norwegian_intl,2026-12,1447,nok,2026-12-22T06:15:00+01:00,2027-01-10T19:05:00+01:00,W4,W4,6245,0,1160,True,https://www.aviasales.com/search/FCO2212OSL10011?t=W417979201001797932100000200FCOOSL17996079001799665500000960OSLCPHFCO_3b6e3a3142640b627cbd13f2f2e1d171_12925&search_date=07102026&expected_price_uuid=01a115d8-a1d9-8050-e010-cb5d62944172&static_fare_key=TY%7CP0%7CH0%7CL0%7CCH0%7CR0%7CTBC0&itinerary_key=x54nEzr8-F5jYbai4feEYQ&origin_airports=0&destination_airports=1&expected_price_source=share&expected_price_currency=nok&expected_price=1447
2026-10-08,FCO,Roma,OSL,Oslo,norwegian_intl,2027-01,1457,nok,2027-01-20T06:40:00+01:00,2027-01-24T07:00:00+01:00,W4,W4,6025,1,765,False,https://www.aviasales.com/search/FCO2001OSL24011?t=DY18004272001800461400000570FCOAGPOSL18007740001800785700000195OSLFCO_3d3839f087bf821f413a2409f5aadfb8_13014&search_date=07102026&expected_price_uuid=01a1176a-ef23-8030-2cbd-31298fc4adc5&static_fare_key=TY%7CP1%7CH0%7CL0%7CCH0%7CR0%7CTBC0&itinerary_key=k1ozaZWdfLm_eUxnc7GnFA&origin_airports=0&destination_airports=1&expected_price_source=share&expected_price_currency=nok&expected_price=1457
2026-10-08,ARN,Stockholm,OSL,Oslo,norwegian_intl,2026-10,944,nok,2026-10-31T06:40:00+01:00,2026-11-03T18:45:00+01:00,ET,ET,714,0,145,True,https://www.aviasales.com/search/ARN3110OSL03111?t=ET17934288001793432700000065ARNOSL17937315001793736300000080OSLARN_ac95247cc0511f448486c4c75ca00c56_8486&search_date=06102026&expected_price_uuid=01a110d7-d128-8040-a78b-f363053b254f&static_fare_key=TY%7CP1%7CH1%7CL1_2_0%7CCH0%7CR0%7CTBC1&itinerary_key=K6klkAM5QlqLAIEsEuWuJg&origin_airports=0&destination_airports=1&expected_price_source=share&expected_price_currency=nok&expected_price=944
2026-10-08,ARN,Stockholm,OSL,Oslo,norwegian_intl,2026-11,797,nok,2026-11-21T09:10:00+01:00,2026-11-22T07:20:00+01:00,D8,Norwegian,805,0,385,True,https://www.aviasales.com/search/ARN2111OSL22111?t=DY17952522001795255800000060ARNOSL17953320001795351500000325OSLVNOARN_1ee9f7bf951fb4bbf9ee69eb7901f6a2_6907&search_date=04102026&expected_price_uuid=01a1067a-c118-8030-6ee4-c35907d2d19d&static_fare_key=TY%7CP1_JW%7CH0%7CL0%7CCH1%7CR0%7CTBC0&itinerary_key=fl0eGQTHTdsd5D_4yikxAg&origin_airports=0&destination_airports=1&expected_price_source=share&expected_price_currency=nok&expected_price=797
2026-10-08,ARN,Stockholm,OSL,Oslo,norwegian_intl,2027-02,973,nok,2027-02-26T06:40:00+01:00,2027-03-10T18:45:00+01:00,ET,ET,714,0,145,True,https://www.aviasales.com/search/ARN2602OSL10031?t=ET18036240001803627900000065ARNOSL18047043001804709100000080OSLARN_59d7da873154e1748ab1e134a18ab205_8421&search_date=01102026&expected_price_uuid=01a0f95d-d2cb-8030-a134-0f2db9e89433&static_fare_key=TY%7CP1%7CH0%7CL0%7CCH0%7CR0%7CTBC0&itinerary_key=1dH9Wl21hxoyaSJJjuCrWQ&origin_airports=0&destination_airports=1&expected_price_source=share&expected_price_currency=nok&expected_price=973
2026-10-08,ARN,Stockholm,OSL,Oslo,norwegian_intl,2027-03,1206,nok,2027-03-01T06:40:00+01:00,2027-03-04T13:35:00+01:00,ET,ET,714,0,1150,True,https://www.aviasales.com/search/ARN0103OSL04031?t=D818038832001803887100000065ARNOSL18041673001804232400001085OSLRIXARN_6b9597be3ec4044e68af1ba7b6d9ddd0_10496&search_date=04102026&expected_price_uuid=01a10457-7b4c-8040-290c-614ec091be30&static_fare_key=TY%7CP1%7CH0%7CL0%7CCH0%7CR0%7CTBC0&itinerary_key=yqLcQCgPUjN-Gmi2D3iNrg&origin_airports=0&destination_airports=1&expected_price_source=share&expected_price_currency=nok&expected_price=1206
2026-10-08,ARN,Stockholm,OSL,Oslo,norwegian_intl,2027-05,1165,nok,2027-05-22T07:40:00+02:00,2027-05-23T19:45:00+02:00,ET,ET,714,0,130,True,https://www.aviasales.com/search/ARN2205OSL23051?t=ET18109716001810975500000065ARNOSL18111015001811105400000065OSLARN_2dfec0478457ace2fee411280317d79e_10402&search_date=07102026&expected_price_uuid=01a11594-ed0f-8030-6330-031d4a5dce40&static_fare_key=TY%7CP1%7CH1%7CL1_2_0%7CCH0%7CR0%7CTBC1&itinerary_key=pbuugHVoRJ3vpdBghK_gLg&origin_airports=0&destination_airports=1&expected_price_source=share&expected_price_currency=nok&expected_price=1165
2026-10-08,ARN,Stockholm,OSL,Oslo,norwegian_intl,2027-06,959,nok,2027-06-08T07:40:00+02:00,2027-06-15T19:45:00+02:00,ET,ET,714,0,130,True,https://www.aviasales.com/search/ARN0806OSL15061?t=ET18124404001812444300000065ARNOSL18130887001813092600000065OSLARN_fe6497f1b7dd9c2ba38bc044a7fd94fb_8583&search_date=08102026&expected_price_uuid=01a11b1e-80dc-8030-ae42-e785ed288ee9&static_fare_key=TY%7CP1%7CH1%7CL1_2_0%7CCH0%7CR0%7CTBC1&itinerary_key=aLGiaJ51orDk4D6WbeMK8A&origin_airports=0&destination_airports=1&expected_price_source=share&expected_price_currency=nok&expected_price=959
2026-10-08,TFS,Tenerife,OSL,Oslo,norwegian_intl,2026-10,3104,nok,2026-10-22T05:50:00+01:00,2026-10-25T16:40:00+01:00,FR,Ryanair,1248,1,3200,False,https://www.aviasales.com/search/TFS2210OSL25101?t=U217926482001792746900001585TFSMANOSL17929464001793039700001615OSLLGWTFS_35bcfd288b7d59a6f3d412e47581f2dc_27020&search_date=04102026&expected_price_uuid=01a105ab-3ca4-8030-2f39-22898dac092d&static_fare_key=TY%7CP1%7CH0%7CL0%7CCH0%7CR0%7CTBC0&itinerary_key=IYiY9ZjVNSZ5o2zqkc0jBQ&origin_airports=0&destination_airports=1&expected_price_source=share&expected_price_currency=nok&expected_price=3104
2026-10-08,TOS,Tromsø,BGO,Bergen,bergen,2026-10,2162,nok,2026-10-17T06:30:00+02:00,2026-11-20T06:30:00+01:00,DY,Norwegian,371,1,1830,False,https://www.aviasales.com/search/TOS1710BGO20111?t=SK17922186001792313700001585TOSOSLBGO17951562001795170900000245BGOOSLTOS_f4828cf9ac44c85bfffcc52a97363b7f_19324&search_date=08102026&expected_price_uuid=01a1198e-f1de-8040-6228-27d057221763&static_fare_key=TY%7CP0%7CH0%7CL0%7CCH0%7CR0%7CTBC0&itinerary_key=DWpzVpniFgEKXnohZW_ulg&expected_price_source=share&expected_price_currency=nok&expected_price=2162
2026-10-08,TOS,Tromsø,BGO,Bergen,bergen,2026-11,1167,nok,2026-11-05T06:00:00+01:00,2026-11-07T18:50:00+01:00,SK,SAS,4403,1,515,False,https://www.aviasales.com/search/TOS0511BGO07111?t=SK17938584001793872200000230TOSOSLBGO17940774001794094500000285BGOOSLTOS_f7450afadf62d39b6433f4aa33f83aa6_10432&search_date=08102026&expected_price_uuid=01a1198f-7a69-8040-aea6-5afd3f0f158f&static_fare_key=TY%7CP0%7CH0%7CL0%7CCH0%7CR0%7CTBC0&itinerary_key=crBXWnRm34SYhL2Wop5f0w&expected_price_source=share&expected_price_currency=nok&expected_price=1167
2026-10-08,TOS,Tromsø,OSL,Oslo,innenriks,2026-10,516,nok,2026-10-28T06:10:00+01:00,2026-10-30T21:30:00+01:00,DY,Norwegian,371,0,245,True,https://www.aviasales.com/search/TOS2810OSL30101?t=DY17931678001793175300000125TOSOSL17933958001793403000000120OSLTOS_c56c6ea96d9bc2cb8fac8c4024113411_4480&search_date=02102026&expected_price_uuid=01a0fc39-cab9-8040-2526-12e14644eae4&static_fare_key=TY%7CP0%7CH0%7CL0%7CCH1%7CR0%7CTBC0&itinerary_key=kHXGHh7-BM5jv2aWuCHkxw&expected_price_source=share&expected_price_currency=nok&expected_price=516
2026-10-08,TOS,Tromsø,TRD,Trondheim,innenriks,2026-11,1818,nok,2026-11-14T11:15:00+01:00,2026-11-22T09:00:00+01:00,WF,Widerøe,1327,1,1680,False,https://www.aviasales.com/search/TOS1411TRD22111?t=WF17946549001794666000000185TOSBOOTRD17953380001795427700001495TRDBOOTOS_945ce5949d805ab4c06e908f121cfb21_16241&search_date=07102026&expected_price_uuid=01a117e4-5a03-8030-ada8-f3eaede5ddf3&static_fare_key=TY%7CP1%7CH0%7CL0%7CCH1%7CR0%7CTBC0&itinerary_key=kilN7mlDFcepHlWJek9h6A&expected_price_source=share&expected_price_currency=nok&expected_price=1818
2026-10-08,TRD,Trondheim,OSL,Oslo,innenriks,2026-11,506,nok,2026-11-05T16:35:00+01:00,2026-11-07T08:00:00+01:00,SK,SAS,373,0,125,True,https://www.aviasales.com/search/TRD0511OSL07111?t=SK17938965001793900100000060TRDOSL17940384001794042300000065OSLTRD_f3be81f83e6dafa1e9714ba71264a9c6_4492&search_date=06102026&expected_price_uuid=01a1129e-10a2-8030-e521-3f62479f1244&static_fare_key=TY%7CP1%7CH0%7CL0%7CCH0%7CR0%7CTBC0&itinerary_key=M4wk0ofpKUQZR6eJxosw2A&expected_price_source=share&expected_price_currency=nok&expected_price=506
2026-10-08,TRD,Trondheim,TOS,Tromsø,innenriks,2026-12,2398,nok,2026-12-25T15:10:00+01:00,2026-12-28T06:10:00+01:00,WF,Widerøe,1365,1,650,False,https://www.aviasales.com/search/TRD2512TOS28121?t=WF17982114001798237200000430TRDBGOTOS17984382001798451400000220TOSOSLTRD_fed72d6ee7cbb833704102cb85489a95_20756&search_date=01102026&expected_price_uuid=01a0f870-0f53-8030-6310-ede4b3fd456e&static_fare_key=TY%7CP0%7CH0%7CL0%7CCH1%7CR0%7CTBC0&itinerary_key=sCztrEeCjeVD1NueeqNlRg&expected_price_source=share&expected_price_currency=nok&expected_price=2398
2026-10-08,AES,Ålesund,OSL,Oslo,innenriks,2026-12,573,nok,2026-12-23T19:20:00+01:00,2026-12-30T08:50:00+01:00,DY,Norwegian,0417,0,115,True,https://www.aviasales.com/search/AES2312OSL30121?t=DY17980536001798056900000055AESOSL17986206001798624200000060OSLAES_e0ee03adc65fffe690bbe7d855e9ba0b_4969&search_date=02102026&expected_price_uuid=01a0fad8-71ad-8030-a211-056675385caf&static_fare_key=TY%7CP1_JW%7CH0%7CL0%7CCH1%7CR0%7CTBC0&itinerary_key=0aoRip9ZPJcXmuRqJDShmg&expected_price_source=share&expected_price_currency=nok&expected_price=573
