Produsent,Modell,hjuldrift,drivstoff,årstall,n_obs,median_pris,median_km,p25_pris,p75_pris,std_pris,km_slope,km_slope_kilde
ACE,Ukjent,Tohjul,Elektrisk,2025,5,154900,50,154900,159000,11581,-0.32,global
Abarth,500,Tohjul,Elektrisk,2024,14,299000,610,272400,314900,46255,-0.32,global
Alfa,Romeo 159,Tohjul,Diesel,2006,5,26942,251000,23900,41845,11301,-0.32,global
Alfa,Romeo 159,Tohjul,Diesel,2007,14,29950,202000,22150,48206,20322,-0.32,global
Alfa,Romeo 159,Tohjul,Diesel,2008,12,31921,196192,25718,44725,16329,-0.32,global
Alfa,Romeo 159,Tohjul,Diesel,2009,9,58900,197000,24900,67729,29832,-0.32,global
Alfa,Romeo 159,Tohjul,Diesel,2010,13,51800,184000,39900,68790,19801,-0.32,global
Alfa,Romeo 159,Tohjul,Diesel,2011,6,59400,147500,53900,65682,21492,-0.32,global
Alfa,Romeo 159 SportWagon,Tohjul,Diesel,2007,7,59000,152000,37445,62000,20420,-0.32,global
Alfa,Romeo GT,Tohjul,Diesel,2009,6,36400,116050,22150,49900,18822,-0.32,global
Alfa,Romeo Giulia,Firehjul,Bensin,2020,11,465000,69000,454217,483500,43436,-0.32,global
Alfa,Romeo Giulia,Tohjul,Diesel,2017,5,254532,82469,239900,269434,22125,-0.32,global
Alfa,Romeo Giulia Quadrifoglio,Tohjul,Bensin,2017,6,842490,98962,831240,887422,33681,-0.32,global
Alfa,Romeo Giulietta,Tohjul,Bensin,2010,13,29942,203000,19900,53900,29424,-0.32,global
Alfa,Romeo Giulietta,Tohjul,Bensin,2011,11,44900,156000,36900,56971,22374,-0.32,global
Alfa,Romeo Giulietta,Tohjul,Bensin,2012,26,62950,149450,44650,79900,24402,-0.164,lokal
Alfa,Romeo Giulietta,Tohjul,Bensin,2013,8,62921,175000,54442,79225,20053,-0.32,global
Alfa,Romeo Giulietta,Tohjul,Bensin,2018,6,174000,112598,138250,181925,29747,-0.32,global
Alfa,Romeo Giulietta,Tohjul,Diesel,2010,12,55000,160200,38486,58400,15682,-0.32,global
Alfa,Romeo Giulietta,Tohjul,Diesel,2011,21,39900,163500,29000,49900,18837,-0.104,lokal
Alfa,Romeo Junior,Tohjul,Elektrisk,2025,12,495000,6650,486425,499000,8540,-0.32,global
Alfa,Romeo MiTo,Tohjul,Bensin,2010,23,35000,145306,24400,40500,11735,-0.186,lokal
Alfa,Romeo MiTo,Tohjul,Bensin,2011,5,22900,135475,19900,23000,8025,-0.32,global
Alfa,Romeo MiTo,Tohjul,Bensin,2012,7,31900,135957,28850,46421,18622,-0.32,global
Alfa,Romeo MiTo,Tohjul,Bensin,2013,10,37950,108000,34910,48725,14663,-0.32,global
Alfa,Romeo Stelvio,Firehjul,Bensin,2017,7,324900,134000,311950,329450,18200,-0.32,global
Alfa,Romeo Stelvio,Firehjul,Bensin,2019,12,418950,58750,398900,433000,48278,-0.32,global
Alfa,Romeo Stelvio,Firehjul,Bensin,2023,7,699000,53490,684450,699900,22105,-0.32,global
Alfa,Romeo Stelvio,Firehjul,Diesel,2017,15,280000,109600,268167,287000,20211,-0.32,global
Alfa,Romeo Stelvio,Firehjul,Diesel,2018,18,298500,132000,285675,319675,30115,-0.628,lokal
Alfa,Romeo Stelvio,Firehjul,Diesel,2019,20,392450,74000,376500,399900,24013,-0.162,lokal
Alfa,Romeo Stelvio,Firehjul,Diesel,2021,10,524000,69966,490925,536500,43664,-0.32,global
Alfa,Romeo Stelvio,Firehjul,Diesel,2024,7,769900,12500,749900,794900,38483,-0.32,global
Alfa,Romeo Stelvio Quadrifoglio,Firehjul,Bensin,2018,6,759000,90500,741500,769000,32379,-0.32,global
Alfa,Romeo Stelvio Quadrifoglio,Firehjul,Bensin,2020,5,995000,52500,939000,995000,30672,-0.32,global
Aston,Martin DBX,Firehjul,Bensin,2021,6,1869500,51000,1834000,1893750,42312,-0.32,global
Aston,Martin DBX,Firehjul,Bensin,2023,6,2847000,48600,2721000,2970000,163964,-0.32,global
Aston,Martin Rapide,Tohjul,Bensin,2010,23,829000,55000,829000,849000,27504,0.355,lokal
Audi,50,Firehjul,Elektrisk,2021,10,314450,85500,305326,339425,53617,-0.32,global
Audi,50,Firehjul,Elektrisk,2022,38,349000,77142,309225,359000,36713,-0.951,lokal
Audi,50,Firehjul,Elektrisk,2023,6,389400,59250,382175,397375,24585,-0.32,global
Audi,80,Tohjul,Bensin,1992,8,27921,238950,23750,30475,9375,-0.32,global
Audi,80,Tohjul,Bensin,1994,5,31000,206000,26900,31900,61022,-0.32,global
Audi,A1,Tohjul,Bensin,2011,127,63900,147000,46900,83400,26060,-0.233,lokal
Audi,A1,Tohjul,Bensin,2012,103,69900,142000,52900,93471,28623,-0.288,lokal
Audi,A1,Tohjul,Bensin,2013,95,89000,123200,69000,99900,28703,-0.107,lokal
Audi,A1,Tohjul,Bensin,2014,72,85000,125000,69000,105992,25505,-0.071,lokal
Audi,A1,Tohjul,Bensin,2015,20,124900,100940,118225,139200,22722,-0.104,lokal
Audi,A1,Tohjul,Bensin,2016,54,119000,89853,101250,139675,26729,-0.243,lokal
Audi,A1,Tohjul,Bensin,2017,24,142400,90989,129000,149980,18667,-0.119,lokal
Audi,A1,Tohjul,Bensin,2018,29,149900,101617,133166,159000,19181,-0.13,lokal
Audi,A1,Tohjul,Bensin,2019,21,219000,91000,199000,239900,35151,-0.869,lokal
Audi,A1,Tohjul,Bensin,2021,18,249900,46836,223874,259900,38792,-0.48,lokal
Audi,A1,Tohjul,Bensin,2022,18,289900,22150,289900,298900,7315,-0.371,lokal
Audi,A1,Tohjul,Bensin,2023,5,309900,27400,309900,309900,17889,-0.32,global
Audi,A1,Tohjul,Diesel,2010,5,36942,172000,36942,41942,10200,-0.32,global
Audi,A1,Tohjul,Diesel,2011,60,50000,154836,46275,64956,14884,-0.169,lokal
Audi,A1,Tohjul,Diesel,2012,31,69900,142200,54921,79700,19679,-0.213,lokal
Audi,A1,Tohjul,Diesel,2013,19,99000,135330,78950,108900,21635,-0.433,lokal
Audi,A2,Tohjul,Bensin,2001,16,20900,193816,11725,31942,12443,-0.32,global
Audi,A2,Tohjul,Bensin,2005,7,29845,185000,24950,39421,17216,-0.32,global
Audi,A3,Tohjul,Bensin,1998,10,25922,222750,12536,31900,24441,-0.32,global
Audi,A3,Tohjul,Bensin,2000,12,23471,155000,18986,30160,11983,-0.32,global
Audi,A3,Tohjul,Bensin,2002,5,26942,195500,24900,27000,7683,-0.32,global
Audi,A3,Tohjul,Bensin,2003,9,25900,199576,17900,26942,8586,-0.32,global
Audi,A3,Tohjul,Bensin,2004,12,22421,178000,13400,34150,23856,-0.32,global
Audi,A3,Tohjul,Bensin,2005,81,21900,196000,12389,32990,14278,0.022,lokal
Audi,A3,Tohjul,Bensin,2006,80,21942,189375,13932,35224,13770,-0.146,lokal
Audi,A3,Tohjul,Bensin,2007,57,23000,199000,12942,33900,14917,-0.075,lokal
Audi,A3,Tohjul,Bensin,2008,26,31872,160000,19160,39998,24641,-0.129,lokal
Audi,A3,Tohjul,Bensin,2009,31,46900,183000,29971,64400,34529,-0.164,lokal
Audi,A3,Tohjul,Bensin,2010,35,49900,169503,28900,74900,27941,-0.223,lokal
Audi,A3,Tohjul,Bensin,2011,31,79000,144200,50921,89450,28941,-0.372,lokal
Audi,A3,Tohjul,Bensin,2012,49,69900,146000,59000,89000,26984,-0.242,lokal
Audi,A3,Tohjul,Bensin,2013,129,93900,157000,74900,109999,29179,-0.194,lokal
Audi,A3,Firehjul,Bensin,2014,17,194900,117000,174900,219900,38857,-0.237,lokal
Audi,A3,Tohjul,Bensin,2014,240,118995,139950,99000,139000,28498,-0.327,lokal
Audi,A3,Firehjul,Bensin,2015,17,190000,136000,179900,224900,36148,-0.956,lokal
Audi,A3,Tohjul,Bensin,2015,158,129000,134060,108374,149000,41434,-0.295,lokal
Audi,A3,Tohjul,Bensin,2016,44,149450,124500,119784,161175,45499,-0.426,lokal
Audi,A3,Firehjul,Bensin,2017,32,279900,67575,256725,296225,27436,-0.327,lokal
Audi,A3,Tohjul,Bensin,2017,45,162843,121000,149900,184000,30716,-0.124,lokal
Audi,A3,Firehjul,Bensin,2018,17,299900,79673,295000,319900,32853,-0.427,lokal
Audi,A3,Tohjul,Bensin,2018,51,199000,93930,159495,218000,35377,-0.569,lokal
Audi,A3,Tohjul,Bensin,2019,40,204000,83700,194633,225234,22688,-0.188,lokal
Audi,A3,Tohjul,Bensin,2020,7,234000,109000,199000,249000,44322,-0.32,global
Audi,A3,Tohjul,Diesel,2004,5,35900,188000,24942,45000,15149,-0.32,global
Audi,A3,Tohjul,Diesel,2005,22,15700,257500,11900,25900,12444,0.021,lokal
Audi,A3,Firehjul,Diesel,2006,19,32942,246000,22372,40921,13662,-0.118,lokal
Audi,A3,Tohjul,Diesel,2006,21,21942,230000,11942,44900,29442,-0.396,lokal
Audi,A3,Firehjul,Diesel,2007,17,31900,229450,20000,48942,20059,-0.044,lokal
Audi,A3,Tohjul,Diesel,2007,63,26942,226900,17671,39450,14945,-0.078,lokal
Audi,A3,Firehjul,Diesel,2008,17,30000,242268,21900,49900,20667,-0.126,lokal
Audi,A3,Tohjul,Diesel,2008,150,31900,208760,21892,39990,17138,-0.041,lokal
Audi,A3,Firehjul,Diesel,2009,14,41442,214701,35975,51900,20196,-0.32,global
Audi,A3,Tohjul,Diesel,2009,73,40000,197000,26442,50942,25998,-0.097,lokal
Audi,A3,Firehjul,Diesel,2010,15,53942,243339,40966,64900,24748,-0.32,global
Audi,A3,Tohjul,Diesel,2010,128,44950,197105,31403,59000,21283,-0.14,lokal
Audi,A3,Firehjul,Diesel,2011,9,139900,65747,85000,159000,39903,-0.32,global
Audi,A3,Tohjul,Diesel,2011,101,54000,184472,41900,69442,20033,-0.153,lokal
Audi,A3,Firehjul,Diesel,2012,14,80950,199999,60675,89999,22725,-0.32,global
Audi,A3,Tohjul,Diesel,2012,105,59999,163460,49000,71942,23946,-0.149,lokal
Audi,A3,Firehjul,Diesel,2013,13,149000,170000,129900,169900,24342,-0.32,global
Audi,A3,Tohjul,Diesel,2013,60,93450,168500,78975,110486,28247,-0.309,lokal
Audi,A3,Firehjul,Diesel,2014,52,156188,158000,144484,181108,35878,-0.196,lokal
Audi,A3,Tohjul,Diesel,2014,38,114950,171698,99225,136608,29995,-0.186,lokal
Audi,A3,Firehjul,Diesel,2015,36,169000,119950,141934,189108,39570,-0.302,lokal
Audi,A3,Tohjul,Diesel,2015,26,134434,147743,121034,158000,25126,-0.107,lokal
Audi,A3,Firehjul,Diesel,2016,25,179000,165000,144532,259900,60507,-1.049,lokal
Audi,A3,Tohjul,Diesel,2016,9,149900,139485,146900,163934,14903,-0.32,global
Audi,A3,Firehjul,Diesel,2017,11,269000,139000,217000,273000,35113,-0.32,global
Audi,A3,Tohjul,Hybrid,2015,80,129900,145750,118000,139225,25854,-0.238,lokal
Audi,A3,Tohjul,Hybrid,2016,154,141716,129750,129960,159875,25015,-0.316,lokal
Audi,A3,Tohjul,Hybrid,2017,133,159990,108000,149990,179900,23668,-0.503,lokal
Audi,A3,Tohjul,Hybrid,2018,143,173434,98800,159000,189000,21861,-0.36,lokal
Audi,A3,Tohjul,Hybrid,2020,34,229900,84390,186175,249990,39531,-1.257,lokal
Audi,A3,Tohjul,Hybrid,2021,11,319900,71000,299900,336950,27340,-0.32,global
Audi,A3,Tohjul,Plug-in hybrid,2015,68,129900,137205,117234,139434,18676,-0.199,lokal
Audi,A3,Tohjul,Plug-in hybrid,2016,148,134732,124006,119900,149108,21619,-0.283,lokal
Audi,A3,Tohjul,Plug-in hybrid,2017,112,156717,112000,144875,169434,20000,-0.282,lokal
Audi,A3,Tohjul,Plug-in hybrid,2018,195,169000,99500,149900,184950,27036,-0.454,lokal
Audi,A3,Tohjul,Plug-in hybrid,2020,31,229000,75543,198000,254450,32899,-0.986,lokal
Audi,A3,Tohjul,Plug-in hybrid,2021,86,304450,51672,289133,329900,25721,-0.522,lokal
Audi,A3,Tohjul,Plug-in hybrid,2022,5,359900,40000,359000,369000,26656,-0.32,global
Audi,A3,Tohjul,Plug-in hybrid,2023,15,389900,32314,379900,399400,22925,-0.32,global
Audi,A4,Tohjul,Bensin,1996,6,17450,182250,12400,28500,9704,-0.32,global
Audi,A4,Tohjul,Bensin,1998,6,18950,256120,17182,21425,14948,-0.32,global
Audi,A4,Firehjul,Bensin,1999,8,35400,263406,24432,68956,38480,-0.32,global
Audi,A4,Tohjul,Bensin,1999,6,17872,188898,12938,21168,8158,-0.32,global
Audi,A4,Firehjul,Bensin,2000,6,54400,271329,39900,89221,85225,-0.32,global
Audi,A4,Tohjul,Bensin,2001,5,9999,186227,9900,11707,6325,-0.32,global
Audi,A4,Firehjul,Bensin,2002,12,35471,267021,17942,36900,36641,-0.32,global
Audi,A4,Tohjul,Bensin,2002,14,15945,251848,11910,23192,7947,-0.32,global
Audi,A4,Firehjul,Bensin,2003,7,39900,238305,25571,49950,16005,-0.32,global
Audi,A4,Tohjul,Bensin,2003,20,30400,221000,19900,48225,33324,-0.115,lokal
Audi,A4,Firehjul,Bensin,2004,27,48000,219238,29971,104421,62478,-0.83,lokal
Audi,A4,Tohjul,Bensin,2004,31,20900,207900,12900,41921,40477,-0.141,lokal
Audi,A4,Firehjul,Bensin,2005,22,35421,243718,20475,55650,19773,-0.101,lokal
Audi,A4,Tohjul,Bensin,2005,24,21921,192400,9900,39925,15128,-0.019,lokal
Audi,A4,Firehjul,Bensin,2006,26,57971,198800,39225,91454,57461,-0.236,lokal
Audi,A4,Tohjul,Bensin,2006,15,27000,207000,20921,42950,22152,-0.32,global
Audi,A4,Firehjul,Bensin,2007,13,26942,263579,16900,59942,32690,-0.32,global
Audi,A4,Tohjul,Bensin,2007,25,29442,189250,23900,49900,25503,-0.012,lokal
Audi,A4,Tohjul,Bensin,2008,19,39990,189400,24971,62400,29571,-0.194,lokal
Audi,A4,Firehjul,Bensin,2009,23,70000,207500,44421,99500,37951,-0.427,lokal
Audi,A4,Tohjul,Bensin,2009,80,48471,214500,29900,60910,20769,-0.072,lokal
Audi,A4,Firehjul,Bensin,2010,13,60900,186000,47900,91900,24831,-0.32,global
Audi,A4,Tohjul,Bensin,2010,41,49990,184624,31942,69943,25437,-0.184,lokal
Audi,A4,Firehjul,Bensin,2011,9,81900,221300,51942,104000,43614,-0.32,global
Audi,A4,Tohjul,Bensin,2011,33,62900,194277,47000,69000,30972,-0.235,lokal
Audi,A4,Firehjul,Bensin,2012,6,139000,147100,63250,139000,55782,-0.32,global
Audi,A4,Tohjul,Bensin,2012,21,99000,146000,69900,129900,38534,-0.345,lokal
Audi,A4,Firehjul,Bensin,2013,11,139000,169078,90900,144900,39016,-0.32,global
Audi,A4,Tohjul,Bensin,2013,68,90421,180156,71650,119900,32156,-0.196,lokal
Audi,A4,Firehjul,Bensin,2014,6,164990,183500,141976,179990,32906,-0.32,global
Audi,A4,Tohjul,Bensin,2014,22,109900,152669,95110,129000,28477,-0.419,lokal
Audi,A4,Tohjul,Bensin,2015,25,134900,147195,124900,148729,21981,-0.432,lokal
Audi,A4,Firehjul,Bensin,2016,6,294500,121134,286250,309826,32291,-0.32,global
Audi,A4,Tohjul,Bensin,2016,25,189000,133000,169990,199900,26268,-0.282,lokal
Audi,A4,Tohjul,Bensin,2017,69,169900,136300,159990,189000,26113,-0.306,lokal
Audi,A4,Tohjul,Bensin,2018,65,199000,119900,169532,219900,29922,-0.634,lokal
Audi,A4,Tohjul,Bensin,2019,32,232450,105750,219000,241034,20165,-0.162,lokal
Audi,A4,Tohjul,Diesel,2002,11,21900,294350,14421,24650,5782,-0.32,global
Audi,A4,Firehjul,Diesel,2003,12,18871,330804,13942,28160,11119,-0.32,global
Audi,A4,Tohjul,Diesel,2003,11,20000,287858,13400,24421,8713,-0.32,global
Audi,A4,Firehjul,Diesel,2004,15,21942,331600,16470,34450,10859,-0.32,global
Audi,A4,Tohjul,Diesel,2004,22,19921,289136,11150,24775,7801,0.052,lokal
Audi,A4,Tohjul,Diesel,2005,34,21900,255043,12160,32974,11663,0.018,lokal
Audi,A4,Firehjul,Diesel,2006,17,29942,275000,21900,41900,16591,-0.32,global
Audi,A4,Tohjul,Diesel,2006,41,26000,248000,18942,36942,14138,-0.078,lokal
Audi,A4,Firehjul,Diesel,2007,78,34950,255338,21900,55660,21971,-0.051,lokal
Audi,A4,Tohjul,Diesel,2007,64,26921,241500,16900,38400,19586,-0.134,lokal
Audi,A4,Firehjul,Diesel,2008,65,36942,244000,25000,46942,27612,-0.104,lokal
Audi,A4,Tohjul,Diesel,2008,120,36900,233000,19942,51160,23492,-0.103,lokal
Audi,A4,Firehjul,Diesel,2009,35,69999,251700,43900,81850,22951,-0.026,lokal
Audi,A4,Tohjul,Diesel,2009,194,46900,240082,29900,60806,26285,-0.139,lokal
Audi,A4,Firehjul,Diesel,2010,47,76942,238000,48450,97971,29035,-0.178,lokal
Audi,A4,Tohjul,Diesel,2010,100,54921,237250,36900,75475,24133,-0.215,lokal
Audi,A4,Firehjul,Diesel,2011,34,83450,233500,64410,97910,45614,-0.124,lokal
Audi,A4,Tohjul,Diesel,2011,115,61942,214320,43420,86400,28811,-0.251,lokal
Audi,A4,Firehjul,Diesel,2012,26,99850,217572,87650,126682,36018,-0.165,lokal
Audi,A4,Tohjul,Diesel,2012,76,71421,204894,56900,89956,25723,-0.247,lokal
Audi,A4,Firehjul,Diesel,2013,42,122395,206212,109850,149000,38368,-0.242,lokal
Audi,A4,Tohjul,Diesel,2013,126,91421,201498,74956,119000,30938,-0.221,lokal
Audi,A4,Firehjul,Diesel,2014,28,156717,185000,146748,179000,40971,-0.28,lokal
Audi,A4,Tohjul,Diesel,2014,41,109950,194000,86900,129000,32894,-0.433,lokal
Audi,A4,Firehjul,Diesel,2015,25,164434,171500,134532,179900,33269,-0.136,lokal
Audi,A4,Tohjul,Diesel,2015,30,137167,159400,121034,159974,28310,-0.708,lokal
Audi,A4,Firehjul,Diesel,2016,74,237016,156500,214646,269000,39341,-0.386,lokal
Audi,A4,Tohjul,Diesel,2016,24,184495,147911,166750,214399,38174,-0.536,lokal
Audi,A4,Firehjul,Diesel,2017,64,239167,170750,223700,269150,34332,-0.506,lokal
Audi,A4,Tohjul,Diesel,2017,30,209000,142000,171133,236500,47681,-0.768,lokal
Audi,A4,Firehjul,Diesel,2018,67,294000,129958,259667,311667,42716,-0.619,lokal
Audi,A4,Tohjul,Diesel,2018,9,219900,143000,214532,239900,43680,-0.32,global
Audi,A4,Firehjul,Diesel,2019,38,319667,136500,296000,349000,40555,-0.625,lokal
Audi,A4,Tohjul,Diesel,2019,5,239900,163000,239900,249900,20133,-0.32,global
Audi,A4,Firehjul,Diesel,2020,16,381950,118900,317400,396150,55272,-2.345,lokal
Audi,A4,Firehjul,Diesel,2021,11,348000,129000,328000,358500,18293,-0.32,global
Audi,A4,Firehjul,Diesel,2023,7,489000,109000,479000,494000,15119,-0.32,global
Audi,A4,Tohjul,Hybrid,2019,15,248900,106500,234445,249900,19906,-0.32,global
Audi,A4,Firehjul,Hybrid,2021,7,429900,47800,404900,439900,33094,-0.32,global
Audi,A4 allroad,Firehjul,Bensin,2010,11,86845,189000,72921,106450,36186,-0.32,global
Audi,A4 allroad,Firehjul,Bensin,2011,7,101845,189961,91700,144990,38561,-0.32,global
Audi,A4 allroad,Firehjul,Bensin,2013,7,144999,157000,122445,166942,37597,-0.32,global
Audi,A4 allroad,Firehjul,Bensin,2017,21,325000,109229,293532,369000,47139,-0.83,lokal
Audi,A4 allroad,Firehjul,Bensin,2018,17,349000,153000,309000,369000,29216,-0.335,lokal
Audi,A4 allroad,Firehjul,Diesel,2009,5,99900,185500,99000,119000,40529,-0.32,global
Audi,A4 allroad,Firehjul,Diesel,2010,94,75921,241000,61900,91400,27764,-0.172,lokal
Audi,A4 allroad,Firehjul,Diesel,2011,47,79900,234520,63400,94442,33185,-0.125,lokal
Audi,A4 allroad,Firehjul,Diesel,2012,26,93466,213000,72932,125150,37942,-0.364,lokal
Audi,A4 allroad,Firehjul,Diesel,2013,137,129000,198000,101900,149900,37641,-0.584,lokal
Audi,A4 allroad,Firehjul,Diesel,2014,136,149900,178371,129000,169000,32473,-0.294,lokal
Audi,A4 allroad,Firehjul,Diesel,2015,115,169900,155709,149217,189900,31621,-0.481,lokal
Audi,A4 allroad,Firehjul,Diesel,2016,77,214000,151500,185234,249000,50761,-0.707,lokal
Audi,A4 allroad,Firehjul,Diesel,2017,247,269000,141000,249000,289900,38242,-0.447,lokal
Audi,A4 allroad,Firehjul,Diesel,2018,213,279900,138000,259000,305000,36092,-0.518,lokal
Audi,A4 allroad,Firehjul,Diesel,2020,17,409900,104500,389900,429900,22682,-0.301,lokal
Audi,A4 allroad,Firehjul,Diesel,2022,5,479900,96000,479900,489900,22793,-0.32,global
Audi,A5,Tohjul,Bensin,2008,48,71900,207000,41917,87650,30896,-0.428,lokal
Audi,A5,Firehjul,Bensin,2009,9,126942,182000,71900,129900,44915,-0.32,global
Audi,A5,Tohjul,Bensin,2009,41,109999,173000,81900,121900,33855,-0.215,lokal
Audi,A5,Firehjul,Bensin,2010,20,101894,199895,86400,127500,34691,-0.215,lokal
Audi,A5,Tohjul,Bensin,2010,38,80971,164110,58975,127910,49103,-0.304,lokal
Audi,A5,Firehjul,Bensin,2011,9,129000,170000,111845,161900,33293,-0.32,global
Audi,A5,Tohjul,Bensin,2011,26,102400,153900,82400,119675,39886,-0.334,lokal
Audi,A5,Firehjul,Bensin,2012,13,149000,198000,139900,159900,26495,-0.32,global
Audi,A5,Tohjul,Bensin,2012,22,110921,182050,90208,132873,40684,-0.573,lokal
Audi,A5,Tohjul,Bensin,2013,27,149990,152700,133942,179900,45700,-0.071,lokal
Audi,A5,Tohjul,Bensin,2014,14,159000,167000,155576,184900,37734,-0.32,global
Audi,A5,Tohjul,Bensin,2015,9,199900,124000,174532,204434,48154,-0.32,global
Audi,A5,Firehjul,Bensin,2017,19,369900,103000,334900,382500,34929,-0.915,lokal
Audi,A5,Tohjul,Bensin,2017,6,237400,184000,231150,251150,25184,-0.32,global
Audi,A5,Firehjul,Bensin,2018,18,339000,131500,329000,349000,14602,-0.129,lokal
Audi,A5,Tohjul,Bensin,2018,10,239266,142000,216000,253300,28321,-0.32,global
Audi,A5,Firehjul,Diesel,2008,7,125000,245500,100900,184966,68480,-0.32,global
Audi,A5,Tohjul,Diesel,2008,9,85000,218000,70942,109000,27780,-0.32,global
Audi,A5,Firehjul,Diesel,2009,12,104400,222016,86942,154400,51047,-0.32,global
Audi,A5,Tohjul,Diesel,2009,14,81900,222014,60432,95650,22685,-0.32,global
Audi,A5,Firehjul,Diesel,2010,23,159900,205000,109421,174945,44095,0.221,lokal
Audi,A5,Tohjul,Diesel,2010,20,83400,215000,65150,110475,31460,-0.443,lokal
Audi,A5,Firehjul,Diesel,2011,15,116900,221000,93421,149921,40291,-0.339,lokal
Audi,A5,Tohjul,Diesel,2011,14,101900,188000,86250,118225,35409,-0.32,global
Audi,A5,Tohjul,Diesel,2012,16,131942,167266,126932,161175,29227,-0.232,lokal
Audi,A5,Firehjul,Diesel,2013,13,179900,182500,163000,219000,59758,-0.32,global
Audi,A5,Tohjul,Diesel,2013,9,149990,155325,129000,189942,37867,-0.32,global
Audi,A5,Firehjul,Diesel,2014,22,180400,187819,149225,207490,40636,-0.331,lokal
Audi,A5,Firehjul,Diesel,2015,16,229217,134700,214000,239925,27073,-0.6,lokal
Audi,A5,Firehjul,Diesel,2016,6,259990,118147,229248,274990,126030,-0.32,global
Audi,A5,Firehjul,Diesel,2017,15,349000,129000,319495,394000,42055,-0.141,lokal
Audi,A5,Tohjul,Diesel,2017,13,279000,114000,259000,285000,22031,-0.32,global
Audi,A5,Firehjul,Diesel,2018,16,357400,127670,343650,371500,30595,-1.289,lokal
Audi,A6,Firehjul,Bensin,1999,8,20971,240500,10692,37456,28227,-0.32,global
Audi,A6,Firehjul,Bensin,2000,7,11900,290000,10814,19384,45029,-0.32,global
Audi,A6,Firehjul,Bensin,2001,7,26900,267310,20950,58421,40069,-0.32,global
Audi,A6,Firehjul,Bensin,2002,10,19971,236762,13150,26410,9502,-0.32,global
Audi,A6,Tohjul,Bensin,2002,5,21900,191000,20900,23900,10800,-0.32,global
Audi,A6,Firehjul,Bensin,2003,10,27921,237244,20932,40900,15844,-0.32,global
Audi,A6,Firehjul,Bensin,2004,27,21942,237300,14950,33471,28609,-0.106,lokal
Audi,A6,Firehjul,Bensin,2005,20,48400,235000,20910,54192,32139,-0.225,lokal
Audi,A6,Tohjul,Bensin,2005,18,31900,238550,23903,56748,18332,0.023,lokal
Audi,A6,Firehjul,Bensin,2006,8,50921,224215,35410,59225,17869,-0.32,global
Audi,A6,Tohjul,Bensin,2006,23,24900,244300,12200,35400,12497,0.112,lokal
Audi,A6,Firehjul,Bensin,2007,5,29900,268985,25000,39900,16759,-0.32,global
Audi,A6,Tohjul,Bensin,2007,15,24942,241999,18450,42442,14043,-0.32,global
Audi,A6,Firehjul,Bensin,2012,14,186172,164500,151859,197412,78501,-0.32,global
Audi,A6,Tohjul,Bensin,2012,11,130000,194000,114450,152445,26444,-0.32,global
Audi,A6,Firehjul,Bensin,2013,8,169950,183138,147750,269000,65576,-0.32,global
Audi,A6,Tohjul,Bensin,2013,18,139450,155258,118906,176500,52090,-0.318,lokal
Audi,A6,Firehjul,Bensin,2016,7,264000,96300,261500,271500,52099,-0.32,global
Audi,A6,Tohjul,Diesel,2000,5,25000,301000,16900,41899,14452,-0.32,global
Audi,A6,Tohjul,Diesel,2002,5,16942,316469,10942,19845,8044,-0.32,global
Audi,A6,Tohjul,Diesel,2004,7,14990,265500,9950,18450,5417,-0.32,global
Audi,A6,Firehjul,Diesel,2005,12,29921,272005,21900,55468,28317,-0.32,global
Audi,A6,Tohjul,Diesel,2005,18,17471,279800,14182,35192,14686,-0.041,lokal
Audi,A6,Firehjul,Diesel,2006,64,39900,294022,26410,50025,19070,-0.103,lokal
Audi,A6,Tohjul,Diesel,2006,43,26890,280000,16894,33971,15709,-0.003,lokal
Audi,A6,Firehjul,Diesel,2007,20,36921,289784,21932,46910,17201,-0.2,lokal
Audi,A6,Tohjul,Diesel,2007,66,30400,265600,16900,44997,17044,-0.116,lokal
Audi,A6,Firehjul,Diesel,2008,23,40000,290000,35921,69921,43941,-0.459,lokal
Audi,A6,Tohjul,Diesel,2008,88,36900,248809,17736,49900,19219,-0.141,lokal
Audi,A6,Firehjul,Diesel,2009,25,80942,226000,53400,108982,37491,-0.333,lokal
Audi,A6,Tohjul,Diesel,2009,31,49900,240000,30650,75900,27504,-0.276,lokal
Audi,A6,Firehjul,Diesel,2010,17,89000,238000,78000,99900,28815,-0.269,lokal
Audi,A6,Tohjul,Diesel,2010,52,50421,246719,39410,67442,25161,-0.114,lokal
Audi,A6,Firehjul,Diesel,2011,11,66942,245000,52495,111500,59407,-0.32,global
Audi,A6,Tohjul,Diesel,2011,32,77970,212900,39900,114675,46793,-0.544,lokal
Audi,A6,Firehjul,Diesel,2012,153,169900,222000,146900,191900,43107,-0.282,lokal
Audi,A6,Tohjul,Diesel,2012,105,121900,193000,101900,146900,35175,-0.346,lokal
Audi,A6,Firehjul,Diesel,2013,54,194900,209500,161900,247910,57760,-0.36,lokal
Audi,A6,Tohjul,Diesel,2013,44,120900,209500,107900,145475,28531,-0.005,lokal
Audi,A6,Firehjul,Diesel,2014,70,245400,199800,191034,266456,55413,-0.508,lokal
Audi,A6,Tohjul,Diesel,2014,59,149942,185000,139921,189667,39375,-0.304,lokal
Audi,A6,Firehjul,Diesel,2015,89,299999,162500,269900,349000,86072,-0.765,lokal
Audi,A6,Tohjul,Diesel,2015,21,240000,135500,220000,269000,55392,-0.6,lokal
Audi,A6,Firehjul,Diesel,2016,138,316941,156000,259900,417883,99375,-0.696,lokal
Audi,A6,Tohjul,Diesel,2016,15,209990,162220,204000,234990,25040,-0.32,global
Audi,A6,Firehjul,Diesel,2017,56,314245,145600,269326,390358,100366,-0.811,lokal
Audi,A6,Tohjul,Diesel,2017,10,252212,157000,232032,267242,21571,-0.32,global
Audi,A6,Firehjul,Diesel,2018,46,319266,152150,298000,349675,49136,-0.468,lokal
Audi,A6,Firehjul,Diesel,2019,10,524500,121000,498475,581500,63205,-0.32,global
Audi,A6,Firehjul,Diesel,2020,5,649000,108300,529000,649000,95812,-0.32,global
Audi,A6,Firehjul,Diesel,2024,8,794900,16800,777400,819900,27646,-0.32,global
Audi,A6,Firehjul,Elektrisk,2025,13,859900,8500,829900,879900,72692,-0.32,global
Audi,A6,Tohjul,Hybrid,2012,7,179900,105000,179900,184900,2673,-0.32,global
Audi,A6,Firehjul,Hybrid,2019,29,469000,121920,399990,529990,78531,-1.629,lokal
Audi,A6,Firehjul,Hybrid,2020,27,444900,103600,429900,514945,60430,-0.875,lokal
Audi,A6,Firehjul,Hybrid,2021,22,529900,107200,499900,596725,94632,-2.056,lokal
Audi,A6,Firehjul,Plug-in hybrid,2021,43,579900,61400,536217,611717,57521,-1.09,lokal
Audi,A6,Firehjul,Plug-in hybrid,2023,16,764900,34518,727400,772400,33460,-0.061,lokal
Audi,A6,Firehjul,Plug-in hybrid,2025,9,799000,8500,779000,799900,45381,-0.32,global
Audi,A6 allroad,Firehjul,Diesel,2001,7,19900,261000,13421,30921,13460,-0.32,global
Audi,A6 allroad,Firehjul,Diesel,2002,6,17921,337500,14660,27182,19287,-0.32,global
Audi,A6 allroad,Firehjul,Diesel,2003,9,31942,348000,19900,51941,30317,-0.32,global
Audi,A6 allroad,Firehjul,Diesel,2006,6,47922,307500,41386,71750,24156,-0.32,global
Audi,A6 allroad,Firehjul,Diesel,2007,87,49999,278000,36150,68950,28132,-0.168,lokal
Audi,A6 allroad,Firehjul,Diesel,2008,58,56950,283250,37706,75558,28430,-0.103,lokal
Audi,A6 allroad,Firehjul,Diesel,2009,28,75971,231800,58211,87425,26077,-0.254,lokal
Audi,A6 allroad,Firehjul,Diesel,2010,29,99900,230000,64942,111942,35030,-0.506,lokal
Audi,A6 allroad,Firehjul,Diesel,2011,18,117950,221000,99925,154600,31112,-0.498,lokal
Audi,A6 allroad,Firehjul,Diesel,2012,14,209000,186210,183486,236500,32346,-0.32,global
Audi,A6 allroad,Firehjul,Diesel,2013,178,189945,215795,159900,219932,57840,-0.591,lokal
Audi,A6 allroad,Firehjul,Diesel,2014,107,219000,192000,187421,239467,46924,-0.555,lokal
Audi,A6 allroad,Firehjul,Diesel,2015,93,249000,175205,224434,294532,54898,-0.912,lokal
Audi,A6 allroad,Firehjul,Diesel,2016,149,299000,163000,259900,339000,53786,-0.971,lokal
Audi,A6 allroad,Firehjul,Diesel,2017,82,319945,155000,291034,347975,49601,-0.496,lokal
Audi,A6 allroad,Firehjul,Diesel,2018,18,356532,155500,291899,399000,86068,-0.652,lokal
Audi,A6 allroad,Firehjul,Diesel,2022,11,544900,113550,532000,553950,64860,-0.32,global
Audi,A6 allroad,Firehjul,Hybrid,2020,15,599000,99900,571266,624450,41776,-0.32,global
Audi,A6 allroad,Firehjul,Hybrid,2021,8,679000,78000,599000,679000,73400,-0.32,global
Audi,A6 allroad,Firehjul,Hybrid,2022,7,849000,82030,799000,849000,26726,-0.32,global
Audi,A6 e-tron,Firehjul,Elektrisk,2025,228,799000,10754,749900,839200,66543,-1.723,lokal
Audi,A6 e-tron,Tohjul,Elektrisk,2025,33,599000,7300,579000,619750,44078,-0.32,global
Audi,A7,Firehjul,Bensin,2011,23,169000,213000,150895,219000,39950,0.362,lokal
Audi,A7,Firehjul,Bensin,2012,17,219900,200700,199990,259942,43770,-0.291,lokal
Audi,A7,Firehjul,Bensin,2013,9,199900,131400,199900,201942,48147,-0.32,global
Audi,A7,Firehjul,Bensin,2014,6,214434,160000,188184,244851,37115,-0.32,global
Audi,A7,Tohjul,Bensin,2017,6,289450,132300,271725,299000,19885,-0.32,global
Audi,A7,Firehjul,Diesel,2011,35,199000,197211,176442,244945,54664,-0.38,lokal
Audi,A7,Firehjul,Diesel,2012,36,209000,214000,188922,249225,39597,-0.472,lokal
Audi,A7,Firehjul,Diesel,2013,32,273372,198170,239900,297672,47485,-0.638,lokal
Audi,A7,Firehjul,Diesel,2014,27,284900,163500,254900,314712,51863,0.152,lokal
Audi,A7,Firehjul,Diesel,2015,28,377445,175500,307400,404968,89811,-0.623,lokal
Audi,A7,Firehjul,Diesel,2016,6,469712,151000,443184,472573,72888,-0.32,global
Audi,A7,Firehjul,Diesel,2017,7,499990,113900,484990,514990,59774,-0.32,global
Audi,A7,Firehjul,Hybrid,2019,12,587450,109000,557124,624492,39542,-0.32,global
Audi,A7,Firehjul,Plug-in hybrid,2020,6,499900,83260,484900,514900,26646,-0.32,global
Audi,A7,Firehjul,Plug-in hybrid,2021,11,398000,138350,382000,448500,47472,-0.32,global
Audi,A8,Firehjul,Bensin,2000,7,51900,274000,30900,51900,13892,-0.32,global
Audi,A8,Firehjul,Bensin,2003,6,60471,260016,46206,69369,15928,-0.32,global
Audi,A8,Firehjul,Diesel,2002,5,65000,307000,61900,76942,19493,-0.32,global
Audi,A8,Firehjul,Diesel,2005,15,69900,279000,38442,95900,34163,-0.32,global
Audi,A8,Firehjul,Diesel,2006,19,76900,262500,69900,103995,23815,-0.056,lokal
Audi,A8,Firehjul,Diesel,2007,12,136850,244500,84558,153925,47309,-0.32,global
Audi,A8,Firehjul,Diesel,2008,29,149000,234300,101942,166845,50171,-0.396,lokal
Audi,A8,Firehjul,Diesel,2009,6,130900,297438,110650,145150,60038,-0.32,global
Audi,A8,Firehjul,Diesel,2010,13,249000,226000,201942,249777,52216,-0.32,global
Audi,A8,Firehjul,Diesel,2011,32,225358,213000,200692,249175,50051,-0.296,lokal
Audi,A8,Firehjul,Diesel,2012,13,248900,201000,226900,252900,24673,-0.32,global
Audi,A8,Firehjul,Diesel,2013,6,264500,198670,229000,292425,65854,-0.32,global
Audi,A8,Firehjul,Diesel,2015,7,369000,138000,364217,379500,79714,-0.32,global
Audi,A8,Firehjul,Diesel,2016,13,429000,159800,399990,449990,68309,-0.32,global
Audi,A8,Firehjul,Hybrid,2018,6,744217,92000,724742,749857,36518,-0.32,global
Audi,Q2,Tohjul,Bensin,2017,25,179434,81590,169000,199000,28978,-0.308,lokal
Audi,Q2,Firehjul,Bensin,2018,9,269434,97300,258700,269900,22394,-0.32,global
Audi,Q2,Tohjul,Bensin,2018,45,189000,103000,179000,209000,19250,-0.136,lokal
Audi,Q2,Tohjul,Bensin,2019,54,228000,76200,209108,243500,26662,-0.735,lokal
Audi,Q2,Tohjul,Bensin,2020,34,249945,89400,231826,268558,26369,-0.539,lokal
Audi,Q2,Tohjul,Bensin,2021,9,299900,51312,289900,315000,17130,-0.32,global
Audi,Q2,Firehjul,Diesel,2017,22,222167,120250,201534,239492,24415,0.31,lokal
Audi,Q2,Firehjul,Diesel,2018,48,254500,103386,239875,269225,23859,-0.539,lokal
Audi,Q3,Firehjul,Bensin,2012,9,134990,151000,119942,149900,30564,-0.32,global
Audi,Q3,Firehjul,Bensin,2013,15,159800,95431,127000,187000,37253,-0.32,global
Audi,Q3,Tohjul,Bensin,2014,5,188500,120209,159000,199900,23808,-0.32,global
Audi,Q3,Tohjul,Bensin,2017,22,189900,147000,161050,199900,24089,-0.226,lokal
Audi,Q3,Tohjul,Bensin,2018,6,266500,69000,244000,277750,40301,-0.32,global
Audi,Q3,Firehjul,Bensin,2019,13,369900,76500,369000,399000,37785,-0.32,global
Audi,Q3,Firehjul,Bensin,2020,8,349000,73450,334500,351826,18497,-0.32,global
Audi,Q3,Firehjul,Diesel,2012,58,129994,178366,117725,149900,24408,-0.394,lokal
Audi,Q3,Tohjul,Diesel,2012,9,89900,160000,79990,116900,27548,-0.32,global
Audi,Q3,Firehjul,Diesel,2013,47,134900,168700,116900,149900,28874,-0.346,lokal
Audi,Q3,Firehjul,Diesel,2014,76,169667,128500,149000,179922,32261,-0.509,lokal
Audi,Q3,Firehjul,Diesel,2015,28,194000,140150,159800,235799,40218,-0.847,lokal
Audi,Q3,Tohjul,Diesel,2015,6,196500,121393,190250,214000,14053,-0.32,global
Audi,Q3,Firehjul,Diesel,2016,57,229000,127000,204532,244000,26084,-0.354,lokal
Audi,Q3,Firehjul,Diesel,2017,21,219000,125550,204000,219990,18759,-0.025,lokal
Audi,Q3,Firehjul,Diesel,2018,50,249900,109650,231058,259900,26820,-0.131,lokal
Audi,Q3,Tohjul,Plug-in hybrid,2021,8,339450,44700,336725,349225,11050,-0.32,global
Audi,Q3,Tohjul,Plug-in hybrid,2022,8,368950,37700,359900,369900,7146,-0.32,global
Audi,Q3,Tohjul,Plug-in hybrid,2023,16,399000,45677,373492,402400,42100,-0.32,global
Audi,Q4 e-tron,Firehjul,Elektrisk,2021,7,409098,45000,312167,444900,86042,-0.32,global
Audi,Q4 e-tron,Firehjul,Elektrisk,2022,1100,359000,67899,329532,384900,43778,-0.944,lokal
Audi,Q4 e-tron,Tohjul,Elektrisk,2022,127,299000,53999,278950,319000,34847,-0.42,lokal
Audi,Q4 e-tron,Firehjul,Elektrisk,2023,611,409000,45159,388500,429900,37072,-0.522,lokal
Audi,Q4 e-tron,Tohjul,Elektrisk,2023,144,319900,36500,299875,349900,33502,-0.124,lokal
Audi,Q4 e-tron,Firehjul,Elektrisk,2024,209,473505,25634,449000,499900,41963,-0.299,lokal
Audi,Q4 e-tron,Firehjul,Elektrisk,2025,361,539750,8500,519000,559900,48497,-0.32,global
Audi,Q4 e-tron,Tohjul,Elektrisk,2025,5,479000,6000,479000,489000,5477,-0.32,global
Audi,Q4 e-tron,Firehjul,Elektrisk,2026,35,599000,3000,559850,612400,37372,-0.32,global
Audi,Q5,Firehjul,Bensin,2009,7,131900,171023,64942,172450,61223,-0.32,global
Audi,Q5,Firehjul,Bensin,2010,5,81900,249000,59000,101942,26676,-0.32,global
Audi,Q5,Firehjul,Bensin,2011,7,79000,310789,77950,85450,9583,-0.32,global
Audi,Q5,Firehjul,Bensin,2012,9,114900,215000,99900,121900,12939,-0.32,global
Audi,Q5,Firehjul,Bensin,2016,5,229990,112900,212532,289000,42611,-0.32,global
Audi,Q5,Firehjul,Diesel,2009,42,90371,275000,71900,104725,30691,-0.015,lokal
Audi,Q5,Firehjul,Diesel,2010,129,98900,241000,81900,119900,30310,-0.231,lokal
Audi,Q5,Firehjul,Diesel,2011,154,107971,213500,89000,134900,33426,-0.31,lokal
Audi,Q5,Firehjul,Diesel,2012,119,119900,205000,92400,139450,34375,-0.334,lokal
Audi,Q5,Firehjul,Diesel,2013,124,149000,187950,120000,169000,46553,-0.388,lokal
Audi,Q5,Firehjul,Diesel,2014,104,175000,155500,149326,199526,39178,-0.463,lokal
Audi,Q5,Firehjul,Diesel,2015,82,189900,168000,169108,219000,40535,-0.446,lokal
Audi,Q5,Firehjul,Diesel,2016,120,229900,142551,209434,259000,35968,-0.451,lokal
Audi,Q5,Firehjul,Diesel,2017,138,309000,135094,258000,339000,52289,-0.592,lokal
Audi,Q5,Firehjul,Diesel,2018,48,369000,112000,329000,389000,46346,-0.567,lokal
Audi,Q5,Firehjul,Diesel,2019,32,419000,106250,387400,419999,32964,-0.168,lokal
Audi,Q5,Firehjul,Hybrid,2012,7,139000,218000,109950,150950,27287,-0.32,global
Audi,Q5,Firehjul,Hybrid,2020,34,397450,75500,380500,419990,31800,-1.071,lokal
Audi,Q5,Firehjul,Plug-in hybrid,2020,26,379450,90500,359133,416500,36463,-0.746,lokal
Audi,Q6 e-tron,Firehjul,Elektrisk,2024,31,749000,11500,719000,799000,56638,0.058,lokal
Audi,Q6 e-tron,Firehjul,Elektrisk,2025,397,739900,15999,709750,799000,76298,-2.25,lokal
Audi,Q7,Firehjul,Diesel,2006,6,55921,321000,50442,67400,17281,-0.32,global
Audi,Q7,Firehjul,Diesel,2007,61,93900,271565,61942,114900,39647,-0.208,lokal
Audi,Q7,Firehjul,Diesel,2008,7,115000,227000,84900,124471,39622,-0.32,global
Audi,Q7,Firehjul,Diesel,2009,10,131400,248000,94956,149199,91614,-0.32,global
Audi,Q7,Firehjul,Diesel,2010,8,210900,234578,159359,259999,54038,-0.32,global
Audi,Q7,Firehjul,Diesel,2011,32,194491,224000,169900,219212,66214,-0.146,lokal
Audi,Q7,Firehjul,Diesel,2012,32,219000,231305,177900,229000,45574,-0.335,lokal
Audi,Q7,Firehjul,Diesel,2013,23,249900,205000,220872,257950,40402,-0.386,lokal
Audi,Q7,Firehjul,Diesel,2014,10,274217,182708,251500,287858,37000,-0.32,global
Audi,Q7,Firehjul,Diesel,2016,72,419945,162000,379675,451101,56007,-0.956,lokal
Audi,Q7,Firehjul,Diesel,2017,12,446766,126592,378152,469000,98466,-0.32,global
Audi,Q7,Firehjul,Hybrid,2016,16,374450,150000,358675,399234,49282,-0.287,lokal
Audi,Q7,Firehjul,Hybrid,2017,152,382016,151842,359000,419000,52010,-0.845,lokal
Audi,Q7,Firehjul,Hybrid,2018,177,439900,128000,389000,479900,62310,-1.188,lokal
Audi,Q7,Firehjul,Hybrid,2020,22,719900,90000,689000,746500,75800,-1.499,lokal
Audi,Q7,Firehjul,Hybrid,2021,15,694305,91000,649900,749716,63912,-1.97,lokal
Audi,Q7,Firehjul,Plug-in hybrid,2016,13,389000,133271,349000,433434,79722,-0.32,global
Audi,Q7,Firehjul,Plug-in hybrid,2017,102,369000,157961,339000,389900,49199,-0.44,lokal
Audi,Q7,Firehjul,Plug-in hybrid,2018,138,398717,132800,369000,439808,55748,-0.706,lokal
Audi,Q7,Firehjul,Plug-in hybrid,2020,8,716717,81350,694000,722050,35338,-0.32,global
Audi,Q7,Firehjul,Plug-in hybrid,2021,37,669990,78400,629000,709900,61367,-1.552,lokal
Audi,Q7,Firehjul,Plug-in hybrid,2022,9,799900,62711,719900,819000,68328,-0.32,global
Audi,Q7,Firehjul,Plug-in hybrid,2025,6,1484500,10500,1404000,1496750,69226,-0.32,global
Audi,Q8,Firehjul,Diesel,2019,17,754434,109000,719000,779000,64140,-1.022,lokal
Audi,Q8,Firehjul,Elektrisk,2024,16,604850,36206,586500,657175,59815,-0.32,global
Audi,Q8,Firehjul,Hybrid,2019,21,769434,91450,724900,799000,67148,-1.056,lokal
Audi,Q8 e-tron,Firehjul,Elektrisk,2023,7,649000,41200,598424,676950,55866,-0.32,global
Audi,Q8 e-tron,Firehjul,Elektrisk,2024,397,629000,37650,559900,679900,76646,-0.889,lokal
Audi,R8,Firehjul,Bensin,2008,7,699000,71900,635900,717000,94880,-0.32,global
Audi,R8,Firehjul,Bensin,2009,9,939990,83000,709000,949990,149888,-0.32,global
Audi,R8,Firehjul,Bensin,2012,7,1048900,40000,998450,1098900,75982,-0.32,global
Audi,R8,Firehjul,Bensin,2016,13,1599000,84500,1499900,1714305,137304,-0.32,global
Audi,RS Q8,Firehjul,Bensin,2021,25,1449900,79900,1399900,1479900,108282,-1.875,lokal
Audi,RS Q8,Firehjul,Hybrid,2021,12,1497450,78100,1464675,1631500,106168,-0.32,global
Audi,RS3,Firehjul,Bensin,2012,5,329900,152000,329900,345000,83877,-0.32,global
Audi,RS3,Firehjul,Bensin,2016,7,499434,115000,499000,559900,45104,-0.32,global
Audi,RS3,Firehjul,Bensin,2018,40,669450,81250,649000,699000,39254,-0.548,lokal
Audi,RS3,Firehjul,Bensin,2023,10,954945,16000,896000,998000,69638,-0.32,global
Audi,RS3,Firehjul,Bensin,2024,14,992900,17885,979000,1029900,48385,-0.32,global
Audi,RS3,Firehjul,Bensin,2025,19,1199900,6900,1189000,1224450,59646,-0.32,global
Audi,RS4,Firehjul,Bensin,2013,7,549900,162500,519900,560466,31746,-0.32,global
Audi,RS4,Firehjul,Bensin,2014,9,549000,159000,529900,551900,24806,-0.32,global
Audi,RS4,Firehjul,Bensin,2018,17,769000,115000,739000,819000,47311,-0.32,global
Audi,RS5,Firehjul,Bensin,2010,7,449990,119600,404495,459495,49540,-0.32,global
Audi,RS5,Firehjul,Bensin,2011,26,423950,118500,399922,436750,36446,-1.162,lokal
Audi,RS5,Firehjul,Bensin,2013,5,659000,45000,649000,875000,123987,-0.32,global
Audi,RS5,Firehjul,Bensin,2018,5,739000,92000,729000,759900,33975,-0.32,global
Audi,RS5,Firehjul,Bensin,2019,11,858000,75000,809000,864712,39610,-0.32,global
Audi,RS6,Firehjul,Bensin,2003,5,299845,245881,291900,314990,25511,-0.32,global
Audi,RS6,Firehjul,Bensin,2008,7,479990,136671,424994,479990,78275,-0.32,global
Audi,RS6,Firehjul,Bensin,2009,6,399950,148475,396225,474925,89960,-0.32,global
Audi,RS6,Firehjul,Bensin,2013,6,619495,167000,592175,684248,67099,-0.32,global
Audi,RS6,Firehjul,Bensin,2014,46,749000,110000,680400,779000,71280,-1.51,lokal
Audi,RS6,Firehjul,Bensin,2015,37,749000,133344,699000,775000,41427,-1.014,lokal
Audi,RS6,Firehjul,Bensin,2016,34,759532,137117,729000,802575,84067,-1.882,lokal
Audi,RS6,Firehjul,Bensin,2017,42,849999,112500,829108,869900,44229,-0.435,lokal
Audi,RS6,Firehjul,Bensin,2018,9,999990,82000,779000,1049990,157593,-0.32,global
Audi,RS6,Firehjul,Bensin,2020,7,1399900,74500,1349450,1424450,77566,-0.32,global
Audi,RS6,Firehjul,Bensin,2021,28,1569900,55900,1496725,1599900,116966,-1.379,lokal
Audi,RS6,Firehjul,Bensin,2023,19,1949000,26000,1899000,1969000,94658,-0.32,global
Audi,RS6,Firehjul,Bensin,2024,17,2090000,26500,1990000,2179000,127064,-6.399,lokal
Audi,RS6,Firehjul,Bensin,2025,6,2323950,15892,2262000,2424900,99252,-0.32,global
Audi,RS6,Firehjul,Hybrid,2020,8,1374900,69500,1324750,1409675,274251,-0.32,global
Audi,RS6,Firehjul,Hybrid,2021,14,1499900,55400,1454225,1579000,75374,-0.32,global
Audi,RS6,Firehjul,Hybrid,2024,17,1998000,19000,1949000,2099000,102221,-3.412,lokal
Audi,RS6,Firehjul,Hybrid,2025,7,2349000,9300,2297000,2370000,73788,-0.32,global
Audi,RS7,Firehjul,Bensin,2014,10,679950,157650,679225,689900,40906,-0.32,global
Audi,RS7,Firehjul,Bensin,2016,7,794532,111548,774450,814450,44847,-0.32,global
Audi,RS7,Firehjul,Bensin,2017,11,769000,143000,759000,799900,20313,-0.32,global
Audi,S3,Firehjul,Bensin,2001,7,81900,248600,51921,82900,19954,-0.32,global
Audi,S3,Firehjul,Bensin,2014,31,329900,155000,300900,349945,53852,-1.253,lokal
Audi,S3,Firehjul,Bensin,2015,6,339667,163500,339108,362050,32797,-0.32,global
Audi,S3,Firehjul,Bensin,2017,11,429900,109000,399900,446667,34866,-0.32,global
Audi,S3,Firehjul,Bensin,2018,5,429990,108000,419990,439990,11369,-0.32,global
Audi,S4,Firehjul,Bensin,1994,5,110000,234000,71900,120000,54605,-0.32,global
Audi,S4,Firehjul,Bensin,1999,6,221900,271000,121475,251900,87014,-0.32,global
Audi,S4,Firehjul,Bensin,2009,16,245872,185000,220650,272986,63705,-0.706,lokal
Audi,S4,Firehjul,Bensin,2010,21,215000,204500,171900,271900,68292,-0.739,lokal
Audi,S4,Firehjul,Bensin,2013,8,419000,99918,416748,462492,40270,-0.32,global
Audi,S4,Firehjul,Bensin,2014,7,449999,65000,424650,455992,43842,-0.32,global
Audi,S4,Firehjul,Bensin,2018,7,519990,154400,496500,544000,89246,-0.32,global
Audi,S5,Firehjul,Bensin,2010,7,369000,135000,324000,384500,44352,-0.32,global
Audi,S5,Firehjul,Bensin,2011,6,290450,156966,261500,326932,59169,-0.32,global
Audi,S5,Firehjul,Bensin,2012,12,309950,171186,269742,378675,112665,-0.32,global
Audi,S5,Firehjul,Bensin,2013,15,429990,145000,390945,499000,89237,-1.024,lokal
Audi,S5,Firehjul,Bensin,2017,13,579000,109000,479000,580000,73421,-0.32,global
Audi,S5,Firehjul,Bensin,2018,18,564000,97250,533675,599990,101979,-1.012,lokal
Audi,S6,Firehjul,Bensin,2001,8,129442,258644,108192,143900,28947,-0.32,global
Audi,S6,Firehjul,Bensin,2007,10,196872,187000,104225,258475,87740,-0.32,global
Audi,S6,Firehjul,Bensin,2013,25,451942,158000,416900,478900,53472,-0.924,lokal
Audi,S6,Firehjul,Bensin,2014,10,499000,86200,499000,519000,42184,-0.32,global
Audi,S6,Firehjul,Elektrisk,2025,24,949000,9500,929675,998000,38746,-0.673,lokal
Audi,S6 e-tron,Firehjul,Elektrisk,2025,53,929000,13500,898000,949900,60187,-0.955,lokal
Audi,S7,Firehjul,Bensin,2013,6,499471,129894,454236,604742,113270,-0.32,global
Audi,S8,Firehjul,Bensin,2007,6,230900,227000,186400,237900,45376,-0.32,global
Audi,S8,Firehjul,Bensin,2013,8,492971,122000,486725,499248,74922,-0.32,global
Audi,S8,Firehjul,Bensin,2016,8,639500,124750,617468,649108,37977,-0.32,global
Audi,SQ5,Firehjul,Diesel,2013,14,349000,186000,329000,369000,18590,-0.32,global
Audi,SQ6 e-tron,Firehjul,Elektrisk,2025,41,949900,9357,899900,990000,60201,-1.373,lokal
Audi,SQ7,Firehjul,Diesel,2017,26,729475,160100,676484,749000,54919,-1.875,lokal
Audi,SQ7,Firehjul,Diesel,2018,8,792450,144000,779000,799000,82828,-0.32,global
Audi,SQ8 e-tron,Firehjul,Elektrisk,2024,25,839000,27000,799800,899000,52180,-2.54,lokal
Audi,TT,Firehjul,Bensin,1999,6,47000,258002,29675,72456,27859,-0.32,global
Audi,TT,Tohjul,Bensin,1999,17,32500,236500,24903,44900,18162,-0.009,lokal
Audi,TT,Firehjul,Bensin,2000,19,76942,230000,45900,93450,43578,-0.385,lokal
Audi,TT,Tohjul,Bensin,2000,6,77450,197000,53900,95000,25156,-0.32,global
Audi,TT,Firehjul,Bensin,2001,6,62400,196086,47400,75150,18555,-0.32,global
Audi,TT,Firehjul,Bensin,2003,5,159000,160000,76900,179000,62186,-0.32,global
Audi,TT,Tohjul,Bensin,2007,30,128950,187000,105150,145516,32500,-0.371,lokal
Audi,TT,Firehjul,Bensin,2009,16,186971,174400,175206,202442,34327,-0.32,global
Audi,TT,Firehjul,Bensin,2010,13,450000,108500,209900,459900,149371,-0.32,global
Audi,TT,Firehjul,Bensin,2011,6,354950,145221,349900,404925,100366,-0.32,global
Audi,TT,Firehjul,Bensin,2012,5,269000,161000,228000,379999,88457,-0.32,global
Audi,TT,Firehjul,Bensin,2013,7,399000,159000,399000,449495,86090,-0.32,global
Audi,TT,Firehjul,Bensin,2015,17,349900,107400,319434,369000,56109,-0.66,lokal
Audi,TT,Tohjul,Bensin,2016,10,312495,97000,281500,336500,36195,-0.32,global
Audi,TT,Firehjul,Bensin,2017,12,477000,108245,441748,482175,109221,-0.32,global
Audi,TT,Firehjul,Diesel,2010,7,139000,209000,139000,141872,29277,-0.32,global
Audi,Ukjent,Firehjul,Elektrisk,2021,6,354450,94244,329000,379971,38125,-0.32,global
Audi,Ukjent,Firehjul,Elektrisk,2022,7,459900,66906,439450,479450,120657,-0.32,global
Audi,Ukjent,Firehjul,Elektrisk,2023,10,429400,40600,420500,442500,57119,-0.32,global
Audi,e-tron,Firehjul,Elektrisk,2019,530,275000,101662,249000,299000,38430,-0.527,lokal
Audi,e-tron,Firehjul,Elektrisk,2020,1359,274900,88168,244000,314217,49952,-0.373,lokal
Audi,e-tron,Firehjul,Elektrisk,2021,1132,334434,76700,289900,379922,69719,-0.642,lokal
Audi,e-tron,Firehjul,Elektrisk,2022,975,429900,63866,389000,469900,64056,-1.022,lokal
Audi,e-tron,Firehjul,Elektrisk,2023,699,479900,51800,449000,519000,56902,-0.723,lokal
Audi,e-tron,Firehjul,Elektrisk,2024,6,499000,31122,466000,514675,40973,-0.32,global
Audi,e-tron,Firehjul,Elektrisk,2025,7,689900,7400,584495,739450,118590,-0.32,global
Audi,e-tron GT,Firehjul,Elektrisk,2021,5,609000,38000,599000,609000,81930,-0.32,global
Audi,e-tron GT,Firehjul,Elektrisk,2022,195,569900,55714,543528,599000,53237,-0.877,lokal
Audi,e-tron GT,Firehjul,Elektrisk,2023,27,649000,45539,612672,688950,61312,-1.203,lokal
Audi,e-tron GT RS,Firehjul,Elektrisk,2021,8,714745,65763,664500,732242,39714,-0.32,global
Audi,e-tron GT RS,Firehjul,Elektrisk,2022,101,699900,58580,679000,739000,53357,-0.983,lokal
Audi,e-tron GT RS,Firehjul,Elektrisk,2025,5,1590000,13500,1590000,1590000,141421,-0.32,global
Audi,e-tron S,Firehjul,Elektrisk,2021,90,452167,73000,429900,486650,42568,-0.351,lokal
Audi,e-tron S,Firehjul,Elektrisk,2022,67,489532,51000,444450,528000,56605,-0.229,lokal
Audi,e-tron S,Firehjul,Elektrisk,2023,19,549900,47701,539450,581950,40110,0.843,lokal
Audi,e-tron Sportback,Firehjul,Elektrisk,2020,200,309900,70600,279000,359225,56575,-0.374,lokal
Audi,e-tron Sportback,Firehjul,Elektrisk,2021,420,375000,73044,329000,429000,71370,-0.81,lokal
Audi,e-tron Sportback,Firehjul,Elektrisk,2022,239,459000,56500,428750,498495,54877,-0.66,lokal
Audi,e-tron Sportback,Firehjul,Elektrisk,2023,113,499900,56976,479000,529900,51910,-0.802,lokal
Austin,Ukjent,Tohjul,Bensin,1972,5,25000,68000,16942,25000,125673,-0.32,global
BMW,1-Serie,Tohjul,Bensin,2004,5,21942,173056,13942,26942,8320,-0.32,global
BMW,1-Serie,Tohjul,Bensin,2005,13,26942,194107,23942,35000,109566,-0.32,global
BMW,1-Serie,Tohjul,Bensin,2006,13,19900,176418,11942,36942,44585,-0.32,global
BMW,1-Serie,Tohjul,Bensin,2008,34,34442,163348,17332,75442,127371,-1.038,lokal
BMW,1-Serie,Tohjul,Bensin,2009,14,57466,175384,33692,103706,134050,-0.32,global
BMW,1-Serie,Tohjul,Bensin,2010,8,63442,112649,43568,104192,113851,-0.32,global
BMW,1-Serie,Tohjul,Bensin,2011,6,70921,162500,54450,79900,25252,-0.32,global
BMW,1-Serie,Tohjul,Bensin,2012,26,73942,163000,59956,91442,27132,-0.252,lokal
BMW,1-Serie,Tohjul,Bensin,2013,14,85950,146668,75500,99932,81926,-0.32,global
BMW,1-Serie,Tohjul,Bensin,2015,8,133950,115718,103270,138250,25495,-0.32,global
BMW,1-Serie,Tohjul,Bensin,2016,14,166950,111200,121150,199000,38412,-0.659,lokal
BMW,1-Serie,Tohjul,Diesel,2005,11,26942,250000,20942,34442,12252,-0.32,global
BMW,1-Serie,Tohjul,Diesel,2006,15,31942,228000,21942,45421,15790,-0.32,global
BMW,1-Serie,Tohjul,Diesel,2007,24,34442,190625,26692,48142,20685,-0.076,lokal
BMW,1-Serie,Tohjul,Diesel,2008,21,36942,230000,23941,59900,23143,-0.07,lokal
BMW,1-Serie,Tohjul,Diesel,2009,35,39900,208000,32942,47442,20211,-0.079,lokal
BMW,1-Serie,Tohjul,Diesel,2010,30,47938,165000,36942,56706,15724,-0.009,lokal
BMW,1-Serie,Tohjul,Diesel,2011,30,59921,174000,43192,79990,40715,-0.187,lokal
BMW,1-Serie,Tohjul,Diesel,2012,31,66942,204699,44500,76431,20785,-0.105,lokal
BMW,1-Serie,Firehjul,Diesel,2013,5,99000,183000,91942,171942,56925,-0.32,global
BMW,1-Serie,Tohjul,Diesel,2013,36,91942,157000,67917,109000,34451,-0.48,lokal
BMW,1-Serie,Firehjul,Diesel,2014,7,129000,150000,92500,147000,32419,-0.32,global
BMW,1-Serie,Tohjul,Diesel,2014,13,109000,152000,76942,117999,32813,-0.32,global
BMW,1-Serie,Tohjul,Diesel,2015,5,124532,142000,93532,158000,43702,-0.32,global
BMW,1-Serie,Tohjul,Diesel,2016,7,159900,119100,149000,167000,13657,-0.32,global
BMW,1-serie,Tohjul,Bensin,2004,28,28400,179500,16900,34992,9951,-0.153,lokal
BMW,1-serie,Tohjul,Bensin,2005,41,29900,192000,19900,37900,29210,-0.092,lokal
BMW,1-serie,Tohjul,Bensin,2006,51,29900,193500,23900,37900,33658,-0.08,lokal
BMW,1-serie,Tohjul,Bensin,2007,31,45000,171600,26942,49900,16464,-0.082,lokal
BMW,1-serie,Tohjul,Bensin,2008,50,43450,160250,25475,89400,92091,-0.35,lokal
BMW,1-serie,Tohjul,Bensin,2009,49,80000,164000,37990,236900,145973,0.164,lokal
BMW,1-serie,Tohjul,Bensin,2010,13,46900,150000,32900,75000,101435,-0.32,global
BMW,1-serie,Tohjul,Bensin,2011,19,69900,159878,59900,82922,35738,-0.315,lokal
BMW,1-serie,Tohjul,Bensin,2012,69,70000,159800,46900,104900,61148,-0.265,lokal
BMW,1-serie,Tohjul,Bensin,2013,73,99900,143000,73900,129900,75500,-0.352,lokal
BMW,1-serie,Tohjul,Bensin,2014,31,103434,138000,86717,139950,86694,-0.287,lokal
BMW,1-serie,Tohjul,Bensin,2015,25,129900,115718,104434,149900,49428,-0.989,lokal
BMW,1-serie,Tohjul,Bensin,2016,36,164434,115006,129784,188850,35142,0.055,lokal
BMW,1-serie,Tohjul,Bensin,2017,13,179000,111700,149900,209000,29491,-0.32,global
BMW,1-serie,Tohjul,Bensin,2018,12,199917,102290,187400,212175,19790,-0.32,global
BMW,1-serie,Firehjul,Bensin,2020,5,499800,137800,489000,529800,51412,-0.32,global
BMW,1-serie,Tohjul,Bensin,2020,7,269900,74000,236717,277167,32052,-0.32,global
BMW,1-serie,Tohjul,Diesel,2004,13,28900,260000,26900,32000,7579,-0.32,global
BMW,1-serie,Tohjul,Diesel,2005,33,31900,234344,26900,40000,14996,-0.051,lokal
BMW,1-serie,Tohjul,Diesel,2006,36,33471,240000,21950,42750,15860,-0.116,lokal
BMW,1-serie,Tohjul,Diesel,2007,77,40000,212000,33900,53900,17428,-0.1,lokal
BMW,1-serie,Tohjul,Diesel,2008,78,45900,205923,34925,59900,31890,-0.26,lokal
BMW,1-serie,Tohjul,Diesel,2009,112,46450,202122,34986,56900,20822,-0.101,lokal
BMW,1-serie,Tohjul,Diesel,2010,102,46921,183840,36900,60675,19960,-0.115,lokal
BMW,1-serie,Tohjul,Diesel,2011,70,58850,175000,49925,71400,24635,-0.107,lokal
BMW,1-serie,Tohjul,Diesel,2012,143,79900,171000,61450,99000,26708,-0.2,lokal
BMW,1-serie,Tohjul,Diesel,2013,141,89900,169000,69900,109900,26760,-0.187,lokal
BMW,1-serie,Firehjul,Diesel,2014,34,127450,157500,108684,149675,29510,-0.341,lokal
BMW,1-serie,Tohjul,Diesel,2014,56,108470,164522,91691,129000,27554,-0.309,lokal
BMW,1-serie,Firehjul,Diesel,2015,18,171766,152000,129000,217490,52069,-0.863,lokal
BMW,1-serie,Tohjul,Diesel,2015,34,141167,147000,126326,168826,26574,-0.206,lokal
BMW,1-serie,Firehjul,Diesel,2016,16,194434,145062,154250,219000,41168,-0.32,global
BMW,1-serie,Tohjul,Diesel,2016,24,168217,133750,148749,186108,23199,-0.248,lokal
BMW,1-serie,Tohjul,Diesel,2017,5,165000,157000,159990,179800,13316,-0.32,global
BMW,2-Serie,Tohjul,Bensin,2015,5,129990,106112,91942,139900,35294,-0.32,global
BMW,2-Serie,Tohjul,Bensin,2016,18,133995,125400,119000,167308,74238,-1.629,lokal
BMW,2-Serie,Firehjul,Bensin,2022,6,799266,30500,742233,849000,60163,-0.32,global
BMW,2-Serie,Tohjul,Diesel,2015,8,132000,116800,89900,136000,23910,-0.32,global
BMW,2-Serie,Firehjul,Diesel,2016,21,189000,138000,139532,210000,48831,-0.652,lokal
BMW,2-Serie,Firehjul,Hybrid,2016,16,129716,119136,128724,142246,17013,-0.252,lokal
BMW,2-Serie,Firehjul,Hybrid,2017,24,146766,101100,133725,168000,20932,-0.157,lokal
BMW,2-Serie,Firehjul,Hybrid,2018,20,154450,89500,149000,159925,16239,-0.096,lokal
BMW,2-Serie,Firehjul,Hybrid,2019,26,169000,98750,158750,179000,18158,-0.568,lokal
BMW,2-Serie,Firehjul,Hybrid,2021,7,249000,49000,236950,264000,19064,-0.32,global
BMW,2-Serie,Firehjul,Plug-in hybrid,2016,22,127950,121800,120149,146725,18966,-0.314,lokal
BMW,2-Serie,Firehjul,Plug-in hybrid,2017,49,149000,89000,139000,169000,21328,-0.266,lokal
BMW,2-Serie,Firehjul,Plug-in hybrid,2018,44,159716,90500,148750,175250,18834,-0.255,lokal
BMW,2-Serie,Firehjul,Plug-in hybrid,2019,40,169000,88934,153300,188925,25514,-0.449,lokal
BMW,2-Serie,Firehjul,Plug-in hybrid,2020,11,239000,52767,214000,249000,25691,-0.32,global
BMW,2-Serie,Firehjul,Plug-in hybrid,2023,5,439900,27546,429900,449000,22653,-0.32,global
BMW,2-serie,Tohjul,Bensin,2014,5,394434,115000,269434,430000,96556,-0.32,global
BMW,2-serie,Firehjul,Bensin,2015,5,399900,82700,372434,413805,24151,-0.32,global
BMW,2-serie,Tohjul,Bensin,2015,25,129990,128700,99900,152434,72608,0.66,lokal
BMW,2-serie,Tohjul,Bensin,2016,39,169000,117500,127445,251966,91953,-2.676,lokal
BMW,2-serie,Tohjul,Bensin,2017,15,169000,119000,159438,274900,125430,-0.32,global
BMW,2-serie,Tohjul,Diesel,2014,11,220434,167700,179450,244000,45852,-0.32,global
BMW,2-serie,Firehjul,Diesel,2015,28,184266,150000,149326,199225,41382,-0.511,lokal
BMW,2-serie,Tohjul,Diesel,2015,46,141434,157000,121337,149900,36494,-0.092,lokal
BMW,2-serie,Firehjul,Diesel,2016,67,199000,119500,178950,219000,36903,-0.391,lokal
BMW,2-serie,Tohjul,Diesel,2016,31,169900,118000,144450,199000,40920,0.087,lokal
BMW,2-serie,Firehjul,Diesel,2017,8,214000,90400,194000,219000,30147,-0.32,global
BMW,2-serie,Firehjul,Hybrid,2016,33,149875,105410,129900,169000,28748,-0.361,lokal
BMW,2-serie,Firehjul,Hybrid,2017,97,159000,105000,139900,169900,22745,-0.151,lokal
BMW,2-serie,Firehjul,Hybrid,2018,63,169999,96000,159000,189450,20071,-0.341,lokal
BMW,2-serie,Firehjul,Hybrid,2019,73,189000,87600,170000,199900,24187,-0.352,lokal
BMW,2-serie,Firehjul,Hybrid,2020,35,199900,81000,193950,209950,24684,-0.691,lokal
BMW,2-serie,Firehjul,Hybrid,2021,24,259000,48600,226500,269000,36895,-0.47,lokal
BMW,2-serie,Firehjul,Plug-in hybrid,2016,63,138900,108000,123983,149900,28901,-0.239,lokal
BMW,2-serie,Firehjul,Plug-in hybrid,2017,127,159000,97500,139900,176400,24781,-0.397,lokal
BMW,2-serie,Firehjul,Plug-in hybrid,2018,100,169900,91500,154508,199000,25915,-0.331,lokal
BMW,2-serie,Firehjul,Plug-in hybrid,2019,149,198000,80000,179000,219000,25884,-0.611,lokal
BMW,2-serie,Firehjul,Plug-in hybrid,2020,38,209000,77600,191475,235000,27269,-0.656,lokal
BMW,2-serie,Firehjul,Plug-in hybrid,2021,22,271450,41686,249000,287975,20774,-0.579,lokal
BMW,2-serie,Firehjul,Plug-in hybrid,2023,15,439000,27546,429450,464000,24896,-0.898,lokal
BMW,3-Serie,Tohjul,Bensin,1989,5,199000,174000,131900,201729,43552,-0.32,global
BMW,3-Serie,Tohjul,Bensin,1990,8,150471,205500,121206,176206,81832,-0.32,global
BMW,3-Serie,Tohjul,Bensin,1993,7,160000,200000,50471,193471,82721,-0.32,global
BMW,3-Serie,Tohjul,Bensin,1996,5,49000,243000,35000,149000,64289,-0.32,global
BMW,3-Serie,Tohjul,Bensin,1997,8,71471,139664,48910,94442,73404,-0.32,global
BMW,3-Serie,Tohjul,Bensin,1998,5,35900,225000,16942,51900,39440,-0.32,global
BMW,3-Serie,Tohjul,Bensin,1999,10,38471,210000,19942,78956,66387,-0.32,global
BMW,3-Serie,Tohjul,Bensin,2000,10,109421,230943,64932,126192,52575,-0.32,global
BMW,3-Serie,Tohjul,Bensin,2001,14,90921,238500,40192,119932,99756,-0.32,global
BMW,3-Serie,Tohjul,Bensin,2002,15,66942,208000,31942,93470,55463,-0.32,global
BMW,3-Serie,Tohjul,Bensin,2003,5,65000,189063,46942,66942,52114,-0.32,global
BMW,3-Serie,Tohjul,Bensin,2004,11,21942,180000,16942,54421,87015,-0.32,global
BMW,3-Serie,Tohjul,Bensin,2005,12,28471,185558,18332,50485,44297,-0.32,global
BMW,3-Serie,Tohjul,Bensin,2006,23,39942,203000,28442,67466,63666,-0.024,lokal
BMW,3-Serie,Tohjul,Bensin,2007,27,56741,182804,33442,111642,102202,-0.075,lokal
BMW,3-Serie,Tohjul,Bensin,2008,36,42450,211880,31410,69956,63142,-0.091,lokal
BMW,3-Serie,Tohjul,Bensin,2009,33,49000,167858,36942,69990,88317,-0.018,lokal
BMW,3-Serie,Tohjul,Bensin,2010,12,67495,193000,40736,103192,52778,-0.32,global
BMW,3-Serie,Tohjul,Bensin,2011,9,239990,147500,129942,311942,125314,-0.32,global
BMW,3-Serie,Tohjul,Bensin,2012,10,155921,173244,128182,166748,68718,-0.32,global
BMW,3-Serie,Firehjul,Bensin,2013,10,200966,144754,167478,312932,146257,-0.32,global
BMW,3-Serie,Tohjul,Bensin,2013,13,116942,183800,101942,211942,85670,-0.32,global
BMW,3-Serie,Firehjul,Bensin,2014,9,169990,186000,145000,189434,47762,-0.32,global
BMW,3-Serie,Tohjul,Bensin,2014,20,119000,170718,98486,142706,40792,-0.298,lokal
BMW,3-Serie,Tohjul,Bensin,2015,11,154532,163405,147266,164400,33680,-0.32,global
BMW,3-Serie,Firehjul,Bensin,2016,13,224532,144000,196532,239990,40130,-0.32,global
BMW,3-Serie,Tohjul,Bensin,2016,15,169900,160000,149766,182211,106169,-0.32,global
BMW,3-Serie,Firehjul,Bensin,2017,5,379900,106799,320000,499999,149365,-0.32,global
BMW,3-Serie,Tohjul,Diesel,2001,6,29942,298000,27692,30692,9859,-0.32,global
BMW,3-Serie,Tohjul,Diesel,2002,11,33942,325305,25854,50942,22453,-0.32,global
BMW,3-Serie,Tohjul,Diesel,2004,12,33471,297039,26942,49317,21606,-0.32,global
BMW,3-Serie,Tohjul,Diesel,2005,22,38971,275000,29206,43442,20273,0.093,lokal
BMW,3-Serie,Tohjul,Diesel,2006,27,46942,274744,31942,55471,33844,-0.048,lokal
BMW,3-Serie,Tohjul,Diesel,2007,47,60000,271122,40442,83442,82475,-0.072,lokal
BMW,3-Serie,Tohjul,Diesel,2008,44,55966,241000,40682,66942,55948,0.104,lokal
BMW,3-Serie,Firehjul,Diesel,2009,35,84900,233862,64471,120471,36152,-0.407,lokal
BMW,3-Serie,Tohjul,Diesel,2009,48,71421,213188,56942,99925,53596,-0.286,lokal
BMW,3-Serie,Firehjul,Diesel,2010,11,99999,228000,63421,133366,54599,-0.32,global
BMW,3-Serie,Tohjul,Diesel,2010,38,60692,218613,45442,79985,60682,-0.265,lokal
BMW,3-Serie,Firehjul,Diesel,2011,11,89990,195500,63471,119421,34050,-0.32,global
BMW,3-Serie,Tohjul,Diesel,2011,41,74942,216000,59900,86942,30123,-0.144,lokal
BMW,3-Serie,Firehjul,Diesel,2012,17,119900,168019,99000,146942,38503,-0.236,lokal
BMW,3-Serie,Tohjul,Diesel,2012,38,126442,194125,97682,149706,55833,-0.205,lokal
BMW,3-Serie,Firehjul,Diesel,2013,25,151900,230000,139000,181942,47238,-0.296,lokal
BMW,3-Serie,Tohjul,Diesel,2013,63,136942,203679,102971,163466,40902,-0.303,lokal
BMW,3-Serie,Firehjul,Diesel,2014,37,179900,173000,149990,227900,84891,-0.662,lokal
BMW,3-Serie,Tohjul,Diesel,2014,18,149450,212500,129000,169442,42314,-0.255,lokal
BMW,3-Serie,Firehjul,Diesel,2015,27,224900,168774,195983,244900,70477,-0.539,lokal
BMW,3-Serie,Tohjul,Diesel,2015,5,169532,186000,139000,175000,59298,-0.32,global
BMW,3-Serie,Firehjul,Diesel,2016,33,224532,186555,199000,264900,69974,-0.653,lokal
BMW,3-Serie,Firehjul,Diesel,2017,15,255000,172500,172366,274450,76432,-0.32,global
BMW,3-Serie,Firehjul,Diesel,2018,9,279999,150000,259000,379000,65786,-0.32,global
BMW,3-Serie,Tohjul,Diesel,2018,5,209000,118300,208500,218500,22607,-0.32,global
BMW,3-Serie,Firehjul,Diesel,2019,11,371532,109000,355067,406761,80836,-0.32,global
BMW,3-Serie,Firehjul,Diesel,2020,18,379000,119000,369750,399326,61311,-0.478,lokal
BMW,3-Serie,Tohjul,Hybrid,2016,5,259900,103500,259000,269900,16565,-0.32,global
BMW,3-Serie,Tohjul,Hybrid,2017,19,239000,144600,202261,269945,33311,-0.829,lokal
BMW,3-Serie,Tohjul,Hybrid,2018,21,249900,104000,238900,279990,58475,-0.128,lokal
BMW,3-Serie,Tohjul,Hybrid,2019,6,292212,103710,271101,316748,38079,-0.32,global
BMW,3-Serie,Firehjul,Hybrid,2020,7,369000,109200,329495,379000,37307,-0.32,global
BMW,3-Serie,Tohjul,Hybrid,2020,30,359000,86000,337500,369675,25400,-0.465,lokal
BMW,3-Serie,Firehjul,Hybrid,2021,47,369000,87000,339438,404450,83969,-0.912,lokal
BMW,3-Serie,Firehjul,Hybrid,2022,24,344450,122400,299900,399000,58099,-0.865,lokal
BMW,3-Serie,Tohjul,Hybrid,2023,5,294900,197900,289900,299900,12450,-0.32,global
BMW,3-Serie,Tohjul,Plug-in hybrid,2016,9,239532,146500,219990,239532,21452,-0.32,global
BMW,3-Serie,Tohjul,Plug-in hybrid,2017,16,249532,122000,199399,255782,34438,-0.32,global
BMW,3-Serie,Tohjul,Plug-in hybrid,2018,13,279000,85400,269532,279900,12227,-0.32,global
BMW,3-Serie,Tohjul,Plug-in hybrid,2019,7,360000,73000,354217,369761,20682,-0.32,global
BMW,3-Serie,Firehjul,Plug-in hybrid,2020,5,339000,126225,299000,364532,50265,-0.32,global
BMW,3-Serie,Tohjul,Plug-in hybrid,2020,27,353532,88000,334900,366717,24583,-0.259,lokal
BMW,3-Serie,Firehjul,Plug-in hybrid,2021,76,379450,84500,349675,419225,43355,-1.269,lokal
BMW,3-Serie,Firehjul,Plug-in hybrid,2022,32,421377,79209,329399,439225,63057,-0.988,lokal
BMW,3-Serie,Firehjul,Plug-in hybrid,2023,10,549000,83848,449575,576725,111734,-0.32,global
BMW,3-Serie,Firehjul,Plug-in hybrid,2024,6,644000,29750,624000,686500,52313,-0.32,global
BMW,3-serie,Tohjul,Bensin,1985,16,182500,197000,164922,360475,131072,-0.32,global
BMW,3-serie,Tohjul,Bensin,1986,14,160950,209122,75475,236725,90766,-0.32,global
BMW,3-serie,Tohjul,Bensin,1987,5,159000,187244,150000,220000,72929,-0.32,global
BMW,3-serie,Tohjul,Bensin,1988,8,214500,187430,167225,346750,347653,-0.32,global
BMW,3-serie,Tohjul,Bensin,1989,8,227400,153500,124750,349000,135449,-0.32,global
BMW,3-serie,Tohjul,Bensin,1990,7,160900,169000,133450,194422,66812,-0.32,global
BMW,3-serie,Tohjul,Bensin,1992,14,145950,202000,75650,200475,110294,-0.32,global
BMW,3-serie,Tohjul,Bensin,1993,11,115000,200000,41900,149400,59413,-0.32,global
BMW,3-serie,Tohjul,Bensin,1994,13,56900,198840,46900,85000,48392,-0.32,global
BMW,3-serie,Tohjul,Bensin,1995,8,133950,204000,63150,200400,86324,-0.32,global
BMW,3-serie,Tohjul,Bensin,1996,15,149000,226600,72400,204950,81011,-0.32,global
BMW,3-serie,Tohjul,Bensin,1997,19,86900,201000,63888,136995,53856,-0.241,lokal
BMW,3-serie,Tohjul,Bensin,1998,19,41900,221000,26900,86900,126131,-0.567,lokal
BMW,3-serie,Tohjul,Bensin,1999,37,59900,230000,31900,101899,70610,-0.424,lokal
BMW,3-serie,Tohjul,Bensin,2000,38,71921,197000,51900,126900,99246,-0.141,lokal
BMW,3-serie,Tohjul,Bensin,2001,36,60900,202500,31900,105225,95098,-0.164,lokal
BMW,3-serie,Firehjul,Bensin,2002,5,79900,139662,26900,89000,33972,-0.32,global
BMW,3-serie,Tohjul,Bensin,2002,37,66150,211000,46900,120000,76196,-0.375,lokal
BMW,3-serie,Tohjul,Bensin,2003,20,30900,209510,19544,61175,74140,0.308,lokal
BMW,3-serie,Tohjul,Bensin,2004,30,25950,166727,19869,38000,51747,-0.182,lokal
BMW,3-serie,Tohjul,Bensin,2005,64,39900,200425,24900,68182,52106,0.006,lokal
BMW,3-serie,Firehjul,Bensin,2006,13,56900,260000,31900,89900,32771,-0.32,global
BMW,3-serie,Tohjul,Bensin,2006,89,36900,204000,24900,49000,44706,-0.1,lokal
BMW,3-serie,Firehjul,Bensin,2007,10,177450,237246,151225,224000,67800,-0.32,global
BMW,3-serie,Tohjul,Bensin,2007,73,88900,186000,47900,131900,84557,0.066,lokal
BMW,3-serie,Firehjul,Bensin,2008,6,209450,170000,197650,273675,84124,-0.32,global
BMW,3-serie,Tohjul,Bensin,2008,99,60000,178000,32950,107700,100902,-0.522,lokal
BMW,3-serie,Tohjul,Bensin,2009,93,80900,175194,49000,139900,88428,-1.031,lokal
BMW,3-serie,Tohjul,Bensin,2010,51,56900,191700,40450,112450,91765,-0.427,lokal
BMW,3-serie,Tohjul,Bensin,2011,43,129000,149000,69872,239945,117737,-1.083,lokal
BMW,3-serie,Firehjul,Bensin,2012,7,191900,149000,173900,300667,109905,-0.32,global
BMW,3-serie,Tohjul,Bensin,2012,36,183695,150800,141650,222050,104317,-0.551,lokal
BMW,3-serie,Firehjul,Bensin,2013,44,193221,145000,164918,232175,139840,-0.759,lokal
BMW,3-serie,Tohjul,Bensin,2013,65,139900,165000,105000,169990,52638,-0.273,lokal
BMW,3-serie,Firehjul,Bensin,2014,46,198500,173000,159000,219000,56390,-0.714,lokal
BMW,3-serie,Tohjul,Bensin,2014,61,139000,155447,111942,159000,42582,-0.084,lokal
BMW,3-serie,Firehjul,Bensin,2015,26,224217,154333,180358,269399,75442,-1.117,lokal
BMW,3-serie,Tohjul,Bensin,2015,19,145000,175500,113188,173154,49305,-0.522,lokal
BMW,3-serie,Firehjul,Bensin,2016,36,242217,137525,229968,266000,71232,-0.099,lokal
BMW,3-serie,Tohjul,Bensin,2016,25,209434,131500,187434,239000,112642,-0.934,lokal
BMW,3-serie,Firehjul,Bensin,2017,22,286652,124000,245834,350826,138638,-4.87,lokal
BMW,3-serie,Tohjul,Bensin,2017,7,159434,159900,154000,192216,36044,-0.32,global
BMW,3-serie,Firehjul,Bensin,2018,5,319433,80700,304990,359000,30286,-0.32,global
BMW,3-serie,Tohjul,Bensin,2018,8,216717,90250,206750,221500,14022,-0.32,global
BMW,3-serie,Firehjul,Bensin,2020,6,559450,73000,504000,674624,111879,-0.32,global
BMW,3-serie,Firehjul,Bensin,2021,6,689500,45885,449750,806250,217680,-0.32,global
BMW,3-serie,Tohjul,Diesel,2001,11,36900,247700,33450,44400,14820,-0.32,global
BMW,3-serie,Tohjul,Diesel,2002,18,36900,309500,25400,43400,13743,-0.006,lokal
BMW,3-serie,Tohjul,Diesel,2003,11,49900,335000,40900,76200,28014,-0.32,global
BMW,3-serie,Tohjul,Diesel,2004,25,39900,306500,31900,59942,24795,-0.187,lokal
BMW,3-serie,Tohjul,Diesel,2005,60,36900,268710,24986,50475,30768,-0.109,lokal
BMW,3-serie,Firehjul,Diesel,2006,7,107900,253000,100950,152971,48529,-0.32,global
BMW,3-serie,Tohjul,Diesel,2006,99,39900,278000,29400,56900,31218,-0.128,lokal
BMW,3-serie,Tohjul,Diesel,2007,172,55450,257000,39974,89900,60779,-0.084,lokal
BMW,3-serie,Firehjul,Diesel,2008,9,59000,250000,46900,79000,30039,-0.32,global
BMW,3-serie,Tohjul,Diesel,2008,161,59900,239500,40942,81900,59025,-0.147,lokal
BMW,3-serie,Firehjul,Diesel,2009,79,76900,231000,60950,111872,42090,-0.37,lokal
BMW,3-serie,Tohjul,Diesel,2009,143,74900,218500,46900,106500,60917,-0.272,lokal
BMW,3-serie,Firehjul,Diesel,2010,43,99900,228600,70945,124950,41119,-0.136,lokal
BMW,3-serie,Tohjul,Diesel,2010,123,71900,210000,49945,99450,60732,-0.414,lokal
BMW,3-serie,Firehjul,Diesel,2011,46,100950,202464,77138,129875,52931,-0.372,lokal
BMW,3-serie,Tohjul,Diesel,2011,143,79900,203094,66900,99450,42841,-0.119,lokal
BMW,3-serie,Firehjul,Diesel,2012,47,111900,198979,84500,149900,47061,-0.608,lokal
BMW,3-serie,Tohjul,Diesel,2012,185,125000,195000,96900,169900,66458,-0.428,lokal
BMW,3-serie,Firehjul,Diesel,2013,71,161900,210000,129995,204450,51767,-0.53,lokal
BMW,3-serie,Tohjul,Diesel,2013,173,135000,195475,109900,159000,37922,-0.218,lokal
BMW,3-serie,Firehjul,Diesel,2014,164,180900,187979,154900,202315,52765,-0.446,lokal
BMW,3-serie,Tohjul,Diesel,2014,67,135000,202000,109450,155434,36326,-0.248,lokal
BMW,3-serie,Firehjul,Diesel,2015,131,208500,176000,178750,244495,76778,-0.673,lokal
BMW,3-serie,Tohjul,Diesel,2015,18,172217,166100,142858,188184,78678,-1.189,lokal
BMW,3-serie,Firehjul,Diesel,2016,110,232217,165400,199624,259434,64730,-0.493,lokal
BMW,3-serie,Firehjul,Diesel,2017,50,272212,150000,235800,292573,65085,-0.699,lokal
BMW,3-serie,Tohjul,Diesel,2017,8,206766,196550,156500,229000,48063,-0.32,global
BMW,3-serie,Firehjul,Diesel,2018,24,265000,157100,253300,299000,41125,-0.56,lokal
BMW,3-serie,Firehjul,Diesel,2019,38,374266,99950,349750,406748,40147,-0.722,lokal
BMW,3-serie,Firehjul,Diesel,2020,55,409000,91000,374667,469000,77457,-1.291,lokal
BMW,3-serie,Firehjul,Diesel,2021,20,394900,99900,349900,734000,182256,-0.563,lokal
BMW,3-serie,Tohjul,Hybrid,2016,44,238000,128000,214402,261072,43173,-0.632,lokal
BMW,3-serie,Tohjul,Hybrid,2017,59,259000,110985,239945,279667,29905,-0.417,lokal
BMW,3-serie,Tohjul,Hybrid,2018,81,259990,107125,239900,284990,27737,-0.501,lokal
BMW,3-serie,Tohjul,Hybrid,2019,17,339900,95600,289000,379000,61319,-1.231,lokal
BMW,3-serie,Firehjul,Hybrid,2020,6,334990,179726,304573,372348,39524,-0.32,global
BMW,3-serie,Tohjul,Hybrid,2020,93,369000,78808,349000,379000,29346,-0.35,lokal
BMW,3-serie,Firehjul,Hybrid,2021,196,379667,88000,339000,419000,78696,-0.923,lokal
BMW,3-serie,Tohjul,Hybrid,2021,7,389000,80000,369450,436712,37296,-0.32,global
BMW,3-serie,Firehjul,Hybrid,2022,50,369500,105000,349925,406750,51503,-0.972,lokal
BMW,3-serie,Firehjul,Hybrid,2023,14,624000,48000,564300,1089000,255330,-0.32,global
BMW,3-serie,Tohjul,Plug-in hybrid,2016,44,237216,129028,218750,249684,32011,-0.012,lokal
BMW,3-serie,Tohjul,Plug-in hybrid,2017,56,249000,128750,219998,261108,32782,-0.469,lokal
BMW,3-serie,Tohjul,Plug-in hybrid,2018,112,253934,104000,239326,279000,28864,-0.368,lokal
BMW,3-serie,Tohjul,Plug-in hybrid,2019,25,344900,91400,314434,359434,30524,-0.499,lokal
BMW,3-serie,Firehjul,Plug-in hybrid,2020,18,396983,76250,365758,427499,48982,-0.596,lokal
BMW,3-serie,Tohjul,Plug-in hybrid,2020,78,360716,81050,348500,377484,23280,-0.388,lokal
BMW,3-serie,Firehjul,Plug-in hybrid,2021,269,399900,66600,375450,439000,45559,-0.803,lokal
BMW,3-serie,Firehjul,Plug-in hybrid,2022,55,419000,68280,379000,449000,54807,-0.841,lokal
BMW,3-serie,Firehjul,Plug-in hybrid,2023,36,589000,74000,528475,649000,97705,-2.04,lokal
BMW,3-serie,Firehjul,Plug-in hybrid,2024,31,675000,22000,649000,689000,37639,-0.594,lokal
BMW,3-serie GT,Firehjul,Bensin,2014,14,207450,145850,165858,219000,41131,-0.32,global
BMW,3-serie GT,Tohjul,Bensin,2014,6,177000,135550,169000,195500,16219,-0.32,global
BMW,3-serie GT,Firehjul,Bensin,2015,5,219000,127888,199999,219000,13172,-0.32,global
BMW,3-serie GT,Firehjul,Bensin,2016,10,227400,165650,221150,246650,27148,-0.32,global
BMW,3-serie GT,Firehjul,Bensin,2017,12,278950,115000,269675,304000,30380,-0.32,global
BMW,3-serie GT,Firehjul,Diesel,2014,28,159900,218000,139900,179000,38747,-0.512,lokal
BMW,3-serie GT,Firehjul,Diesel,2015,23,200000,178014,194450,219000,28106,-0.311,lokal
BMW,3-serie GT,Firehjul,Diesel,2016,7,259900,109111,256717,274450,30911,-0.32,global
BMW,3-serie GT,Firehjul,Diesel,2017,10,269217,132700,269000,287284,18161,-0.32,global
BMW,4-Serie,Firehjul,Bensin,2014,7,239000,196800,177971,323421,189725,-0.32,global
BMW,4-Serie,Tohjul,Bensin,2014,8,435000,96750,245986,636500,277426,-0.32,global
BMW,4-Serie,Firehjul,Bensin,2015,6,224450,134500,199000,309225,71777,-0.32,global
BMW,4-Serie,Firehjul,Bensin,2016,6,284266,119875,234532,297175,43920,-0.32,global
BMW,4-Serie,Tohjul,Diesel,2014,6,218445,170172,189182,225204,45163,-0.32,global
BMW,4-Serie,Firehjul,Diesel,2015,5,219800,135680,199982,259532,40914,-0.32,global
BMW,4-Serie,Firehjul,Diesel,2016,6,299949,167000,299900,325148,53578,-0.32,global
BMW,4-serie,Firehjul,Bensin,2014,17,315000,133000,224434,389900,112656,-1.074,lokal
BMW,4-serie,Tohjul,Bensin,2014,11,449999,113500,235688,494000,204076,-0.32,global
BMW,4-serie,Firehjul,Bensin,2015,26,276717,134000,215576,318537,79883,-1.062,lokal
BMW,4-serie,Tohjul,Bensin,2015,11,459999,93000,445000,459999,91120,-0.32,global
BMW,4-serie,Firehjul,Bensin,2016,19,259000,155000,239000,274495,47686,0.085,lokal
BMW,4-serie,Firehjul,Bensin,2017,15,379000,80000,359450,424000,105320,-0.32,global
BMW,4-serie,Firehjul,Bensin,2018,10,344990,115500,335896,349990,14421,-0.32,global
BMW,4-serie,Firehjul,Bensin,2021,8,799000,50000,796725,804900,24279,-0.32,global
BMW,4-serie,Firehjul,Diesel,2014,23,209000,184500,199000,231717,40477,-0.557,lokal
BMW,4-serie,Tohjul,Diesel,2014,21,244434,195000,189000,274900,60481,-0.011,lokal
BMW,4-serie,Firehjul,Diesel,2015,26,239434,179700,224434,249434,45094,-0.259,lokal
BMW,4-serie,Firehjul,Diesel,2016,9,359000,152000,259434,404434,99137,-0.32,global
BMW,4-serie,Firehjul,Diesel,2017,12,329990,145171,294000,384228,62949,-0.32,global
BMW,4-serie,Firehjul,Diesel,2018,7,379000,88300,359000,399000,61062,-0.32,global
BMW,5-Serie,Tohjul,Bensin,1996,5,29442,305000,25000,51941,42191,-0.32,global
BMW,5-Serie,Tohjul,Bensin,1998,5,16942,253000,12942,31942,16047,-0.32,global
BMW,5-Serie,Tohjul,Bensin,1999,5,31942,316000,25942,34942,4930,-0.32,global
BMW,5-Serie,Tohjul,Bensin,2000,9,44999,229596,26942,79000,45646,-0.32,global
BMW,5-Serie,Tohjul,Bensin,2003,7,36942,235000,27942,43442,12166,-0.32,global
BMW,5-Serie,Tohjul,Bensin,2004,30,29942,285998,25910,39192,12382,-0.098,lokal
BMW,5-Serie,Tohjul,Bensin,2005,13,46942,260000,31942,59999,25920,-0.32,global
BMW,5-Serie,Tohjul,Bensin,2008,5,41942,265000,31942,47000,24850,-0.32,global
BMW,5-Serie,Tohjul,Bensin,2010,5,104441,211000,81942,135942,52077,-0.32,global
BMW,5-Serie,Firehjul,Bensin,2011,5,270000,155558,220942,291942,62221,-0.32,global
BMW,5-Serie,Tohjul,Bensin,2014,8,194000,133358,172492,239225,88174,-0.32,global
BMW,5-Serie,Firehjul,Bensin,2017,5,404434,95000,399532,554532,108000,-0.32,global
BMW,5-Serie,Tohjul,Diesel,2001,8,72942,320450,40692,93192,33445,-0.32,global
BMW,5-Serie,Tohjul,Diesel,2002,5,26942,303000,18942,52942,25822,-0.32,global
BMW,5-Serie,Tohjul,Diesel,2004,31,51942,292000,35942,64442,25996,-0.168,lokal
BMW,5-Serie,Tohjul,Diesel,2005,26,57442,278280,42817,84442,33922,0.034,lokal
BMW,5-Serie,Tohjul,Diesel,2006,29,49900,290000,40000,59900,15861,-0.037,lokal
BMW,5-Serie,Firehjul,Diesel,2007,12,80942,348500,49192,91250,32937,-0.32,global
BMW,5-Serie,Tohjul,Diesel,2007,30,57971,250500,32692,76748,37594,-0.088,lokal
BMW,5-Serie,Firehjul,Diesel,2008,23,109000,309000,85471,129471,37802,-0.249,lokal
BMW,5-Serie,Tohjul,Diesel,2008,53,55000,270000,44942,76942,24395,-0.103,lokal
BMW,5-Serie,Firehjul,Diesel,2009,9,121942,229557,56942,146942,47956,-0.32,global
BMW,5-Serie,Tohjul,Diesel,2009,27,69999,239000,59000,95921,38466,-0.253,lokal
BMW,5-Serie,Tohjul,Diesel,2010,37,99990,233000,79900,201942,77015,-0.576,lokal
BMW,5-Serie,Firehjul,Diesel,2011,27,181777,239472,144442,217971,50161,-0.358,lokal
BMW,5-Serie,Tohjul,Diesel,2011,120,125942,228108,99675,159000,48483,-0.179,lokal
BMW,5-Serie,Firehjul,Diesel,2012,55,165000,215000,134971,242971,82575,-0.261,lokal
BMW,5-Serie,Tohjul,Diesel,2012,48,135442,204250,111454,153706,39614,-0.2,lokal
BMW,5-Serie,Firehjul,Diesel,2013,30,206000,194350,166000,294954,84842,0.775,lokal
BMW,5-Serie,Tohjul,Diesel,2013,30,148517,187250,113192,169000,34087,-0.698,lokal
BMW,5-Serie,Firehjul,Diesel,2014,97,189900,194000,156942,239000,65888,-0.296,lokal
BMW,5-Serie,Tohjul,Diesel,2014,19,145000,202000,126442,170471,29087,-0.426,lokal
BMW,5-Serie,Firehjul,Diesel,2015,72,237766,182000,199340,292175,80933,-0.693,lokal
BMW,5-Serie,Tohjul,Diesel,2015,5,169900,190800,159900,169900,25297,-0.32,global
BMW,5-Serie,Firehjul,Diesel,2016,40,274450,158000,234133,324675,88708,-0.764,lokal
BMW,5-Serie,Tohjul,Diesel,2016,11,149000,195000,114600,169000,36681,-0.32,global
BMW,5-Serie,Firehjul,Diesel,2017,17,354532,142000,269999,419532,90089,0.272,lokal
BMW,5-Serie,Firehjul,Diesel,2018,44,406766,125250,372498,526000,112404,0.451,lokal
BMW,5-Serie,Firehjul,Diesel,2019,15,409000,129000,332400,419450,57676,-0.531,lokal
BMW,5-Serie,Firehjul,Diesel,2024,5,698500,25000,689000,699000,12352,-0.32,global
BMW,5-Serie,Tohjul,Hybrid,2017,6,259999,129000,259999,281750,18005,-0.32,global
BMW,5-Serie,Tohjul,Hybrid,2018,34,309900,100250,279624,329675,43346,-0.745,lokal
BMW,5-Serie,Tohjul,Hybrid,2019,9,299990,92647,298000,329000,53314,-0.32,global
BMW,5-Serie,Firehjul,Hybrid,2020,14,368500,87470,349225,381240,19009,-0.32,global
BMW,5-Serie,Firehjul,Hybrid,2021,15,449000,88500,429450,464450,95010,-0.32,global
BMW,5-Serie,Firehjul,Hybrid,2022,5,408000,124000,399900,449000,149225,-0.32,global
BMW,5-Serie,Tohjul,Plug-in hybrid,2017,8,259400,126240,247032,271458,43332,-0.32,global
BMW,5-Serie,Tohjul,Plug-in hybrid,2018,23,279000,110000,264150,304766,46179,-0.744,lokal
BMW,5-Serie,Tohjul,Plug-in hybrid,2019,9,315000,112000,314532,339000,40709,-0.32,global
BMW,5-Serie,Firehjul,Plug-in hybrid,2020,26,364716,74750,339646,379675,44767,-0.309,lokal
BMW,5-Serie,Firehjul,Plug-in hybrid,2021,33,469900,68000,449000,515000,75298,-1.134,lokal
BMW,5-Serie,Firehjul,Plug-in hybrid,2022,29,549000,68337,529000,569900,66939,1.216,lokal
BMW,5-serie,Tohjul,Bensin,1985,6,224500,214099,83925,299000,129129,-0.32,global
BMW,5-serie,Tohjul,Bensin,1988,5,149000,225000,50000,171900,93865,-0.32,global
BMW,5-serie,Tohjul,Bensin,1989,5,81900,257886,80900,121900,97448,-0.32,global
BMW,5-serie,Tohjul,Bensin,1991,6,120000,247500,51425,156250,97328,-0.32,global
BMW,5-serie,Tohjul,Bensin,1994,8,119400,230000,78961,171900,104508,-0.32,global
BMW,5-serie,Tohjul,Bensin,1995,7,61900,263000,51538,111900,74970,-0.32,global
BMW,5-serie,Tohjul,Bensin,1996,8,75450,219500,37725,143924,81105,-0.32,global
BMW,5-serie,Tohjul,Bensin,1997,16,36400,223674,30426,67350,29062,-0.263,lokal
BMW,5-serie,Tohjul,Bensin,1998,14,29838,228500,22425,46150,30915,-0.32,global
BMW,5-serie,Tohjul,Bensin,1999,17,29942,251000,19845,41900,54486,-0.32,global
BMW,5-serie,Tohjul,Bensin,2000,14,41921,268000,24650,61975,39024,-0.32,global
BMW,5-serie,Tohjul,Bensin,2001,22,57450,239410,32675,76859,43735,0.08,lokal
BMW,5-serie,Tohjul,Bensin,2002,6,45950,258500,22500,49900,56841,-0.32,global
BMW,5-serie,Tohjul,Bensin,2003,12,50950,227032,44400,67899,41065,-0.32,global
BMW,5-serie,Tohjul,Bensin,2004,92,39945,271984,28817,50468,56908,-0.114,lokal
BMW,5-serie,Tohjul,Bensin,2005,25,44900,253000,25000,51900,29187,-0.102,lokal
BMW,5-serie,Firehjul,Bensin,2006,13,91900,230000,36900,110900,60141,-0.32,global
BMW,5-serie,Tohjul,Bensin,2006,13,101845,239000,54999,149990,58947,-0.32,global
BMW,5-serie,Tohjul,Bensin,2007,10,85450,232800,46650,126650,71483,-0.32,global
BMW,5-serie,Tohjul,Bensin,2008,8,47421,223500,28925,113900,72347,-0.32,global
BMW,5-serie,Tohjul,Bensin,2009,9,51899,183968,41900,189900,97748,-0.32,global
BMW,5-serie,Tohjul,Bensin,2010,21,163900,202689,126900,179500,50865,-0.084,lokal
BMW,5-serie,Firehjul,Bensin,2011,8,320450,155558,275204,366000,53737,-0.32,global
BMW,5-serie,Tohjul,Bensin,2011,16,129900,222750,114900,150150,49733,-0.32,global
BMW,5-serie,Firehjul,Bensin,2012,8,279421,178000,185650,311961,72494,-0.32,global
BMW,5-serie,Tohjul,Bensin,2012,10,149450,169250,104160,211172,57890,-0.32,global
BMW,5-serie,Tohjul,Bensin,2013,17,179990,155000,159900,243900,59059,-1.019,lokal
BMW,5-serie,Firehjul,Bensin,2014,19,299000,177000,299000,329000,50507,-0.066,lokal
BMW,5-serie,Tohjul,Bensin,2014,10,168395,141750,145228,209000,43180,-0.32,global
BMW,5-serie,Firehjul,Bensin,2017,26,399000,99000,385242,429742,91383,0.419,lokal
BMW,5-serie,Firehjul,Bensin,2018,55,469000,103000,424450,526761,98842,-1.122,lokal
BMW,5-serie,Firehjul,Bensin,2019,6,569450,40000,562175,576725,14862,-0.32,global
BMW,5-serie,Tohjul,Diesel,1999,5,24745,285000,21900,31900,10734,-0.32,global
BMW,5-serie,Tohjul,Diesel,2001,15,69000,280000,26942,87950,32776,-0.32,global
BMW,5-serie,Tohjul,Diesel,2002,18,31900,294920,17275,47968,24536,0.249,lokal
BMW,5-serie,Tohjul,Diesel,2003,15,36900,307800,25950,58471,35496,-0.32,global
BMW,5-serie,Tohjul,Diesel,2004,71,51942,297000,35950,79400,43601,0.095,lokal
BMW,5-serie,Tohjul,Diesel,2005,70,50900,288807,39900,73672,38388,-0.245,lokal
BMW,5-serie,Firehjul,Diesel,2006,8,80921,269000,64650,88150,21047,-0.32,global
BMW,5-serie,Tohjul,Diesel,2006,127,43900,288000,31650,55900,32165,-0.086,lokal
BMW,5-serie,Firehjul,Diesel,2007,22,84400,278358,59736,109150,39639,-0.001,lokal
BMW,5-serie,Tohjul,Diesel,2007,134,60400,279881,42425,79997,33658,-0.055,lokal
BMW,5-serie,Firehjul,Diesel,2008,43,81942,275000,51921,113495,41371,-0.389,lokal
BMW,5-serie,Tohjul,Diesel,2008,144,65471,253604,51350,89000,39298,-0.091,lokal
BMW,5-serie,Firehjul,Diesel,2009,33,109900,251000,90900,121942,26918,-0.132,lokal
BMW,5-serie,Tohjul,Diesel,2009,114,66900,247000,50225,96582,34616,-0.248,lokal
BMW,5-serie,Firehjul,Diesel,2010,10,93400,269282,81228,139236,36502,-0.32,global
BMW,5-serie,Tohjul,Diesel,2010,177,111900,232000,79900,155000,57448,-0.304,lokal
BMW,5-serie,Firehjul,Diesel,2011,91,188982,219000,142500,219900,52856,-0.492,lokal
BMW,5-serie,Tohjul,Diesel,2011,332,119900,225650,99000,159000,50965,-0.247,lokal
BMW,5-serie,Firehjul,Diesel,2012,155,168900,210000,139900,229000,66525,-0.477,lokal
BMW,5-serie,Tohjul,Diesel,2012,133,121900,219450,104900,149900,37756,-0.319,lokal
BMW,5-serie,Firehjul,Diesel,2013,154,219000,193678,169000,275650,74826,-0.214,lokal
BMW,5-serie,Tohjul,Diesel,2013,100,148500,197000,114500,176910,45634,-0.574,lokal
BMW,5-serie,Firehjul,Diesel,2014,246,199434,189000,164925,249990,73917,-0.362,lokal
BMW,5-serie,Tohjul,Diesel,2014,39,154434,196000,134667,197688,48702,-0.195,lokal
BMW,5-serie,Firehjul,Diesel,2015,213,244900,165000,199999,299000,79730,-0.326,lokal
BMW,5-serie,Tohjul,Diesel,2015,8,139000,207500,133082,154675,73895,-0.32,global
BMW,5-serie,Firehjul,Diesel,2016,132,259900,159250,229808,319000,67683,-0.467,lokal
BMW,5-serie,Tohjul,Diesel,2016,6,171934,184150,147434,187858,35580,-0.32,global
BMW,5-serie,Firehjul,Diesel,2017,74,339667,142000,292249,444225,97495,-0.734,lokal
BMW,5-serie,Tohjul,Diesel,2017,9,339000,132000,294434,349900,38698,-0.32,global
BMW,5-serie,Firehjul,Diesel,2018,182,399000,142000,341225,478750,108339,-0.392,lokal
BMW,5-serie,Firehjul,Diesel,2019,35,389000,129000,364667,474000,64970,-0.734,lokal
BMW,5-serie,Firehjul,Diesel,2020,36,469990,85766,438000,495242,67513,-0.225,lokal
BMW,5-serie,Firehjul,Diesel,2021,5,549000,134000,519000,579900,62984,-0.32,global
BMW,5-serie,Firehjul,Diesel,2024,33,749000,21800,739000,749000,25830,-0.472,lokal
BMW,5-serie,Tohjul,Hybrid,2017,33,299000,97513,249999,319000,42482,-0.745,lokal
BMW,5-serie,Tohjul,Hybrid,2018,109,319000,110000,289000,339000,40927,-0.664,lokal
BMW,5-serie,Tohjul,Hybrid,2019,54,334500,94000,309922,349000,25874,-0.316,lokal
BMW,5-serie,Firehjul,Hybrid,2020,105,379934,86000,358000,399000,37489,-0.381,lokal
BMW,5-serie,Tohjul,Hybrid,2020,5,339000,90200,299000,349000,34051,-0.32,global
BMW,5-serie,Firehjul,Hybrid,2021,62,499000,79750,434150,546500,274506,-1.634,lokal
BMW,5-serie,Firehjul,Hybrid,2022,22,459450,124000,419225,516000,82659,-0.636,lokal
BMW,5-serie,Firehjul,Hybrid,2023,5,749000,18400,749000,749000,13416,-0.32,global
BMW,5-serie,Tohjul,Plug-in hybrid,2017,61,269532,141000,249532,290000,31744,-0.153,lokal
BMW,5-serie,Tohjul,Plug-in hybrid,2018,81,299000,101000,274900,328900,44941,-0.575,lokal
BMW,5-serie,Tohjul,Plug-in hybrid,2019,53,330434,78400,300000,349000,32033,-0.638,lokal
BMW,5-serie,Firehjul,Plug-in hybrid,2020,91,384434,85000,369217,399000,25502,-0.229,lokal
BMW,5-serie,Firehjul,Plug-in hybrid,2021,165,485000,75600,445000,529000,70420,-0.717,lokal
BMW,5-serie,Firehjul,Plug-in hybrid,2022,60,569900,64100,529399,596000,94275,-2.596,lokal
BMW,5-serie,Firehjul,Plug-in hybrid,2023,5,619900,46000,599900,649000,29563,-0.32,global
BMW,5-serie,Firehjul,Plug-in hybrid,2025,6,1464000,12500,1411500,1479000,57504,-0.32,global
BMW,5-serie GT,Firehjul,Diesel,2011,5,149000,229000,139000,214900,50903,-0.32,global
BMW,6-serie,Tohjul,Bensin,1985,8,321400,216004,277475,442250,149446,-0.32,global
BMW,6-serie,Tohjul,Bensin,2004,6,188400,183500,121650,219900,75314,-0.32,global
BMW,6-serie,Tohjul,Bensin,2005,11,175942,165893,124314,203350,61782,-0.32,global
BMW,6-serie,Tohjul,Bensin,2006,7,179000,199000,159000,181950,18107,-0.32,global
BMW,6-serie,Firehjul,Bensin,2012,9,439000,133900,398900,459000,79698,-0.32,global
BMW,6-serie,Tohjul,Bensin,2012,12,331900,136023,309000,349400,81399,-0.32,global
BMW,6-serie,Firehjul,Bensin,2013,17,468908,151000,349900,529000,85845,-2.674,lokal
BMW,6-serie,Tohjul,Diesel,2012,7,341900,143000,337152,434000,67348,-0.32,global
BMW,6-serie,Firehjul,Diesel,2014,5,459000,109000,449000,469000,30285,-0.32,global
BMW,6-serie,Firehjul,Diesel,2018,6,519000,149000,501500,581500,56921,-0.32,global
BMW,7-Serie,Firehjul,Bensin,2020,5,1049000,120000,1029000,1069000,33079,-0.32,global
BMW,7-Serie,Tohjul,Diesel,2009,6,164500,203000,136456,186500,40985,-0.32,global
BMW,7-serie,Tohjul,Bensin,1995,6,62950,260500,46175,66900,55162,-0.32,global
BMW,7-serie,Tohjul,Bensin,1996,6,175900,267387,148900,193150,71334,-0.32,global
BMW,7-serie,Tohjul,Bensin,1997,5,109999,240000,36900,179068,95587,-0.32,global
BMW,7-serie,Tohjul,Bensin,2002,9,61900,215000,56900,69900,49550,-0.32,global
BMW,7-serie,Firehjul,Bensin,2016,15,529000,125503,514000,584990,53373,-0.32,global
BMW,7-serie,Firehjul,Bensin,2017,5,599990,131500,579000,699000,305547,-0.32,global
BMW,7-serie,Firehjul,Bensin,2020,14,1139000,120000,1099000,1169000,39973,-0.32,global
BMW,7-serie,Tohjul,Diesel,2004,8,61900,292400,39900,70000,18273,-0.32,global
BMW,7-serie,Tohjul,Diesel,2006,6,120900,246700,106400,127900,23460,-0.32,global
BMW,7-serie,Tohjul,Diesel,2007,6,86421,297032,75225,145619,49060,-0.32,global
BMW,7-serie,Tohjul,Diesel,2009,20,140400,236032,114150,161748,34341,-0.254,lokal
BMW,7-serie,Tohjul,Diesel,2010,12,195970,203135,169000,211242,35363,-0.32,global
BMW,7-serie,Firehjul,Diesel,2011,9,210000,189000,184999,259900,42692,-0.32,global
BMW,7-serie,Tohjul,Diesel,2011,6,184945,201750,141725,227490,53439,-0.32,global
BMW,7-serie,Firehjul,Diesel,2012,7,221900,218430,209000,259900,34847,-0.32,global
BMW,7-serie,Firehjul,Diesel,2013,14,272971,206100,229925,321175,52161,-0.32,global
BMW,7-serie,Firehjul,Diesel,2014,12,322500,153958,282340,331500,48758,-0.32,global
BMW,7-serie,Firehjul,Diesel,2015,14,349000,148217,285825,386500,82465,-0.32,global
BMW,7-serie,Firehjul,Diesel,2016,20,499000,124000,449784,699000,133437,-2.852,lokal
BMW,7-serie,Firehjul,Diesel,2017,12,549000,135000,497608,584675,102376,-0.32,global
BMW,7-serie,Firehjul,Diesel,2018,8,649450,113250,507192,734900,127910,-0.32,global
BMW,7-serie,Firehjul,Hybrid,2017,18,469500,107210,449999,496675,32813,-0.75,lokal
BMW,7-serie,Tohjul,Hybrid,2017,5,679000,13000,649000,699000,71018,-0.32,global
BMW,7-serie,Firehjul,Plug-in hybrid,2017,10,449900,115202,449000,463725,33334,-0.32,global
BMW,Ix Xdrive 40,Firehjul,Elektrisk,2022,6,439495,76555,439000,469922,29987,-0.32,global
BMW,M2,Tohjul,Bensin,2016,10,581995,130636,565576,597422,25925,-0.32,global
BMW,M2,Tohjul,Bensin,2017,30,629716,99000,608323,672326,41949,-0.57,lokal
BMW,M2,Tohjul,Bensin,2018,20,686983,72575,656725,699922,44449,-0.622,lokal
BMW,M2,Tohjul,Bensin,2019,27,779990,78000,735000,799945,62749,-1.051,lokal
BMW,M2,Tohjul,Bensin,2020,12,759994,81700,746500,784742,37043,-0.32,global
BMW,M2,Tohjul,Bensin,2021,11,969000,30000,949000,1149990,108406,-0.32,global
BMW,M2,Tohjul,Bensin,2023,7,1079000,21782,1069450,1099450,39255,-0.32,global
BMW,M3,Tohjul,Bensin,1995,7,346900,219999,300970,419000,70725,-0.32,global
BMW,M3,Tohjul,Bensin,2001,13,349900,193000,329000,399900,70088,-0.32,global
BMW,M3,Tohjul,Bensin,2002,22,384995,175000,369922,494000,102299,-2.103,lokal
BMW,M3,Tohjul,Bensin,2003,8,475471,144100,392250,524675,120363,-0.32,global
BMW,M3,Tohjul,Bensin,2007,7,479900,145365,454388,544950,54243,-0.32,global
BMW,M3,Tohjul,Bensin,2008,26,520872,150168,456454,549000,132370,-1.157,lokal
BMW,M3,Tohjul,Bensin,2009,15,521900,172000,455471,590900,89023,-0.32,global
BMW,M3,Tohjul,Bensin,2014,7,639000,170000,634000,649000,72210,-0.32,global
BMW,M3,Tohjul,Bensin,2015,25,759900,124800,699990,769434,46077,-1.017,lokal
BMW,M3,Tohjul,Bensin,2016,5,799900,116284,678900,819434,181065,-0.32,global
BMW,M3,Tohjul,Bensin,2017,6,859950,63876,808326,891725,105863,-0.32,global
BMW,M3,Tohjul,Bensin,2018,6,879999,104000,871750,894992,22556,-0.32,global
BMW,M3,Firehjul,Bensin,2022,18,1212450,49300,1177175,1274000,56894,-0.54,lokal
BMW,M3,Tohjul,Bensin,2022,8,1149266,25671,1144225,1198500,36680,-0.32,global
BMW,M3,Firehjul,Bensin,2023,27,1299532,48000,1259990,1358622,63009,0.002,lokal
BMW,M3,Firehjul,Bensin,2024,31,1395000,19140,1334000,1464450,126953,-0.729,lokal
BMW,M3,Firehjul,Bensin,2025,13,1799000,8700,1749000,1799000,56659,-0.32,global
BMW,M4,Tohjul,Bensin,2014,7,671942,116000,644217,689945,50590,-0.32,global
BMW,M4,Tohjul,Bensin,2015,35,659434,121500,622217,689217,55933,-0.856,lokal
BMW,M4,Tohjul,Bensin,2016,25,714434,85000,659990,739900,345756,-0.996,lokal
BMW,M4,Tohjul,Bensin,2017,17,749434,113900,719900,799990,83017,-1.209,lokal
BMW,M4,Tohjul,Bensin,2018,13,799000,93000,779000,934434,131137,-0.32,global
BMW,M4,Firehjul,Bensin,2022,11,1269000,37800,1214000,1277450,56825,-0.32,global
BMW,M4,Firehjul,Bensin,2023,7,1329900,35000,1294000,1349450,94080,-0.32,global
BMW,M5,Tohjul,Bensin,1999,7,301900,233000,295950,320900,23602,-0.32,global
BMW,M5,Tohjul,Bensin,2005,10,420400,144500,386175,439968,59310,-0.32,global
BMW,M5,Tohjul,Bensin,2011,8,524000,153000,516750,549000,25611,-0.32,global
BMW,M5,Tohjul,Bensin,2012,40,600450,101000,528000,629990,80845,-1.478,lokal
BMW,M5,Tohjul,Bensin,2013,6,514450,149000,469900,559742,96732,-0.32,global
BMW,M5,Tohjul,Bensin,2014,7,649900,134000,632167,689400,48935,-0.32,global
BMW,M5,Firehjul,Bensin,2018,16,1050000,78000,981725,1174000,107114,-2.941,lokal
BMW,M5,Firehjul,Bensin,2019,19,1149800,83066,1149000,1184900,61523,-2.396,lokal
BMW,M5,Firehjul,Hybrid,2025,19,1999000,8700,1964450,2044450,89382,-0.32,global
BMW,M5,Firehjul,Plug-in hybrid,2025,25,1995000,13000,1925000,2049900,109775,-0.32,global
BMW,M5,Firehjul,Plug-in hybrid,2026,5,2099000,5500,2099000,2149000,44721,-0.32,global
BMW,M6,Tohjul,Bensin,2013,9,599000,123464,599000,729000,141176,-0.32,global
BMW,M6,Tohjul,Bensin,2014,8,684000,92000,639990,691725,69017,-0.32,global
BMW,Ukjent,Firehjul,Elektrisk,2022,6,454000,85000,429000,487175,38660,-0.32,global
BMW,Ukjent,Firehjul,Elektrisk,2023,6,524450,47250,474225,529749,64642,-0.32,global
BMW,X1,Firehjul,Bensin,2015,7,189900,112437,183700,199200,11030,-0.32,global
BMW,X1,Firehjul,Bensin,2016,48,229000,119748,209900,250434,34566,-0.16,lokal
BMW,X1,Tohjul,Bensin,2016,10,192400,123141,186034,194900,9657,-0.32,global
BMW,X1,Firehjul,Bensin,2017,30,276500,80396,239900,299675,41334,-0.813,lokal
BMW,X1,Firehjul,Bensin,2018,8,269900,109712,256500,284742,24714,-0.32,global
BMW,X1,Tohjul,Bensin,2023,9,498000,38100,498000,516363,16955,-0.32,global
BMW,X1,Firehjul,Diesel,2009,8,95450,212000,47192,99225,32116,-0.32,global
BMW,X1,Firehjul,Diesel,2010,192,79000,200000,59900,96225,27557,-0.284,lokal
BMW,X1,Tohjul,Diesel,2010,33,62999,224030,39900,72000,20870,-0.146,lokal
BMW,X1,Firehjul,Diesel,2011,183,87900,189300,71421,100000,30044,-0.269,lokal
BMW,X1,Tohjul,Diesel,2011,25,70000,168000,59900,89900,29003,-0.302,lokal
BMW,X1,Firehjul,Diesel,2012,173,101942,182000,85000,129000,30199,-0.364,lokal
BMW,X1,Tohjul,Diesel,2012,8,69900,204250,66100,75350,13710,-0.32,global
BMW,X1,Firehjul,Diesel,2013,166,124921,170406,109000,139900,35503,-0.216,lokal
BMW,X1,Tohjul,Diesel,2013,10,102950,155453,95000,126738,19720,-0.32,global
BMW,X1,Firehjul,Diesel,2014,132,139994,161576,119000,159000,30037,-0.494,lokal
BMW,X1,Firehjul,Diesel,2015,46,159434,143750,149550,169000,22995,-0.105,lokal
BMW,X1,Firehjul,Diesel,2016,145,208000,142200,189147,229000,34821,-0.317,lokal
BMW,X1,Firehjul,Diesel,2017,179,235000,122000,219000,258000,34240,-0.538,lokal
BMW,X1,Firehjul,Diesel,2018,147,259900,112400,239000,279000,30732,-0.493,lokal
BMW,X1,Firehjul,Diesel,2019,137,269999,117150,249532,299900,31965,-0.83,lokal
BMW,X1,Firehjul,Diesel,2020,22,354450,94700,329000,379425,31245,-0.134,lokal
BMW,X1,Firehjul,Hybrid,2020,16,279945,86860,248725,318250,52587,-0.768,lokal
BMW,X1,Firehjul,Hybrid,2021,189,289000,70000,260000,318000,36198,-0.672,lokal
BMW,X1,Firehjul,Hybrid,2022,67,329800,58000,285000,349945,51495,-0.999,lokal
BMW,X1,Firehjul,Plug-in hybrid,2016,5,219000,119748,219000,229000,5477,-0.32,global
BMW,X1,Firehjul,Plug-in hybrid,2020,55,284434,59500,261716,309450,33114,-0.657,lokal
BMW,X1,Firehjul,Plug-in hybrid,2021,572,299000,65000,279000,329000,35662,-0.624,lokal
BMW,X1,Firehjul,Plug-in hybrid,2022,583,348900,53000,322000,359000,31159,-0.503,lokal
BMW,X1,Firehjul,Plug-in hybrid,2023,151,529000,51820,499000,559450,35214,-0.475,lokal
BMW,X1,Firehjul,Plug-in hybrid,2024,12,594000,25850,574000,634000,37008,-0.32,global
BMW,X2,Firehjul,Diesel,2018,25,289900,99865,272434,317000,35557,-0.766,lokal
BMW,X2,Firehjul,Diesel,2019,74,299900,97500,289225,319675,26057,-0.583,lokal
BMW,X2,Firehjul,Diesel,2020,6,329450,82000,321500,344974,24091,-0.32,global
BMW,X2,Firehjul,Hybrid,2021,61,299900,58000,289990,319000,24468,-0.203,lokal
BMW,X2,Firehjul,Hybrid,2022,8,319000,51244,304675,328475,33206,-0.32,global
BMW,X2,Firehjul,Plug-in hybrid,2020,6,289000,71500,270950,293149,22862,-0.32,global
BMW,X2,Firehjul,Plug-in hybrid,2021,139,308900,61000,289000,329000,29912,-0.741,lokal
BMW,X2,Firehjul,Plug-in hybrid,2022,98,325000,46606,299000,349000,32865,-0.905,lokal
BMW,X3,Firehjul,Bensin,2004,24,36900,205600,21650,46992,29778,-0.097,lokal
BMW,X3,Firehjul,Bensin,2005,7,31900,247000,16450,43400,17143,-0.32,global
BMW,X3,Firehjul,Bensin,2006,9,28900,220000,10900,59900,26029,-0.32,global
BMW,X3,Firehjul,Bensin,2012,26,157421,174152,121660,161425,43183,-0.529,lokal
BMW,X3,Firehjul,Bensin,2013,13,156942,176520,139000,169000,46558,-0.32,global
BMW,X3,Firehjul,Bensin,2015,25,243434,110940,235900,249000,25574,-0.497,lokal
BMW,X3,Firehjul,Bensin,2016,9,228000,114100,215000,264900,55269,-0.32,global
BMW,X3,Firehjul,Bensin,2018,9,584434,82500,379900,629000,127533,-0.32,global
BMW,X3,Firehjul,Bensin,2025,6,1449000,21000,1411500,1449000,41833,-0.32,global
BMW,X3,Firehjul,Diesel,2004,50,29950,283185,19150,41650,16734,-0.066,lokal
BMW,X3,Firehjul,Diesel,2005,63,28000,285000,17101,36971,12446,-0.107,lokal
BMW,X3,Firehjul,Diesel,2006,43,33942,260000,22916,39921,14783,-0.074,lokal
BMW,X3,Firehjul,Diesel,2007,58,47900,231754,32706,68475,24444,-0.187,lokal
BMW,X3,Firehjul,Diesel,2008,141,51900,225000,36942,69900,21971,-0.131,lokal
BMW,X3,Firehjul,Diesel,2009,69,61900,236000,46942,73900,20082,-0.113,lokal
BMW,X3,Firehjul,Diesel,2010,46,70921,219390,57400,81900,26940,-0.197,lokal
BMW,X3,Firehjul,Diesel,2011,231,119900,212000,96900,145900,36955,-0.344,lokal
BMW,X3,Firehjul,Diesel,2012,263,129990,202000,110000,159000,36136,-0.38,lokal
BMW,X3,Firehjul,Diesel,2013,187,149900,194600,129000,174995,35345,-0.467,lokal
BMW,X3,Firehjul,Diesel,2014,145,181900,166900,159900,211942,39896,-0.406,lokal
BMW,X3,Firehjul,Diesel,2015,178,229900,151864,199000,249900,46467,-0.638,lokal
BMW,X3,Firehjul,Diesel,2016,134,249900,145900,219922,270300,41693,-0.56,lokal
BMW,X3,Firehjul,Diesel,2017,72,296450,135000,253323,329575,53353,-0.988,lokal
BMW,X3,Firehjul,Diesel,2018,45,398900,127000,379000,429000,58639,-0.738,lokal
BMW,X3,Firehjul,Diesel,2019,22,449217,108345,399000,466725,68220,-0.795,lokal
BMW,X3,Firehjul,Diesel,2020,8,459266,117000,429000,484000,37292,-0.32,global
BMW,X3,Firehjul,Hybrid,2020,64,399000,85729,388750,426000,48704,-0.82,lokal
BMW,X3,Firehjul,Hybrid,2021,63,418900,87500,358500,459000,67140,-1.107,lokal
BMW,X3,Firehjul,Hybrid,2022,7,545000,66700,524450,556950,25885,-0.32,global
BMW,X3,Firehjul,Hybrid,2023,7,609000,81500,609000,624000,25728,-0.32,global
BMW,X3,Firehjul,Plug-in hybrid,2020,128,399000,80000,369399,435975,50634,-1.014,lokal
BMW,X3,Firehjul,Plug-in hybrid,2021,323,459900,67400,426450,489000,47515,-1.187,lokal
BMW,X3,Firehjul,Plug-in hybrid,2022,54,549000,64000,515250,569000,48757,-1.032,lokal
BMW,X3,Firehjul,Plug-in hybrid,2023,12,659000,44925,634000,671500,45109,-0.32,global
BMW,X3,Firehjul,Plug-in hybrid,2025,8,1214000,4000,1141500,1281500,79000,-0.32,global
BMW,X3 M,Firehjul,Bensin,2020,5,899000,73000,879999,899900,13971,-0.32,global
BMW,X4,Firehjul,Bensin,2015,9,304434,112000,273434,309000,39848,-0.32,global
BMW,X4,Firehjul,Bensin,2016,20,319500,103000,290825,339999,27044,0.016,lokal
BMW,X4,Firehjul,Bensin,2017,10,454450,111000,384675,558450,99106,-0.32,global
BMW,X4,Firehjul,Bensin,2018,10,369900,113078,369900,396500,56755,-0.32,global
BMW,X4,Firehjul,Bensin,2019,28,479495,109800,449000,498900,72864,-0.646,lokal
BMW,X4,Firehjul,Diesel,2014,15,231942,167000,200938,255688,65866,-0.32,global
BMW,X4,Firehjul,Diesel,2015,112,259900,151405,237750,289900,44231,-0.681,lokal
BMW,X4,Firehjul,Diesel,2016,63,279990,129000,264500,309667,51211,-0.452,lokal
BMW,X4,Firehjul,Diesel,2017,16,324266,136518,286500,404000,77414,-1.869,lokal
BMW,X4,Firehjul,Diesel,2018,10,534450,94000,444225,579000,93929,-0.32,global
BMW,X4,Firehjul,Diesel,2019,10,532000,81512,439133,671750,126111,-0.32,global
BMW,X4 M,Firehjul,Bensin,2017,6,459850,134000,426725,477449,33972,-0.32,global
BMW,X5,Firehjul,Bensin,2001,11,36900,283000,26921,46400,13328,-0.32,global
BMW,X5,Firehjul,Bensin,2002,6,49900,283380,41925,64400,47301,-0.32,global
BMW,X5,Firehjul,Bensin,2004,7,74900,300000,36900,96900,37005,-0.32,global
BMW,X5,Firehjul,Bensin,2007,7,159999,238000,135950,178450,54423,-0.32,global
BMW,X5,Firehjul,Bensin,2008,6,264000,128330,216175,291500,61017,-0.32,global
BMW,X5,Firehjul,Bensin,2014,11,369900,143023,349900,399450,46616,-0.32,global
BMW,X5,Firehjul,Bensin,2020,7,1049000,76000,1024000,1169450,85876,-0.32,global
BMW,X5,Firehjul,Diesel,2001,11,49999,361500,38471,54400,14666,-0.32,global
BMW,X5,Firehjul,Diesel,2002,9,36000,345000,29942,46900,28444,-0.32,global
BMW,X5,Firehjul,Diesel,2003,43,45000,338000,28442,50000,15783,-0.012,lokal
BMW,X5,Firehjul,Diesel,2004,33,56900,307000,34942,70000,31659,-0.086,lokal
BMW,X5,Firehjul,Diesel,2005,15,53900,313615,43450,57900,15995,-0.32,global
BMW,X5,Firehjul,Diesel,2006,9,76942,275000,61900,99900,27472,-0.32,global
BMW,X5,Firehjul,Diesel,2007,106,119872,282500,89225,131425,36421,-0.257,lokal
BMW,X5,Firehjul,Diesel,2008,75,135000,273000,111921,157950,31586,-0.217,lokal
BMW,X5,Firehjul,Diesel,2009,83,139900,260900,101942,165471,40435,-0.421,lokal
BMW,X5,Firehjul,Diesel,2010,92,168500,238500,129900,198250,51173,-0.486,lokal
BMW,X5,Firehjul,Diesel,2011,152,186900,235804,161942,219900,46144,-0.5,lokal
BMW,X5,Firehjul,Diesel,2012,70,224400,208963,190400,239900,44614,-0.445,lokal
BMW,X5,Firehjul,Diesel,2013,38,249450,220746,199922,259900,91352,-0.534,lokal
BMW,X5,Firehjul,Diesel,2014,210,357950,186000,299942,408475,85406,-0.954,lokal
BMW,X5,Firehjul,Diesel,2015,105,389000,161500,348900,469000,84204,-0.714,lokal
BMW,X5,Firehjul,Diesel,2016,99,429900,166000,385000,489000,76871,-0.444,lokal
BMW,X5,Firehjul,Diesel,2017,40,529434,145938,496725,595576,102700,-0.543,lokal
BMW,X5,Firehjul,Diesel,2018,5,699000,134000,644434,729000,54905,-0.32,global
BMW,X5,Firehjul,Diesel,2019,18,708900,142404,649922,785684,96399,-0.935,lokal
BMW,X5,Firehjul,Diesel,2021,5,938000,69900,919900,949000,30189,-0.32,global
BMW,X5,Firehjul,Hybrid,2016,155,285000,143300,259000,299900,41917,-0.387,lokal
BMW,X5,Firehjul,Hybrid,2017,215,304900,129521,289000,339000,38756,-0.611,lokal
BMW,X5,Firehjul,Hybrid,2018,189,349000,116500,324034,379999,51924,-0.466,lokal
BMW,X5,Firehjul,Hybrid,2019,15,553305,111000,399217,628766,158041,-0.32,global
BMW,X5,Firehjul,Hybrid,2020,187,649000,95000,614450,689000,56552,-0.924,lokal
BMW,X5,Firehjul,Hybrid,2021,132,729000,84980,667250,779000,92511,-1.629,lokal
BMW,X5,Firehjul,Hybrid,2022,40,789450,72000,737175,833250,68954,-1.311,lokal
BMW,X5,Firehjul,Hybrid,2023,9,899000,36000,889000,929000,68907,-0.32,global
BMW,X5,Firehjul,Hybrid,2024,25,1169000,46000,1119900,1238500,154580,-4.34,lokal
BMW,X5,Firehjul,Hybrid,2025,8,1399000,29828,1389000,1469000,136905,-0.32,global
BMW,X5,Firehjul,Plug-in hybrid,2016,139,279000,141000,249000,299532,42043,-0.537,lokal
BMW,X5,Firehjul,Plug-in hybrid,2017,180,317000,124336,289000,349000,50529,-0.705,lokal
BMW,X5,Firehjul,Plug-in hybrid,2018,158,339900,122750,309900,359975,39910,-0.613,lokal
BMW,X5,Firehjul,Plug-in hybrid,2019,7,578434,125000,551934,584434,53662,-0.32,global
BMW,X5,Firehjul,Plug-in hybrid,2020,212,641700,93000,609675,679900,54169,-0.908,lokal
BMW,X5,Firehjul,Plug-in hybrid,2021,370,729000,73000,689112,769000,66076,-1.37,lokal
BMW,X5,Firehjul,Plug-in hybrid,2022,92,819000,68800,776608,861475,73087,-1.946,lokal
BMW,X5,Firehjul,Plug-in hybrid,2023,27,899000,60000,874000,934000,101572,-0.32,global
BMW,X5,Firehjul,Plug-in hybrid,2024,50,1329000,35407,1206249,1399000,136325,-5.345,lokal
BMW,X5,Firehjul,Plug-in hybrid,2025,41,1569000,11000,1490000,1649000,83369,-7.819,lokal
BMW,X5,Firehjul,Plug-in hybrid,2026,7,1599000,4000,1595000,1644000,47648,-0.32,global
BMW,X5 M,Firehjul,Bensin,2015,7,679900,112000,659000,692450,28555,-0.32,global
BMW,X5 M,Firehjul,Bensin,2016,14,644900,156800,611400,684997,40463,-0.32,global
BMW,X5 M,Firehjul,Bensin,2020,9,1449000,72000,1399000,1499000,62048,-0.32,global
BMW,X5 M,Firehjul,Bensin,2021,13,1645700,70000,1599000,1649000,159661,-0.32,global
BMW,X5 M,Firehjul,Diesel,2013,9,288982,243000,288982,318982,26982,-0.32,global
BMW,X5 M,Firehjul,Diesel,2017,5,679000,144000,579381,698800,63570,-0.32,global
BMW,X6,Firehjul,Bensin,2015,5,785000,127000,785000,785000,0,-0.32,global
BMW,X6,Firehjul,Diesel,2009,39,169900,225000,141921,191872,38745,-0.537,lokal
BMW,X6,Firehjul,Diesel,2010,32,170900,223000,137236,208900,48920,-0.223,lokal
BMW,X6,Firehjul,Diesel,2011,33,246900,204114,186900,259900,55354,-0.611,lokal
BMW,X6,Firehjul,Diesel,2012,37,261900,195000,239900,279990,51184,-0.07,lokal
BMW,X6,Firehjul,Diesel,2013,22,265874,192200,239956,329000,63652,-0.723,lokal
BMW,X6,Firehjul,Diesel,2014,6,354667,146406,338608,361475,41256,-0.32,global
BMW,X6,Firehjul,Diesel,2015,71,430000,143000,394500,486667,60494,-0.916,lokal
BMW,X6,Firehjul,Diesel,2016,28,469000,152750,459000,479900,45536,-0.636,lokal
BMW,X6,Firehjul,Diesel,2017,5,547900,106195,529000,547900,10464,-0.32,global
BMW,X6 M,Firehjul,Bensin,2015,8,789000,120000,776500,799000,18516,-0.32,global
BMW,X6 M,Firehjul,Bensin,2020,5,1399625,79215,1199900,1449625,187320,-0.32,global
BMW,X7,Firehjul,Bensin,2019,17,969000,115000,929000,979000,29790,-0.32,global
BMW,X7,Firehjul,Bensin,2020,6,939000,108000,914000,949000,152509,-0.32,global
BMW,X7,Firehjul,Diesel,2019,25,884900,98250,869000,935000,80396,-0.467,lokal
BMW,X7,Firehjul,Diesel,2021,26,1034000,105250,984675,1099675,91284,-4.722,lokal
BMW,XM,Firehjul,Plug-in hybrid,2023,5,1745000,24647,1745000,1770000,22361,-0.32,global
BMW,Z3,Tohjul,Bensin,1996,6,62950,210592,59000,68475,10337,-0.32,global
BMW,Z3,Tohjul,Bensin,1997,6,181942,158000,83410,422236,207924,-0.32,global
BMW,Z3,Tohjul,Bensin,1998,8,75900,205000,63168,161400,158404,-0.32,global
BMW,Z3,Tohjul,Bensin,1999,7,259845,174000,135421,264444,86211,-0.32,global
BMW,Z4,Tohjul,Bensin,2003,5,169000,197000,155000,181942,27461,-0.32,global
BMW,Z4,Tohjul,Bensin,2004,8,314450,57800,265975,341500,83271,-0.32,global
BMW,Z4,Tohjul,Bensin,2006,7,179900,131000,159000,291671,143690,-0.32,global
BMW,Z4,Tohjul,Bensin,2009,9,249000,157000,226900,299000,55084,-0.32,global
BMW,Z4,Tohjul,Bensin,2019,6,675000,32900,663000,693742,47141,-0.32,global
BMW,i3,Tohjul,Elektrisk,2014,128,61942,115500,54963,73360,16733,-0.155,lokal
BMW,i3,Tohjul,Elektrisk,2015,184,75000,98934,64078,83166,15472,-0.128,lokal
BMW,i3,Tohjul,Elektrisk,2016,163,89000,91685,78201,99000,17874,-0.081,lokal
BMW,i3,Tohjul,Elektrisk,2017,616,114483,99850,99000,129000,21145,-0.277,lokal
BMW,i3,Tohjul,Elektrisk,2018,593,139434,78000,129000,154000,22420,-0.369,lokal
BMW,i3,Tohjul,Elektrisk,2019,564,174217,78000,157508,189000,24565,-0.306,lokal
BMW,i3,Tohjul,Elektrisk,2020,253,189000,61249,174532,209000,23111,-0.444,lokal
BMW,i3,Tohjul,Elektrisk,2021,295,219000,45200,198900,239000,29002,-0.435,lokal
BMW,i3,Tohjul,Elektrisk,2022,164,258950,33100,238800,279000,29341,-0.594,lokal
BMW,i4,Firehjul,Elektrisk,2022,89,469000,59750,449000,485000,29782,-0.659,lokal
BMW,i4,Tohjul,Elektrisk,2022,14,424350,41200,401250,431572,29503,-0.32,global
BMW,i4,Firehjul,Elektrisk,2023,142,489000,53250,469000,516675,32280,-0.366,lokal
BMW,i4,Tohjul,Elektrisk,2023,15,428800,38900,414000,449000,21064,-0.32,global
BMW,i4,Firehjul,Elektrisk,2024,63,539900,31600,519000,578252,39434,-1.409,lokal
BMW,i4,Tohjul,Elektrisk,2024,27,479000,20875,424000,495000,44184,-1.228,lokal
BMW,i4,Firehjul,Elektrisk,2025,83,587505,16500,569000,619000,41357,-1.409,lokal
BMW,i4,Firehjul,Elektrisk,2026,95,649000,5200,629000,689000,39603,-0.32,global
BMW,i4 M50,Firehjul,Elektrisk,2022,231,489990,54000,469000,516172,36888,-0.708,lokal
BMW,i4 M50,Firehjul,Elektrisk,2023,401,502343,47650,479000,529990,39427,-0.882,lokal
BMW,i4 M50,Firehjul,Elektrisk,2024,133,547343,30000,529000,569000,60112,-0.741,lokal
BMW,i4 M50,Firehjul,Elektrisk,2025,231,599500,13400,579000,639450,61092,-1.65,lokal
BMW,i4 M50,Firehjul,Elektrisk,2026,10,654000,375,639200,666725,29362,-0.32,global
BMW,i5,Firehjul,Elektrisk,2024,23,759000,15800,719000,792000,77223,1.803,lokal
BMW,i5,Tohjul,Elektrisk,2024,21,648900,16000,599000,658500,35218,-0.844,lokal
BMW,i5,Firehjul,Elektrisk,2025,165,789000,13600,769000,799343,56593,-0.187,lokal
BMW,i5,Tohjul,Elektrisk,2025,26,669000,13100,659000,686500,24392,-0.877,lokal
BMW,i5,Firehjul,Elektrisk,2026,28,849000,7050,799000,851475,42699,-0.32,global
BMW,i5 M60,Firehjul,Elektrisk,2024,40,849400,16900,823500,876000,37527,-1.28,lokal
BMW,i5 M60,Firehjul,Elektrisk,2025,16,934450,23412,925257,951086,31982,-2.377,lokal
BMW,i7,Firehjul,Elektrisk,2023,30,1034400,35600,998250,1087175,67252,-1.699,lokal
BMW,i7,Firehjul,Elektrisk,2025,5,1599000,13800,1599000,1599000,44274,-0.32,global
BMW,i8,Firehjul,Hybrid,2015,15,589900,81000,569450,664900,63498,-2.133,lokal
BMW,i8,Firehjul,Hybrid,2017,6,679217,83600,633925,679784,44798,-0.32,global
BMW,i8,Firehjul,Hybrid,2019,20,779900,58000,769675,851200,90472,-3.989,lokal
BMW,i8,Firehjul,Plug-in hybrid,2019,6,834000,47750,769000,921500,94333,-0.32,global
BMW,iX,Firehjul,Elektrisk,2021,16,449000,79850,419326,485034,67663,-0.32,global
BMW,iX,Firehjul,Elektrisk,2022,938,537922,66700,471125,629000,90191,0.277,lokal
BMW,iX,Firehjul,Elektrisk,2023,595,599000,53380,548000,689900,95050,-0.054,lokal
BMW,iX,Firehjul,Elektrisk,2024,77,778900,27000,699000,799000,104214,-1.378,lokal
BMW,iX,Firehjul,Elektrisk,2025,54,909000,12000,820500,999675,145174,-6.476,lokal
BMW,iX,Firehjul,Elektrisk,2026,178,995000,9950,949000,1029000,74083,-0.32,global
BMW,iX M60,Firehjul,Elektrisk,2022,13,747343,67000,735000,779000,40554,-0.32,global
BMW,iX M60,Firehjul,Elektrisk,2023,26,783622,39125,769225,799675,41623,-0.885,lokal
BMW,iX xDrive 40,Firehjul,Elektrisk,2021,5,524434,37653,519990,539990,20313,-0.32,global
BMW,iX xDrive 40,Firehjul,Elektrisk,2022,228,495000,62700,459900,529000,48535,-1.051,lokal
BMW,iX xDrive 40,Firehjul,Elektrisk,2023,63,559990,45000,529900,598000,49818,-0.951,lokal
BMW,iX xDrive 50,Firehjul,Elektrisk,2022,144,649000,69750,599000,679900,61190,-1.543,lokal
BMW,iX xDrive 50,Firehjul,Elektrisk,2023,67,699900,50900,658172,739000,68694,-1.578,lokal
BMW,iX xDrive 50,Firehjul,Elektrisk,2024,20,799000,31500,759990,829000,37732,-1.543,lokal
BMW,iX xDrive 50,Firehjul,Elektrisk,2025,11,868900,10200,854495,874000,22580,-0.32,global
BMW,iX1,Firehjul,Elektrisk,2022,15,429000,54000,418548,449450,23117,-0.32,global
BMW,iX1,Firehjul,Elektrisk,2023,209,459000,41000,439343,478500,27272,-0.439,lokal
BMW,iX1,Firehjul,Elektrisk,2024,90,499000,19000,489000,519000,35288,-0.599,lokal
BMW,iX1,Tohjul,Elektrisk,2024,21,455555,12000,438500,465000,23425,-0.32,global
BMW,iX1,Firehjul,Elektrisk,2025,223,539000,10100,519000,569000,39527,-0.32,global
BMW,iX1,Firehjul,Elektrisk,2026,42,554000,4106,539000,606500,53462,-0.32,global
BMW,iX2,Firehjul,Elektrisk,2024,55,519000,18900,489000,537000,33593,-0.247,lokal
BMW,iX2,Firehjul,Elektrisk,2025,170,559000,10000,538900,589000,32559,-0.32,global
BMW,iX2,Firehjul,Elektrisk,2026,20,579000,5000,559000,591250,25726,-0.32,global
BMW,iX3,Tohjul,Elektrisk,2021,335,329990,78000,309000,359000,33774,-0.64,lokal
BMW,iX3,Tohjul,Elektrisk,2022,439,429900,49000,409000,449000,32192,-0.755,lokal
BMW,iX3,Tohjul,Elektrisk,2023,80,479000,44350,449000,497900,38889,-1.205,lokal
BMW,iX3,Tohjul,Elektrisk,2024,58,543172,19000,518800,569000,32333,-1.131,lokal
BMW,iX3,Firehjul,Elektrisk,2026,21,899000,50,878000,918000,47600,-0.32,global
BMW,iX40,Firehjul,Elektrisk,2022,41,499000,60035,459000,519000,49737,-1.182,lokal
BYD,Atto 3,Tohjul,Elektrisk,2022,18,229900,42367,222150,239900,18177,-0.267,lokal
BYD,Atto 3,Tohjul,Elektrisk,2023,31,249900,27700,239900,267400,24296,-0.32,global
BYD,Atto 3,Tohjul,Elektrisk,2024,5,289900,30650,289000,299000,8322,-0.32,global
BYD,Atto3,Tohjul,Elektrisk,2022,172,269000,36848,249900,289900,26985,-0.612,lokal
BYD,Atto3,Tohjul,Elektrisk,2023,110,279000,27000,259900,313650,34582,-1.091,lokal
BYD,Atto3,Tohjul,Elektrisk,2024,28,319450,27558,299900,331150,20258,-0.32,global
BYD,Dolphin,Tohjul,Elektrisk,2023,8,294450,9540,289675,311500,13923,-0.32,global
BYD,Dolphin,Tohjul,Elektrisk,2024,35,299000,16000,289000,299000,13017,-0.245,lokal
BYD,Dolphin,Tohjul,Elektrisk,2025,35,319000,148,299900,325800,24550,-0.32,global
BYD,Dolphin,Tohjul,Elektrisk,2026,5,339900,2500,319900,349000,151159,-0.32,global
BYD,Han,Firehjul,Elektrisk,2022,105,369900,41500,349900,389900,38293,-0.664,lokal
BYD,Han,Firehjul,Elektrisk,2023,58,399000,26566,379925,419968,67191,-0.338,lokal
BYD,Han,Firehjul,Elektrisk,2024,20,419000,22500,388000,439225,71023,-1.018,lokal
BYD,Seal,Firehjul,Elektrisk,2024,65,459000,14576,449000,479000,21998,-0.593,lokal
BYD,Seal,Firehjul,Elektrisk,2025,36,494850,3800,483350,499900,21808,-0.076,lokal
BYD,Seal U,Tohjul,Elektrisk,2024,45,399900,15700,382343,409900,30904,-0.283,lokal
BYD,Seal U,Tohjul,Elektrisk,2025,35,419900,6500,409300,439000,24482,-0.039,lokal
BYD,Sealion 7,Firehjul,Elektrisk,2024,23,489000,20445,479556,499000,15570,-0.062,lokal
BYD,Sealion 7,Firehjul,Elektrisk,2025,99,499000,5000,489622,516950,21028,-0.065,lokal
BYD,Sealion 7,Firehjul,Elektrisk,2026,10,506202,1348,488005,513225,159227,-0.32,global
BYD,T3,Tohjul,Elektrisk,2020,9,130000,27900,121553,139000,17287,-0.32,global
BYD,T3,Tohjul,Elektrisk,2021,15,149000,30600,129900,154450,26088,-0.32,global
BYD,T3,Tohjul,Elektrisk,2022,40,159900,31398,149000,178500,29373,-0.447,lokal
BYD,T3,Tohjul,Elektrisk,2023,15,179000,37574,169000,209900,34941,-0.32,global
BYD,T3,Tohjul,Elektrisk,2024,17,199000,7978,189000,229000,29061,-0.32,global
BYD,T3,Tohjul,Elektrisk,2025,11,259000,100,234000,269400,27743,-0.32,global
BYD,Tang,Firehjul,Elektrisk,2021,246,379000,76689,359000,399000,36562,-0.727,lokal
BYD,Tang,Firehjul,Elektrisk,2022,283,409900,64600,388500,439000,45453,-0.713,lokal
BYD,Tang,Firehjul,Elektrisk,2023,86,519000,32950,497757,539000,32742,-0.525,lokal
BYD,Tang,Firehjul,Elektrisk,2024,50,569000,18510,549000,678000,76932,-1.47,lokal
BYD,Tang,Firehjul,Elektrisk,2025,32,717200,4100,695750,726500,37247,-1.506,lokal
Bentley,Bentayga,Firehjul,Hybrid,2020,9,1499000,69200,1449000,1499000,73958,-0.32,global
Bentley,Continental GT,Firehjul,Bensin,2004,5,560000,91000,479000,599800,121175,-0.32,global
Bentley,Continental GT,Tohjul,Bensin,2004,5,449000,90100,439000,475000,19473,-0.32,global
Bentley,Continental GT,Firehjul,Bensin,2010,7,698000,64500,659450,819450,160158,-0.32,global
Bentley,Continental GT,Firehjul,Bensin,2015,14,1149000,90000,1099000,1179000,45011,-0.32,global
Bentley,Continental GTC,Firehjul,Bensin,2007,22,594000,115000,559000,629000,66337,-4.713,lokal
Bentley,Flying Spur,Firehjul,Hybrid,2023,5,2899000,15500,2849000,2949000,76264,-0.32,global
Buick,Andre,Tohjul,Bensin,0,5,249000,0,189000,265000,87734,-0.32,global
Cadillac,Deville,Tohjul,Bensin,1963,5,320000,19197,320000,320000,9391,-0.32,global
Cadillac,Deville,Tohjul,Bensin,1966,5,149900,100000,116999,150000,170071,-0.32,global
Cadillac,Deville,Tohjul,Bensin,1969,5,149995,43770,145000,191800,53615,-0.32,global
Cadillac,Eldorado,Tohjul,Bensin,1978,5,119000,79178,110000,169000,41038,-0.32,global
Cadillac,Escalade,Firehjul,Diesel,2023,9,2390000,28500,1950000,2390000,238979,-0.32,global
Changan,Deepal S05,Firehjul,Elektrisk,2026,8,432000,30,409425,448900,25549,-0.32,global
Changan,Deepal S05,Tohjul,Elektrisk,2026,5,449000,19,448900,449000,55,-0.32,global
Changan,Deepal S07,Tohjul,Elektrisk,2025,5,396343,4000,395000,409000,8693,-0.32,global
Chevrolet,Avalanche,Firehjul,Bensin,2003,13,81296,208000,69268,99900,31730,-0.32,global
Chevrolet,Aveo,Tohjul,Bensin,2013,8,41421,129550,32150,49000,14489,-0.32,global
Chevrolet,Bel Air,Tohjul,Bensin,1955,8,515000,34078,388750,587500,210084,-0.32,global
Chevrolet,Bel Air,Tohjul,Bensin,1957,11,365000,116386,314512,543400,286935,-0.32,global
Chevrolet,Bolt,Tohjul,Elektrisk,2017,13,139900,68700,129532,149990,23371,-0.32,global
Chevrolet,C-10,Tohjul,Bensin,1966,5,359000,23600,319000,369000,47522,-0.32,global
Chevrolet,Camaro,Tohjul,Bensin,1969,5,599000,47040,369000,648000,154576,-0.32,global
Chevrolet,Camaro,Tohjul,Bensin,1999,5,179000,99999,136942,209000,36141,-0.32,global
Chevrolet,Camaro,Tohjul,Bensin,2009,11,329942,164164,329900,425900,73828,-0.32,global
Chevrolet,Camaro,Tohjul,Bensin,2010,37,429942,73000,399000,466942,76699,-0.837,lokal
Chevrolet,Camaro,Tohjul,Bensin,2011,24,493450,40624,443475,601725,91268,-2.119,lokal
Chevrolet,Camaro,Tohjul,Bensin,2012,14,669450,32318,559000,731225,129828,-0.32,global
Chevrolet,Camaro,Tohjul,Bensin,2013,5,786942,37660,749000,799000,58955,-0.32,global
Chevrolet,Camaro,Tohjul,Bensin,2014,6,839000,39750,656500,849000,185387,-0.32,global
Chevrolet,Camaro,Tohjul,Bensin,2017,5,899000,20957,854434,924147,191021,-0.32,global
Chevrolet,Captiva,Firehjul,Diesel,2007,21,31942,241000,25000,44900,15370,-0.04,lokal
Chevrolet,Captiva,Firehjul,Diesel,2008,10,50945,205000,42360,59218,18945,-0.32,global
Chevrolet,Captiva,Firehjul,Diesel,2012,5,129000,187000,99990,129000,31512,-0.32,global
Chevrolet,Chevelle,Tohjul,Bensin,1967,5,390000,80000,217900,449000,185885,-0.32,global
Chevrolet,Colorado,Firehjul,Bensin,2005,5,96268,222500,76268,99268,17099,-0.32,global
Chevrolet,Colorado,Firehjul,Bensin,2025,16,1099450,150,1089000,1239000,119924,-0.32,global
Chevrolet,Corvette,Tohjul,Bensin,1974,11,201900,89000,161950,219450,59139,-0.32,global
Chevrolet,Corvette,Tohjul,Bensin,1975,7,251900,31750,232922,266872,55836,-0.32,global
Chevrolet,Corvette,Tohjul,Bensin,1977,5,76942,125000,69000,80649,19240,-0.32,global
Chevrolet,Corvette,Tohjul,Bensin,1978,12,150450,78679,136900,197175,46187,-0.32,global
Chevrolet,Corvette,Tohjul,Bensin,1979,6,156000,51162,116925,198750,59530,-0.32,global
Chevrolet,Corvette,Tohjul,Bensin,1980,6,154450,108952,146000,178725,35158,-0.32,global
Chevrolet,Corvette,Tohjul,Bensin,1981,8,252000,82750,136486,359725,126268,-0.32,global
Chevrolet,Corvette,Tohjul,Bensin,1984,10,122450,80926,89400,131619,46156,-0.32,global
Chevrolet,Corvette,Tohjul,Bensin,1986,13,126900,120000,111900,155000,32552,-0.32,global
Chevrolet,Corvette,Tohjul,Bensin,1987,8,116400,107500,95192,144000,36572,-0.32,global
Chevrolet,Corvette,Tohjul,Bensin,1997,6,260471,129294,250442,269000,13639,-0.32,global
Chevrolet,Corvette,Tohjul,Bensin,1998,17,259000,142000,230900,269900,33020,-0.255,lokal
Chevrolet,Corvette,Tohjul,Bensin,1999,15,276845,97000,249450,297971,38951,-0.32,global
Chevrolet,Corvette,Tohjul,Bensin,2000,13,299900,84700,279000,299900,20296,-0.32,global
Chevrolet,Corvette,Tohjul,Bensin,2001,8,334500,85150,302225,351725,52419,-0.32,global
Chevrolet,Corvette,Tohjul,Bensin,2005,24,416921,84600,365650,441999,58603,-0.438,lokal
Chevrolet,Corvette,Tohjul,Bensin,2006,14,517900,54170,390182,647242,152556,-0.32,global
Chevrolet,Corvette,Tohjul,Bensin,2007,10,437971,75172,429400,531986,123909,-0.32,global
Chevrolet,Corvette,Tohjul,Bensin,2010,7,619900,56980,597400,630921,258036,-0.32,global
Chevrolet,Corvette,Tohjul,Bensin,2014,12,729000,58250,696100,744000,71514,-0.32,global
Chevrolet,Corvette,Tohjul,Bensin,2015,15,1250000,26500,1212450,1324450,162073,-1.496,lokal
Chevrolet,Corvette,Tohjul,Bensin,2020,12,1724450,25200,1589750,1749925,140263,-0.32,global
Chevrolet,Corvette,Tohjul,Bensin,2023,5,1850000,11000,1850000,1990000,126563,-0.32,global
Chevrolet,Impala,Tohjul,Bensin,1959,5,300000,100000,295000,499999,236488,-0.32,global
Chevrolet,Impala,Tohjul,Bensin,1965,5,351900,112367,325000,379000,55229,-0.32,global
Chevrolet,Silverado,Firehjul,Bensin,2013,8,334584,187031,296574,377115,79773,-0.32,global
Chevrolet,Silverado,Firehjul,Bensin,2015,6,422982,161500,399000,449241,43306,-0.32,global
Chevrolet,Silverado,Firehjul,Bensin,2016,8,433233,159000,407490,479912,69313,-0.32,global
Chevrolet,Silverado,Firehjul,Bensin,2017,10,541536,131600,502400,587138,72728,-0.32,global
Chevrolet,Silverado,Firehjul,Bensin,2018,17,601552,110000,549553,619900,52324,-1.262,lokal
Chevrolet,Silverado,Firehjul,Bensin,2019,6,699776,56850,650131,764675,77757,-0.32,global
Chevrolet,Silverado,Firehjul,Bensin,2022,7,949000,35000,889450,949000,94227,-0.32,global
Chevrolet,Silverado,Firehjul,Bensin,2023,5,1249990,100,998900,1249990,178733,-0.32,global
Chevrolet,Silverado,Firehjul,Diesel,1996,5,91900,282300,71296,101168,50906,-0.32,global
Chevrolet,Silverado,Firehjul,Diesel,1997,8,98768,307000,80990,121749,64117,-0.32,global
Chevrolet,Silverado,Firehjul,Diesel,1998,9,116942,321000,100000,126268,27442,-0.32,global
Chevrolet,Silverado,Firehjul,Diesel,1999,5,86268,264000,76296,151296,56220,-0.32,global
Chevrolet,Silverado,Firehjul,Diesel,2000,8,97768,233124,75524,103926,30011,-0.32,global
Chevrolet,Silverado,Firehjul,Diesel,2002,17,166268,348442,100942,216296,71239,-0.32,global
Chevrolet,Silverado,Firehjul,Diesel,2003,24,236900,285000,176749,296250,75848,-0.586,lokal
Chevrolet,Silverado,Firehjul,Diesel,2004,18,198900,307000,123160,249249,111611,-0.552,lokal
Chevrolet,Silverado,Firehjul,Diesel,2005,8,237796,270000,206268,285701,51112,-0.32,global
Chevrolet,Silverado,Firehjul,Diesel,2017,6,799900,131353,792400,799900,20360,-0.32,global
Chevrolet,Silverado,Firehjul,Diesel,2018,5,750000,114500,745000,779000,45955,-0.32,global
Chevrolet,Silverado,Firehjul,Diesel,2020,20,714900,102900,695975,749250,191596,-0.855,lokal
Chevrolet,Silverado,Firehjul,Diesel,2021,16,759590,102210,699000,779000,77576,-1.006,lokal
Chevrolet,Silverado,Firehjul,Diesel,2022,18,863226,61000,834675,1056750,115529,-4.375,lokal
Chevrolet,Silverado,Firehjul,Diesel,2023,20,1050000,30590,1049000,1162250,257488,-5.377,lokal
Chevrolet,Silverado,Firehjul,Diesel,2024,32,1129000,18000,1049742,1190000,123692,-0.811,lokal
Chevrolet,Silverado,Firehjul,Diesel,2025,60,1389000,100,1314225,1399000,87492,-0.32,global
Chevrolet,Silverado,Firehjul,Diesel,2026,50,1399000,100,1359000,1429000,47387,-0.32,global
Chevrolet,Silverado,Firehjul,Elektrisk,2024,47,1599000,8720,1250000,1697382,264630,-6.422,lokal
Chevrolet,Spark,Tohjul,Bensin,2013,15,41900,68300,36950,47900,9942,-0.32,global
Chevrolet,Spark,Tohjul,Bensin,2014,5,49900,112000,49900,54900,2739,-0.32,global
Chevrolet,Suburban,Firehjul,Bensin,1994,6,60000,304058,19750,98750,69879,-0.32,global
Chevrolet,Suburban,Firehjul,Bensin,2001,13,149900,237000,61900,159900,74098,-0.32,global
Chevrolet,Suburban,Firehjul,Bensin,2002,5,71900,268000,51900,71900,21782,-0.32,global
Chevrolet,Suburban,Firehjul,Bensin,2003,7,146900,221000,70450,160371,62406,-0.32,global
Chevrolet,Suburban,Firehjul,Bensin,2007,10,254950,270969,155692,313706,90684,-0.32,global
Chevrolet,Suburban,Firehjul,Bensin,2010,6,394850,169800,374900,399800,17481,-0.32,global
Chevrolet,Suburban,Firehjul,Bensin,2018,8,739717,111000,615649,773708,129668,-0.32,global
Chevrolet,Suburban,Firehjul,Diesel,1994,5,56900,324000,45000,65000,17512,-0.32,global
Chevrolet,Suburban,Firehjul,Diesel,1995,6,58450,324209,41100,70206,19791,-0.32,global
Chevrolet,Suburban,Firehjul,Diesel,1996,12,50550,356350,40682,58400,14003,-0.32,global
Chevrolet,Suburban,Firehjul,Diesel,1999,20,62084,302734,46942,83160,32577,-0.33,lokal
Chevrolet,Tahoe,Firehjul,Bensin,2000,11,69000,281700,59935,80471,24026,-0.32,global
Chevrolet,Tahoe,Firehjul,Bensin,2001,47,56900,247811,34421,95450,42317,-0.182,lokal
Chevrolet,Tahoe,Firehjul,Bensin,2002,42,55921,291250,39682,74160,44502,-0.259,lokal
Chevrolet,Tahoe,Firehjul,Bensin,2003,31,78900,256000,48421,124221,57377,-0.087,lokal
Chevrolet,Tahoe,Firehjul,Bensin,2004,34,63900,258000,38182,79750,46724,-0.278,lokal
Chevrolet,Tahoe,Firehjul,Bensin,2005,16,82634,251300,56410,125317,37714,-0.32,global
Chevrolet,Tahoe,Firehjul,Bensin,2006,7,129000,218000,78442,159950,50847,-0.32,global
Chevrolet,Tahoe,Firehjul,Bensin,2008,11,179800,254000,146921,214500,69411,-0.32,global
Chevrolet,Tahoe,Firehjul,Bensin,2012,5,359900,232163,329950,359900,57352,-0.32,global
Chevrolet,Tahoe,Firehjul,Bensin,2014,7,239900,218590,225710,273210,67047,-0.32,global
Chevrolet,Tahoe,Firehjul,Bensin,2015,14,554900,109500,534900,706725,120737,-0.32,global
Chevrolet,Tahoe,Firehjul,Bensin,2016,11,429000,180376,409000,469450,51218,-0.32,global
Chevrolet,Tahoe,Firehjul,Bensin,2017,5,559000,113000,559000,569000,59607,-0.32,global
Chevrolet,Tahoe,Firehjul,Bensin,2025,6,1699000,13900,1684000,1699000,85479,-0.32,global
Chevrolet,Tahoe,Firehjul,Diesel,1997,22,54421,294097,31900,66900,30902,-0.114,lokal
Chevrolet,Tahoe,Firehjul,Diesel,1998,5,71900,333000,10268,81845,43912,-0.32,global
Chevrolet,Tahoe,Firehjul,Diesel,1999,55,66942,301000,40450,91442,36438,-0.137,lokal
Chevrolet,Trax,Firehjul,Bensin,2013,5,69900,159000,59900,75000,19388,-0.32,global
Chevrolet,Trax,Firehjul,Bensin,2014,10,44188,157785,34434,60409,23687,-0.32,global
Chevrolet,Trax,Tohjul,Bensin,2014,8,89450,87250,77934,93826,11423,-0.32,global
Chevrolet,Trax,Tohjul,Diesel,2013,6,64421,138590,59910,76475,18713,-0.32,global
Chevrolet,Ukjent,Tohjul,Bensin,0,7,199000,0,65000,275950,200072,-0.32,global
Chevrolet,Van,Tohjul,Bensin,1987,9,71900,165000,66900,77000,12617,-0.32,global
Chevrolet,Van,Tohjul,Diesel,1988,5,51900,153933,46900,85000,33194,-0.32,global
Chevrolet,Van,Tohjul,Diesel,1989,6,75450,309635,64100,81175,25151,-0.32,global
Chevrolet,Van,Tohjul,Diesel,1990,6,85000,272500,72425,95175,14363,-0.32,global
Chevrolet,Van,Tohjul,Diesel,1991,21,60000,315439,50000,80942,25366,-0.004,lokal
Chevrolet,Van,Tohjul,Diesel,1992,14,71250,256376,41425,92500,29571,-0.32,global
Chevrolet,Van,Tohjul,Diesel,1993,7,59900,250000,51584,79000,21718,-0.32,global
Chrysler,300C,Tohjul,Bensin,2005,18,81921,200496,57954,129982,58275,-0.23,lokal
Chrysler,Voyager,Tohjul,Diesel,2007,5,51942,153300,26900,69900,26874,-0.32,global
Citroen,Berlingo,Tohjul,Bensin,2004,21,14900,172833,11268,19942,7258,-0.032,lokal
Citroen,Berlingo,Tohjul,Bensin,2005,9,19900,190000,9268,26900,9253,-0.32,global
Citroen,Berlingo,Tohjul,Bensin,2007,5,29296,124000,17900,31196,17031,-0.32,global
Citroen,Berlingo,Tohjul,Bensin,2016,7,79000,117000,52260,123900,45646,-0.32,global
Citroen,Berlingo,Tohjul,Bensin,2019,6,124900,153504,104900,129900,38597,-0.32,global
Citroen,Berlingo,Tohjul,Diesel,2005,13,16268,176045,10296,23000,8193,-0.32,global
Citroen,Berlingo,Tohjul,Diesel,2006,18,20421,158823,13956,25018,8312,0.042,lokal
Citroen,Berlingo,Tohjul,Diesel,2007,32,21268,180500,9978,26975,10941,-0.066,lokal
Citroen,Berlingo,Tohjul,Diesel,2008,63,25001,208000,15634,31634,11676,-0.089,lokal
Citroen,Berlingo,Tohjul,Diesel,2009,83,29296,203000,16282,39000,14449,-0.104,lokal
Citroen,Berlingo,Tohjul,Diesel,2010,154,29796,189250,16275,39894,16312,-0.118,lokal
Citroen,Berlingo,Tohjul,Diesel,2011,134,30768,184500,25067,43296,16377,-0.14,lokal
Citroen,Berlingo,Tohjul,Diesel,2012,124,38018,189175,24992,49567,17382,-0.146,lokal
Citroen,Berlingo,Firehjul,Diesel,2013,9,61268,151842,36268,71296,24460,-0.32,global
Citroen,Berlingo,Tohjul,Diesel,2013,138,44084,164988,30143,56222,20691,-0.102,lokal
Citroen,Berlingo,Tohjul,Diesel,2014,68,50658,166788,41457,72714,23798,-0.204,lokal
Citroen,Berlingo,Firehjul,Diesel,2015,13,61520,154000,46520,68553,24034,-0.32,global
Citroen,Berlingo,Tohjul,Diesel,2015,98,59720,145105,41803,71888,23936,-0.168,lokal
Citroen,Berlingo,Firehjul,Diesel,2016,8,78860,139934,61528,104675,85545,-0.32,global
Citroen,Berlingo,Tohjul,Diesel,2016,95,70520,136000,50986,89900,30417,-0.284,lokal
Citroen,Berlingo,Firehjul,Diesel,2017,7,91520,90729,78536,119000,37338,-0.32,global
Citroen,Berlingo,Tohjul,Diesel,2017,87,79520,122025,56222,98500,30585,-0.235,lokal
Citroen,Berlingo,Tohjul,Diesel,2018,126,89900,111450,69000,111028,34024,-0.282,lokal
Citroen,Berlingo,Firehjul,Diesel,2019,10,249900,82390,67503,259900,116299,-0.32,global
Citroen,Berlingo,Tohjul,Diesel,2019,182,136536,100750,110795,159000,42847,-0.194,lokal
Citroen,Berlingo,Firehjul,Diesel,2020,26,219900,86371,212400,229900,21318,-0.09,lokal
Citroen,Berlingo,Tohjul,Diesel,2020,198,149000,88000,129000,169000,44412,-0.29,lokal
Citroen,Berlingo,Firehjul,Diesel,2021,12,209450,96410,198638,229225,53445,-0.32,global
Citroen,Berlingo,Tohjul,Diesel,2021,139,169900,75000,149000,190635,50372,-0.28,lokal
Citroen,Berlingo,Tohjul,Diesel,2022,79,209900,43200,198875,234900,35241,-0.233,lokal
Citroen,Berlingo,Tohjul,Diesel,2023,26,248950,35194,231175,267925,26022,-0.695,lokal
Citroen,Berlingo,Tohjul,Diesel,2024,76,317000,18545,299900,339000,25465,-0.32,global
Citroen,Berlingo,Tohjul,Diesel,2025,11,346500,9000,333950,369900,24804,-0.32,global
Citroen,Berlingo,Tohjul,Elektrisk,2014,5,31520,70220,19520,36000,14260,-0.32,global
Citroen,Berlingo,Tohjul,Elektrisk,2017,19,59000,81700,53226,65760,13133,-0.053,lokal
Citroen,Berlingo,Tohjul,Elektrisk,2018,13,74900,65130,69000,85000,18786,-0.32,global
Citroen,Berlingo,Tohjul,Elektrisk,2019,12,69010,52400,64138,89225,14815,-0.32,global
Citroen,Berlingo,Tohjul,Elektrisk,2020,5,89000,58507,79434,89900,14405,-0.32,global
Citroen,Berlingo,Tohjul,Elektrisk,2021,5,239000,36650,229000,269900,22073,-0.32,global
Citroen,Berlingo,Tohjul,Elektrisk,2022,30,249000,35330,239000,258975,25651,-0.517,lokal
Citroen,Berlingo,Tohjul,Elektrisk,2024,20,245900,12,245900,271500,50720,-0.32,global
Citroen,Berlingo Electrique,Tohjul,Elektrisk,2018,5,69000,55630,41553,69532,15610,-0.32,global
Citroen,C-Crosser,Firehjul,Diesel,2007,11,16942,302000,15900,23500,7612,-0.32,global
Citroen,C-Crosser,Firehjul,Diesel,2008,10,35900,195000,22942,41900,14284,-0.32,global
Citroen,C-Crosser,Firehjul,Diesel,2009,5,49900,198000,49900,66900,15363,-0.32,global
Citroen,C-Crosser,Firehjul,Diesel,2011,6,68421,185150,66910,71400,24343,-0.32,global
Citroen,C-Zero,Tohjul,Elektrisk,2011,10,15471,115090,12536,19375,4028,-0.32,global
Citroen,C-Zero,Tohjul,Elektrisk,2012,44,19900,90450,13806,26910,7513,-0.05,lokal
Citroen,C-Zero,Tohjul,Elektrisk,2013,13,19000,80000,15942,26900,7300,-0.32,global
Citroen,C-Zero,Tohjul,Elektrisk,2014,27,23166,80420,18666,27054,7913,-0.065,lokal
Citroen,C-Zero,Tohjul,Elektrisk,2015,47,28166,85000,19900,30000,7576,-0.07,lokal
Citroen,C-Zero,Tohjul,Elektrisk,2016,11,24236,75000,14736,30583,11604,-0.32,global
Citroen,C-Zero,Tohjul,Elektrisk,2017,5,38166,57231,35166,48166,9486,-0.32,global
Citroen,C-Zero,Tohjul,Elektrisk,2018,12,49916,47436,40534,54250,11179,-0.32,global
Citroen,C-Zero,Tohjul,Elektrisk,2019,8,49983,35450,47374,53042,6358,-0.32,global
Citroen,C1,Tohjul,Bensin,2006,5,40900,85700,39900,49900,13460,-0.32,global
Citroen,C1,Tohjul,Bensin,2007,7,16900,178000,14300,18400,4794,-0.32,global
Citroen,C1,Tohjul,Bensin,2009,15,29900,126000,20900,37450,11706,-0.32,global
Citroen,C1,Tohjul,Bensin,2010,43,23942,119000,15221,32921,11706,-0.109,lokal
Citroen,C1,Tohjul,Bensin,2011,29,36900,95800,22900,49000,16714,-0.272,lokal
Citroen,C1,Tohjul,Bensin,2012,32,27900,111500,21679,37432,17419,-0.198,lokal
Citroen,C1,Tohjul,Bensin,2013,5,43000,102000,39900,48000,22347,-0.32,global
Citroen,C1,Tohjul,Bensin,2014,19,64990,56000,39900,71578,19484,-0.215,lokal
Citroen,C1,Tohjul,Bensin,2015,22,48166,120000,39718,58216,14488,-0.057,lokal
Citroen,C1,Tohjul,Bensin,2016,12,59450,84716,58950,71500,10832,-0.32,global
Citroen,C3,Tohjul,Bensin,2005,6,19942,101500,17660,23692,6702,-0.32,global
Citroen,C3,Tohjul,Bensin,2010,6,30450,138600,17675,37225,17661,-0.32,global
Citroen,C3,Tohjul,Bensin,2013,15,34900,118000,25900,54471,17356,-0.32,global
Citroen,C3,Tohjul,Bensin,2014,9,39166,120502,24942,39990,12375,-0.32,global
Citroen,C3,Tohjul,Bensin,2016,10,56083,104150,41684,69724,35526,-0.32,global
Citroen,C3,Tohjul,Bensin,2017,57,88000,91900,79000,113074,23434,-0.365,lokal
Citroen,C3,Tohjul,Bensin,2018,45,118900,68100,93166,129000,25318,-0.228,lokal
Citroen,C3,Tohjul,Bensin,2019,33,129000,70000,110000,146000,21363,-0.45,lokal
Citroen,C3,Tohjul,Bensin,2020,18,125000,76500,119000,146500,16879,-0.04,lokal
Citroen,C3,Tohjul,Bensin,2021,27,179900,42019,166950,204450,24147,-1.426,lokal
Citroen,C3,Tohjul,Diesel,2007,6,23921,154500,22160,24900,5743,-0.32,global
Citroen,C3,Tohjul,Diesel,2010,41,26900,158255,19800,29942,10306,-0.053,lokal
Citroen,C3,Tohjul,Diesel,2011,32,29900,147817,21400,33925,11046,-0.091,lokal
Citroen,C3,Tohjul,Diesel,2012,25,49900,147000,36000,56900,17065,-0.162,lokal
Citroen,C3,Tohjul,Diesel,2013,8,58400,91175,45160,61175,13260,-0.32,global
Citroen,C3,Tohjul,Elektrisk,2024,9,259000,6000,254000,269900,13704,-0.32,global
Citroen,C3,Tohjul,Elektrisk,2025,6,264000,2500,252175,269000,11717,-0.32,global
Citroen,C3 Aircross,Tohjul,Bensin,2018,29,139000,90665,129000,144000,12603,0.02,lokal
Citroen,C3 Aircross,Tohjul,Bensin,2019,14,169000,44425,159900,169000,25296,-0.32,global
Citroen,C3 Aircross,Tohjul,Bensin,2020,18,189000,62070,179225,189784,14721,-0.284,lokal
Citroen,C3 Aircross,Tohjul,Bensin,2021,7,189000,120500,174900,189000,15762,-0.32,global
Citroen,C3 Picasso,Tohjul,Diesel,2009,6,21921,193850,16160,35225,13542,-0.32,global
Citroen,C3 Picasso,Tohjul,Diesel,2010,20,29150,161500,17886,36825,14923,-0.038,lokal
Citroen,C3 Picasso,Tohjul,Diesel,2011,20,29638,162500,25000,35000,9673,0.187,lokal
Citroen,C3 Picasso,Tohjul,Diesel,2012,11,39000,118218,25945,55900,19225,-0.32,global
Citroen,C3 Picasso,Tohjul,Diesel,2013,11,54900,131466,49900,77495,19444,-0.32,global
Citroen,C4,Tohjul,Bensin,2005,16,31900,177813,23682,33886,9456,0.039,lokal
Citroen,C4,Tohjul,Bensin,2007,5,19900,186500,14900,19942,5252,-0.32,global
Citroen,C4,Tohjul,Bensin,2015,14,96717,101477,89573,124225,25481,-0.858,lokal
Citroen,C4,Tohjul,Bensin,2021,19,219900,66700,187250,239000,55375,-0.923,lokal
Citroen,C4,Tohjul,Diesel,2006,8,13450,221066,10006,21650,8450,-0.32,global
Citroen,C4,Tohjul,Diesel,2007,10,25000,205650,24900,28225,5777,-0.32,global
Citroen,C4,Tohjul,Diesel,2008,9,19900,179838,15800,29900,10481,-0.32,global
Citroen,C4,Tohjul,Diesel,2009,11,36900,176890,27421,48900,13805,-0.32,global
Citroen,C4,Tohjul,Diesel,2010,20,28421,185150,16900,34650,11692,-0.16,lokal
Citroen,C4,Tohjul,Diesel,2011,47,33942,191600,25421,45921,23816,-0.083,lokal
Citroen,C4,Tohjul,Diesel,2012,38,44971,170000,35432,59400,15760,-0.205,lokal
Citroen,C4,Tohjul,Diesel,2013,13,49900,145000,36942,66900,21485,-0.32,global
Citroen,C4,Tohjul,Diesel,2014,20,59074,145750,47815,81500,23751,-0.27,lokal
Citroen,C4,Tohjul,Diesel,2015,19,79900,128956,61761,94450,26331,-0.031,lokal
Citroen,C4 Aircross,Firehjul,Diesel,2012,26,78671,167563,56942,85400,28334,-0.328,lokal
Citroen,C4 Aircross,Tohjul,Diesel,2012,7,65000,194568,45971,72250,28420,-0.32,global
Citroen,C4 Aircross,Firehjul,Diesel,2013,15,69945,159022,58471,94300,28966,-0.32,global
Citroen,C4 Aircross,Tohjul,Diesel,2013,12,59900,185000,52900,67425,12149,-0.32,global
Citroen,C4 Aircross,Firehjul,Diesel,2014,16,77000,187000,55182,93718,28561,-0.321,lokal
Citroen,C4 Cactus,Tohjul,Bensin,2014,40,69450,119200,51432,79990,18979,0.085,lokal
Citroen,C4 Cactus,Tohjul,Bensin,2015,35,67166,109400,59000,79000,19974,-0.184,lokal
Citroen,C4 Cactus,Tohjul,Bensin,2016,51,79000,97431,63416,94083,20012,-0.448,lokal
Citroen,C4 Cactus,Tohjul,Bensin,2017,62,109000,86200,79225,119974,28633,-0.355,lokal
Citroen,C4 Cactus,Tohjul,Bensin,2018,26,134083,81543,119600,147850,19493,0.452,lokal
Citroen,C4 Cactus,Tohjul,Bensin,2019,35,139900,85150,126785,159000,22267,-0.686,lokal
Citroen,C4 Cactus,Tohjul,Bensin,2020,16,189000,51318,169952,198900,24470,-0.688,lokal
Citroen,C4 Cactus,Tohjul,Diesel,2014,29,79000,129000,64900,99000,20461,-0.387,lokal
Citroen,C4 Cactus,Tohjul,Diesel,2015,42,92495,140471,69000,99974,31659,-0.481,lokal
Citroen,C4 Cactus,Tohjul,Diesel,2016,24,97083,118912,84484,100484,19248,-0.093,lokal
Citroen,C4 Picasso,Tohjul,Bensin,2016,9,129999,103000,99000,159900,35504,-0.32,global
Citroen,C4 Picasso,Tohjul,Bensin,2017,23,129500,130700,109450,134495,18267,-0.21,lokal
Citroen,C4 Picasso,Tohjul,Bensin,2018,16,149438,111700,139371,159649,21800,-0.32,global
Citroen,C4 Picasso,Tohjul,Diesel,2007,13,21942,177000,11942,39900,13980,-0.32,global
Citroen,C4 Picasso,Tohjul,Diesel,2008,10,36872,216548,28225,39675,11926,-0.32,global
Citroen,C4 Picasso,Tohjul,Diesel,2011,6,39450,157908,29900,49675,12947,-0.32,global
Citroen,C4 Picasso,Tohjul,Diesel,2013,16,69999,175950,57236,90250,29945,-0.283,lokal
Citroen,C4 Picasso,Tohjul,Diesel,2014,39,89000,183000,69000,89999,23754,-0.104,lokal
Citroen,C4 Picasso,Tohjul,Diesel,2015,20,114450,159900,87975,129000,26443,-0.314,lokal
Citroen,C4 Picasso,Tohjul,Diesel,2016,12,112200,137725,93650,119925,23997,-0.32,global
Citroen,C5,Tohjul,Bensin,2002,6,14921,209226,8182,63736,35845,-0.32,global
Citroen,C5,Tohjul,Bensin,2004,5,16900,165000,9900,17900,22399,-0.32,global
Citroen,C5,Tohjul,Diesel,2004,9,10900,254000,9942,11942,6986,-0.32,global
Citroen,C5,Tohjul,Diesel,2007,11,21942,181000,11442,31921,12434,-0.32,global
Citroen,C5,Tohjul,Diesel,2008,25,28000,203000,19442,44900,19297,-0.11,lokal
Citroen,C5,Tohjul,Diesel,2009,29,27942,189000,16400,46900,18698,-0.181,lokal
Citroen,C5,Tohjul,Diesel,2010,32,24421,211000,19650,36900,22735,-0.06,lokal
Citroen,C5,Tohjul,Diesel,2011,40,39900,208500,29000,49225,33921,-0.062,lokal
Citroen,C5,Tohjul,Diesel,2012,16,49921,157500,38442,69925,28513,-0.32,global
Citroen,C5,Tohjul,Diesel,2013,7,96900,160092,80900,104450,18748,-0.32,global
Citroen,C5,Tohjul,Diesel,2014,6,57167,196808,43608,111725,45617,-0.32,global
Citroen,C5 Aircross,Tohjul,Bensin,2019,12,204000,98500,198000,222175,20379,-0.32,global
Citroen,C5 Aircross,Tohjul,Diesel,2019,32,226266,84620,189000,239225,35840,-0.273,lokal
Citroen,C5 Aircross,Tohjul,Diesel,2020,34,234450,73625,210826,258500,29747,-0.347,lokal
Citroen,C5 Aircross,Tohjul,Diesel,2021,5,269000,73000,249999,269900,24351,-0.32,global
Citroen,C5 Aircross,Tohjul,Hybrid,2020,8,249850,64775,237100,262050,22625,-0.32,global
Citroen,C5 Aircross,Tohjul,Hybrid,2021,22,236450,78000,205434,279675,39179,-1.126,lokal
Citroen,C5 Aircross,Tohjul,Hybrid,2022,22,314450,68500,289999,370375,41873,-1.287,lokal
Citroen,C5 Aircross,Tohjul,Plug-in hybrid,2020,22,249900,63900,239000,259000,19785,-0.26,lokal
Citroen,C5 Aircross,Tohjul,Plug-in hybrid,2021,84,259000,58050,239000,279000,27567,-0.458,lokal
Citroen,C5 Aircross,Tohjul,Plug-in hybrid,2022,71,319000,48000,289450,336950,31806,-0.971,lokal
Citroen,C5 Aircross,Tohjul,Plug-in hybrid,2023,11,359900,5800,343950,374400,17869,-0.32,global
Citroen,C5 X,Tohjul,Hybrid,2023,5,369800,34000,358800,379999,31143,-0.32,global
Citroen,C5 X,Tohjul,Plug-in hybrid,2022,16,309950,48500,298675,342400,32756,-0.32,global
Citroen,C5 X,Tohjul,Plug-in hybrid,2023,48,349000,38150,329000,374250,25450,-0.93,lokal
Citroen,C5 X,Tohjul,Plug-in hybrid,2024,5,384900,34500,384900,419900,26599,-0.32,global
Citroen,DS3,Tohjul,Bensin,2011,5,48000,110000,38000,59000,20614,-0.32,global
Citroen,DS3,Tohjul,Bensin,2012,9,99000,125000,81900,126942,29888,-0.32,global
Citroen,DS3,Tohjul,Bensin,2013,14,59945,122250,40975,68675,23216,-0.32,global
Citroen,DS3,Tohjul,Bensin,2014,6,71054,73500,61792,75660,19594,-0.32,global
Citroen,DS3,Tohjul,Diesel,2010,6,26900,201412,14432,39432,19857,-0.32,global
Citroen,DS3,Tohjul,Diesel,2011,38,39995,133550,31218,54986,18692,-0.187,lokal
Citroen,DS3,Tohjul,Diesel,2012,21,44000,153000,25600,49900,20059,-0.277,lokal
Citroen,DS3,Tohjul,Diesel,2013,29,69999,111252,48900,89000,23869,-0.174,lokal
Citroen,DS3,Tohjul,Diesel,2014,10,55971,153000,43124,69999,23144,-0.32,global
Citroen,DS3,Tohjul,Diesel,2015,5,69000,119000,46236,73166,20445,-0.32,global
Citroen,DS4,Tohjul,Diesel,2011,16,56200,150850,42910,73172,22678,-0.247,lokal
Citroen,DS4,Tohjul,Diesel,2012,28,79250,145068,59000,81724,20772,-0.046,lokal
Citroen,DS4,Tohjul,Diesel,2013,10,72700,151600,68625,78100,7702,-0.32,global
Citroen,DS5,Tohjul,Diesel,2012,53,95000,169000,75990,99999,23833,-0.092,lokal
Citroen,DS5,Tohjul,Diesel,2013,17,70000,194000,64900,79900,18509,-0.32,global
Citroen,DS5,Tohjul,Diesel,2014,8,79421,168830,57536,101175,40377,-0.32,global
Citroen,E-C3,Tohjul,Elektrisk,2024,12,257450,4350,249425,269000,11995,-0.32,global
Citroen,E-C3,Tohjul,Elektrisk,2025,53,259900,6000,249000,275000,18699,-0.32,global
Citroen,E-C4,Tohjul,Elektrisk,2021,270,179000,53900,168000,189000,16732,-0.229,lokal
Citroen,E-C4,Tohjul,Elektrisk,2022,354,209000,42000,199000,219000,19182,-0.294,lokal
Citroen,E-C4,Tohjul,Elektrisk,2023,160,235000,33137,228975,241175,20616,-0.439,lokal
Citroen,E-C4,Tohjul,Elektrisk,2024,46,298950,10800,289000,306650,18372,-0.32,global
Citroen,E-C4,Tohjul,Elektrisk,2025,33,349000,6500,339800,359000,14748,-0.32,global
Citroen,E-C4 X,Tohjul,Elektrisk,2023,54,249000,27792,239000,267600,18241,-0.596,lokal
Citroen,E-C4 X,Tohjul,Elektrisk,2024,40,297000,10990,269000,309000,25205,-0.407,lokal
Citroen,E-C4 X,Tohjul,Elektrisk,2025,5,329900,13000,329900,349900,18202,-0.32,global
Citroen,E-Jumpy,Tohjul,Elektrisk,2021,26,173950,73000,159138,198000,25092,-0.306,lokal
Citroen,E-Jumpy,Tohjul,Elektrisk,2022,6,212450,36104,205900,226500,14944,-0.32,global
Citroen,E-Jumpy,Tohjul,Elektrisk,2023,6,359400,19000,329000,374800,33205,-0.32,global
Citroen,Grand C4 Picasso,Tohjul,Bensin,2014,5,39000,171000,35000,49000,9638,-0.32,global
Citroen,Grand C4 Picasso,Tohjul,Bensin,2015,7,139999,118000,134434,144999,22651,-0.32,global
Citroen,Grand C4 Picasso,Tohjul,Bensin,2016,14,124500,122800,79326,146674,42550,-0.32,global
Citroen,Grand C4 Picasso,Tohjul,Bensin,2017,49,139000,111417,115000,149900,32234,-0.364,lokal
Citroen,Grand C4 Picasso,Tohjul,Bensin,2018,22,149000,120000,140633,157458,15556,-0.023,lokal
Citroen,Grand C4 Picasso,Tohjul,Diesel,2007,9,19999,191000,13052,29942,9760,-0.32,global
Citroen,Grand C4 Picasso,Tohjul,Diesel,2008,6,18421,167950,13150,21442,8390,-0.32,global
Citroen,Grand C4 Picasso,Tohjul,Diesel,2009,9,31900,215000,25000,35000,14625,-0.32,global
Citroen,Grand C4 Picasso,Tohjul,Diesel,2010,25,28000,183809,23900,36942,13595,-0.047,lokal
Citroen,Grand C4 Picasso,Tohjul,Diesel,2011,27,36942,181373,25921,50650,17394,-0.122,lokal
Citroen,Grand C4 Picasso,Tohjul,Diesel,2012,11,39999,182500,28421,48400,17339,-0.32,global
Citroen,Grand C4 Picasso,Tohjul,Diesel,2013,12,44400,173030,31900,56400,25435,-0.32,global
Citroen,Grand C4 Picasso,Tohjul,Diesel,2014,47,73434,164000,49188,89434,28018,-0.31,lokal
Citroen,Grand C4 Picasso,Tohjul,Diesel,2015,25,79900,159608,64900,89999,23170,-0.095,lokal
Citroen,Grand C4 Picasso,Tohjul,Diesel,2016,37,129900,113950,114434,164434,35318,-0.977,lokal
Citroen,Grand C4 Picasso,Tohjul,Diesel,2017,16,122000,164500,85108,139608,35786,-0.32,global
Citroen,Grand C4 Spacetourer,Tohjul,Bensin,2019,25,189900,92000,179900,199900,31083,-0.32,global
Citroen,Grand C4 Spacetourer,Tohjul,Diesel,2019,13,218500,103495,189900,224434,27060,-0.32,global
Citroen,Grand C4 Spacetourer,Tohjul,Diesel,2020,15,239900,69200,224450,254667,24729,-0.32,global
Citroen,Grand C4 Spacetourer,Tohjul,Diesel,2021,15,249000,88200,199000,274895,40203,-0.32,global
Citroen,Jumper,Tohjul,Diesel,2006,7,47268,254913,26296,58132,23726,-0.32,global
Citroen,Jumper,Tohjul,Diesel,2010,5,50268,207000,31268,76268,64537,-0.32,global
Citroen,Jumper,Tohjul,Diesel,2013,7,119000,121150,36282,295000,133128,-0.32,global
Citroen,Jumper,Tohjul,Diesel,2014,8,84648,206402,74964,125305,41289,-0.32,global
Citroen,Jumper,Tohjul,Diesel,2015,8,115626,193548,75278,142140,49104,-0.32,global
Citroen,Jumper,Tohjul,Diesel,2016,13,169990,176409,149900,239000,114570,-0.32,global
Citroen,Jumper,Tohjul,Diesel,2017,6,141520,127450,130045,164630,37426,-0.32,global
Citroen,Jumper,Tohjul,Diesel,2018,9,149970,118000,86553,198000,65121,-0.32,global
Citroen,Jumper,Tohjul,Diesel,2020,6,264450,85459,177249,329900,98232,-0.32,global
Citroen,Jumper,Tohjul,Diesel,2023,13,449900,20000,364406,499000,92940,-0.32,global
Citroen,Jumpy,Tohjul,Diesel,2007,20,26282,199788,17018,36768,10857,-0.111,lokal
Citroen,Jumpy,Tohjul,Diesel,2008,11,39296,219000,25368,45768,18504,-0.32,global
Citroen,Jumpy,Tohjul,Diesel,2010,9,31268,175000,24268,49280,22024,-0.32,global
Citroen,Jumpy,Tohjul,Diesel,2011,18,38032,168000,30291,46268,13046,-0.145,lokal
Citroen,Jumpy,Tohjul,Diesel,2012,16,34084,199328,26289,41268,11386,-0.32,global
Citroen,Jumpy,Tohjul,Diesel,2013,12,39500,167000,24775,50242,15019,-0.32,global
Citroen,Jumpy,Firehjul,Diesel,2014,6,82760,136400,64122,111500,34902,-0.32,global
Citroen,Jumpy,Tohjul,Diesel,2014,23,78268,124470,44410,102494,32788,-0.44,lokal
Citroen,Jumpy,Tohjul,Diesel,2015,13,59900,149566,51520,69500,18342,-0.32,global
Citroen,Jumpy,Tohjul,Diesel,2016,25,76553,141000,51520,86520,29849,0.019,lokal
Citroen,Jumpy,Tohjul,Diesel,2017,71,111520,140000,87536,133526,50149,-0.062,lokal
Citroen,Jumpy,Firehjul,Diesel,2018,12,152455,170488,136545,169225,30935,-0.32,global
Citroen,Jumpy,Tohjul,Diesel,2018,59,126520,139600,80553,155710,55614,-0.469,lokal
Citroen,Jumpy,Firehjul,Diesel,2019,9,229000,99394,196476,289900,54079,-0.32,global
Citroen,Jumpy,Tohjul,Diesel,2019,32,141260,117900,115270,159630,58645,-0.051,lokal
Citroen,Jumpy,Firehjul,Diesel,2020,9,210000,90173,189900,246520,46055,-0.32,global
Citroen,Jumpy,Tohjul,Diesel,2020,73,199000,94850,171520,215000,38677,-0.069,lokal
Citroen,Jumpy,Firehjul,Diesel,2021,13,289000,75735,249900,299000,36228,-0.32,global
Citroen,Jumpy,Tohjul,Diesel,2021,34,219900,72394,199000,239000,41577,-0.36,lokal
Citroen,Jumpy,Firehjul,Diesel,2022,9,379000,47816,375000,379000,12252,-0.32,global
Citroen,Jumpy,Tohjul,Diesel,2022,48,275726,48450,259000,289922,43707,-0.741,lokal
Citroen,Jumpy,Tohjul,Diesel,2023,23,329900,31982,292503,349900,59585,1.44,lokal
Citroen,Jumpy,Tohjul,Diesel,2024,44,444000,13861,399000,471500,53815,-1.439,lokal
Citroen,Jumpy,Tohjul,Diesel,2025,11,499000,12000,499000,499900,5942,-0.32,global
Citroen,Jumpy,Tohjul,Elektrisk,2021,41,199000,54000,189000,219900,32629,-0.585,lokal
Citroen,Jumpy,Tohjul,Elektrisk,2022,9,239000,36609,229000,267406,39674,-0.32,global
Citroen,Jumpy,Tohjul,Elektrisk,2023,14,339900,10505,329900,356500,84958,-0.32,global
Citroen,Jumpy,Tohjul,Elektrisk,2024,7,379000,19000,298988,459000,94332,-0.32,global
Citroen,Jumpy,Tohjul,Elektrisk,2025,5,498900,6500,418977,499900,46716,-0.32,global
Citroen,SpaceTourer,Tohjul,Diesel,2018,5,339900,59320,249000,359900,104363,-0.32,global
Citroen,SpaceTourer,Tohjul,Diesel,2020,8,539900,53990,389225,599900,120279,-0.32,global
Citroen,SpaceTourer,Tohjul,Elektrisk,2021,5,379000,40500,368532,398900,24043,-0.32,global
Citroen,SpaceTourer,Tohjul,Elektrisk,2024,18,399900,10,389900,419900,21215,-0.32,global
Citroen,ë-C3 Aircross,Tohjul,Elektrisk,2025,12,269450,5000,256725,282400,17822,-0.32,global
Cupra,Born,Tohjul,Elektrisk,2021,5,229000,59700,219000,249000,22701,-0.32,global
Cupra,Born,Tohjul,Elektrisk,2022,116,249850,45622,239000,269000,23594,-0.569,lokal
Cupra,Born,Tohjul,Elektrisk,2023,38,268172,41850,244000,281757,25244,-0.841,lokal
Cupra,Born,Tohjul,Elektrisk,2024,196,289000,41605,279800,299900,17008,-0.581,lokal
Cupra,Born,Tohjul,Elektrisk,2025,29,354900,14000,319900,379900,41726,-0.32,global
Cupra,Formentor,Tohjul,Plug-in hybrid,2021,10,286500,105500,279000,321425,38267,-0.32,global
Cupra,Tavascan,Firehjul,Elektrisk,2024,16,519900,19724,499750,529900,32995,-0.32,global
Cupra,Tavascan,Firehjul,Elektrisk,2025,5,529900,20931,519000,529900,22055,-0.32,global
DS,3 Crossback,Tohjul,Elektrisk,2019,5,169400,86424,164777,174950,7623,-0.32,global
DS,3 Crossback,Tohjul,Elektrisk,2020,51,169434,47900,162450,179000,13092,-0.0,lokal
DS,3 Crossback,Tohjul,Elektrisk,2021,33,189900,44517,179900,199000,13545,-0.126,lokal
DS,3 Crossback,Tohjul,Elektrisk,2022,20,221950,31000,199808,232175,23967,-0.165,lokal
DS,3 Crossback,Tohjul,Elektrisk,2023,5,269000,20400,267800,269000,4369,-0.32,global
DS,DS 3,Tohjul,Bensin,2019,16,154500,82000,149000,159225,16070,0.209,lokal
DS,DS 3,Tohjul,Diesel,2012,6,26900,155206,17682,43650,16568,-0.32,global
DS,DS 4,Tohjul,Diesel,2016,6,129900,134000,122400,137400,24463,-0.32,global
DS,DS 5,Tohjul,Diesel,2017,5,149000,135000,149000,179532,32760,-0.32,global
DS,DS 7 Crossback,Firehjul,Hybrid,2020,9,269900,81320,268900,284900,36789,-0.32,global
DS,DS 7 Crossback,Tohjul,Hybrid,2020,9,249000,109500,245000,279000,34056,-0.32,global
DS,DS 7 Crossback,Firehjul,Hybrid,2021,14,314000,69695,295975,319900,38671,-0.32,global
DS,DS 7 Crossback,Firehjul,Plug-in hybrid,2020,32,289000,84100,238750,305576,45030,-1.451,lokal
DS,DS 7 Crossback,Firehjul,Plug-in hybrid,2021,27,319900,61551,289900,354000,39693,-1.233,lokal
DS,DS 7 Crossback,Firehjul,Plug-in hybrid,2022,15,359000,58000,359000,388500,64539,-0.32,global
DS,DS 7 Crossback,Firehjul,Plug-in hybrid,2023,9,474900,35775,458900,499000,54226,-0.32,global
Dacia,Duster,Tohjul,Bensin,2020,10,178000,66030,171000,179000,12465,-0.32,global
Dacia,Duster,Firehjul,Diesel,2013,16,72450,134950,47910,93975,30852,-0.32,global
Dacia,Duster,Firehjul,Diesel,2014,6,67971,158398,65061,84675,23794,-0.32,global
Dacia,Duster,Firehjul,Diesel,2016,7,109532,108804,98717,124950,21286,-0.32,global
Dacia,Duster,Firehjul,Diesel,2017,8,104450,163450,76234,119434,30959,-0.32,global
Dacia,Duster,Tohjul,Diesel,2018,14,169000,76400,169000,178000,12534,-0.32,global
Daihatsu,Sirion,Firehjul,Bensin,2007,5,39942,96000,31900,42000,12621,-0.32,global
Daihatsu,Terios,Firehjul,Bensin,2006,31,29999,180000,19450,42921,15706,-0.002,lokal
Daihatsu,Terios,Firehjul,Bensin,2007,12,35921,170000,27986,42400,12883,-0.32,global
Dodge,Avenger,Tohjul,Diesel,2008,6,30450,182874,23925,42900,14244,-0.32,global
Dodge,Caliber,Tohjul,Diesel,2007,6,15400,207000,8650,20682,10643,-0.32,global
Dodge,Challenger,Tohjul,Bensin,2008,9,469000,76000,449000,489000,27387,-0.32,global
Dodge,Challenger,Tohjul,Bensin,2009,17,375000,125681,350942,449942,90453,-0.734,lokal
Dodge,Challenger,Tohjul,Bensin,2010,10,465450,49764,402900,498660,87658,-0.32,global
Dodge,Challenger,Tohjul,Bensin,2011,7,579900,53300,457950,594450,113263,-0.32,global
Dodge,Challenger,Tohjul,Bensin,2012,11,499000,133000,499000,529000,28346,-0.32,global
Dodge,Challenger,Tohjul,Bensin,2015,31,1099000,20000,911817,1185000,176849,-4.593,lokal
Dodge,Challenger,Tohjul,Bensin,2016,9,1299000,4000,1149000,1299000,187646,-0.32,global
Dodge,Charger,Tohjul,Bensin,2006,5,350000,68500,329000,369900,116252,-0.32,global
Dodge,Charger,Tohjul,Bensin,2007,5,349000,95000,279000,359000,61887,-0.32,global
Dodge,Durango,Firehjul,Bensin,2004,7,27900,327277,23400,54421,32899,-0.32,global
Dodge,Durango,Firehjul,Bensin,2006,6,39500,197500,25701,48956,19637,-0.32,global
Dodge,Journey,Tohjul,Diesel,2009,8,12942,205031,10675,30410,15057,-0.32,global
Dodge,Journey,Tohjul,Diesel,2010,12,20400,202625,13425,41925,18629,-0.32,global
Dodge,RAM,Firehjul,Bensin,2002,16,111598,227000,95039,189248,52728,-0.32,global
Dodge,RAM,Firehjul,Bensin,2003,9,199000,208025,110000,211942,83079,-0.32,global
Dodge,RAM,Firehjul,Bensin,2004,10,210450,145006,173525,259274,57021,-0.32,global
Dodge,RAM,Firehjul,Bensin,2005,8,205211,230466,165350,256951,58923,-0.32,global
Dodge,RAM,Firehjul,Bensin,2012,5,399900,144372,311268,599900,163542,-0.32,global
Dodge,RAM,Firehjul,Bensin,2013,5,399000,197000,377168,429000,40477,-0.32,global
Dodge,RAM,Firehjul,Bensin,2016,5,541520,93777,496553,689000,133502,-0.32,global
Dodge,RAM,Firehjul,Bensin,2019,19,699000,77680,672000,765210,139036,-1.308,lokal
Dodge,RAM,Firehjul,Bensin,2021,15,1290033,82000,1199450,1397000,240092,-3.06,lokal
Dodge,RAM,Firehjul,Bensin,2022,23,1399000,46300,974900,1449000,276682,0.43,lokal
Dodge,RAM,Firehjul,Bensin,2025,9,1699000,100,1698900,1789800,153988,-0.32,global
Dodge,RAM,Firehjul,Diesel,1998,6,125598,231500,101275,233426,91197,-0.32,global
Dodge,RAM,Firehjul,Diesel,1999,5,186296,268800,186296,200000,66012,-0.32,global
Dodge,RAM,Firehjul,Diesel,2003,29,251900,265000,229999,331900,78108,-0.635,lokal
Dodge,RAM,Firehjul,Diesel,2004,37,281900,275600,251800,351268,80032,-0.389,lokal
Dodge,RAM,Firehjul,Diesel,2005,12,246900,273410,201932,342444,157975,-0.32,global
Dodge,RAM,Firehjul,Diesel,2006,6,366458,220500,315337,430310,98860,-0.32,global
Dodge,RAM,Firehjul,Diesel,2014,6,380908,199050,364020,417431,38151,-0.32,global
Dodge,RAM,Firehjul,Diesel,2015,11,519000,87500,330036,584000,203645,-0.32,global
Dodge,RAM,Firehjul,Diesel,2016,12,409498,178373,393640,434746,58195,-0.32,global
Dodge,RAM,Firehjul,Diesel,2020,13,749900,104000,719000,779000,35385,-0.32,global
Dodge,RAM,Firehjul,Diesel,2021,5,879000,83000,749000,879000,97027,-0.32,global
Dodge,RAM,Firehjul,Diesel,2022,8,854000,37000,849000,869000,29970,-0.32,global
Dodge,RAM,Firehjul,Diesel,2023,6,985703,46326,951554,992406,55045,-0.32,global
Dongfeng,Nammi Box,Tohjul,Elektrisk,2024,29,214900,3590,209900,224500,14062,-0.32,global
Dongfeng,Nammi Box,Tohjul,Elektrisk,2025,38,219450,2000,217900,229900,15558,-0.32,global
Exlantix,ES,Firehjul,Elektrisk,2025,12,499900,50,499900,499900,27247,-0.32,global
Exlantix,ET,Firehjul,Elektrisk,2025,28,569900,50,539900,569900,25499,-0.32,global
Ferrari,296,Tohjul,Hybrid,2023,10,3790000,14950,3715000,3990000,342373,-0.32,global
Ferrari,296,Tohjul,Hybrid,2024,5,4350000,7800,4099000,4350000,308364,-0.32,global
Ferrari,360,Tohjul,Bensin,2000,10,870950,66000,769000,890000,95268,-0.32,global
Ferrari,430,Tohjul,Bensin,2005,9,1349000,53000,1249000,1379000,175066,-0.32,global
Ferrari,458 Italia,Tohjul,Bensin,2010,5,1749000,70200,1729000,1799990,155398,-0.32,global
Ferrari,488 GTB,Tohjul,Bensin,2016,6,2499900,57000,2454225,2499900,44736,-0.32,global
Ferrari,812 Superfast,Tohjul,Bensin,2020,5,4090000,23500,4090000,4199000,113740,-0.32,global
Ferrari,F12 Berlinetta,Tohjul,Bensin,2014,6,2370000,73500,2349250,2397425,70167,-0.32,global
Ferrari,FF,Firehjul,Bensin,2012,5,1649000,99500,1590000,1690000,345678,-0.32,global
Ferrari,Roma,Tohjul,Bensin,2021,14,2390000,26000,2299250,2490000,104801,-0.32,global
Ferrari,Roma,Tohjul,Bensin,2022,5,2549000,18000,2495000,2549000,92929,-0.32,global
Fiat,500,Tohjul,Bensin,2007,6,33450,135906,27900,39675,9253,-0.32,global
Fiat,500,Tohjul,Bensin,2008,24,24950,145000,16567,35475,19992,-0.119,lokal
Fiat,500,Tohjul,Bensin,2009,47,27842,140000,21942,35000,27755,-0.009,lokal
Fiat,500,Tohjul,Bensin,2010,74,33221,114068,21910,50000,18599,-0.221,lokal
Fiat,500,Tohjul,Bensin,2011,73,37942,110642,27400,49900,22305,-0.073,lokal
Fiat,500,Tohjul,Bensin,2012,34,50945,99050,27525,59998,27161,-0.134,lokal
Fiat,500,Tohjul,Bensin,2013,30,43450,110834,35900,57944,17349,-0.189,lokal
Fiat,500,Tohjul,Bensin,2014,20,60921,97714,55166,70623,19408,-0.361,lokal
Fiat,500,Tohjul,Bensin,2015,8,60082,68072,56826,73498,17365,-0.32,global
Fiat,500,Tohjul,Bensin,2016,9,89900,87050,79866,99900,20163,-0.32,global
Fiat,500,Tohjul,Bensin,2017,6,94450,66560,88475,121500,26721,-0.32,global
Fiat,500,Tohjul,Bensin,2018,5,149000,58000,149000,149000,31062,-0.32,global
Fiat,500,Tohjul,Diesel,2008,10,25000,140412,20786,39050,11593,-0.32,global
Fiat,500,Tohjul,Diesel,2009,11,29000,140000,22900,37445,10950,-0.32,global
Fiat,500,Tohjul,Diesel,2010,8,27900,152393,24275,35925,8343,-0.32,global
Fiat,500,Tohjul,Elektrisk,2014,31,48434,83713,33471,55217,14479,-0.077,lokal
Fiat,500,Tohjul,Elektrisk,2015,73,54532,69500,43900,65000,17441,-0.172,lokal
Fiat,500,Tohjul,Elektrisk,2016,14,65717,53400,52470,69675,17003,-0.32,global
Fiat,500,Tohjul,Elektrisk,2017,9,79900,35500,68900,89900,13794,-0.32,global
Fiat,500,Tohjul,Elektrisk,2020,14,169000,15900,159000,182434,21819,-0.32,global
Fiat,500,Tohjul,Elektrisk,2021,114,189000,38000,172510,207883,24989,-0.304,lokal
Fiat,500,Tohjul,Elektrisk,2022,108,199450,31838,189675,219000,24303,-0.418,lokal
Fiat,500,Tohjul,Elektrisk,2023,70,229900,15661,219900,254175,31614,-1.092,lokal
Fiat,500,Tohjul,Elektrisk,2024,9,319900,8500,298000,339000,48763,-0.32,global
Fiat,500,Tohjul,Hybrid,2020,7,189900,1767,179900,194900,11127,-0.32,global
Fiat,500L,Tohjul,Bensin,2013,13,39900,139416,31900,51900,16494,-0.32,global
Fiat,500L,Tohjul,Bensin,2014,6,45978,149892,38160,53329,10714,-0.32,global
Fiat,500L,Tohjul,Bensin,2015,5,57434,108803,35000,65434,18306,-0.32,global
Fiat,600e,Tohjul,Elektrisk,2024,34,299900,12750,289900,326700,23018,-2.479,lokal
Fiat,600e,Tohjul,Elektrisk,2025,9,329000,8955,299900,354800,27085,-0.32,global
Fiat,Bravo,Tohjul,Diesel,2009,6,16900,159500,15150,34432,16458,-0.32,global
Fiat,Bravo,Tohjul,Diesel,2010,12,16894,168409,13400,22994,14355,-0.32,global
Fiat,Bravo,Tohjul,Diesel,2011,5,26900,174000,15942,26942,8582,-0.32,global
Fiat,Doblo,Tohjul,Diesel,2009,7,23268,150000,17134,27129,9052,-0.32,global
Fiat,Doblo,Tohjul,Diesel,2010,8,21584,159500,10789,27999,11284,-0.32,global
Fiat,Doblo,Tohjul,Diesel,2011,42,31018,168916,20317,39289,21280,-0.09,lokal
Fiat,Doblo,Tohjul,Diesel,2012,20,37634,139359,26296,47197,17811,-0.163,lokal
Fiat,Doblo,Tohjul,Diesel,2013,30,36584,145000,25326,49617,17922,-0.11,lokal
Fiat,Doblo,Tohjul,Diesel,2014,19,40520,134675,22408,50098,19928,-0.182,lokal
Fiat,Doblo,Tohjul,Diesel,2015,18,53900,149018,37370,67295,17987,-0.201,lokal
Fiat,Doblo,Tohjul,Diesel,2016,10,62710,129834,40009,79055,29931,-0.32,global
Fiat,Doblo,Tohjul,Diesel,2017,17,79000,116500,56553,94520,24705,-0.28,lokal
Fiat,Doblo,Tohjul,Diesel,2018,16,79760,140068,74975,86000,16216,-0.32,global
Fiat,Doblo,Tohjul,Diesel,2019,11,99000,106468,84450,119000,27193,-0.32,global
Fiat,Doblo,Tohjul,Diesel,2020,8,117450,60000,99390,139225,25825,-0.32,global
Fiat,Doblo,Tohjul,Diesel,2021,5,149000,63000,119520,149000,36076,-0.32,global
Fiat,Doblo,Tohjul,Diesel,2023,5,249900,21690,249900,269900,16769,-0.32,global
Fiat,Doblo,Tohjul,Elektrisk,2023,21,249000,15000,239000,299900,40282,-1.417,lokal
Fiat,Doblo,Tohjul,Elektrisk,2024,7,288900,14400,276900,307203,29053,-0.32,global
Fiat,Ducato,Tohjul,Diesel,2008,7,69296,247188,42768,293768,146274,-0.32,global
Fiat,Ducato,Tohjul,Diesel,2010,10,82796,209471,59893,107442,132421,-0.32,global
Fiat,Ducato,Tohjul,Diesel,2011,9,119000,123784,70268,401520,176118,-0.32,global
Fiat,Ducato,Tohjul,Diesel,2012,6,55634,220304,44472,100267,73068,-0.32,global
Fiat,Ducato,Tohjul,Diesel,2013,5,90268,160913,59268,91196,50691,-0.32,global
Fiat,Ducato,Tohjul,Diesel,2015,19,99990,204263,83272,120536,103413,-0.017,lokal
Fiat,Ducato,Tohjul,Diesel,2017,6,164726,148500,119553,181042,41010,-0.32,global
Fiat,Ducato,Tohjul,Diesel,2020,5,319000,120000,171553,399900,121074,-0.32,global
Fiat,Freemont,Firehjul,Diesel,2012,9,49900,212000,44900,78900,25128,-0.32,global
Fiat,Fullback,Firehjul,Diesel,2017,5,230520,96000,171520,239900,51194,-0.32,global
Fiat,Grande Punto,Tohjul,Diesel,2010,9,24900,144200,11900,27900,9762,-0.32,global
Fiat,Panda,Firehjul,Bensin,2013,13,85000,113500,64900,99999,20504,-0.32,global
Fiat,Panda,Firehjul,Bensin,2015,11,99166,51029,74618,143583,36139,-0.32,global
Fiat,Scudo,Tohjul,Diesel,2010,9,36268,155488,29268,50796,17667,-0.32,global
Fiat,Scudo,Tohjul,Diesel,2011,5,30268,206000,20296,45500,18403,-0.32,global
Fiat,Scudo,Firehjul,Diesel,2012,7,29900,159000,18032,43098,18450,-0.32,global
Fiat,Scudo,Firehjul,Diesel,2013,15,41268,150000,23796,58260,19912,-0.32,global
Fiat,Scudo,Tohjul,Diesel,2013,11,46268,171000,30243,53134,24845,-0.32,global
Fiat,Scudo,Tohjul,Diesel,2014,5,24520,150100,11520,51520,23457,-0.32,global
Fiat,Scudo,Tohjul,Diesel,2017,5,81553,109500,80000,86520,33985,-0.32,global
Fiat,Scudo,Tohjul,Elektrisk,2022,7,299000,11200,294000,308950,15117,-0.32,global
Fiat,Strada,Tohjul,Diesel,2009,5,39000,133000,35900,69900,22160,-0.32,global
Fiat,Talento,Tohjul,Diesel,2017,7,81553,147061,66470,113210,34894,-0.32,global
Fiat,Talento,Tohjul,Diesel,2018,10,131520,131000,77520,159000,46855,-0.32,global
Fiat,Talento,Tohjul,Diesel,2019,10,117760,146500,93390,143575,33930,-0.32,global
Fiat,Talento,Tohjul,Diesel,2020,17,139000,109000,117520,150520,22466,0.163,lokal
Fiat,Talento,Tohjul,Diesel,2021,12,194450,95000,186500,202175,36353,-0.32,global
Fiat,Tipo,Tohjul,Diesel,2019,5,169900,62167,169900,169900,33706,-0.32,global
Fiat,Topolino,Tohjul,Elektrisk,2025,5,165000,5,159645,165000,3864,-0.32,global
Fisker,Ocean,Firehjul,Elektrisk,2023,20,269000,27500,244884,279000,25242,-0.635,lokal
Fisker,Ocean,Firehjul,Elektrisk,2024,8,268752,26898,235096,286507,60278,-0.32,global
Ford,Andre,Tohjul,Bensin,0,19,199900,0,128450,289950,219372,-0.32,global
Ford,Andre,Tohjul,Bensin,1977,5,142000,50559,101268,159000,55082,-0.32,global
Ford,B-MAX,Tohjul,Bensin,2012,14,41921,115291,31825,45675,21808,-0.32,global
Ford,B-MAX,Tohjul,Bensin,2013,35,49900,124200,35950,67495,23412,-0.215,lokal
Ford,B-MAX,Tohjul,Bensin,2014,12,81500,112000,49900,91475,26146,-0.32,global
Ford,B-MAX,Tohjul,Bensin,2015,9,73434,99760,69000,84532,31073,-0.32,global
Ford,Bronco,Firehjul,Bensin,2023,6,1449450,27694,1412175,1486725,194692,-0.32,global
Ford,C-Max,Tohjul,Bensin,2013,13,28000,124855,21900,36942,20497,-0.32,global
Ford,C-Max,Tohjul,Bensin,2014,22,60966,106000,47332,69926,13427,-0.112,lokal
Ford,C-Max,Tohjul,Bensin,2015,10,84000,99000,70782,89326,32847,-0.32,global
Ford,C-Max,Tohjul,Bensin,2016,13,119800,51000,109000,138434,20974,-0.32,global
Ford,C-Max,Tohjul,Bensin,2017,10,99000,119992,75800,115500,25136,-0.32,global
Ford,C-Max,Tohjul,Diesel,2008,9,25001,206200,9900,29990,10420,-0.32,global
Ford,C-Max,Tohjul,Diesel,2009,7,13900,208685,11850,34970,19453,-0.32,global
Ford,C-Max,Tohjul,Diesel,2010,10,42471,150000,34725,49605,17359,-0.32,global
Ford,C-Max,Tohjul,Diesel,2011,47,36900,189000,24950,49400,17225,-0.238,lokal
Ford,C-Max,Tohjul,Diesel,2012,36,45471,179500,37650,60400,19309,-0.13,lokal
Ford,C-Max,Tohjul,Diesel,2013,19,46434,146000,39921,63400,14746,-0.087,lokal
Ford,C-Max,Tohjul,Diesel,2014,17,85000,143720,53000,99000,27643,-0.319,lokal
Ford,C-Max,Tohjul,Diesel,2015,5,89900,166200,74900,99900,24789,-0.32,global
Ford,C-Max,Tohjul,Diesel,2016,16,129266,121750,119750,135250,13805,-0.32,global
Ford,C-Max,Tohjul,Diesel,2017,12,129950,99150,121934,149000,20261,-0.32,global
Ford,C-Max,Tohjul,Diesel,2018,6,178500,69000,175750,186500,14784,-0.32,global
Ford,Capri,Firehjul,Elektrisk,2024,21,519900,15849,509900,539000,26741,-0.32,global
Ford,Capri,Tohjul,Elektrisk,2024,8,494000,4350,476500,511725,24179,-0.32,global
Ford,Capri,Firehjul,Elektrisk,2025,110,539000,10650,525875,557925,23851,-1.196,lokal
Ford,Capri,Tohjul,Elektrisk,2025,43,475000,9300,444700,499250,36776,-0.32,global
Ford,Connect,Tohjul,Diesel,2011,7,42900,132768,40598,44950,13682,-0.32,global
Ford,Connect,Tohjul,Diesel,2015,7,31553,155046,23224,57553,37113,-0.32,global
Ford,Connect,Tohjul,Diesel,2017,13,76553,121140,66553,109800,33062,-0.32,global
Ford,Connect,Tohjul,Diesel,2018,7,139000,80000,119450,157400,19971,-0.32,global
Ford,Connect,Tohjul,Diesel,2019,15,139000,97265,72553,164000,53636,-0.32,global
Ford,Connect,Tohjul,Diesel,2020,10,149000,84850,134400,164675,33333,-0.32,global
Ford,Connect,Tohjul,Diesel,2021,18,199900,57860,184900,215000,40723,0.024,lokal
Ford,Connect,Tohjul,Diesel,2022,26,229900,37593,219900,266500,26997,0.143,lokal
Ford,Connect,Tohjul,Diesel,2023,32,264000,37945,246350,282050,28359,-0.557,lokal
Ford,Connect,Tohjul,Diesel,2024,5,289000,29900,269000,299000,15166,-0.32,global
Ford,E-Tourneo Custom 340L,Tohjul,Elektrisk,2025,30,694450,3500,649900,739000,46402,-0.32,global
Ford,E-Transit Courier,Tohjul,Elektrisk,2025,31,368500,4500,349900,388450,111713,-0.32,global
Ford,E-Transit Custom 320L,Tohjul,Elektrisk,2024,5,469900,12500,449900,489900,45653,-0.32,global
Ford,E-Transit Custom 320L,Tohjul,Elektrisk,2025,9,549000,8500,538500,579000,29274,-0.32,global
Ford,E-Transit Custom 320S,Tohjul,Elektrisk,2025,7,635000,100,536500,663950,96077,-0.32,global
Ford,E-Transit Custom 340L,Tohjul,Elektrisk,2024,8,454900,8000,437400,472400,26693,-0.32,global
Ford,Econoline,Tohjul,Diesel,1993,6,58400,220000,46225,84900,39364,-0.32,global
Ford,Ecosport,Tohjul,Bensin,2016,15,92934,98811,82766,98950,20492,-0.32,global
Ford,Ecosport,Tohjul,Bensin,2017,15,104900,80000,99900,117400,16537,-0.32,global
Ford,Ecosport,Tohjul,Bensin,2018,24,159000,69902,136500,179000,38584,-0.598,lokal
Ford,Ecosport,Tohjul,Bensin,2019,17,179900,57000,159000,199000,19387,-0.762,lokal
Ford,Ecosport,Firehjul,Diesel,2018,8,179000,83059,169675,179225,20010,-0.32,global
Ford,Ecosport,Firehjul,Diesel,2019,7,179900,73000,177217,204400,36843,-0.32,global
Ford,Edge,Firehjul,Diesel,2016,34,249000,131862,219133,259600,29550,-0.38,lokal
Ford,Edge,Firehjul,Diesel,2017,67,289900,127000,259945,309500,39502,-0.655,lokal
Ford,Edge,Firehjul,Diesel,2018,21,349000,91500,339900,359900,34497,-0.541,lokal
Ford,Escort,Tohjul,Bensin,1976,5,260000,62777,131900,331900,303825,-0.32,global
Ford,Excursion,Firehjul,Bensin,2000,8,74400,268957,61650,116650,68676,-0.32,global
Ford,Excursion,Firehjul,Bensin,2001,13,149990,205000,79942,199999,78221,-0.32,global
Ford,Excursion,Firehjul,Bensin,2002,5,121900,193943,76900,129999,63707,-0.32,global
Ford,Excursion,Firehjul,Diesel,2000,11,91942,285000,74096,121942,73188,-0.32,global
Ford,Excursion,Firehjul,Diesel,2001,26,86250,260000,62432,150660,60050,-0.298,lokal
Ford,Excursion,Firehjul,Diesel,2002,6,136616,290925,74900,165039,66703,-0.32,global
Ford,Expedition,Firehjul,Bensin,2004,15,40942,241000,30449,60945,23056,-0.32,global
Ford,Explorer,Firehjul,Elektrisk,2024,176,499000,16000,485000,509200,21400,-0.872,lokal
Ford,Explorer,Tohjul,Elektrisk,2024,66,436450,13430,422000,448375,23069,-0.304,lokal
Ford,Explorer,Firehjul,Elektrisk,2025,310,509000,9746,499000,519900,19306,-1.019,lokal
Ford,Explorer,Tohjul,Elektrisk,2025,25,449000,13000,439900,469000,19430,0.154,lokal
Ford,Explorer,Firehjul,Elektrisk,2026,26,529000,1500,522100,549675,18707,-0.32,global
Ford,Explorer,Firehjul,Hybrid,2020,38,599000,104500,551250,614900,51416,-0.987,lokal
Ford,Explorer,Firehjul,Hybrid,2021,36,624450,91175,536500,659225,77781,-0.093,lokal
Ford,Explorer,Firehjul,Hybrid,2022,25,619900,68000,549000,799000,143177,-3.273,lokal
Ford,Explorer,Firehjul,Hybrid,2023,5,949000,53000,661505,949000,176765,-0.32,global
Ford,Explorer,Firehjul,Plug-in hybrid,2020,128,614450,98000,573300,639900,52954,-1.177,lokal
Ford,Explorer,Firehjul,Plug-in hybrid,2021,140,649900,76800,580875,692250,84620,-1.839,lokal
Ford,Explorer,Firehjul,Plug-in hybrid,2022,183,669000,75000,578950,779000,112923,-1.337,lokal
Ford,Explorer,Firehjul,Plug-in hybrid,2023,25,654900,52000,599900,698000,136155,-4.512,lokal
Ford,F-serie,Tohjul,Bensin,2009,5,449950,74000,449950,479950,16610,-0.32,global
Ford,F-serie,Firehjul,Bensin,2011,6,575584,159000,462067,687400,148057,-0.32,global
Ford,F-serie,Firehjul,Bensin,2012,5,499000,220000,449000,499000,37148,-0.32,global
Ford,F-serie,Firehjul,Bensin,2013,6,584400,144250,558401,604750,77577,-0.32,global
Ford,F-serie,Firehjul,Bensin,2016,11,499600,92631,479167,559450,186780,-0.32,global
Ford,F-serie,Firehjul,Bensin,2017,17,559520,97000,469000,706000,142803,-0.32,global
Ford,F-serie,Firehjul,Bensin,2018,41,749000,100000,671520,799000,221202,-1.849,lokal
Ford,F-serie,Firehjul,Bensin,2019,15,1349000,58000,1290000,1369000,161484,3.587,lokal
Ford,F-serie,Firehjul,Bensin,2020,25,929900,43800,876553,1300000,251461,-6.121,lokal
Ford,F-serie,Firehjul,Bensin,2021,17,779000,87500,725000,848000,143213,-1.323,lokal
Ford,F-serie,Firehjul,Bensin,2022,12,1074000,32950,936500,1234568,292248,-0.32,global
Ford,F-serie,Firehjul,Bensin,2023,9,1289000,16500,999000,1879900,459982,-0.32,global
Ford,F-serie,Firehjul,Bensin,2025,7,1539000,100,1417000,1714900,251521,-0.32,global
Ford,F-serie,Firehjul,Diesel,2000,8,156900,262300,145768,172999,29935,-0.32,global
Ford,F-serie,Firehjul,Diesel,2003,8,190634,238352,166740,196942,40510,-0.32,global
Ford,F-serie,Firehjul,Diesel,2004,8,135450,224000,107972,231500,83508,-0.32,global
Ford,F-serie,Firehjul,Diesel,2018,7,679000,115000,664900,689450,18698,-0.32,global
Ford,F-serie,Firehjul,Elektrisk,2022,46,873950,47000,786925,949000,113316,-2.242,lokal
Ford,F-serie,Firehjul,Elektrisk,2023,191,899900,25500,849800,997575,136318,-0.713,lokal
Ford,F-serie,Firehjul,Elektrisk,2024,74,963950,14575,849248,1096850,152665,-3.565,lokal
Ford,F-serie,Firehjul,Elektrisk,2025,18,1044000,7900,980500,1177500,119416,-2.601,lokal
Ford,Fiesta,Tohjul,Bensin,1982,7,46900,70731,33950,53450,31667,-0.32,global
Ford,Fiesta,Tohjul,Bensin,1988,5,30000,95500,25900,41900,22418,-0.32,global
Ford,Fiesta,Tohjul,Bensin,2002,5,8000,192000,7900,9844,2252,-0.32,global
Ford,Fiesta,Tohjul,Bensin,2004,16,19450,115450,14932,31175,14772,-0.225,lokal
Ford,Fiesta,Tohjul,Bensin,2005,13,20900,135199,16900,34900,16187,-0.32,global
Ford,Fiesta,Tohjul,Bensin,2006,14,16900,127750,12400,22900,7766,-0.32,global
Ford,Fiesta,Tohjul,Bensin,2007,5,19900,130000,16800,28900,8407,-0.32,global
Ford,Fiesta,Tohjul,Bensin,2008,11,30942,162583,21671,46860,17890,-0.32,global
Ford,Fiesta,Tohjul,Bensin,2009,18,29921,127350,25900,34160,8474,-0.117,lokal
Ford,Fiesta,Tohjul,Bensin,2010,28,32471,142700,26456,39900,14111,-0.097,lokal
Ford,Fiesta,Tohjul,Bensin,2011,27,26900,151000,21971,35442,11306,-0.045,lokal
Ford,Fiesta,Tohjul,Bensin,2012,43,39900,118838,30000,53450,20750,-0.011,lokal
Ford,Fiesta,Tohjul,Bensin,2013,159,44900,121805,31900,59900,22163,-0.186,lokal
Ford,Fiesta,Tohjul,Bensin,2014,145,55000,118800,36942,75000,28684,-0.259,lokal
Ford,Fiesta,Tohjul,Bensin,2015,139,69000,105000,49900,99333,31409,-0.343,lokal
Ford,Fiesta,Tohjul,Bensin,2016,157,79990,93150,69000,99900,30633,-0.365,lokal
Ford,Fiesta,Tohjul,Bensin,2017,94,103583,76550,84900,128292,32601,-0.172,lokal
Ford,Fiesta,Tohjul,Bensin,2018,136,129900,88750,109900,149900,33226,-0.592,lokal
Ford,Fiesta,Tohjul,Bensin,2019,81,157800,77000,145000,177900,46116,-0.326,lokal
Ford,Fiesta,Tohjul,Bensin,2020,15,149900,72852,148900,168950,18642,-0.32,global
Ford,Fiesta,Tohjul,Bensin,2021,17,189000,86326,169000,208500,29147,-0.418,lokal
Ford,Fiesta,Tohjul,Bensin,2022,7,239000,59800,228500,249000,15494,-0.32,global
Ford,Fiesta,Tohjul,Diesel,2008,14,18650,163062,13900,21775,5845,-0.32,global
Ford,Fiesta,Tohjul,Diesel,2009,116,24921,170924,15660,30235,10838,-0.081,lokal
Ford,Fiesta,Tohjul,Diesel,2010,179,26900,170000,17442,34450,13373,-0.106,lokal
Ford,Fiesta,Tohjul,Diesel,2011,89,29900,157500,23942,36942,10697,-0.086,lokal
Ford,Fiesta,Tohjul,Diesel,2012,44,34900,159303,27650,41900,11536,-0.157,lokal
Ford,Fiesta,Tohjul,Diesel,2013,14,39950,151250,25931,44236,14931,-0.32,global
Ford,Fiesta,Tohjul,Diesel,2014,9,49900,129000,36942,66942,17200,-0.32,global
Ford,Fiesta,Tohjul,Diesel,2018,7,123000,82130,116950,137350,13115,-0.32,global
Ford,Focus,Tohjul,Bensin,2000,7,19942,123000,9771,25400,9339,-0.32,global
Ford,Focus,Tohjul,Bensin,2002,7,18000,168000,13892,27442,7701,-0.32,global
Ford,Focus,Tohjul,Bensin,2003,11,19942,168555,16921,24142,7852,-0.32,global
Ford,Focus,Tohjul,Bensin,2004,18,19421,172314,12660,26942,13501,-0.08,lokal
Ford,Focus,Tohjul,Bensin,2005,48,19900,174818,14986,26942,16241,-0.069,lokal
Ford,Focus,Tohjul,Bensin,2006,31,22942,191296,14372,30421,22432,-0.058,lokal
Ford,Focus,Tohjul,Bensin,2007,20,23421,202886,15775,32382,10943,0.151,lokal
Ford,Focus,Tohjul,Bensin,2008,15,28900,166125,18921,33171,11992,-0.32,global
Ford,Focus,Tohjul,Bensin,2009,13,26900,192000,16942,30942,93331,-0.32,global
Ford,Focus,Tohjul,Bensin,2010,10,35900,134988,25432,39942,85796,-0.32,global
Ford,Focus,Tohjul,Bensin,2011,13,30900,186600,20442,45000,17796,-0.32,global
Ford,Focus,Tohjul,Bensin,2012,199,39900,151800,22124,59900,27199,-0.184,lokal
Ford,Focus,Tohjul,Bensin,2013,186,49000,146282,31900,65000,30462,-0.225,lokal
Ford,Focus,Tohjul,Bensin,2014,135,49900,143000,30971,69434,29087,-0.218,lokal
Ford,Focus,Tohjul,Bensin,2015,140,79000,131667,59400,93758,35438,-0.199,lokal
Ford,Focus,Firehjul,Bensin,2016,9,399532,124125,389990,419000,33362,-0.32,global
Ford,Focus,Tohjul,Bensin,2016,119,89000,128000,69716,109900,46664,-0.212,lokal
Ford,Focus,Firehjul,Bensin,2017,12,459750,80250,449675,472400,39115,-0.32,global
Ford,Focus,Tohjul,Bensin,2017,102,109900,107112,89600,129326,31613,-0.311,lokal
Ford,Focus,Firehjul,Bensin,2018,13,435000,120117,420000,459000,29404,-0.32,global
Ford,Focus,Tohjul,Bensin,2018,121,138900,103000,119900,159900,33342,-0.434,lokal
Ford,Focus,Tohjul,Bensin,2019,202,189000,84389,169000,209600,35689,-0.216,lokal
Ford,Focus,Tohjul,Bensin,2020,86,189000,87000,175600,209900,30482,-0.49,lokal
Ford,Focus,Tohjul,Bensin,2021,39,239000,57112,223950,249850,30508,-0.261,lokal
Ford,Focus,Tohjul,Bensin,2022,8,304900,64100,238256,312400,43968,-0.32,global
Ford,Focus,Tohjul,Bensin,2023,7,279900,64100,269900,299450,46935,-0.32,global
Ford,Focus,Tohjul,Diesel,2005,10,19450,190500,13375,27194,9913,-0.32,global
Ford,Focus,Tohjul,Diesel,2006,18,17450,198450,14250,19968,6963,-0.015,lokal
Ford,Focus,Tohjul,Diesel,2007,52,19900,179584,13660,29000,12172,-0.109,lokal
Ford,Focus,Tohjul,Diesel,2008,84,21942,197206,14692,29952,14421,-0.02,lokal
Ford,Focus,Tohjul,Diesel,2009,86,26921,184848,17910,36886,11892,-0.028,lokal
Ford,Focus,Tohjul,Diesel,2010,144,26942,196343,16900,35225,18057,-0.091,lokal
Ford,Focus,Tohjul,Diesel,2011,308,36971,179650,26942,49900,18552,-0.097,lokal
Ford,Focus,Tohjul,Diesel,2012,261,45305,174000,31400,59000,20456,-0.167,lokal
Ford,Focus,Tohjul,Diesel,2013,94,51171,172000,39900,73675,26281,-0.228,lokal
Ford,Focus,Tohjul,Diesel,2014,61,64900,152000,48942,79900,32045,-0.204,lokal
Ford,Focus,Tohjul,Diesel,2015,102,92167,152722,75500,119000,33947,-0.282,lokal
Ford,Focus,Tohjul,Diesel,2016,53,99900,139000,89990,129900,33333,-0.348,lokal
Ford,Focus,Tohjul,Diesel,2017,29,125000,177000,99900,158000,41059,-0.449,lokal
Ford,Focus,Tohjul,Diesel,2018,25,199990,89320,149900,219990,41409,-0.885,lokal
Ford,Focus,Tohjul,Diesel,2019,85,199900,115521,169900,229900,39314,-0.589,lokal
Ford,Focus,Tohjul,Diesel,2020,27,199000,90500,192000,229000,36556,-0.341,lokal
Ford,Focus,Tohjul,Diesel,2021,20,209000,124000,186500,235925,31277,-0.506,lokal
Ford,Focus,Tohjul,Diesel,2022,10,229000,118000,201500,247400,49484,-0.32,global
Ford,Focus,Tohjul,Elektrisk,2013,14,29942,105750,26856,37944,10652,-0.32,global
Ford,Focus,Tohjul,Elektrisk,2014,8,44667,98750,35440,50160,8552,-0.32,global
Ford,Focus,Tohjul,Elektrisk,2016,6,47216,68950,33282,52550,13191,-0.32,global
Ford,Focus,Tohjul,Elektrisk,2017,15,69000,106000,60580,69217,10659,-0.32,global
Ford,Focus,Tohjul,Elektrisk,2018,7,79434,113000,74450,87217,8541,-0.32,global
Ford,Galaxy,Tohjul,Diesel,2006,6,18400,300760,13975,22900,5753,-0.32,global
Ford,Galaxy,Tohjul,Diesel,2007,33,25000,273600,15000,34900,14224,-0.04,lokal
Ford,Galaxy,Tohjul,Diesel,2008,31,31777,261259,18900,39921,16068,-0.081,lokal
Ford,Galaxy,Tohjul,Diesel,2009,29,31900,255000,20942,39942,16444,-0.037,lokal
Ford,Galaxy,Tohjul,Diesel,2010,43,25000,246000,18900,39900,14980,-0.003,lokal
Ford,Galaxy,Tohjul,Diesel,2011,48,51415,204432,36900,70432,25416,-0.285,lokal
Ford,Galaxy,Tohjul,Diesel,2012,62,60945,215967,30442,79975,44106,-0.082,lokal
Ford,Galaxy,Tohjul,Diesel,2013,41,88942,189550,59900,99000,31319,-0.301,lokal
Ford,Galaxy,Tohjul,Diesel,2014,44,89900,188000,68956,119000,36998,-0.412,lokal
Ford,Galaxy,Firehjul,Diesel,2015,8,229945,168981,175798,242400,48710,-0.32,global
Ford,Galaxy,Tohjul,Diesel,2015,8,119483,170032,108112,141899,37231,-0.32,global
Ford,Galaxy,Firehjul,Diesel,2016,9,239000,148875,169500,274434,55664,-0.32,global
Ford,Galaxy,Tohjul,Diesel,2016,19,184900,147900,168950,189450,34087,-0.179,lokal
Ford,Galaxy,Firehjul,Diesel,2017,31,249000,156000,153760,294000,74855,-1.958,lokal
Ford,Galaxy,Tohjul,Diesel,2017,6,119000,197000,111500,153076,78383,-0.32,global
Ford,Galaxy,Firehjul,Diesel,2018,6,179900,192000,152400,311725,127839,-0.32,global
Ford,Galaxy,Tohjul,Diesel,2018,9,299000,119000,179800,309000,80413,-0.32,global
Ford,Galaxy,Firehjul,Diesel,2019,32,198210,144158,176725,221490,86000,-0.699,lokal
Ford,Galaxy,Tohjul,Diesel,2019,6,291717,56500,219908,449675,131630,-0.32,global
Ford,Galaxy,Firehjul,Diesel,2021,7,199520,140200,190510,278500,123842,-0.32,global
Ford,Granada,Tohjul,Bensin,1977,5,99000,46146,95000,121942,21412,-0.32,global
Ford,Granada,Tohjul,Bensin,1982,5,40000,53475,32000,61942,23740,-0.32,global
Ford,Granada,Tohjul,Bensin,1983,17,60000,150000,35000,79900,27815,0.144,lokal
Ford,Granada,Tohjul,Bensin,1984,7,60000,123456,29200,92000,72008,-0.32,global
Ford,Grand C-MAX,Tohjul,Diesel,2011,37,38900,229127,26942,49800,18847,-0.083,lokal
Ford,Grand C-MAX,Tohjul,Diesel,2012,9,39000,241400,29900,41900,10338,-0.32,global
Ford,Grand C-MAX,Tohjul,Diesel,2013,5,85000,85000,59000,99000,38934,-0.32,global
Ford,Grand C-MAX,Tohjul,Diesel,2014,6,89000,156500,59706,89000,28592,-0.32,global
Ford,Grand Tourneo Connect,Tohjul,Diesel,2015,5,89434,198000,54531,129434,44564,-0.32,global
Ford,Grand Tourneo Connect,Tohjul,Diesel,2016,8,139716,175500,114532,157008,37191,-0.32,global
Ford,Ka,Tohjul,Bensin,2009,9,25000,141000,14000,29990,12124,-0.32,global
Ford,Ka,Tohjul,Bensin,2010,12,26900,99500,20650,29999,8449,-0.32,global
Ford,Ka,Tohjul,Bensin,2012,9,25900,120000,17942,29942,7760,-0.32,global
Ford,Ka,Tohjul,Bensin,2013,8,33400,81708,27925,37350,11087,-0.32,global
Ford,Ka,Tohjul,Bensin,2014,13,39990,91852,33166,65000,19006,-0.32,global
Ford,Kuga,Firehjul,Bensin,2013,13,119000,210634,114900,119900,9764,-0.32,global
Ford,Kuga,Firehjul,Bensin,2015,12,194500,101000,182000,199000,38416,-0.32,global
Ford,Kuga,Firehjul,Bensin,2016,6,169900,174268,169900,169900,16697,-0.32,global
Ford,Kuga,Firehjul,Diesel,2008,63,41900,238094,28921,53450,19010,-0.142,lokal
Ford,Kuga,Firehjul,Diesel,2009,72,48421,219000,30706,61910,21269,-0.178,lokal
Ford,Kuga,Firehjul,Diesel,2010,148,55900,214600,37660,76856,25020,-0.206,lokal
Ford,Kuga,Firehjul,Diesel,2011,105,71900,198000,49900,89000,26818,-0.206,lokal
Ford,Kuga,Firehjul,Diesel,2012,94,80945,188500,56910,107475,35365,-0.429,lokal
Ford,Kuga,Firehjul,Diesel,2013,171,99900,178000,69999,124624,37594,-0.457,lokal
Ford,Kuga,Firehjul,Diesel,2014,180,119995,165000,99000,139000,36101,-0.39,lokal
Ford,Kuga,Firehjul,Diesel,2015,95,149000,156300,119900,159900,34315,-0.511,lokal
Ford,Kuga,Firehjul,Diesel,2016,104,169900,139500,140934,198250,36318,-0.452,lokal
Ford,Kuga,Tohjul,Diesel,2016,23,179000,65500,134900,199000,41225,-0.56,lokal
Ford,Kuga,Firehjul,Diesel,2017,148,219000,132957,199900,239624,33703,-0.354,lokal
Ford,Kuga,Tohjul,Diesel,2017,44,189217,113949,169650,208925,26579,-0.268,lokal
Ford,Kuga,Firehjul,Diesel,2018,145,278900,107000,249900,289000,33315,-0.381,lokal
Ford,Kuga,Tohjul,Diesel,2018,20,179450,138069,168000,198125,25673,-0.333,lokal
Ford,Kuga,Firehjul,Diesel,2019,57,299900,100046,298900,319000,26401,-0.264,lokal
Ford,Kuga,Firehjul,Diesel,2020,51,349900,89900,337000,369667,26903,-0.64,lokal
Ford,Kuga,Firehjul,Diesel,2021,21,369000,79979,359000,399000,31836,-0.933,lokal
Ford,Kuga,Firehjul,Diesel,2022,20,399900,84545,379675,439000,43006,-1.639,lokal
Ford,Kuga,Tohjul,Hybrid,2020,52,239450,81260,219000,259000,33366,-0.389,lokal
Ford,Kuga,Firehjul,Hybrid,2021,16,399000,63690,384225,449000,39382,0.212,lokal
Ford,Kuga,Tohjul,Hybrid,2021,60,269000,61500,249900,299000,40510,-0.454,lokal
Ford,Kuga,Firehjul,Hybrid,2022,26,349400,88600,315000,369800,47192,-0.661,lokal
Ford,Kuga,Tohjul,Hybrid,2022,38,324000,54850,299200,329000,37489,-0.131,lokal
Ford,Kuga,Tohjul,Hybrid,2023,20,299900,38500,283500,369000,75231,-0.433,lokal
Ford,Kuga,Tohjul,Plug-in hybrid,2020,159,249000,68390,229000,261950,31981,-0.359,lokal
Ford,Kuga,Tohjul,Plug-in hybrid,2021,208,279000,55150,259784,299800,30459,-0.283,lokal
Ford,Kuga,Tohjul,Plug-in hybrid,2022,404,299000,53650,249000,319800,50113,-1.319,lokal
Ford,Kuga,Tohjul,Plug-in hybrid,2023,295,348500,48915,326000,369000,34574,-0.661,lokal
Ford,Kuga,Tohjul,Plug-in hybrid,2024,24,529000,8450,499000,569000,49288,-1.078,lokal
Ford,Kuga,Tohjul,Plug-in hybrid,2025,6,509000,8400,499000,556500,40000,-0.32,global
Ford,Mondeo,Tohjul,Bensin,2002,5,21900,225000,17900,28900,8989,-0.32,global
Ford,Mondeo,Tohjul,Bensin,2004,6,54900,155000,23725,76432,48839,-0.32,global
Ford,Mondeo,Tohjul,Bensin,2005,6,22721,172958,15910,34300,15560,-0.32,global
Ford,Mondeo,Tohjul,Bensin,2013,5,79000,118000,49900,79900,18592,-0.32,global
Ford,Mondeo,Tohjul,Bensin,2015,18,137800,131806,119108,146826,20819,-0.548,lokal
Ford,Mondeo,Tohjul,Bensin,2016,19,159000,123193,131167,192000,33658,0.721,lokal
Ford,Mondeo,Tohjul,Bensin,2017,5,169000,136300,164434,169900,11003,-0.32,global
Ford,Mondeo,Tohjul,Bensin,2018,6,179000,111698,142249,209000,49517,-0.32,global
Ford,Mondeo,Tohjul,Diesel,2003,6,18950,216500,15750,23650,10896,-0.32,global
Ford,Mondeo,Tohjul,Diesel,2005,18,16868,220647,12432,19425,7346,0.012,lokal
Ford,Mondeo,Tohjul,Diesel,2006,8,9400,231400,6900,19925,11577,-0.32,global
Ford,Mondeo,Tohjul,Diesel,2007,106,22171,236500,16900,31900,11643,-0.06,lokal
Ford,Mondeo,Tohjul,Diesel,2008,224,22700,241232,16900,36900,14990,-0.071,lokal
Ford,Mondeo,Tohjul,Diesel,2009,166,28900,236450,19956,36900,14526,-0.094,lokal
Ford,Mondeo,Tohjul,Diesel,2010,226,29900,225000,19900,40900,16869,-0.08,lokal
Ford,Mondeo,Tohjul,Diesel,2011,209,39000,224261,26900,49900,18524,-0.1,lokal
Ford,Mondeo,Tohjul,Diesel,2012,226,49970,202590,36900,66900,24400,-0.153,lokal
Ford,Mondeo,Tohjul,Diesel,2013,124,58200,185500,39000,71468,25897,-0.217,lokal
Ford,Mondeo,Tohjul,Diesel,2014,65,69000,196000,49434,89000,26728,-0.292,lokal
Ford,Mondeo,Firehjul,Diesel,2015,64,169000,153500,147883,189225,37970,-0.234,lokal
Ford,Mondeo,Tohjul,Diesel,2015,230,109900,171300,89458,139000,34234,-0.398,lokal
Ford,Mondeo,Firehjul,Diesel,2016,146,179000,152785,159000,199000,35766,-0.407,lokal
Ford,Mondeo,Tohjul,Diesel,2016,96,131950,161305,103508,154826,37188,-0.43,lokal
Ford,Mondeo,Firehjul,Diesel,2017,70,219000,136500,188250,239784,44723,-0.494,lokal
Ford,Mondeo,Tohjul,Diesel,2017,76,146717,160857,129974,169900,37621,-0.349,lokal
Ford,Mondeo,Firehjul,Diesel,2018,54,239000,151500,186675,259326,44940,-0.69,lokal
Ford,Mondeo,Tohjul,Diesel,2018,61,179900,138000,139900,199900,42609,-0.696,lokal
Ford,Mondeo,Firehjul,Diesel,2021,6,374000,93200,369000,379000,31146,-0.32,global
Ford,Mondeo,Tohjul,Hybrid,2016,17,129000,144100,95000,134434,24891,-0.233,lokal
Ford,Mondeo,Tohjul,Hybrid,2017,28,158266,97250,144434,177925,22218,-0.008,lokal
Ford,Mondeo,Tohjul,Hybrid,2018,11,189000,110700,169495,194800,29056,-0.32,global
Ford,Mondeo,Tohjul,Hybrid,2019,63,219000,86500,199000,236450,28747,-0.4,lokal
Ford,Mustang,Tohjul,Bensin,1965,14,307950,63939,238500,351986,115495,-0.32,global
Ford,Mustang,Tohjul,Bensin,1966,21,269000,67198,230000,350000,146006,-0.0,lokal
Ford,Mustang,Tohjul,Bensin,1967,13,250000,86945,189000,321900,686436,-0.32,global
Ford,Mustang,Tohjul,Bensin,1968,9,289900,89000,199900,640000,232276,-0.32,global
Ford,Mustang,Tohjul,Bensin,1969,10,565000,43964,352250,937500,1951129,-0.32,global
Ford,Mustang,Tohjul,Bensin,1970,8,332000,69500,223750,462000,254899,-0.32,global
Ford,Mustang,Tohjul,Bensin,1973,10,228471,67056,156725,248475,93230,-0.32,global
Ford,Mustang,Tohjul,Bensin,2005,30,299000,105250,246500,331175,75846,-0.555,lokal
Ford,Mustang,Tohjul,Bensin,2006,11,296900,104400,264450,344000,77873,-0.32,global
Ford,Mustang,Tohjul,Bensin,2007,22,339000,81000,312250,462975,115839,-1.072,lokal
Ford,Mustang,Tohjul,Bensin,2008,8,555471,51000,461175,599475,184209,-0.32,global
Ford,Mustang,Tohjul,Bensin,2011,12,542000,32700,494000,561750,151301,-0.32,global
Ford,Mustang,Tohjul,Bensin,2015,27,599000,71000,519000,671716,244309,-4.244,lokal
Ford,Mustang,Tohjul,Bensin,2016,6,429716,50500,422308,631954,175634,-0.32,global
Ford,Mustang,Tohjul,Bensin,2017,7,489000,38500,442495,621652,122422,-0.32,global
Ford,Mustang,Tohjul,Bensin,2018,6,424450,80200,382400,557249,136558,-0.32,global
Ford,Mustang,Tohjul,Bensin,2020,8,762167,18000,679000,849900,117683,-0.32,global
Ford,Mustang Mach-E,Firehjul,Elektrisk,2021,1010,338950,70000,304500,359900,43585,-0.734,lokal
Ford,Mustang Mach-E,Tohjul,Elektrisk,2021,418,289914,69400,269544,318000,32991,-0.398,lokal
Ford,Mustang Mach-E,Firehjul,Elektrisk,2022,621,399000,49703,359000,429900,49312,-0.224,lokal
Ford,Mustang Mach-E,Tohjul,Elektrisk,2022,264,329000,48950,299900,349825,41991,-0.468,lokal
Ford,Mustang Mach-E,Firehjul,Elektrisk,2023,391,464129,35690,438500,499000,52376,-0.809,lokal
Ford,Mustang Mach-E,Tohjul,Elektrisk,2023,120,369000,39000,349000,389225,41421,-0.587,lokal
Ford,Mustang Mach-E,Firehjul,Elektrisk,2024,49,539000,19100,489900,649000,92233,-3.41,lokal
Ford,Mustang Mach-E,Tohjul,Elektrisk,2024,16,524200,15200,414000,541500,74358,-0.621,lokal
Ford,Mustang Mach-E,Firehjul,Elektrisk,2025,25,719000,6500,679900,735000,46987,-0.32,global
Ford,Puma,Tohjul,Bensin,2020,63,199000,50947,189000,214000,22186,-0.145,lokal
Ford,Puma,Tohjul,Bensin,2021,30,224450,53330,199000,246725,28081,-0.332,lokal
Ford,Puma,Tohjul,Bensin,2022,12,288250,34500,253725,291375,35095,-0.32,global
Ford,Puma,Tohjul,Bensin,2023,22,329000,24490,316000,348750,29849,-0.406,lokal
Ford,Puma,Tohjul,Bensin,2024,10,369900,16465,362400,377400,27473,-0.32,global
Ford,Puma,Tohjul,Elektrisk,2025,93,365000,4927,339900,379900,24898,-0.32,global
Ford,Puma,Tohjul,Hybrid,2020,13,179900,63451,169000,189900,14273,-0.32,global
Ford,Puma,Tohjul,Hybrid,2022,5,229000,61700,209000,279000,38471,-0.32,global
Ford,Ranger,Firehjul,Diesel,2005,7,36268,247000,27782,70421,37698,-0.32,global
Ford,Ranger,Firehjul,Diesel,2006,5,36900,209000,20296,66268,29331,-0.32,global
Ford,Ranger,Firehjul,Diesel,2007,13,59296,234000,33777,76268,32085,-0.32,global
Ford,Ranger,Firehjul,Diesel,2008,9,51268,158623,31942,89999,38894,-0.32,global
Ford,Ranger,Firehjul,Diesel,2010,6,78148,178014,61296,114701,39817,-0.32,global
Ford,Ranger,Firehjul,Diesel,2011,14,158268,195750,74268,194567,74473,-0.32,global
Ford,Ranger,Firehjul,Diesel,2012,39,181268,194000,151268,220584,58632,-0.481,lokal
Ford,Ranger,Firehjul,Diesel,2013,62,199900,175328,143390,229550,56796,-0.386,lokal
Ford,Ranger,Firehjul,Diesel,2014,49,199000,185000,161942,219000,50378,-0.397,lokal
Ford,Ranger,Firehjul,Diesel,2015,46,199260,175875,150750,249675,60608,-0.567,lokal
Ford,Ranger,Firehjul,Diesel,2016,68,275450,143000,229675,307140,74993,-0.661,lokal
Ford,Ranger,Firehjul,Diesel,2017,117,295000,133386,254434,329000,64924,-0.721,lokal
Ford,Ranger,Firehjul,Diesel,2018,122,298500,129000,263390,336778,62239,-0.575,lokal
Ford,Ranger,Firehjul,Diesel,2019,160,326536,120500,279900,377140,84961,-0.838,lokal
Ford,Ranger,Firehjul,Diesel,2020,215,369000,98600,324710,399900,80683,-0.697,lokal
Ford,Ranger,Firehjul,Diesel,2021,183,399900,79500,359000,429000,60786,-0.636,lokal
Ford,Ranger,Firehjul,Diesel,2022,114,449000,62750,399960,479000,48624,-1.045,lokal
Ford,Ranger,Firehjul,Diesel,2023,109,619900,40000,589000,669000,69636,0.824,lokal
Ford,Ranger,Firehjul,Diesel,2024,139,679900,29721,629450,728203,63187,-1.314,lokal
Ford,Ranger,Firehjul,Diesel,2025,14,729000,10000,679825,778000,90789,-0.32,global
Ford,Ranger,Firehjul,Plug-in hybrid,2025,11,769000,10187,749900,799900,49958,-0.32,global
Ford,Ranger Raptor,Firehjul,Bensin,2022,12,727000,56500,718725,742400,40847,-0.32,global
Ford,Ranger Raptor,Firehjul,Bensin,2023,75,729000,50000,699900,752495,43154,-0.985,lokal
Ford,Ranger Raptor,Firehjul,Bensin,2024,13,799406,29000,789000,819900,27124,-0.32,global
Ford,Ranger Raptor,Firehjul,Diesel,2019,38,448000,102964,429615,466750,34048,-0.383,lokal
Ford,Ranger Raptor,Firehjul,Diesel,2020,137,459000,104700,439800,489900,36890,-0.692,lokal
Ford,Ranger Raptor,Firehjul,Diesel,2021,108,499900,81675,469975,529225,41378,-0.777,lokal
Ford,Ranger Raptor,Firehjul,Diesel,2022,42,523406,69100,499225,549000,35135,-0.678,lokal
Ford,Ranger Raptor,Firehjul,Diesel,2023,32,739900,33000,719776,759900,36503,-0.4,lokal
Ford,Ranger Raptor,Firehjul,Diesel,2024,18,744450,31410,729900,769000,177098,-1.365,lokal
Ford,S-MAX,Tohjul,Bensin,2016,7,119000,155650,114000,127000,11423,-0.32,global
Ford,S-MAX,Tohjul,Diesel,2006,37,17900,229988,9900,26900,9149,-0.087,lokal
Ford,S-MAX,Tohjul,Diesel,2007,44,25421,226500,16175,26900,10052,-0.092,lokal
Ford,S-MAX,Tohjul,Diesel,2008,94,21942,268324,13182,31772,12909,-0.06,lokal
Ford,S-MAX,Tohjul,Diesel,2009,89,31900,229581,20942,44500,14820,-0.07,lokal
Ford,S-MAX,Tohjul,Diesel,2010,132,36650,237846,21932,54925,22915,-0.143,lokal
Ford,S-MAX,Tohjul,Diesel,2011,152,49900,216808,35942,67859,23191,-0.192,lokal
Ford,S-MAX,Tohjul,Diesel,2012,183,59900,206634,45950,79990,27823,-0.184,lokal
Ford,S-MAX,Tohjul,Diesel,2013,116,72921,194500,49900,90900,33952,-0.227,lokal
Ford,S-MAX,Tohjul,Diesel,2014,119,84434,180000,57971,105167,35619,-0.243,lokal
Ford,S-MAX,Firehjul,Diesel,2015,24,204000,166296,168515,231001,48201,-0.235,lokal
Ford,S-MAX,Tohjul,Diesel,2015,60,129450,149250,108000,164576,36124,-0.366,lokal
Ford,S-MAX,Firehjul,Diesel,2016,206,221216,150000,189550,249900,45904,-0.653,lokal
Ford,S-MAX,Tohjul,Diesel,2016,132,169000,144800,139508,189925,41650,-0.618,lokal
Ford,S-MAX,Firehjul,Diesel,2017,92,259900,140400,238975,279225,32503,-0.46,lokal
Ford,S-MAX,Tohjul,Diesel,2017,59,219900,145000,189217,249000,40736,-0.663,lokal
Ford,S-MAX,Firehjul,Diesel,2018,88,319900,121750,294508,339900,46925,-0.066,lokal
Ford,S-MAX,Tohjul,Diesel,2018,52,252500,124900,219675,289550,46936,-0.966,lokal
Ford,S-MAX,Firehjul,Diesel,2019,29,379000,102000,349000,419434,44761,-0.425,lokal
Ford,S-MAX,Tohjul,Diesel,2019,32,318750,122500,259900,335800,50912,-0.77,lokal
Ford,S-MAX,Firehjul,Diesel,2021,6,402750,134112,399100,498725,67132,-0.32,global
Ford,SVT Lightning,Tohjul,Bensin,2004,11,269000,113000,263471,284782,55030,-0.32,global
Ford,Sierra,Tohjul,Bensin,1985,6,74450,100000,62250,81400,39059,-0.32,global
Ford,Sierra,Tohjul,Bensin,1986,7,50000,150000,47000,252500,225857,-0.32,global
Ford,Sierra,Firehjul,Bensin,1990,6,310000,89941,299999,320000,38554,-0.32,global
Ford,Sierra,Tohjul,Bensin,1992,7,47900,189000,29999,60421,20690,-0.32,global
Ford,Taunus,Tohjul,Bensin,1965,5,55000,82000,40000,61900,19753,-0.32,global
Ford,Taunus,Tohjul,Bensin,1967,6,46750,70390,33250,61000,45024,-0.32,global
Ford,Tourneo Connect,Tohjul,Diesel,2020,10,219900,175075,204900,244900,30845,-0.32,global
Ford,Tourneo Connect,Firehjul,Diesel,2023,11,354000,38000,339900,359900,13414,-0.32,global
Ford,Tourneo Connect,Firehjul,Diesel,2024,10,384000,12350,379500,407375,18379,-0.32,global
Ford,Tourneo Custom,Tohjul,Diesel,2013,13,168900,189488,131900,189000,55339,-0.32,global
Ford,Tourneo Custom,Tohjul,Diesel,2014,17,130900,191394,115000,196942,67527,-0.545,lokal
Ford,Tourneo Custom,Tohjul,Diesel,2018,6,149483,273500,131743,184934,52202,-0.32,global
Ford,Tourneo Custom,Tohjul,Elektrisk,2025,26,714495,4500,689000,763725,57738,-0.32,global
Ford,Tourneo Custom,Tohjul,Hybrid,2021,12,399000,78950,378994,422400,55183,-0.32,global
Ford,Tourneo Custom,Tohjul,Plug-in hybrid,2021,14,394900,83550,369150,423300,41071,-0.32,global
Ford,Transit,Tohjul,Diesel,2003,5,46942,229000,46942,66900,53959,-0.32,global
Ford,Transit,Tohjul,Diesel,2005,8,39635,189200,22471,131900,70090,-0.32,global
Ford,Transit,Tohjul,Diesel,2006,10,73400,199611,42992,115650,45075,-0.32,global
Ford,Transit,Tohjul,Diesel,2007,45,30250,229398,17553,79268,41201,-0.249,lokal
Ford,Transit,Tohjul,Diesel,2008,43,31268,215000,16268,76277,41952,0.012,lokal
Ford,Transit,Tohjul,Diesel,2009,23,46900,230000,28768,66250,23415,-0.03,lokal
Ford,Transit,Firehjul,Diesel,2010,7,36296,185000,35648,126424,69156,-0.32,global
Ford,Transit,Tohjul,Diesel,2010,44,49834,182500,35972,77039,32224,-0.029,lokal
Ford,Transit,Firehjul,Diesel,2011,12,58782,183000,25518,83268,31249,-0.32,global
Ford,Transit,Tohjul,Diesel,2011,37,42296,222500,26296,66268,29168,-0.043,lokal
Ford,Transit,Firehjul,Diesel,2012,17,59296,200900,24268,79268,35419,-0.32,global
Ford,Transit,Tohjul,Diesel,2012,44,50629,184812,34249,88451,62656,-0.161,lokal
Ford,Transit,Firehjul,Diesel,2013,8,52796,213000,43949,90018,46391,-0.32,global
Ford,Transit,Tohjul,Diesel,2013,24,108768,174250,57074,179268,75328,0.341,lokal
Ford,Transit,Tohjul,Diesel,2014,28,104760,172605,67573,140880,60898,-0.056,lokal
Ford,Transit,Firehjul,Diesel,2015,17,179900,141000,176520,209900,48355,-0.403,lokal
Ford,Transit,Tohjul,Diesel,2015,47,148520,178900,109450,194710,79686,-0.166,lokal
Ford,Transit,Firehjul,Diesel,2016,23,199900,155000,129036,224760,77823,-1.234,lokal
Ford,Transit,Tohjul,Diesel,2016,46,154036,159900,122218,197294,80691,-0.294,lokal
Ford,Transit,Firehjul,Diesel,2017,15,209520,147771,149286,284760,90282,-0.32,global
Ford,Transit,Tohjul,Diesel,2017,47,211553,109000,149276,299260,91038,-1.103,lokal
Ford,Transit,Firehjul,Diesel,2018,10,239450,130000,135303,257805,83899,-0.32,global
Ford,Transit,Tohjul,Diesel,2018,71,198800,114000,165835,299000,96139,-0.538,lokal
Ford,Transit,Firehjul,Diesel,2019,19,359900,97000,254053,387400,88773,-1.367,lokal
Ford,Transit,Tohjul,Diesel,2019,51,269900,114000,200776,329710,109579,-0.669,lokal
Ford,Transit,Firehjul,Diesel,2020,43,339553,124000,279900,389450,74959,-0.979,lokal
Ford,Transit,Tohjul,Diesel,2020,38,299000,98422,240028,349872,105869,-0.718,lokal
Ford,Transit,Firehjul,Diesel,2021,5,370533,120388,290533,449000,87857,-0.32,global
Ford,Transit,Tohjul,Diesel,2021,61,379000,72636,339942,449000,100536,-0.661,lokal
Ford,Transit,Tohjul,Diesel,2022,22,404500,30750,351500,439000,120429,-1.164,lokal
Ford,Transit,Firehjul,Diesel,2023,6,549900,23500,532400,559900,22286,-0.32,global
Ford,Transit,Tohjul,Diesel,2023,12,497400,30206,479000,534675,77606,-0.32,global
Ford,Transit,Firehjul,Diesel,2024,17,589900,17329,579000,635000,59785,0.168,lokal
Ford,Transit,Tohjul,Diesel,2024,19,599900,8500,493450,685396,133920,3.454,lokal
Ford,Transit,Firehjul,Diesel,2025,5,499900,2500,499900,549900,156509,-0.32,global
Ford,Transit,Tohjul,Diesel,2025,5,599000,1000,575000,629000,34594,-0.32,global
Ford,Transit,Tohjul,Elektrisk,2022,41,299800,35000,199000,349000,113664,-1.633,lokal
Ford,Transit,Tohjul,Elektrisk,2023,69,398500,15000,319900,419000,134546,-2.36,lokal
Ford,Transit,Tohjul,Elektrisk,2024,16,461262,2750,393459,549000,82045,-5.733,lokal
Ford,Transit Connect,Tohjul,Bensin,2014,24,56520,182952,38805,74890,28563,-0.163,lokal
Ford,Transit Connect,Tohjul,Bensin,2015,16,84700,116300,67020,96975,23936,-0.105,lokal
Ford,Transit Connect,Tohjul,Bensin,2016,16,71760,122800,48270,83615,29206,-0.141,lokal
Ford,Transit Connect,Tohjul,Bensin,2017,11,56553,159000,30976,73514,29432,-0.32,global
Ford,Transit Connect,Tohjul,Bensin,2018,6,82450,127500,66065,96175,32681,-0.32,global
Ford,Transit Connect,Tohjul,Bensin,2019,9,96553,128100,79000,99900,30791,-0.32,global
Ford,Transit Connect,Tohjul,Bensin,2022,6,169350,81900,142400,197125,32605,-0.32,global
Ford,Transit Connect,Tohjul,Diesel,2006,18,17296,170400,11900,23201,7594,-0.097,lokal
Ford,Transit Connect,Tohjul,Diesel,2007,32,19998,180231,12025,24768,7968,-0.002,lokal
Ford,Transit Connect,Tohjul,Diesel,2008,51,20268,165000,11296,29955,11833,-0.074,lokal
Ford,Transit Connect,Tohjul,Diesel,2009,29,26268,150176,11268,36268,12594,0.037,lokal
Ford,Transit Connect,Tohjul,Diesel,2010,77,29268,161000,13296,35268,13932,-0.049,lokal
Ford,Transit Connect,Tohjul,Diesel,2011,78,31282,150000,21268,39268,12869,-0.006,lokal
Ford,Transit Connect,Tohjul,Diesel,2012,57,29768,140695,19796,36268,15279,-0.06,lokal
Ford,Transit Connect,Tohjul,Diesel,2013,26,32268,157028,26331,38574,15464,-0.066,lokal
Ford,Transit Connect,Tohjul,Diesel,2014,127,66296,158500,50908,85770,25311,-0.261,lokal
Ford,Transit Connect,Tohjul,Diesel,2015,120,69900,165989,53602,86915,26147,-0.168,lokal
Ford,Transit Connect,Tohjul,Diesel,2016,146,89000,152818,66665,114055,31895,-0.278,lokal
Ford,Transit Connect,Tohjul,Diesel,2017,179,99990,144000,79255,119900,32400,-0.274,lokal
Ford,Transit Connect,Tohjul,Diesel,2018,177,119900,122000,86520,139900,74931,-0.402,lokal
Ford,Transit Connect,Tohjul,Diesel,2019,217,149000,97936,133520,161520,32393,-0.198,lokal
Ford,Transit Connect,Tohjul,Diesel,2020,228,169900,81330,149000,194900,39299,-0.384,lokal
Ford,Transit Connect,Tohjul,Diesel,2021,160,192710,76000,169252,224900,43276,-0.395,lokal
Ford,Transit Connect,Tohjul,Diesel,2022,263,229000,48500,189900,249900,44999,-0.545,lokal
Ford,Transit Connect,Tohjul,Diesel,2023,146,272450,30946,252050,289000,25019,-0.421,lokal
Ford,Transit Connect,Firehjul,Diesel,2024,6,380500,14100,379000,394750,18545,-0.32,global
Ford,Transit Connect,Tohjul,Diesel,2024,68,334450,8522,299900,365000,53417,-1.998,lokal
Ford,Transit Connect,Tohjul,Diesel,2025,10,394900,5557,381725,407400,28907,-0.32,global
Ford,Transit Courier,Tohjul,Bensin,2014,5,44520,114950,39796,45000,11742,-0.32,global
Ford,Transit Courier,Tohjul,Bensin,2015,7,59520,120000,35260,74776,29835,-0.32,global
Ford,Transit Courier,Tohjul,Bensin,2016,10,68272,103272,57365,86529,28072,-0.32,global
Ford,Transit Courier,Tohjul,Bensin,2017,13,99000,113000,89000,99000,25150,-0.32,global
Ford,Transit Courier,Tohjul,Bensin,2018,19,88000,74000,69260,95760,24321,-0.212,lokal
Ford,Transit Courier,Tohjul,Bensin,2019,7,99000,69900,85760,101950,23983,-0.32,global
Ford,Transit Courier,Tohjul,Bensin,2020,10,77776,126670,53552,126850,41891,-0.32,global
Ford,Transit Courier,Tohjul,Bensin,2021,10,134450,38800,64140,149000,46801,-0.32,global
Ford,Transit Courier,Tohjul,Bensin,2022,6,154450,30000,134375,167400,23477,-0.32,global
Ford,Transit Courier,Tohjul,Bensin,2024,43,289000,11815,268500,299000,36680,-0.505,lokal
Ford,Transit Courier,Tohjul,Bensin,2025,18,302450,3031,289900,319000,38616,-0.32,global
Ford,Transit Courier,Tohjul,Diesel,2014,27,40520,165500,36520,51000,14004,-0.086,lokal
Ford,Transit Courier,Tohjul,Diesel,2015,28,57776,138500,45432,69615,22081,-0.201,lokal
Ford,Transit Courier,Tohjul,Diesel,2016,28,62250,131210,58870,79225,20119,-0.006,lokal
Ford,Transit Courier,Tohjul,Diesel,2017,11,79000,99000,65226,85260,14936,-0.32,global
Ford,Transit Courier,Tohjul,Diesel,2018,15,79900,101600,69450,109450,23590,-0.32,global
Ford,Transit Courier,Tohjul,Diesel,2019,26,99450,76500,86520,122750,23319,-0.32,lokal
Ford,Transit Courier,Tohjul,Diesel,2020,16,107000,78120,98375,120475,20829,-0.32,global
Ford,Transit Courier,Tohjul,Diesel,2021,7,139900,34000,129150,144450,20640,-0.32,global
Ford,Transit Courier,Tohjul,Diesel,2022,8,158950,70500,149675,159900,7443,-0.32,global
Ford,Transit Courier,Tohjul,Diesel,2023,28,184730,12430,179000,202400,54277,-0.32,global
Ford,Transit Courier,Tohjul,Diesel,2024,29,275000,18500,259900,288000,23534,-0.32,global
Ford,Transit Custom,Tohjul,Diesel,2012,23,46268,175000,34098,74834,30762,-0.28,lokal
Ford,Transit Custom,Tohjul,Diesel,2013,96,70282,192000,54224,88268,32088,-0.198,lokal
Ford,Transit Custom,Tohjul,Diesel,2014,76,71408,181500,46296,99640,39764,-0.225,lokal
Ford,Transit Custom,Tohjul,Diesel,2015,93,86553,171150,66296,121520,38916,-0.336,lokal
Ford,Transit Custom,Tohjul,Diesel,2016,59,101520,161404,77000,127276,44384,-0.33,lokal
Ford,Transit Custom,Tohjul,Diesel,2017,95,119920,136000,96553,150760,39583,-0.374,lokal
Ford,Transit Custom,Tohjul,Diesel,2018,121,159900,123000,134000,189000,58664,-0.303,lokal
Ford,Transit Custom,Tohjul,Diesel,2019,153,175000,110000,156553,199000,44594,-0.243,lokal
Ford,Transit Custom,Tohjul,Diesel,2020,148,219000,91488,199000,259000,44024,-0.269,lokal
Ford,Transit Custom,Tohjul,Diesel,2021,152,272900,76000,229900,302175,72849,-0.525,lokal
Ford,Transit Custom,Tohjul,Diesel,2022,105,298000,70900,275000,335000,80775,-0.345,lokal
Ford,Transit Custom,Firehjul,Diesel,2023,7,540000,21000,459730,563000,89007,-0.32,global
Ford,Transit Custom,Tohjul,Diesel,2023,67,339800,42000,313500,379000,48295,-0.543,lokal
Ford,Transit Custom,Firehjul,Diesel,2024,192,539990,25464,517900,569900,73704,-1.41,lokal
Ford,Transit Custom,Tohjul,Diesel,2024,5,499000,23000,469900,499000,16188,-0.32,global
Ford,Transit Custom,Firehjul,Diesel,2025,45,599000,5305,589900,609900,28335,-0.32,global
Ford,Transit Custom,Tohjul,Diesel,2025,6,529000,5969,519000,687844,143938,-0.32,global
Ford,Transit Custom,Tohjul,Elektrisk,2024,101,519900,6500,479900,549900,47955,-0.32,global
Ford,Transit Custom,Tohjul,Elektrisk,2025,50,549200,6100,519000,664900,88154,-3.481,lokal
Ford,Transit Custom,Tohjul,Hybrid,2020,10,270760,75500,249000,414900,102700,-0.32,global
Ford,Transit Custom,Tohjul,Hybrid,2021,15,219900,65000,205226,229900,30758,-0.32,global
Ford,Transit Custom,Tohjul,Plug-in hybrid,2020,10,189900,45000,182180,199900,40457,-0.32,global
Ford,Transit Custom,Tohjul,Plug-in hybrid,2021,10,229800,68150,214800,233625,19545,-0.32,global
Ford,Ukjent,Tohjul,Bensin,0,25,185000,0,89900,280000,161278,-0.32,global
Ford,Ukjent,Tohjul,Bensin,1964,7,179000,63896,104500,282000,147489,-0.32,global
Ford,Ukjent,Tohjul,Bensin,1966,8,80000,31206,55000,162500,1822236,-0.32,global
GMC,Sierra,Firehjul,Bensin,2007,7,225000,273000,198134,240000,37955,-0.32,global
GMC,Sierra,Firehjul,Bensin,2017,6,634900,118745,604900,649900,43968,-0.32,global
GMC,Sierra,Firehjul,Diesel,2021,8,789450,73349,767475,799000,24870,-0.32,global
GMC,Sierra,Firehjul,Diesel,2022,5,999900,28000,899900,1050000,98726,-0.32,global
GMC,Sierra,Firehjul,Diesel,2023,7,1049000,44000,924000,1074500,114013,-0.32,global
GMC,Sierra,Firehjul,Diesel,2024,13,1250000,15000,1090000,1449000,180814,-0.32,global
GMC,Sierra,Firehjul,Diesel,2025,37,1399000,250,1349900,1429600,98607,-1.063,lokal
GMC,Sierra,Firehjul,Diesel,2026,7,1429000,100,1425000,1439000,11075,-0.32,global
GMC,Yukon,Firehjul,Bensin,2003,5,91900,205000,91900,181200,61860,-0.32,global
GMC,Yukon,Firehjul,Bensin,2007,21,149900,249000,119900,169900,46483,-0.422,lokal
Honda,Accord,Tohjul,Bensin,2004,8,17921,243829,15486,23160,7738,-0.32,global
Honda,Accord,Tohjul,Bensin,2005,8,30400,255305,26442,36410,11935,-0.32,global
Honda,Accord,Tohjul,Bensin,2006,7,26942,262734,18400,37671,24528,-0.32,global
Honda,Accord,Tohjul,Bensin,2008,6,56950,196596,35400,61175,23671,-0.32,global
Honda,Accord,Tohjul,Bensin,2009,35,49900,210000,26950,65921,24366,-0.347,lokal
Honda,Accord,Tohjul,Bensin,2011,5,85000,167000,79000,91900,21360,-0.32,global
Honda,Accord,Tohjul,Diesel,2006,9,25000,262000,16900,29942,10476,-0.32,global
Honda,Accord,Tohjul,Diesel,2007,11,24900,240000,10950,35442,15824,-0.32,global
Honda,Accord,Tohjul,Diesel,2008,9,31900,242890,26000,59942,22788,-0.32,global
Honda,Accord,Tohjul,Diesel,2009,37,41900,225100,31900,59900,19670,-0.144,lokal
Honda,Accord,Tohjul,Diesel,2011,10,65421,185650,51456,73160,23466,-0.32,global
Honda,Accord,Tohjul,Diesel,2012,10,70966,197750,58175,79998,24878,-0.32,global
Honda,CR-V,Firehjul,Bensin,1998,15,26842,224000,16921,34950,10652,-0.32,global
Honda,CR-V,Firehjul,Bensin,2001,6,25942,189934,11286,45442,20149,-0.32,global
Honda,CR-V,Firehjul,Bensin,2002,16,18421,271316,11682,30900,12657,-0.32,global
Honda,CR-V,Firehjul,Bensin,2003,40,29900,266000,26975,33900,10678,-0.026,lokal
Honda,CR-V,Firehjul,Bensin,2004,51,21900,249200,13900,33400,13861,-0.092,lokal
Honda,CR-V,Firehjul,Bensin,2005,57,30000,245000,20845,41900,13837,-0.055,lokal
Honda,CR-V,Firehjul,Bensin,2006,62,35971,236708,17192,50704,23688,-0.157,lokal
Honda,CR-V,Firehjul,Bensin,2007,119,49000,227550,36900,64900,24473,-0.167,lokal
Honda,CR-V,Firehjul,Bensin,2008,72,61900,212420,46345,79000,23042,-0.188,lokal
Honda,CR-V,Firehjul,Bensin,2009,19,70900,190700,49900,85800,24053,-0.34,lokal
Honda,CR-V,Firehjul,Bensin,2010,38,91920,189750,83675,111725,33194,-0.135,lokal
Honda,CR-V,Firehjul,Bensin,2011,7,129000,170000,109900,137450,21726,-0.32,global
Honda,CR-V,Firehjul,Bensin,2012,16,110450,174000,96736,142499,42773,-0.604,lokal
Honda,CR-V,Firehjul,Bensin,2013,99,149875,157000,129900,187950,37007,-0.416,lokal
Honda,CR-V,Tohjul,Bensin,2013,6,100450,155736,82932,116826,33110,-0.32,global
Honda,CR-V,Firehjul,Bensin,2014,73,169900,141000,159000,199000,29659,-0.405,lokal
Honda,CR-V,Firehjul,Bensin,2015,37,225000,110000,188900,269000,52767,-0.643,lokal
Honda,CR-V,Firehjul,Bensin,2016,13,229034,113500,199900,239000,20777,-0.32,global
Honda,CR-V,Firehjul,Bensin,2019,43,339900,92000,309950,349900,29453,-0.335,lokal
Honda,CR-V,Firehjul,Diesel,2005,27,31900,300000,14072,39450,18924,0.058,lokal
Honda,CR-V,Firehjul,Diesel,2006,23,22942,293000,16900,38971,16924,-0.066,lokal
Honda,CR-V,Firehjul,Diesel,2007,138,39921,262588,29900,49900,17563,-0.03,lokal
Honda,CR-V,Firehjul,Diesel,2008,104,39450,255916,23932,49942,19505,-0.091,lokal
Honda,CR-V,Firehjul,Diesel,2009,41,59000,236000,44900,79000,26252,-0.292,lokal
Honda,CR-V,Firehjul,Diesel,2010,55,69900,225156,59400,95950,29182,-0.282,lokal
Honda,CR-V,Firehjul,Diesel,2011,41,89000,231000,79000,114999,26491,-0.31,lokal
Honda,CR-V,Firehjul,Diesel,2012,25,99990,188000,69942,139000,39478,-0.547,lokal
Honda,CR-V,Firehjul,Diesel,2013,39,141900,207000,116171,158950,37546,-0.344,lokal
Honda,CR-V,Firehjul,Diesel,2014,37,149900,190400,139900,169000,30584,0.004,lokal
Honda,CR-V,Tohjul,Diesel,2014,41,110000,181100,89900,135000,26959,-0.256,lokal
Honda,CR-V,Firehjul,Diesel,2015,67,194434,165980,179716,219450,28378,-0.366,lokal
Honda,CR-V,Tohjul,Diesel,2015,13,139900,167748,129000,149900,25603,-0.32,global
Honda,CR-V,Firehjul,Diesel,2016,51,219900,131000,196500,239000,32791,-0.535,lokal
Honda,CR-V,Tohjul,Diesel,2016,6,177400,140000,174550,187400,11500,-0.32,global
Honda,CR-V,Firehjul,Diesel,2017,11,269990,106000,259450,284450,17989,-0.32,global
Honda,CR-V,Tohjul,Diesel,2017,5,189999,105000,189434,189999,4221,-0.32,global
Honda,CR-V,Firehjul,Diesel,2018,12,269000,130810,237175,272175,42249,-0.32,global
Honda,CR-V,Firehjul,Hybrid,2019,68,343950,73758,318675,356000,31390,-0.5,lokal
Honda,CR-V,Tohjul,Hybrid,2019,5,299900,59500,299900,309900,11432,-0.32,global
Honda,CR-V,Firehjul,Hybrid,2020,15,369000,70400,368900,374400,7559,-0.224,lokal
Honda,CR-V,Firehjul,Hybrid,2022,7,449000,69464,429000,449000,18898,-0.32,global
Honda,CR-V,Tohjul,Plug-in hybrid,2024,6,504000,54000,478500,531000,55146,-0.32,global
Honda,CR-Z,Tohjul,Hybrid,2011,18,84000,125327,66175,99000,27554,-0.506,lokal
Honda,Civic,Tohjul,Bensin,1997,7,31900,125729,19421,37900,12822,-0.32,global
Honda,Civic,Tohjul,Bensin,2004,10,16171,213429,12675,25668,9733,-0.32,global
Honda,Civic,Tohjul,Bensin,2006,33,21900,204000,14900,29942,12174,-0.041,lokal
Honda,Civic,Tohjul,Bensin,2007,67,29900,185500,19442,36942,25809,-0.105,lokal
Honda,Civic,Tohjul,Bensin,2008,50,27471,167541,18225,37986,14628,-0.093,lokal
Honda,Civic,Tohjul,Bensin,2009,9,36900,170000,24942,40000,15088,-0.32,global
Honda,Civic,Tohjul,Bensin,2010,31,39900,146000,30900,49950,37404,-0.205,lokal
Honda,Civic,Tohjul,Bensin,2011,18,67450,135504,39175,79900,22510,-0.34,lokal
Honda,Civic,Tohjul,Bensin,2012,18,72200,138737,50110,89000,32629,-0.329,lokal
Honda,Civic,Tohjul,Bensin,2013,12,68400,127674,49135,78932,33847,-0.32,global
Honda,Civic,Tohjul,Bensin,2014,17,109000,122800,86942,119000,20919,-0.32,global
Honda,Civic,Tohjul,Bensin,2015,14,139400,103250,117725,149050,89332,-0.32,global
Honda,Civic,Tohjul,Bensin,2017,36,179250,88474,169326,199575,28643,-0.184,lokal
Honda,Civic,Tohjul,Bensin,2018,13,189900,88000,159900,199000,111506,-0.32,global
Honda,Civic,Tohjul,Bensin,2019,11,199999,78000,193500,224948,23622,-0.32,global
Honda,Civic,Tohjul,Diesel,2007,10,30950,215432,24650,36706,8256,-0.32,global
Honda,Civic,Tohjul,Diesel,2008,17,36900,162826,28442,46900,16116,-0.105,lokal
Honda,Civic,Tohjul,Diesel,2013,21,65000,130500,59900,79900,22846,-0.485,lokal
Honda,Civic,Tohjul,Diesel,2014,39,69942,162000,58424,89000,23330,-0.295,lokal
Honda,Civic,Tohjul,Diesel,2015,19,89000,168500,81217,99450,11489,-0.166,lokal
Honda,Civic,Tohjul,Hybrid,2007,8,28721,206250,28275,33000,10812,-0.32,global
Honda,Civic,Tohjul,Hybrid,2008,5,29942,177600,14777,41900,21554,-0.32,global
Honda,Element,Firehjul,Bensin,2005,10,58000,178755,56900,66425,15295,-0.32,global
Honda,HR-V,Firehjul,Bensin,2001,10,36971,191000,19925,39959,14304,-0.32,global
Honda,HR-V,Firehjul,Bensin,2004,7,33900,195000,12900,35950,19423,-0.32,global
Honda,HR-V,Firehjul,Bensin,2005,9,29900,205000,26900,43900,13063,-0.32,global
Honda,HR-V,Tohjul,Bensin,2016,40,158000,97306,144784,160808,20271,-0.191,lokal
Honda,HR-V,Tohjul,Bensin,2017,7,169000,89973,129000,184450,29829,-0.32,global
Honda,HR-V,Tohjul,Bensin,2018,11,189000,73000,169450,209450,30200,-0.32,global
Honda,HR-V,Tohjul,Bensin,2019,14,227000,43302,219000,236500,15383,-0.332,lokal
Honda,HR-V,Tohjul,Bensin,2020,6,239450,55700,236675,244400,6247,-0.32,global
Honda,HR-V,Tohjul,Diesel,2016,9,129900,86072,114434,149000,23404,-0.32,global
Honda,HR-V,Tohjul,Diesel,2017,6,142433,161200,139558,147984,8588,-0.32,global
Honda,HR-V,Tohjul,Hybrid,2022,6,309450,35100,299900,319000,10800,-0.32,global
Honda,Insight,Tohjul,Bensin,2010,5,34900,211940,24900,41900,17568,-0.32,global
Honda,Insight,Tohjul,Hybrid,2010,18,49921,180562,37050,58775,16240,-0.104,lokal
Honda,Insight,Tohjul,Hybrid,2011,5,69990,133982,67990,79800,6195,-0.32,global
Honda,Jazz,Tohjul,Bensin,2004,14,15971,129095,12100,31650,11350,-0.32,global
Honda,Jazz,Tohjul,Bensin,2005,17,26942,127090,19900,29900,9924,-0.135,lokal
Honda,Jazz,Tohjul,Bensin,2006,27,28900,141000,19421,37921,14097,-0.057,lokal
Honda,Jazz,Tohjul,Bensin,2007,23,29000,140000,21921,37921,15303,-0.133,lokal
Honda,Jazz,Tohjul,Bensin,2008,11,23942,177000,16921,30450,13475,-0.32,global
Honda,Jazz,Tohjul,Bensin,2009,27,31942,136600,24350,52000,17356,-0.179,lokal
Honda,Jazz,Tohjul,Bensin,2010,37,31942,133203,28900,49900,19077,-0.294,lokal
Honda,Jazz,Tohjul,Bensin,2011,27,39900,115000,26900,53921,22817,-0.213,lokal
Honda,Jazz,Tohjul,Bensin,2012,23,48000,111914,29450,63400,18264,-0.228,lokal
Honda,Jazz,Tohjul,Bensin,2014,12,74950,92000,63650,78600,24783,-0.32,global
Honda,Jazz,Tohjul,Bensin,2016,39,139900,53000,134700,162450,23651,-0.329,lokal
Honda,Jazz,Tohjul,Bensin,2017,14,158533,65396,130542,159900,21133,-0.32,global
Honda,Jazz,Tohjul,Bensin,2018,11,169000,57120,159450,182200,21423,-0.32,global
Honda,Jazz,Tohjul,Hybrid,2012,15,79900,115500,61400,85900,20936,-0.192,lokal
Honda,Jazz,Tohjul,Hybrid,2014,14,99000,91500,89220,116500,20662,-0.32,global
Honda,Jazz,Tohjul,Hybrid,2015,15,139000,67000,113583,154000,28615,-0.681,lokal
Honda,Jazz,Tohjul,Hybrid,2021,23,219000,53792,199000,239450,29902,-0.782,lokal
Honda,Jazz,Tohjul,Hybrid,2022,23,249900,15796,238950,274450,26203,-0.843,lokal
Honda,Jazz,Tohjul,Hybrid,2024,21,309900,35000,289000,324900,19272,-1.301,lokal
Honda,Jazz,Tohjul,Hybrid,2025,13,328900,11500,318900,339000,21589,-0.32,global
Honda,Ridgeline,Firehjul,Bensin,2007,7,91268,225000,85268,119634,37858,-0.32,global
Honda,S2000,Tohjul,Bensin,2000,6,296921,142070,286650,358192,62517,-0.32,global
Honda,e,Tohjul,Elektrisk,2020,42,154948,54100,145750,165975,13638,-0.21,lokal
Honda,e,Tohjul,Elektrisk,2021,26,169434,36997,159900,179000,9639,0.1,lokal
Honda,e,Tohjul,Elektrisk,2022,12,166672,63200,156750,178725,15704,-0.32,global
Honda,e,Tohjul,Elektrisk,2023,22,204400,20650,199000,209000,10450,-0.02,lokal
Honda,e:Ny1,Tohjul,Elektrisk,2023,27,258900,27032,249000,269900,12671,-0.623,lokal
Honda,e:Ny1,Tohjul,Elektrisk,2024,25,259900,11885,259900,279000,13991,0.813,lokal
Honda,e:Ny1,Tohjul,Elektrisk,2026,17,279900,25,269400,294400,13390,-0.32,global
Hongqi,E-HS9,Firehjul,Elektrisk,2021,11,429000,63000,399217,449000,47353,-0.32,global
Hongqi,E-HS9,Firehjul,Elektrisk,2022,371,438900,51876,408450,459000,45675,-0.678,lokal
Hongqi,E-HS9,Firehjul,Elektrisk,2023,14,533622,26000,457982,594000,79520,-0.32,global
Hongqi,E-HS9,Firehjul,Elektrisk,2024,35,634900,13431,559000,664500,62809,-3.562,lokal
Hongqi,E-HS9,Firehjul,Elektrisk,2025,32,639000,7400,599257,654762,48160,-0.757,lokal
Hongqi,EH7,Firehjul,Elektrisk,2025,33,489000,7500,469900,554900,55612,-3.127,lokal
Hongqi,EHS7,Firehjul,Elektrisk,2025,39,499900,8000,479450,539000,53071,0.977,lokal
Hummer,Andre,Firehjul,Elektrisk,2024,5,1599000,9500,1590000,1599000,54509,-0.32,global
Hummer,H2,Firehjul,Bensin,2003,20,224372,194955,161456,280468,82046,-0.388,lokal
Hummer,H2,Firehjul,Bensin,2004,14,179450,207048,139625,242724,76205,-0.32,global
Hummer,H2,Firehjul,Bensin,2005,10,349800,159000,263944,356738,81882,-0.32,global
Hummer,H3,Firehjul,Bensin,2006,11,169000,164000,149000,189372,32994,-0.32,global
Hyundai,Galloper,Firehjul,Diesel,1999,8,31871,260791,21442,39410,12846,-0.32,global
Hyundai,Galloper,Firehjul,Diesel,2000,11,26900,265000,19084,33450,17578,-0.32,global
Hyundai,Galloper,Firehjul,Diesel,2001,6,35950,199650,24400,52222,22531,-0.32,global
Hyundai,Getz,Tohjul,Bensin,2003,9,16942,140076,11942,21942,7568,-0.32,global
Hyundai,Getz,Tohjul,Bensin,2004,16,17300,101167,11401,25367,8783,-0.32,global
Hyundai,Getz,Tohjul,Bensin,2005,10,28950,104554,20475,29900,8014,-0.32,global
Hyundai,Getz,Tohjul,Bensin,2006,21,29900,107000,22900,39900,10368,-0.073,lokal
Hyundai,Getz,Tohjul,Bensin,2007,11,25400,120000,22170,29945,8360,-0.32,global
Hyundai,Getz,Tohjul,Bensin,2008,18,33421,94500,23900,44225,13474,-0.156,lokal
Hyundai,Getz,Tohjul,Diesel,2006,6,19400,154140,13650,22900,7184,-0.32,global
Hyundai,Getz,Tohjul,Diesel,2009,5,26777,188000,16900,29000,9271,-0.32,global
Hyundai,Grand Santa Fe,Firehjul,Diesel,2014,7,189900,118000,179710,194900,31798,-0.32,global
Hyundai,Grand Santa Fe,Firehjul,Diesel,2015,14,139900,207625,117165,153300,44466,-0.32,global
Hyundai,H-1,Firehjul,Diesel,2006,15,34268,208400,17942,36942,22114,-0.32,global
Hyundai,H-1,Tohjul,Diesel,2006,5,29296,190500,27268,33268,4981,-0.32,global
Hyundai,H-1,Tohjul,Diesel,2008,7,41268,135114,25084,55634,23245,-0.32,global
Hyundai,H-1,Tohjul,Diesel,2009,9,31296,182000,20268,36296,13094,-0.32,global
Hyundai,H-1,Tohjul,Diesel,2010,11,15000,177313,11282,33768,18229,-0.32,global
Hyundai,H-1,Tohjul,Diesel,2011,13,39990,178000,16268,59900,32615,-0.32,global
Hyundai,H-1,Tohjul,Diesel,2012,13,30268,174375,26268,49996,22835,-0.32,global
Hyundai,H-1,Tohjul,Diesel,2013,5,62268,172583,59268,74268,17252,-0.32,global
Hyundai,H-1,Tohjul,Diesel,2014,9,66520,166050,46520,89900,34948,-0.32,global
Hyundai,H-1,Tohjul,Diesel,2015,9,51553,167000,46520,56553,30797,-0.32,global
Hyundai,IONIQ,Tohjul,Elektrisk,2017,210,109000,113800,98225,119000,20694,-0.2,lokal
Hyundai,IONIQ,Tohjul,Elektrisk,2018,127,119000,92000,104950,129850,17966,-0.277,lokal
Hyundai,IONIQ,Tohjul,Elektrisk,2019,366,128000,87779,115000,139000,19251,-0.268,lokal
Hyundai,IONIQ,Tohjul,Elektrisk,2020,291,155000,75000,144483,169000,19254,-0.223,lokal
Hyundai,IONIQ,Tohjul,Elektrisk,2021,143,179000,61300,165000,189900,18308,-0.337,lokal
Hyundai,IONIQ,Tohjul,Elektrisk,2022,179,199000,46900,188950,209900,20230,-0.341,lokal
Hyundai,IONIQ,Tohjul,Hybrid,2017,48,128900,118000,118326,139000,24539,-0.179,lokal
Hyundai,IONIQ,Tohjul,Hybrid,2018,15,142000,108200,134900,159450,28051,-0.461,lokal
Hyundai,IONIQ,Tohjul,Hybrid,2019,20,148900,120897,138900,166000,16025,-0.287,lokal
Hyundai,IONIQ,Tohjul,Hybrid,2020,13,179000,71900,169900,188900,13229,-0.32,global
Hyundai,IONIQ,Tohjul,Plug-in hybrid,2017,23,129000,101865,109434,149400,27340,-0.369,lokal
Hyundai,IONIQ,Tohjul,Plug-in hybrid,2018,9,139900,98000,124434,149900,17129,-0.32,global
Hyundai,IONIQ,Tohjul,Plug-in hybrid,2019,17,159900,83500,139532,169900,23353,-0.756,lokal
Hyundai,IONIQ,Tohjul,Plug-in hybrid,2020,11,179000,65800,147217,187000,27985,-0.32,global
Hyundai,Inster,Tohjul,Elektrisk,2025,62,294950,4600,284900,299000,12722,-0.32,global
Hyundai,Ioniq 5,Firehjul,Elektrisk,2021,24,299049,82860,279000,321500,32944,-0.671,lokal
Hyundai,Ioniq 5,Tohjul,Elektrisk,2021,7,239000,81400,214417,256000,39531,-0.32,global
Hyundai,Ioniq 5,Firehjul,Elektrisk,2022,1105,329000,63580,304000,349000,31624,-0.646,lokal
Hyundai,Ioniq 5,Tohjul,Elektrisk,2022,292,279000,62630,259399,299000,30903,-0.56,lokal
Hyundai,Ioniq 5,Firehjul,Elektrisk,2023,497,389000,40938,369000,399900,35858,-0.619,lokal
Hyundai,Ioniq 5,Tohjul,Elektrisk,2023,90,339000,43000,319900,349900,30602,-0.935,lokal
Hyundai,Ioniq 5,Firehjul,Elektrisk,2024,80,439000,21250,419675,451150,39525,-0.283,lokal
Hyundai,Ioniq 5,Tohjul,Elektrisk,2024,35,389900,30,379900,402400,17578,-0.267,lokal
Hyundai,Ioniq 5,Firehjul,Elektrisk,2025,168,518202,11000,498900,544900,29249,-0.029,lokal
Hyundai,Ioniq 5N,Firehjul,Elektrisk,2024,75,589900,17588,569994,607424,28708,-0.672,lokal
Hyundai,Ioniq 6,Firehjul,Elektrisk,2023,132,379000,28000,359000,399000,26610,-0.631,lokal
Hyundai,Ioniq 6,Tohjul,Elektrisk,2023,92,355000,19988,348150,369000,20258,-0.251,lokal
Hyundai,Ioniq 6,Firehjul,Elektrisk,2024,48,411228,13700,389675,429225,31802,-0.832,lokal
Hyundai,Ioniq 6,Tohjul,Elektrisk,2024,14,364000,10700,358900,369000,12019,-0.32,global
Hyundai,Ioniq 6,Firehjul,Elektrisk,2025,55,468900,9000,454450,469000,17231,0.238,lokal
Hyundai,Ioniq 9,Firehjul,Elektrisk,2025,8,838950,4250,836350,859000,25911,-0.32,global
Hyundai,Ioniq 9,Firehjul,Elektrisk,2026,38,839000,6826,838725,849900,23994,-0.32,global
Hyundai,Kona,Tohjul,Bensin,2018,11,159900,66000,142716,167167,17594,-0.32,global
Hyundai,Kona,Tohjul,Elektrisk,2019,461,178000,91508,164900,189000,19675,-0.273,lokal
Hyundai,Kona,Tohjul,Elektrisk,2020,852,189434,79475,178508,209000,23613,-0.307,lokal
Hyundai,Kona,Tohjul,Elektrisk,2021,375,219900,63979,204434,239000,24831,-0.407,lokal
Hyundai,Kona,Tohjul,Elektrisk,2022,620,239900,44500,215900,259925,30304,0.148,lokal
Hyundai,Kona,Tohjul,Elektrisk,2023,607,259900,31771,229900,289900,36399,0.269,lokal
Hyundai,Kona,Tohjul,Elektrisk,2024,478,359900,13100,349086,374000,25102,-0.518,lokal
Hyundai,Kona,Tohjul,Elektrisk,2025,75,398900,5417,379900,409000,17106,-1.014,lokal
Hyundai,Kona,Tohjul,Elektrisk,2026,32,404400,4975,398975,419000,15271,-0.32,global
Hyundai,Matrix,Tohjul,Bensin,2004,6,26921,109850,21900,34942,9912,-0.32,global
Hyundai,Nexo,Tohjul,Hydrogen,2019,11,104532,56000,99667,166434,66917,-0.32,global
Hyundai,Santa Fe,Firehjul,Diesel,2004,9,26942,275000,23900,34900,12103,-0.32,global
Hyundai,Santa Fe,Firehjul,Diesel,2005,7,19900,266537,17900,23422,8242,-0.32,global
Hyundai,Santa Fe,Firehjul,Diesel,2006,59,38900,246540,25400,49900,14937,-0.043,lokal
Hyundai,Santa Fe,Firehjul,Diesel,2007,84,41900,243750,25675,52706,23385,-0.119,lokal
Hyundai,Santa Fe,Firehjul,Diesel,2008,19,45900,230400,24338,77445,33232,-0.505,lokal
Hyundai,Santa Fe,Firehjul,Diesel,2009,34,49900,235500,22650,57650,26663,0.008,lokal
Hyundai,Santa Fe,Firehjul,Diesel,2010,9,79000,214000,59000,89900,25491,-0.32,global
Hyundai,Santa Fe,Firehjul,Diesel,2011,9,59268,218800,44995,69900,27691,-0.32,global
Hyundai,Santa Fe,Firehjul,Diesel,2012,6,81971,234500,70486,94175,14213,-0.32,global
Hyundai,Santa Fe,Firehjul,Diesel,2013,26,161950,174095,132910,186425,39768,-0.435,lokal
Hyundai,Santa Fe,Firehjul,Diesel,2014,17,189000,179600,189000,204434,33608,-0.206,lokal
Hyundai,Santa Fe,Firehjul,Diesel,2015,8,199495,152182,197883,239000,38966,-0.32,global
Hyundai,Santa Fe,Firehjul,Hybrid,2021,12,431617,81541,407242,441425,32085,-0.32,global
Hyundai,Santa Fe,Firehjul,Plug-in hybrid,2021,37,429000,74450,399000,449000,38608,-0.599,lokal
Hyundai,Terracan,Firehjul,Diesel,2004,5,21942,275000,16942,22000,6838,-0.32,global
Hyundai,Terracan,Firehjul,Diesel,2005,20,55648,228000,45067,69426,26278,0.049,lokal
Hyundai,Terracan,Firehjul,Diesel,2006,9,21900,201150,19942,31900,10614,-0.32,global
Hyundai,Tucson,Firehjul,Bensin,2016,21,189990,159879,175000,209000,29326,-0.435,lokal
Hyundai,Tucson,Tohjul,Bensin,2016,20,149900,110494,149000,155857,9066,-0.072,lokal
Hyundai,Tucson,Tohjul,Bensin,2017,11,158900,114097,149667,168900,10472,-0.32,global
Hyundai,Tucson,Firehjul,Diesel,2005,40,36900,230300,26942,45236,13839,-0.121,lokal
Hyundai,Tucson,Firehjul,Diesel,2006,6,37971,193033,35410,46500,8701,-0.32,global
Hyundai,Tucson,Firehjul,Diesel,2007,6,44400,201170,40900,48650,12513,-0.32,global
Hyundai,Tucson,Firehjul,Diesel,2008,9,16942,204000,11900,36945,24061,-0.32,global
Hyundai,Tucson,Firehjul,Diesel,2009,5,69000,162000,62000,75000,11753,-0.32,global
Hyundai,Tucson,Firehjul,Diesel,2013,5,119000,167700,109000,129900,14189,-0.32,global
Hyundai,Tucson,Firehjul,Diesel,2014,5,129900,134000,99900,134900,18371,-0.32,global
Hyundai,Tucson,Firehjul,Diesel,2015,10,189495,149000,170750,199000,18961,-0.32,global
Hyundai,Tucson,Firehjul,Diesel,2016,62,199000,136616,179000,219326,27998,-0.403,lokal
Hyundai,Tucson,Tohjul,Diesel,2016,45,159000,112590,149000,179900,21353,-0.324,lokal
Hyundai,Tucson,Firehjul,Diesel,2017,9,199999,116300,199000,219000,24765,-0.32,global
Hyundai,Tucson,Tohjul,Diesel,2017,44,182117,127000,167658,199200,28676,-0.331,lokal
Hyundai,Tucson,Tohjul,Diesel,2018,32,199266,111217,189900,209225,16705,-0.158,lokal
Hyundai,Tucson,Firehjul,Diesel,2019,21,259000,93913,249000,293434,26318,-0.489,lokal
Hyundai,Tucson,Tohjul,Diesel,2019,12,236717,96838,221899,253250,30243,-0.32,global
Hyundai,Tucson,Firehjul,Diesel,2020,23,297000,71000,279400,314850,21691,-0.446,lokal
Hyundai,Tucson,Firehjul,Hybrid,2019,6,257400,84888,251225,304900,37235,-0.32,global
Hyundai,Tucson,Firehjul,Hybrid,2020,13,294434,87400,269900,319800,26792,-0.32,global
Hyundai,Tucson,Firehjul,Hybrid,2021,7,299900,90000,299000,328950,25723,-0.32,global
Hyundai,Tucson,Firehjul,Hybrid,2022,72,332350,63427,317850,358900,27522,-0.5,lokal
Hyundai,Tucson,Firehjul,Plug-in hybrid,2021,6,329266,57750,324649,352633,20487,-0.32,global
Hyundai,Tucson,Firehjul,Plug-in hybrid,2022,275,349000,60000,329948,365000,32972,-0.555,lokal
Hyundai,Tucson,Firehjul,Plug-in hybrid,2023,10,333950,78209,291500,376425,44862,-0.32,global
Hyundai,Veloster,Tohjul,Bensin,2012,15,59000,130000,45421,68442,20115,-0.32,global
Hyundai,i10,Tohjul,Bensin,2008,7,45000,82000,36900,48942,9918,-0.32,global
Hyundai,i10,Tohjul,Bensin,2009,10,54450,107500,33900,59978,16107,-0.32,global
Hyundai,i10,Tohjul,Bensin,2010,24,33500,123500,26706,46225,13995,-0.101,lokal
Hyundai,i10,Tohjul,Bensin,2011,25,31900,85730,28729,39990,12770,-0.115,lokal
Hyundai,i10,Tohjul,Bensin,2012,5,49000,74500,39900,51858,12618,-0.32,global
Hyundai,i10,Tohjul,Bensin,2013,8,43450,57512,37950,52150,10034,-0.32,global
Hyundai,i10,Tohjul,Bensin,2014,18,55089,74022,36486,77750,22950,-0.362,lokal
Hyundai,i10,Tohjul,Bensin,2015,18,60618,70575,38610,84934,27634,-0.377,lokal
Hyundai,i10,Tohjul,Bensin,2017,5,79990,78600,68166,89000,17300,-0.32,global
Hyundai,i20,Tohjul,Bensin,2009,52,29000,119800,19900,36942,17010,-0.143,lokal
Hyundai,i20,Tohjul,Bensin,2010,62,29450,113563,22850,49675,18021,-0.165,lokal
Hyundai,i20,Tohjul,Bensin,2011,64,38400,118500,25932,46910,18056,-0.097,lokal
Hyundai,i20,Tohjul,Bensin,2012,20,41971,90604,29456,57910,18968,-0.278,lokal
Hyundai,i20,Tohjul,Bensin,2013,77,45000,126566,36900,58942,19127,-0.127,lokal
Hyundai,i20,Tohjul,Bensin,2014,27,59966,95000,49900,75083,17901,-0.132,lokal
Hyundai,i20,Tohjul,Bensin,2015,48,77083,100400,59124,89042,23151,-0.204,lokal
Hyundai,i20,Tohjul,Bensin,2016,25,84729,87505,73166,92236,17189,-0.134,lokal
Hyundai,i20,Tohjul,Bensin,2017,19,89000,98800,78900,96450,15243,-0.149,lokal
Hyundai,i20,Tohjul,Bensin,2018,26,99900,92200,94900,119000,19193,0.15,lokal
Hyundai,i20,Tohjul,Bensin,2019,21,134900,75000,119000,149000,21705,-0.48,lokal
Hyundai,i20,Tohjul,Bensin,2020,9,153166,65000,149000,163166,17781,-0.32,global
Hyundai,i20,Tohjul,Diesel,2010,5,21942,142000,19900,39900,19429,-0.32,global
Hyundai,i20,Tohjul,Diesel,2011,7,20000,101500,18421,41421,19970,-0.32,global
Hyundai,i30,Tohjul,Bensin,2008,15,29900,145500,22400,42450,21565,-0.32,global
Hyundai,i30,Tohjul,Bensin,2009,15,31900,144000,25450,42314,12954,-0.32,global
Hyundai,i30,Tohjul,Bensin,2010,24,36421,176217,23660,49922,19032,-0.027,lokal
Hyundai,i30,Tohjul,Bensin,2011,17,49000,117884,29900,65942,19001,-0.241,lokal
Hyundai,i30,Tohjul,Bensin,2012,13,59000,150000,39990,69000,24309,-0.32,global
Hyundai,i30,Tohjul,Bensin,2013,57,62942,141000,50942,71900,20067,-0.142,lokal
Hyundai,i30,Tohjul,Bensin,2014,22,79900,113850,64666,99000,29375,-0.254,lokal
Hyundai,i30,Tohjul,Bensin,2018,35,138900,96532,126950,171717,43409,-0.051,lokal
Hyundai,i30,Tohjul,Diesel,2008,43,22900,193640,17421,32421,12950,-0.123,lokal
Hyundai,i30,Tohjul,Diesel,2009,54,28471,177355,16150,39978,17358,-0.111,lokal
Hyundai,i30,Tohjul,Diesel,2010,43,36900,165000,22000,44471,13594,-0.114,lokal
Hyundai,i30,Tohjul,Diesel,2011,41,36900,153450,23942,49900,18091,0.015,lokal
Hyundai,i30,Tohjul,Diesel,2012,38,39900,144342,30225,59900,22687,-0.231,lokal
Hyundai,i30,Tohjul,Diesel,2013,54,53950,149300,42436,69375,23994,-0.175,lokal
Hyundai,i30,Tohjul,Diesel,2014,14,44971,174000,37704,68700,23664,-0.32,global
Hyundai,i30,Tohjul,Diesel,2015,14,89692,128130,81690,124250,28620,-0.32,global
Hyundai,i40,Tohjul,Bensin,2012,7,36932,128741,36900,54900,25249,-0.32,global
Hyundai,i40,Tohjul,Bensin,2013,9,36942,185400,36942,39942,3943,-0.32,global
Hyundai,i40,Tohjul,Diesel,2011,10,52450,184762,42175,68750,21305,-0.32,global
Hyundai,i40,Tohjul,Diesel,2012,172,48421,186972,31932,62650,21283,-0.153,lokal
Hyundai,i40,Tohjul,Diesel,2013,43,59900,172000,45400,70948,26088,-0.023,lokal
Hyundai,i40,Tohjul,Diesel,2014,18,83434,162925,59811,89963,23905,-0.228,lokal
Hyundai,i40,Tohjul,Diesel,2016,7,139000,160000,123434,149900,20905,-0.32,global
Hyundai,ix20,Tohjul,Bensin,2011,63,51900,110500,39945,63900,18728,-0.039,lokal
Hyundai,ix20,Tohjul,Bensin,2012,44,69000,144563,49932,79999,18921,0.197,lokal
Hyundai,ix20,Tohjul,Bensin,2013,15,69999,85000,50750,90000,25130,-0.32,global
Hyundai,ix20,Tohjul,Bensin,2014,8,65166,81100,56891,89966,19598,-0.32,global
Hyundai,ix20,Tohjul,Diesel,2011,23,45000,135000,28942,58442,17529,0.029,lokal
Hyundai,ix20,Tohjul,Diesel,2012,6,38900,157500,26900,42650,17428,-0.32,global
Hyundai,ix35,Firehjul,Bensin,2011,11,89000,162000,77470,103442,19508,-0.32,global
Hyundai,ix35,Firehjul,Bensin,2012,16,116900,110000,111400,119900,13410,-0.32,global
Hyundai,ix35,Tohjul,Bensin,2013,6,55450,166500,49000,75400,21995,-0.32,global
Hyundai,ix35,Tohjul,Bensin,2014,7,109900,155000,94900,114950,15053,-0.32,global
Hyundai,ix35,Firehjul,Diesel,2010,12,67450,179000,55625,71500,11356,-0.32,global
Hyundai,ix35,Firehjul,Diesel,2011,67,61900,183000,51921,85900,23107,-0.29,lokal
Hyundai,ix35,Tohjul,Diesel,2011,21,69900,178130,60000,75000,14741,-0.068,lokal
Hyundai,ix35,Firehjul,Diesel,2012,32,67950,194900,55410,76859,18906,-0.073,lokal
Hyundai,ix35,Tohjul,Diesel,2012,53,64900,174600,52000,76900,18349,-0.011,lokal
Hyundai,ix35,Firehjul,Diesel,2013,16,99450,143000,83986,121500,37593,-0.457,lokal
Hyundai,ix35,Tohjul,Diesel,2013,28,71400,174115,64348,83229,16164,-0.072,lokal
Hyundai,ix35,Firehjul,Diesel,2014,25,129900,158760,99999,139900,27826,-0.273,lokal
Hyundai,ix35,Tohjul,Diesel,2014,9,94990,127000,79434,99900,21329,-0.32,global
Isuzu,D-max,Firehjul,Diesel,2007,21,96942,274000,79268,151900,57586,-0.371,lokal
Isuzu,D-max,Firehjul,Diesel,2008,50,81098,274450,66447,126500,48797,-0.056,lokal
Isuzu,D-max,Firehjul,Diesel,2009,26,108134,216875,79925,149900,45112,-0.459,lokal
Isuzu,D-max,Firehjul,Diesel,2010,31,136268,216000,104000,177648,69398,-0.645,lokal
Isuzu,D-max,Firehjul,Diesel,2011,28,129134,200624,101104,166951,47373,0.052,lokal
Isuzu,D-max,Firehjul,Diesel,2012,48,219500,189908,158992,273222,75309,-0.245,lokal
Isuzu,D-max,Firehjul,Diesel,2013,52,249584,205944,176275,289250,101075,-0.586,lokal
Isuzu,D-max,Firehjul,Diesel,2014,57,211520,174142,163520,259999,75672,-0.626,lokal
Isuzu,D-max,Firehjul,Diesel,2015,74,244036,165040,197140,278388,96994,-0.711,lokal
Isuzu,D-max,Firehjul,Diesel,2016,96,248500,154815,209675,283390,61853,-0.567,lokal
Isuzu,D-max,Firehjul,Diesel,2017,67,289000,140424,249260,323260,78127,-0.632,lokal
Isuzu,D-max,Firehjul,Diesel,2018,91,309900,127116,264450,345276,104542,-0.598,lokal
Isuzu,D-max,Firehjul,Diesel,2019,123,326811,103320,279000,359900,82543,-0.803,lokal
Isuzu,D-max,Firehjul,Diesel,2020,33,369000,85500,340553,389900,88316,-0.139,lokal
Isuzu,D-max,Firehjul,Diesel,2021,173,429000,81000,399520,449990,72445,-0.454,lokal
Isuzu,D-max,Firehjul,Diesel,2022,124,449900,61750,429000,499225,125647,-0.442,lokal
Isuzu,D-max,Firehjul,Diesel,2023,102,504450,42250,469000,593500,99852,-1.851,lokal
Isuzu,D-max,Firehjul,Diesel,2024,83,569900,15442,509000,628500,96601,-0.402,lokal
Isuzu,D-max,Firehjul,Diesel,2025,67,686800,7500,639495,844000,3988256,-4.015,lokal
Iveco,Daily,Tohjul,Diesel,2001,6,34134,154862,20300,36289,12253,-0.32,global
Iveco,Daily,Tohjul,Diesel,2006,10,41268,197389,22992,106722,48224,-0.32,global
Iveco,Daily,Tohjul,Diesel,2007,11,76268,224277,50282,95768,39457,-0.32,global
Iveco,Daily,Tohjul,Diesel,2008,10,100268,221246,61893,116910,39536,-0.32,global
Iveco,Daily,Tohjul,Diesel,2010,11,66900,182000,50518,103282,40177,-0.32,global
Iveco,Daily,Tohjul,Diesel,2011,10,58632,296718,52525,60722,18083,-0.32,global
Iveco,Daily,Tohjul,Diesel,2012,6,95134,231950,51722,101268,42247,-0.32,global
Iveco,Daily,Tohjul,Diesel,2013,13,61296,225000,54942,96268,43680,-0.32,global
Iveco,Daily,Tohjul,Diesel,2014,25,126520,202000,86520,143520,43418,-0.266,lokal
Iveco,Daily,Tohjul,Diesel,2015,10,106536,274000,68360,137270,70857,-0.32,global
Iveco,Daily,Tohjul,Diesel,2016,14,161036,173750,85278,220045,73823,-0.32,global
Iveco,Daily,Tohjul,Diesel,2017,19,149000,230500,81536,200226,63649,-0.22,lokal
Iveco,Daily,Tohjul,Diesel,2018,17,169000,220785,125553,211520,99702,-0.164,lokal
Iveco,Daily,Tohjul,Diesel,2019,23,243520,161000,189000,309450,79931,-0.357,lokal
Iveco,Daily,Tohjul,Diesel,2020,16,282260,135950,181520,304129,70746,-0.32,global
Iveco,Daily,Tohjul,Diesel,2021,25,399000,133000,289000,480000,104061,-0.442,lokal
Iveco,Daily,Tohjul,Diesel,2022,23,450000,81165,383500,494250,88367,-0.412,lokal
Iveco,Daily,Tohjul,Diesel,2023,7,629000,69000,599000,730230,147289,-0.32,global
Iveco,Daily,Tohjul,Diesel,2025,8,924500,1504,842156,1063876,144980,-0.32,global
JAC,E30X,Tohjul,Elektrisk,2024,5,259900,4000,233700,269000,19326,-0.32,global
JAC,E30X,Tohjul,Elektrisk,2025,16,247000,1750,219051,259900,27087,-0.32,global
JAC,e-JS4,Tohjul,Elektrisk,2022,9,219000,24750,209000,225000,22543,-0.32,global
JAC,e-JS4,Tohjul,Elektrisk,2023,30,219000,26650,209250,249000,28858,-1.595,lokal
JAC,e-JS4,Tohjul,Elektrisk,2024,16,256950,10000,239675,308500,38387,-2.033,lokal
JAC,e-JS4,Tohjul,Elektrisk,2025,15,289000,800,259000,314000,105900,-1.295,lokal
Jaguar,E-PACE,Firehjul,Diesel,2018,31,275000,128230,269000,299000,24642,-0.42,lokal
Jaguar,E-PACE,Firehjul,Diesel,2020,6,379450,54500,364000,394900,23768,-0.32,global
Jaguar,E-PACE,Firehjul,Plug-in hybrid,2021,15,529000,44000,463500,529000,46832,-0.32,global
Jaguar,E-PACE,Firehjul,Plug-in hybrid,2022,8,539000,44650,536500,541500,7559,-0.32,global
Jaguar,F-PACE,Firehjul,Bensin,2017,12,399999,130500,399000,419999,10672,0.644,lokal
Jaguar,F-PACE,Firehjul,Bensin,2018,10,329450,109000,300286,334159,34665,-0.32,global
Jaguar,F-PACE,Firehjul,Diesel,2017,81,279900,135000,234434,319000,60463,0.39,lokal
Jaguar,F-PACE,Firehjul,Diesel,2018,33,299900,105000,279000,344990,57536,-0.334,lokal
Jaguar,F-PACE,Firehjul,Hybrid,2021,11,589000,61300,564450,619500,44447,-0.32,global
Jaguar,F-PACE,Firehjul,Plug-in hybrid,2021,35,619900,46500,599000,634000,30071,0.341,lokal
Jaguar,F-PACE,Firehjul,Plug-in hybrid,2022,68,649000,50664,629900,709000,51316,-1.378,lokal
Jaguar,F-TYPE,Tohjul,Bensin,2014,6,634421,47400,554975,673061,84049,-0.32,global
Jaguar,F-TYPE,Tohjul,Bensin,2015,5,589000,114900,550000,648434,127180,-0.32,global
Jaguar,F-TYPE,Firehjul,Bensin,2016,5,734532,69000,649900,869000,117258,-0.32,global
Jaguar,F-TYPE,Tohjul,Bensin,2018,5,688000,77000,629900,698000,51885,-0.32,global
Jaguar,I-PACE,Firehjul,Elektrisk,2019,389,224900,91000,199900,253434,45459,-0.537,lokal
Jaguar,I-PACE,Firehjul,Elektrisk,2020,340,239900,81500,219000,279624,50464,-0.824,lokal
Jaguar,I-PACE,Firehjul,Elektrisk,2021,324,314500,63000,279000,349000,52689,-0.802,lokal
Jaguar,I-PACE,Firehjul,Elektrisk,2022,130,399000,54000,362175,468000,62698,-0.41,lokal
Jaguar,I-PACE,Firehjul,Elektrisk,2023,224,499000,33000,479675,529000,58143,-0.329,lokal
Jaguar,I-PACE,Firehjul,Elektrisk,2024,57,599000,17447,589000,629000,61013,-1.171,lokal
Jaguar,S-TYPE,Tohjul,Bensin,2003,10,46450,181500,28306,53425,22202,-0.32,global
Jaguar,X-TYPE,Tohjul,Diesel,2004,5,31900,169300,29900,37942,12765,-0.32,global
Jaguar,X-TYPE,Tohjul,Diesel,2006,5,30000,196000,29900,39900,13891,-0.32,global
Jaguar,X-TYPE,Tohjul,Diesel,2009,5,59900,166000,31900,79999,31682,-0.32,global
Jaguar,XE,Tohjul,Diesel,2016,30,169000,120000,159000,188000,35675,-0.456,lokal
Jaguar,XE,Firehjul,Diesel,2017,14,227000,123000,212175,246725,29660,-0.32,global
Jaguar,XE,Tohjul,Diesel,2017,8,152216,121400,139326,168258,31080,-0.32,global
Jaguar,XE,Firehjul,Diesel,2018,5,229500,113500,219000,254434,24929,-0.32,global
Jaguar,XF,Tohjul,Diesel,2008,9,60900,235064,49900,79900,25914,-0.32,global
Jaguar,XF,Tohjul,Diesel,2009,7,99000,185400,57921,117400,33801,-0.32,global
Jaguar,XF,Tohjul,Diesel,2010,7,80900,184000,63421,88421,32573,-0.32,global
Jaguar,XF,Tohjul,Diesel,2011,6,93400,203615,82400,114968,24246,-0.32,global
Jaguar,XF,Tohjul,Diesel,2012,9,118900,186000,99900,141942,25822,-0.32,global
Jaguar,XF,Tohjul,Diesel,2013,22,125742,157088,91500,189499,50504,-0.446,lokal
Jaguar,XF,Tohjul,Diesel,2014,12,151667,174000,136410,172499,31421,-0.32,global
Jaguar,XF,Tohjul,Diesel,2015,6,199000,155000,198000,229275,56902,-0.32,global
Jaguar,XF,Tohjul,Diesel,2016,15,209999,121500,184516,229000,47571,-0.32,global
Jaguar,XF,Tohjul,Diesel,2017,5,229990,63276,219990,239000,9759,-0.32,global
Jaguar,XF,Firehjul,Diesel,2018,12,299450,80600,276826,304900,54462,-0.32,global
Jaguar,XF,Firehjul,Diesel,2019,5,304434,93600,253532,309900,38749,-0.32,global
Jaguar,XJ,Tohjul,Bensin,1986,6,94950,182314,71225,165175,74173,-0.32,global
Jaguar,XJ,Tohjul,Bensin,1995,5,65000,120000,59000,76900,42057,-0.32,global
Jaguar,XJ,Tohjul,Bensin,1996,5,89990,138383,59000,101777,110957,-0.32,global
Jaguar,XJ,Tohjul,Bensin,1997,8,71950,192000,44900,117175,90136,-0.32,global
Jaguar,XJ,Tohjul,Bensin,1998,10,60450,183000,35400,78749,45062,-0.32,global
Jaguar,XJ,Tohjul,Bensin,2003,7,209000,82000,129450,219000,58884,-0.32,global
Jaguar,XJ,Tohjul,Bensin,2006,7,199000,79000,199000,249000,68837,-0.32,global
Jaguar,XJ,Tohjul,Diesel,2016,6,369000,99465,354675,391500,56356,-0.32,global
Jaguar,XK,Tohjul,Bensin,1997,6,97950,130500,75400,143675,42768,-0.32,global
Jaguar,XK,Tohjul,Bensin,1999,6,164500,132750,153925,169750,14170,-0.32,global
Jaguar,XK,Tohjul,Bensin,2000,6,191950,137000,81432,248425,94224,-0.32,global
Jaguar,XK,Tohjul,Bensin,2006,7,449000,58000,415471,474500,59101,-0.32,global
Jaguar,XK,Tohjul,Bensin,2007,13,349000,70600,329900,389000,63063,-0.32,global
Jeep,Avenger,Tohjul,Elektrisk,2023,73,299900,17500,279900,319900,24102,-0.32,global
Jeep,Avenger,Tohjul,Elektrisk,2024,35,309900,14500,299000,319950,23108,-0.31,lokal
Jeep,Avenger,Tohjul,Elektrisk,2025,18,354400,2999,342175,366757,17806,-0.32,global
Jeep,Cherokee,Firehjul,Diesel,2000,11,43900,239500,15421,61421,25178,-0.32,global
Jeep,Cherokee,Firehjul,Diesel,2003,6,31814,202760,19389,70682,43706,-0.32,global
Jeep,Cherokee,Firehjul,Diesel,2014,21,219000,104000,159900,219900,40703,-0.526,lokal
Jeep,Cherokee,Firehjul,Diesel,2015,7,199990,127500,182216,224495,25080,-0.32,global
Jeep,Cherokee,Firehjul,Diesel,2016,13,249900,157500,239900,249900,20724,-0.32,global
Jeep,Cherokee,Firehjul,Diesel,2018,13,289900,76000,279900,309900,20177,-0.32,global
Jeep,Commander,Firehjul,Diesel,2006,13,87900,262539,73000,99990,37636,-0.32,global
Jeep,Commander,Firehjul,Diesel,2007,48,84900,266500,53725,133692,51340,-0.522,lokal
Jeep,Commander,Firehjul,Diesel,2008,12,99900,275500,74574,120410,44869,-0.32,global
Jeep,Compass,Firehjul,Diesel,2007,6,16000,239624,14425,20425,17054,-0.32,global
Jeep,Compass,Firehjul,Diesel,2012,12,49838,156864,29938,66932,32718,-0.32,global
Jeep,Compass,Firehjul,Diesel,2018,8,219000,93500,206725,253675,38255,-0.32,global
Jeep,Compass,Firehjul,Hybrid,2020,8,287450,50500,268500,298475,29967,-0.32,global
Jeep,Compass,Firehjul,Hybrid,2021,24,289000,68000,268725,322422,41957,-1.216,lokal
Jeep,Compass,Firehjul,Hybrid,2023,13,349990,87100,349990,399000,73021,-0.32,global
Jeep,Compass,Firehjul,Plug-in hybrid,2020,13,279000,68953,259900,294532,23114,-0.32,global
Jeep,Compass,Firehjul,Plug-in hybrid,2021,45,299000,73450,279900,319900,25195,0.099,lokal
Jeep,Compass,Firehjul,Plug-in hybrid,2022,46,376700,39235,349900,395000,39588,-0.502,lokal
Jeep,Compass,Firehjul,Plug-in hybrid,2023,6,434000,31604,404675,449000,27760,-0.32,global
Jeep,Compass,Firehjul,Plug-in hybrid,2024,5,499900,22599,489900,499900,5477,-0.32,global
Jeep,Gladiator,Firehjul,Diesel,2021,19,678000,65000,608450,738203,78153,-1.275,lokal
Jeep,Grand Cherokee,Firehjul,Bensin,1995,5,25000,343038,25000,31942,7896,-0.32,global
Jeep,Grand Cherokee,Firehjul,Bensin,1997,5,71900,176562,21900,71900,35517,-0.32,global
Jeep,Grand Cherokee,Firehjul,Bensin,1999,5,27490,267500,22000,31900,47044,-0.32,global
Jeep,Grand Cherokee,Firehjul,Bensin,2000,5,54942,262000,39729,89000,35923,-0.32,global
Jeep,Grand Cherokee,Firehjul,Bensin,2001,7,32000,230000,22942,45721,17208,-0.32,global
Jeep,Grand Cherokee,Firehjul,Bensin,2004,8,75900,234750,29150,93182,40496,-0.32,global
Jeep,Grand Cherokee,Firehjul,Diesel,2000,9,16900,222000,9900,26942,11199,-0.32,global
Jeep,Grand Cherokee,Firehjul,Diesel,2001,8,39921,229000,29225,66910,22156,-0.32,global
Jeep,Grand Cherokee,Firehjul,Diesel,2003,8,30921,301750,16900,43150,14515,-0.32,global
Jeep,Grand Cherokee,Firehjul,Diesel,2004,8,32471,262100,25000,57942,27458,-0.32,global
Jeep,Grand Cherokee,Firehjul,Diesel,2012,7,259000,172500,217950,294000,56381,-0.32,global
Jeep,Grand Cherokee,Firehjul,Diesel,2013,8,254970,193000,242175,262442,27855,-0.32,global
Jeep,Grand Cherokee,Firehjul,Diesel,2014,5,349000,191000,344305,399900,74226,-0.32,global
Jeep,Patriot,Firehjul,Diesel,2007,11,21845,179522,11900,21942,16722,-0.32,global
Jeep,Patriot,Firehjul,Diesel,2008,6,40450,188440,23706,55682,27196,-0.32,global
Jeep,Patriot,Firehjul,Diesel,2009,5,51942,199279,26900,56900,21032,-0.32,global
Jeep,Renegade,Firehjul,Diesel,2015,17,149434,147675,129000,199900,46279,-0.617,lokal
Jeep,Renegade,Firehjul,Diesel,2016,5,119000,194700,109900,169000,37540,-0.32,global
Jeep,Renegade,Tohjul,Diesel,2020,5,239000,91000,235000,249000,8786,-0.32,global
Jeep,Renegade,Firehjul,Hybrid,2020,6,259000,72000,231500,287175,32047,-0.32,global
Jeep,Renegade,Firehjul,Hybrid,2021,5,319000,29000,299900,319800,39635,-0.32,global
Jeep,Renegade,Firehjul,Plug-in hybrid,2020,28,282167,60000,267400,298900,22581,-0.506,lokal
Jeep,Renegade,Firehjul,Plug-in hybrid,2021,11,279434,44198,269900,289900,13432,-0.32,global
Jeep,Wrangler,Firehjul,Bensin,1997,10,192971,152126,144410,239000,67428,-0.32,global
Jeep,Wrangler,Firehjul,Bensin,1998,8,129950,186796,115182,142322,21073,-0.32,global
Jeep,Wrangler,Firehjul,Bensin,2001,6,120946,187250,119944,149660,51408,-0.32,global
Jeep,Wrangler,Firehjul,Diesel,2009,25,249950,178000,226900,299900,62674,-0.741,lokal
Jeep,Wrangler,Firehjul,Diesel,2010,5,288900,219800,279950,299950,43031,-0.32,global
Jeep,Wrangler,Firehjul,Diesel,2012,52,349900,172281,308912,379950,58088,-0.553,lokal
Jeep,Wrangler,Firehjul,Diesel,2013,13,339000,152625,300000,349950,57658,-0.32,global
Jeep,Wrangler,Firehjul,Diesel,2014,19,339999,121000,299925,359450,58356,-0.013,lokal
Jeep,Wrangler,Firehjul,Diesel,2015,7,325000,113000,299000,412477,69122,-0.32,global
Jeep,Wrangler,Firehjul,Diesel,2019,24,453276,95000,421500,511500,97985,-0.705,lokal
Jeep,Wrangler,Firehjul,Diesel,2020,15,458000,92000,439000,489710,46927,-0.32,global
Jeep,Wrangler,Firehjul,Hybrid,2021,16,694450,60100,643675,716000,81940,-1.171,lokal
Jeep,Wrangler,Firehjul,Plug-in hybrid,2021,34,689400,61800,659825,699784,35910,-0.109,lokal
KGM,Musso EV,Firehjul,Elektrisk,2025,16,485900,35,469675,516000,22408,-0.32,global
KGM,Musso EV,Firehjul,Elektrisk,2026,9,479900,35,469900,499900,31051,-0.32,global
KGM,Musso Grand,Firehjul,Diesel,2024,22,532000,18000,499225,591500,63614,0.184,lokal
KGM,Musso Grand,Tohjul,Diesel,2024,6,522000,18500,504000,535500,22935,-0.32,global
KGM,Rexton,Firehjul,Diesel,2024,35,559000,24000,549000,584000,35651,-0.676,lokal
KGM,Torres EVX,Tohjul,Elektrisk,2024,43,379000,12000,369000,399940,30181,-1.268,lokal
KGM,Torres EVX,Tohjul,Elektrisk,2025,28,399000,35,399000,419000,31097,-0.32,global
KGM,eKorando,Tohjul,Elektrisk,2024,19,279000,7403,278500,319000,39856,-2.156,lokal
KGM,eKorando,Tohjul,Elektrisk,2025,5,299000,10,279000,299000,130541,-0.32,global
Kia,Carens,Tohjul,Bensin,2014,6,94000,106539,43250,99000,38018,-0.32,global
Kia,Carens,Tohjul,Diesel,2014,11,69000,173500,60971,92466,25117,-0.32,global
Kia,Carens,Tohjul,Diesel,2015,6,95995,182241,82925,103248,27224,-0.32,global
Kia,Carens,Tohjul,Diesel,2016,13,99000,170000,89000,139900,32838,-0.32,global
Kia,Carens,Tohjul,Diesel,2017,9,139000,119000,139000,169900,22836,-0.32,global
Kia,Ceed,Tohjul,Bensin,2007,6,31150,166500,23850,36837,11197,-0.32,global
Kia,Ceed,Tohjul,Bensin,2009,8,39900,168200,31418,41660,7805,-0.32,global
Kia,Ceed,Tohjul,Bensin,2012,10,61400,115300,49175,74900,26585,-0.32,global
Kia,Ceed,Tohjul,Bensin,2013,53,59900,142000,43900,69900,20169,-0.085,lokal
Kia,Ceed,Tohjul,Bensin,2014,31,67000,142000,49900,77000,26362,-0.273,lokal
Kia,Ceed,Tohjul,Bensin,2015,13,70166,144000,64900,82900,22632,-0.32,global
Kia,Ceed,Tohjul,Bensin,2016,38,89900,129600,76034,109784,23953,-0.199,lokal
Kia,Ceed,Tohjul,Bensin,2017,11,124434,112784,104450,134000,31514,-0.32,global
Kia,Ceed,Tohjul,Bensin,2019,33,184900,80300,169000,199900,23671,0.1,lokal
Kia,Ceed,Tohjul,Bensin,2020,5,175000,87000,174990,179000,33261,-0.32,global
Kia,Ceed,Tohjul,Diesel,2007,18,22471,180627,13682,29675,10043,-0.057,lokal
Kia,Ceed,Tohjul,Diesel,2008,41,26900,177454,16942,39990,14591,-0.065,lokal
Kia,Ceed,Tohjul,Diesel,2009,15,29942,187000,25950,39480,16018,-0.32,global
Kia,Ceed,Tohjul,Diesel,2010,55,29900,197650,19400,43450,22242,-0.114,lokal
Kia,Ceed,Tohjul,Diesel,2011,32,37871,174422,22725,51724,17351,-0.084,lokal
Kia,Ceed,Tohjul,Diesel,2012,43,36942,159000,30000,57900,18681,-0.197,lokal
Kia,Ceed,Tohjul,Diesel,2013,44,59900,150614,49900,74850,18958,0.041,lokal
Kia,Ceed,Tohjul,Diesel,2014,27,59900,146500,55216,76717,22745,-0.342,lokal
Kia,Ceed,Tohjul,Diesel,2015,17,79000,128000,69000,89000,17587,-0.013,lokal
Kia,Ceed,Tohjul,Diesel,2016,12,122400,126975,109675,129225,17144,-0.32,global
Kia,Ceed,Tohjul,Diesel,2019,5,185000,145000,157343,189900,19001,-0.32,global
Kia,Ceed,Tohjul,Hybrid,2021,14,219900,90250,202400,234925,20552,-0.947,lokal
Kia,Ceed,Tohjul,Plug-in hybrid,2020,12,199400,93840,179000,219108,25798,-0.32,global
Kia,Ceed,Tohjul,Plug-in hybrid,2021,27,219900,53500,216950,239850,19384,-0.027,lokal
Kia,Ceed,Tohjul,Plug-in hybrid,2022,19,259900,59922,249450,279000,23827,-0.851,lokal
Kia,EV3,Tohjul,Elektrisk,2024,5,439900,14500,439900,449900,15166,-0.32,global
Kia,EV3,Tohjul,Elektrisk,2025,489,439000,4100,409900,459000,31865,-0.578,lokal
Kia,EV3,Tohjul,Elektrisk,2026,37,388000,30,358000,439000,54956,-0.32,global
Kia,EV4,Tohjul,Elektrisk,2025,8,549000,268,539000,559900,24068,-0.32,global
Kia,EV4,Tohjul,Elektrisk,2026,34,484450,38,459225,514225,51119,-0.32,global
Kia,EV5,Tohjul,Elektrisk,2026,8,579000,50,556500,579000,17729,-0.32,global
Kia,EV6,Firehjul,Elektrisk,2022,259,379000,60000,349945,399900,38684,-0.726,lokal
Kia,EV6,Tohjul,Elektrisk,2022,157,319900,59000,299000,339900,36928,-0.682,lokal
Kia,EV6,Firehjul,Elektrisk,2023,271,429900,36000,409995,449900,41224,-0.623,lokal
Kia,EV6,Tohjul,Elektrisk,2023,59,358900,44800,329000,368172,43002,-0.753,lokal
Kia,EV6,Firehjul,Elektrisk,2024,211,469900,16500,459000,489900,36318,-0.791,lokal
Kia,EV6,Tohjul,Elektrisk,2024,12,399400,23255,399000,409225,19398,-0.32,global
Kia,EV6,Firehjul,Elektrisk,2025,122,549000,12474,535000,569900,41294,-0.194,lokal
Kia,EV9,Firehjul,Elektrisk,2024,348,785000,21800,769000,799000,31149,-0.494,lokal
Kia,EV9,Tohjul,Elektrisk,2024,5,639000,27500,629000,649000,16925,-0.32,global
Kia,EV9,Firehjul,Elektrisk,2025,140,844950,12394,829000,869000,42741,-0.67,lokal
Kia,EV9,Firehjul,Elektrisk,2026,6,899900,55,899900,959900,47021,-0.32,global
Kia,Niro,Tohjul,Elektrisk,2019,18,189000,92000,178250,199000,20605,-0.29,lokal
Kia,Niro,Tohjul,Elektrisk,2020,18,204900,79000,191925,219900,19966,-0.543,lokal
Kia,Niro,Tohjul,Elektrisk,2021,78,229000,73350,209034,239999,24310,-0.45,lokal
Kia,Niro,Tohjul,Elektrisk,2022,31,259000,50000,234350,279000,31764,-0.894,lokal
Kia,Niro,Tohjul,Elektrisk,2023,331,299000,39500,279900,319900,26933,-0.468,lokal
Kia,Niro,Tohjul,Elektrisk,2024,82,339900,12588,315925,353750,35051,-0.804,lokal
Kia,Niro,Tohjul,Elektrisk,2025,365,369900,15,358900,379900,23230,-0.32,global
Kia,Niro,Tohjul,Hybrid,2017,138,139900,113200,125500,159508,26099,-0.341,lokal
Kia,Niro,Tohjul,Hybrid,2018,85,159990,99900,139900,178000,27902,-0.437,lokal
Kia,Niro,Tohjul,Hybrid,2019,64,169266,95200,159000,184550,20424,-0.384,lokal
Kia,Niro,Tohjul,Hybrid,2020,29,219900,63000,199000,229900,22464,-0.463,lokal
Kia,Niro,Tohjul,Hybrid,2021,34,249900,25000,231525,263650,21274,-0.244,lokal
Kia,Niro,Tohjul,Hybrid,2022,5,249000,53000,237343,249000,8970,-0.32,global
Kia,Niro,Tohjul,Hybrid,2023,14,329900,35050,322175,338650,21722,-0.541,lokal
Kia,Niro,Tohjul,Plug-in hybrid,2018,112,149900,106000,139900,169133,23894,-0.34,lokal
Kia,Niro,Tohjul,Plug-in hybrid,2019,90,176900,93950,164550,185000,17161,-0.231,lokal
Kia,Niro,Tohjul,Plug-in hybrid,2020,13,214900,73000,209000,219000,19696,-0.32,global
Kia,Niro,Tohjul,Plug-in hybrid,2021,46,232400,65667,215925,249600,20470,-0.552,lokal
Kia,Niro,Tohjul,Plug-in hybrid,2022,25,229900,75000,214900,239900,30737,-0.32,global
Kia,Niro,Tohjul,Plug-in hybrid,2023,50,339825,31166,321150,359000,27203,-0.125,lokal
Kia,Niro,Tohjul,Plug-in hybrid,2024,9,349900,18208,349000,359000,13114,-0.32,global
Kia,Optima,Tohjul,Diesel,2016,8,149000,128788,129675,154925,28422,-0.32,global
Kia,Optima,Tohjul,Diesel,2017,21,164434,115500,148934,174900,22997,-0.344,lokal
Kia,Optima,Tohjul,Hybrid,2013,5,98900,124990,96942,109900,21824,-0.32,global
Kia,Optima,Tohjul,Hybrid,2015,8,129999,113220,112434,139575,37957,-0.32,global
Kia,Optima,Tohjul,Hybrid,2016,8,117212,106750,105198,135875,21194,-0.32,global
Kia,Optima,Tohjul,Hybrid,2017,32,151650,124315,138883,181034,30135,-0.49,lokal
Kia,Optima,Tohjul,Hybrid,2018,69,149900,119000,129999,174000,30252,-0.509,lokal
Kia,Optima,Tohjul,Hybrid,2019,21,179999,97500,167000,189900,32626,-0.342,lokal
Kia,Optima,Tohjul,Hybrid,2020,6,199900,94768,199900,214225,25771,-0.32,global
Kia,Optima,Tohjul,Plug-in hybrid,2017,6,134000,119426,118076,146500,19535,-0.32,global
Kia,Optima,Tohjul,Plug-in hybrid,2018,121,154434,112000,139000,169000,24540,-0.398,lokal
Kia,Optima,Tohjul,Plug-in hybrid,2019,37,189900,94000,179900,199900,27308,-0.244,lokal
Kia,Optima,Tohjul,Plug-in hybrid,2020,23,219000,91953,199450,222450,18732,-0.141,lokal
Kia,Picanto,Tohjul,Bensin,2005,7,25942,113300,22921,28950,3922,-0.32,global
Kia,Picanto,Tohjul,Bensin,2006,5,21942,131352,19900,27900,17975,-0.32,global
Kia,Picanto,Tohjul,Bensin,2011,9,29900,100400,25000,38900,10955,-0.32,global
Kia,Picanto,Tohjul,Bensin,2012,69,39900,107052,28942,49900,14930,-0.024,lokal
Kia,Picanto,Tohjul,Bensin,2013,74,36400,107100,29900,44900,17686,-0.172,lokal
Kia,Picanto,Tohjul,Bensin,2014,42,39533,103000,31666,49124,16188,-0.07,lokal
Kia,Picanto,Tohjul,Bensin,2015,36,59900,77000,48218,84624,23020,-0.366,lokal
Kia,Picanto,Tohjul,Bensin,2016,50,63236,92100,49966,75000,15211,-0.217,lokal
Kia,Picanto,Tohjul,Bensin,2017,19,69900,66785,65686,79450,13102,-0.146,lokal
Kia,Picanto,Tohjul,Bensin,2018,10,67083,76000,63677,69950,15928,-0.32,global
Kia,Picanto,Tohjul,Bensin,2019,6,104450,52862,89900,126500,29787,-0.32,global
Kia,Picanto,Tohjul,Bensin,2021,8,179450,18202,157966,179900,16112,-0.32,global
Kia,ProCeed,Tohjul,Bensin,2014,5,56166,103000,51900,69900,18838,-0.32,global
Kia,ProCeed,Tohjul,Bensin,2019,26,199716,109000,189000,238000,27895,0.039,lokal
Kia,Rio,Tohjul,Bensin,2006,10,30924,143226,21150,37986,10189,-0.32,global
Kia,Rio,Tohjul,Bensin,2012,28,40400,137515,34900,55867,15834,-0.105,lokal
Kia,Rio,Tohjul,Bensin,2013,58,44950,126250,33225,58432,17995,-0.244,lokal
Kia,Rio,Tohjul,Bensin,2014,43,53166,104600,33804,78921,28724,-0.347,lokal
Kia,Rio,Tohjul,Bensin,2015,15,59500,97800,51118,86950,23561,-0.32,global
Kia,Rio,Tohjul,Bensin,2016,31,83166,77483,72500,92400,16351,-0.22,lokal
Kia,Rio,Tohjul,Bensin,2017,26,98083,84325,85734,116500,25165,-0.224,lokal
Kia,Rio,Tohjul,Bensin,2018,13,119900,91000,99000,123166,15130,-0.32,global
Kia,Rio,Tohjul,Bensin,2019,6,135450,77404,115250,139150,24316,-0.32,global
Kia,Rio,Tohjul,Diesel,2012,19,36942,165000,23421,39921,9146,-0.087,lokal
Kia,Sorento,Firehjul,Diesel,2006,5,36900,189000,30900,56900,15374,-0.32,global
Kia,Sorento,Firehjul,Diesel,2010,5,92299,242387,71900,106900,30056,-0.32,global
Kia,Sorento,Firehjul,Diesel,2011,11,59900,216255,49105,84950,51911,-0.32,global
Kia,Sorento,Firehjul,Diesel,2012,20,88950,230620,74900,102468,26935,-0.313,lokal
Kia,Sorento,Firehjul,Diesel,2013,10,109400,182270,94150,119650,37400,-0.32,global
Kia,Sorento,Firehjul,Diesel,2015,7,162000,201000,149900,294450,77613,-0.32,global
Kia,Sorento,Firehjul,Diesel,2016,16,224450,166000,199675,272975,58595,-0.32,global
Kia,Sorento,Firehjul,Diesel,2019,5,329000,98000,329000,339520,18918,-0.32,global
Kia,Sorento,Firehjul,Hybrid,2021,12,465000,92000,437400,469225,29540,-0.32,global
Kia,Sorento,Firehjul,Plug-in hybrid,2021,51,459900,79000,429900,469900,31309,-0.664,lokal
Kia,Sorento,Firehjul,Plug-in hybrid,2022,17,528500,62347,499900,569000,69530,-1.776,lokal
Kia,Sorento,Firehjul,Plug-in hybrid,2023,9,419000,225000,389000,589000,109006,-0.32,global
Kia,Soul,Tohjul,Diesel,2015,9,89000,141000,63434,99000,29171,-0.32,global
Kia,Soul,Tohjul,Elektrisk,2014,6,54000,92500,38076,62326,15031,-0.32,global
Kia,Soul,Tohjul,Elektrisk,2015,129,40532,107000,34434,55098,17836,-0.112,lokal
Kia,Soul,Tohjul,Elektrisk,2016,406,48434,108341,34434,59900,19583,-0.204,lokal
Kia,Soul,Tohjul,Elektrisk,2017,105,69000,99929,55000,79900,22279,-0.178,lokal
Kia,Soul,Tohjul,Elektrisk,2018,399,89900,92300,79532,99900,18980,-0.206,lokal
Kia,Soul,Tohjul,Elektrisk,2019,158,119000,80107,99550,129900,25994,-0.288,lokal
Kia,Soul,Tohjul,Elektrisk,2020,98,197000,91704,179000,209900,22934,-0.413,lokal
Kia,Soul,Tohjul,Elektrisk,2021,51,219800,61100,199000,239450,36516,-0.464,lokal
Kia,Soul,Tohjul,Elektrisk,2022,21,250000,55000,219000,284000,51087,-1.316,lokal
Kia,Soul,Tohjul,Elektrisk,2023,9,338900,3982,299900,339900,46812,-0.32,global
Kia,Sportage,Tohjul,Bensin,2012,16,79450,145603,62900,91925,23480,-0.213,lokal
Kia,Sportage,Tohjul,Bensin,2013,84,69900,162000,58975,87925,23583,-0.201,lokal
Kia,Sportage,Tohjul,Bensin,2014,54,89000,133216,71192,99900,23527,-0.252,lokal
Kia,Sportage,Tohjul,Bensin,2015,49,99990,100000,89434,133000,32009,-0.174,lokal
Kia,Sportage,Firehjul,Bensin,2016,20,202400,124000,198675,226150,25865,-0.507,lokal
Kia,Sportage,Tohjul,Bensin,2016,36,139667,119674,122883,151184,22879,-0.12,lokal
Kia,Sportage,Tohjul,Bensin,2017,9,179000,63506,175000,188000,7276,-0.32,global
Kia,Sportage,Firehjul,Diesel,2005,20,29921,215950,18400,45410,24286,-0.242,lokal
Kia,Sportage,Firehjul,Diesel,2011,22,89495,165450,76910,99990,23854,-0.228,lokal
Kia,Sportage,Tohjul,Diesel,2011,19,69000,167000,63400,81864,13214,-0.147,lokal
Kia,Sportage,Firehjul,Diesel,2012,66,104450,170000,82600,129675,33775,-0.417,lokal
Kia,Sportage,Tohjul,Diesel,2012,56,76900,164000,64400,95000,22320,-0.259,lokal
Kia,Sportage,Firehjul,Diesel,2013,45,99900,182600,79434,126900,32155,-0.286,lokal
Kia,Sportage,Tohjul,Diesel,2013,39,74900,178601,65400,89921,20471,-0.158,lokal
Kia,Sportage,Firehjul,Diesel,2014,28,125688,138200,89700,139225,32126,-0.315,lokal
Kia,Sportage,Tohjul,Diesel,2014,20,82216,161110,73851,95576,22374,-0.274,lokal
Kia,Sportage,Firehjul,Diesel,2015,18,154717,163872,139900,159000,25127,0.168,lokal
Kia,Sportage,Tohjul,Diesel,2015,9,109000,139738,99934,109900,40306,-0.32,global
Kia,Sportage,Firehjul,Diesel,2016,33,199900,137600,179900,219900,25671,-0.008,lokal
Kia,Sportage,Tohjul,Diesel,2016,12,151500,134850,136750,163925,24281,-0.32,global
Kia,Sportage,Firehjul,Diesel,2017,5,249000,100000,189000,249000,38984,-0.32,global
Kia,Sportage,Tohjul,Diesel,2017,47,193000,94000,179000,208500,34439,-0.478,lokal
Kia,Sportage,Tohjul,Diesel,2018,7,209000,103000,199000,214000,11127,-0.32,global
Kia,Sportage,Firehjul,Diesel,2019,39,269990,102690,243450,286950,30247,-0.588,lokal
Kia,Sportage,Tohjul,Diesel,2019,22,219945,67241,202284,229675,27438,-0.52,lokal
Kia,Sportage,Firehjul,Diesel,2020,30,324400,65132,287000,336725,31112,-0.916,lokal
Kia,Sportage,Firehjul,Diesel,2021,9,329900,82500,324900,329900,14692,-0.32,global
Kia,Sportage,Firehjul,Hybrid,2020,19,299000,54980,288950,324000,23736,0.07,lokal
Kia,Sportage,Firehjul,Hybrid,2021,9,269900,111000,259900,279900,17603,-0.32,global
Kia,Sportage,Firehjul,Hybrid,2022,17,389000,66000,379000,400000,58384,-0.136,lokal
Kia,Sportage,Firehjul,Hybrid,2023,5,449000,40500,439000,449000,26306,-0.32,global
Kia,Sportage,Firehjul,Plug-in hybrid,2022,66,428950,46550,399900,447975,40957,-0.732,lokal
Kia,Sportage,Firehjul,Plug-in hybrid,2023,18,443950,46000,429000,449675,18716,-0.382,lokal
Kia,Stonic,Tohjul,Bensin,2018,19,139000,68316,129000,149450,16516,-0.187,lokal
Kia,Stonic,Tohjul,Bensin,2019,13,164900,73600,159000,175000,15305,-0.32,global
Kia,Stonic,Tohjul,Bensin,2020,6,174000,60200,169000,179000,15915,-0.32,global
Kia,Venga,Tohjul,Bensin,2010,16,25971,152076,20660,37425,16328,-0.32,global
Kia,Venga,Tohjul,Bensin,2011,10,38400,124970,35475,46400,14983,-0.32,global
Kia,Venga,Tohjul,Bensin,2013,5,69000,104000,31899,76900,40023,-0.32,global
Kia,Venga,Tohjul,Bensin,2014,5,83942,79400,49966,99000,27442,-0.32,global
Kia,Venga,Tohjul,Diesel,2010,14,24450,163098,21150,33740,13214,-0.32,global
Kia,Venga,Tohjul,Diesel,2011,9,27000,192158,21942,33942,9327,-0.32,global
Kia,XCeed,Tohjul,Hybrid,2021,24,209000,81117,189000,229800,21210,-0.316,lokal
Kia,XCeed,Tohjul,Plug-in hybrid,2021,14,224266,60848,211250,237975,25206,-0.32,global
Kia,XCeed,Tohjul,Plug-in hybrid,2022,41,249900,42400,249000,264900,13023,-0.545,lokal
Kia,e-Niro,Tohjul,Elektrisk,2019,177,179434,98900,169434,189990,22348,-0.289,lokal
Kia,e-Niro,Tohjul,Elektrisk,2020,167,209600,77300,195500,225500,27827,-0.496,lokal
Kia,e-Niro,Tohjul,Elektrisk,2021,402,229217,66850,219000,244900,25607,-0.391,lokal
Kia,e-Niro,Tohjul,Elektrisk,2022,275,247900,55300,234466,259900,23505,-0.386,lokal
Kia,e-Niro,Tohjul,Elektrisk,2023,69,309800,33578,289900,319900,36814,-0.357,lokal
Kia,e-Niro,Tohjul,Elektrisk,2024,38,329900,13200,319000,364225,30932,-0.925,lokal
Kia,e-Niro,Tohjul,Elektrisk,2025,53,369900,20,359000,389000,18275,-0.32,global
Kia,e-Soul,Tohjul,Elektrisk,2016,9,39000,115100,29532,64434,20948,-0.32,global
Kia,e-Soul,Tohjul,Elektrisk,2018,6,94450,88174,89992,103400,14035,-0.32,global
Kia,e-Soul,Tohjul,Elektrisk,2019,11,159900,115000,142400,179900,28223,-0.32,global
Kia,e-Soul,Tohjul,Elektrisk,2020,332,197850,78000,179000,209000,25792,-0.432,lokal
Kia,e-Soul,Tohjul,Elektrisk,2021,219,218434,69669,199000,239000,26291,-0.464,lokal
Kia,e-Soul,Tohjul,Elektrisk,2022,149,249900,58121,234532,269000,33312,-0.52,lokal
Kia,e-Soul,Tohjul,Elektrisk,2023,70,319900,35094,299900,337975,30785,-0.482,lokal
Kia,e-Soul,Tohjul,Elektrisk,2024,9,339800,13000,329800,349900,22479,-0.32,global
Lamborghini,Gallardo,Firehjul,Bensin,2004,7,1089000,59000,1025945,1119000,124266,-0.32,global
Lamborghini,Gallardo,Firehjul,Bensin,2006,6,1114000,58000,1061500,1144000,72537,-0.32,global
Lamborghini,Gallardo,Firehjul,Bensin,2008,5,1499000,50000,1499000,1549000,121952,-0.32,global
Lamborghini,Huracan,Firehjul,Bensin,2015,5,2549900,44000,2289000,2599000,188956,-0.32,global
Lamborghini,Huracan,Firehjul,Bensin,2016,7,2299000,84000,2248717,2494500,217007,-0.32,global
Lamborghini,Urus,Firehjul,Bensin,2019,21,2690000,94500,2595000,2790000,118555,-4.718,lokal
Lamborghini,Urus,Firehjul,Bensin,2021,9,2899000,60000,2895000,2999900,83958,-0.32,global
Lamborghini,Urus,Firehjul,Bensin,2022,8,3299000,40000,3199000,3299000,70711,-0.32,global
Lamborghini,Urus,Firehjul,Hybrid,2025,8,4629000,8475,4599000,4659250,61242,-0.32,global
Land,Rover Defender,Firehjul,Bensin,2022,12,1194500,64000,1147475,1241500,186179,-0.32,global
Land,Rover Defender,Firehjul,Bensin,2023,21,1790000,39500,1498000,1990000,301198,-0.383,lokal
Land,Rover Defender,Firehjul,Diesel,2000,6,215450,350274,174400,250701,55232,-0.32,global
Land,Rover Defender,Firehjul,Diesel,2001,6,479000,173000,423675,499675,178596,-0.32,global
Land,Rover Defender,Firehjul,Diesel,2002,6,241900,225500,190682,295432,71057,-0.32,global
Land,Rover Defender,Firehjul,Diesel,2003,6,205854,236056,102675,245427,85919,-0.32,global
Land,Rover Defender,Firehjul,Diesel,2005,7,299268,190100,247921,305584,74389,-0.32,global
Land,Rover Defender,Firehjul,Diesel,2006,5,351900,189700,286900,548000,145442,-0.32,global
Land,Rover Defender,Firehjul,Diesel,2011,5,549318,161000,499318,549318,66152,-0.32,global
Land,Rover Defender,Firehjul,Diesel,2013,5,659000,162270,648000,679000,60781,-0.32,global
Land,Rover Defender,Firehjul,Diesel,2020,37,641336,80800,629000,669900,60045,0.201,lokal
Land,Rover Defender,Firehjul,Diesel,2021,26,739000,71900,699000,766500,190686,-1.697,lokal
Land,Rover Defender,Firehjul,Diesel,2022,6,789450,84500,764900,799000,63076,-0.32,global
Land,Rover Defender,Firehjul,Diesel,2023,91,899000,54632,849000,997703,270625,-2.297,lokal
Land,Rover Defender,Firehjul,Diesel,2024,11,979000,29000,959000,1114000,86521,-0.32,global
Land,Rover Defender,Firehjul,Diesel,2025,57,1199000,15200,1162459,1295000,260336,-4.232,lokal
Land,Rover Defender,Firehjul,Hybrid,2021,12,1261500,53350,868640,1388000,314828,-0.32,global
Land,Rover Defender,Firehjul,Hybrid,2022,9,999000,57000,849000,1079000,187188,-0.32,global
Land,Rover Defender,Firehjul,Hybrid,2023,48,1079000,50000,918500,1181250,314918,-2.087,lokal
Land,Rover Defender,Firehjul,Hybrid,2024,12,1298950,23500,1199900,1436250,228326,-0.32,global
Land,Rover Defender,Firehjul,Hybrid,2025,60,1248000,17150,1148000,1361344,309537,-5.647,lokal
Land,Rover Defender,Firehjul,Plug-in hybrid,2022,20,1064000,69683,976500,1159925,157295,-3.284,lokal
Land,Rover Defender,Firehjul,Plug-in hybrid,2025,7,1649000,19000,1648500,1748000,53187,-0.32,global
Land,Rover Discovery,Firehjul,Bensin,2017,5,498000,150900,369000,548000,133181,-0.32,global
Land,Rover Discovery,Firehjul,Diesel,2000,6,45700,267000,33150,49550,33560,-0.32,global
Land,Rover Discovery,Firehjul,Diesel,2003,7,66900,240000,47921,115372,51346,-0.32,global
Land,Rover Discovery,Firehjul,Diesel,2005,47,61900,276720,36850,86900,60721,-0.153,lokal
Land,Rover Discovery,Firehjul,Diesel,2006,35,76900,299600,44966,85950,31618,0.016,lokal
Land,Rover Discovery,Firehjul,Diesel,2007,29,56942,254000,49900,94000,49567,-0.192,lokal
Land,Rover Discovery,Firehjul,Diesel,2008,40,89900,248840,50175,103900,41482,-0.044,lokal
Land,Rover Discovery,Firehjul,Diesel,2009,14,113421,245148,83464,179725,55457,-0.32,global
Land,Rover Discovery,Firehjul,Diesel,2010,48,178119,226500,130951,199000,57552,-0.397,lokal
Land,Rover Discovery,Firehjul,Diesel,2011,49,189000,228753,161899,230942,82875,-0.789,lokal
Land,Rover Discovery,Firehjul,Diesel,2012,59,249900,198062,205921,284950,72851,-1.08,lokal
Land,Rover Discovery,Firehjul,Diesel,2013,27,289900,183300,279900,339450,71943,-0.471,lokal
Land,Rover Discovery,Firehjul,Diesel,2014,16,349434,244000,214524,383858,115793,-1.041,lokal
Land,Rover Discovery,Firehjul,Diesel,2015,27,286520,209000,253950,422450,117924,-2.237,lokal
Land,Rover Discovery,Firehjul,Diesel,2016,42,301020,172357,250380,349806,93951,-0.675,lokal
Land,Rover Discovery,Firehjul,Diesel,2017,93,439990,111000,345000,588000,148900,-1.603,lokal
Land,Rover Discovery,Firehjul,Diesel,2018,51,378000,129700,330676,409750,102051,-0.617,lokal
Land,Rover Discovery,Firehjul,Diesel,2019,60,439000,113700,399000,449990,108342,-0.633,lokal
Land,Rover Discovery,Firehjul,Diesel,2020,46,469900,117250,449000,499900,83510,-1.27,lokal
Land,Rover Discovery,Firehjul,Diesel,2021,16,559000,107200,559000,579000,38758,0.611,lokal
Land,Rover Discovery,Firehjul,Diesel,2022,22,614500,67574,593390,652975,101149,-0.182,lokal
Land,Rover Discovery,Firehjul,Diesel,2023,17,889000,40400,699000,1219000,276999,-28.626,lokal
Land,Rover Discovery,Firehjul,Hybrid,2021,8,598500,84850,572138,617165,47446,-0.32,global
Land,Rover Discovery,Firehjul,Hybrid,2022,17,599000,83000,588000,629520,169001,-0.323,lokal
Land,Rover Discovery,Firehjul,Hybrid,2023,42,725203,58000,649602,854250,255469,-1.139,lokal
Land,Rover Discovery,Firehjul,Hybrid,2024,8,983500,27900,940675,998250,72219,-0.32,global
Land,Rover Discovery,Firehjul,Hybrid,2025,7,998000,49500,948000,1273000,288196,-0.32,global
Land,Rover Discovery Sport,Firehjul,Diesel,2015,36,199900,153300,187633,239900,28644,-0.345,lokal
Land,Rover Discovery Sport,Firehjul,Diesel,2016,24,239217,120000,219000,252175,33117,-0.556,lokal
Land,Rover Discovery Sport,Firehjul,Diesel,2017,48,278950,124509,256725,299225,41004,-0.202,lokal
Land,Rover Discovery Sport,Firehjul,Diesel,2018,9,289900,114750,219532,299900,71708,-0.32,global
Land,Rover Discovery Sport,Firehjul,Diesel,2020,6,449900,71000,449900,494975,85179,-0.32,global
Land,Rover Discovery Sport,Firehjul,Hybrid,2021,13,469900,71500,449900,478900,29761,-0.32,global
Land,Rover Discovery Sport,Firehjul,Plug-in hybrid,2021,47,499000,65500,469000,499000,30302,-0.732,lokal
Land,Rover Discovery Sport,Firehjul,Plug-in hybrid,2022,22,549000,52200,539000,593250,57443,1.65,lokal
Land,Rover Freelander,Firehjul,Diesel,2005,8,22971,236172,19182,32704,12286,-0.32,global
Land,Rover Freelander,Firehjul,Diesel,2006,10,35750,224330,30600,36942,12277,-0.32,global
Land,Rover Freelander,Firehjul,Diesel,2007,22,40400,278754,19410,49724,21539,-0.114,lokal
Land,Rover Freelander,Firehjul,Diesel,2008,9,44942,205000,39942,51800,15441,-0.32,global
Land,Rover Freelander,Firehjul,Diesel,2009,5,66942,244000,51900,69942,13366,-0.32,global
Land,Rover Freelander,Firehjul,Diesel,2010,5,70000,245000,66900,70900,5837,-0.32,global
Land,Rover Range Rover,Firehjul,Bensin,2013,10,699498,128750,672246,749900,59077,-0.32,global
Land,Rover Range Rover,Firehjul,Bensin,2014,7,689000,100000,689000,694000,4880,-0.32,global
Land,Rover Range Rover,Firehjul,Bensin,2023,10,2199000,60350,2199000,2250000,130121,-0.32,global
Land,Rover Range Rover,Firehjul,Diesel,2000,6,36900,272500,28682,39900,20474,-0.32,global
Land,Rover Range Rover,Firehjul,Diesel,2003,12,72450,308750,51410,106942,47603,-0.32,global
Land,Rover Range Rover,Firehjul,Diesel,2004,9,60000,299500,35000,70942,21523,-0.32,global
Land,Rover Range Rover,Firehjul,Diesel,2005,7,80900,270000,76900,105900,44183,-0.32,global
Land,Rover Range Rover,Firehjul,Diesel,2007,10,120471,294126,91160,161725,64188,-0.32,global
Land,Rover Range Rover,Firehjul,Diesel,2013,34,449000,176000,430999,474175,83084,-0.201,lokal
Land,Rover Range Rover,Firehjul,Diesel,2014,23,459434,199000,402450,494450,133561,-0.882,lokal
Land,Rover Range Rover,Firehjul,Diesel,2015,17,519000,151000,499000,529900,77731,-0.906,lokal
Land,Rover Range Rover,Firehjul,Diesel,2016,20,599000,145700,569000,629000,55361,-0.32,global
Land,Rover Range Rover,Firehjul,Diesel,2017,9,779000,97900,739900,799000,55397,-0.32,global
Land,Rover Range Rover,Firehjul,Diesel,2018,6,867000,113500,851500,967250,208922,-0.32,global
Land,Rover Range Rover,Firehjul,Diesel,2020,6,979000,130000,956500,1039750,135189,-0.32,global
Land,Rover Range Rover,Firehjul,Hybrid,2018,11,749000,99484,694000,766717,49150,-0.32,global
Land,Rover Range Rover,Firehjul,Hybrid,2019,14,799000,86000,778925,799000,73950,-0.32,global
Land,Rover Range Rover,Firehjul,Hybrid,2020,8,799000,109000,799000,824074,62058,-0.32,global
Land,Rover Range Rover,Firehjul,Hybrid,2023,18,2043500,34000,1957422,2237500,210779,0.201,lokal
Land,Rover Range Rover,Firehjul,Plug-in hybrid,2018,9,729900,124000,699900,848000,75479,-0.32,global
Land,Rover Range Rover,Firehjul,Plug-in hybrid,2019,9,779000,97500,749000,798500,69407,-0.32,global
Land,Rover Range Rover,Firehjul,Plug-in hybrid,2020,6,889450,76350,836500,926725,71194,-0.32,global
Land,Rover Range Rover,Firehjul,Plug-in hybrid,2023,7,2179000,27000,2149000,2242752,190873,-0.32,global
Land,Rover Range Rover,Firehjul,Plug-in hybrid,2024,31,2249000,27000,1996500,2388000,218977,-12.14,lokal
Land,Rover Range Rover,Firehjul,Plug-in hybrid,2025,12,2624000,9650,2597250,2689750,75949,-0.32,global
Land,Rover Range Rover Evoque,Firehjul,Diesel,2012,112,159900,188000,139675,188225,40226,-0.386,lokal
Land,Rover Range Rover Evoque,Firehjul,Diesel,2013,63,179900,166000,159400,199400,47250,-0.125,lokal
Land,Rover Range Rover Evoque,Firehjul,Diesel,2014,48,209000,135544,189784,219900,35120,-0.243,lokal
Land,Rover Range Rover Evoque,Firehjul,Diesel,2015,59,225000,147000,200000,249450,36746,-0.371,lokal
Land,Rover Range Rover Evoque,Firehjul,Diesel,2016,67,254000,124000,239000,269850,34746,-0.343,lokal
Land,Rover Range Rover Evoque,Firehjul,Diesel,2017,46,269000,123500,251036,279326,45428,-0.186,lokal
Land,Rover Range Rover Evoque,Firehjul,Diesel,2018,12,344766,90750,279000,365000,52198,-0.32,global
Land,Rover Range Rover Evoque,Firehjul,Hybrid,2021,35,469000,57200,449900,489000,32984,-1.099,lokal
Land,Rover Range Rover Evoque,Firehjul,Hybrid,2022,13,518000,46000,499000,549900,96167,-0.32,global
Land,Rover Range Rover Evoque,Firehjul,Plug-in hybrid,2021,107,479000,55600,469000,499000,30665,-0.409,lokal
Land,Rover Range Rover Evoque,Firehjul,Plug-in hybrid,2022,52,539000,45238,519000,564225,81252,-0.656,lokal
Land,Rover Range Rover Evoque,Firehjul,Plug-in hybrid,2023,12,634000,44650,611500,669000,37019,-0.32,global
Land,Rover Range Rover Sport,Firehjul,Bensin,2014,21,499000,165300,389999,646900,133840,0.139,lokal
Land,Rover Range Rover Sport,Firehjul,Bensin,2016,6,666717,127610,462858,776500,183315,-0.32,global
Land,Rover Range Rover Sport,Firehjul,Bensin,2018,13,1099900,92500,1029990,1199000,129875,-0.32,global
Land,Rover Range Rover Sport,Firehjul,Bensin,2019,9,1059000,96100,1059000,1099000,120265,-0.32,global
Land,Rover Range Rover Sport,Firehjul,Diesel,2005,5,49942,295000,32900,89942,35075,-0.32,global
Land,Rover Range Rover Sport,Firehjul,Diesel,2006,38,61421,303140,41900,91900,38266,-0.137,lokal
Land,Rover Range Rover Sport,Firehjul,Diesel,2007,16,73900,273333,61425,100410,47360,-0.32,global
Land,Rover Range Rover Sport,Firehjul,Diesel,2008,10,99950,199000,72175,146725,50494,-0.32,global
Land,Rover Range Rover Sport,Firehjul,Diesel,2010,27,209000,193000,187900,234450,51338,-0.269,lokal
Land,Rover Range Rover Sport,Firehjul,Diesel,2013,11,289000,189000,269500,344495,72070,-0.32,global
Land,Rover Range Rover Sport,Firehjul,Diesel,2014,90,379824,179500,345675,404499,75166,-0.883,lokal
Land,Rover Range Rover Sport,Firehjul,Diesel,2015,38,399950,182568,349225,479784,86069,-0.691,lokal
Land,Rover Range Rover Sport,Firehjul,Diesel,2016,44,444217,177000,366725,548000,118076,-1.571,lokal
Land,Rover Range Rover Sport,Firehjul,Diesel,2017,13,619000,137000,549000,629000,55943,-0.32,global
Land,Rover Range Rover Sport,Firehjul,Diesel,2018,7,839900,101000,794450,849450,88424,-0.32,global
Land,Rover Range Rover Sport,Firehjul,Hybrid,2019,20,699667,88269,649784,719248,58937,-1.306,lokal
Land,Rover Range Rover Sport,Firehjul,Hybrid,2020,29,719000,102650,679000,759000,100441,-1.848,lokal
Land,Rover Range Rover Sport,Firehjul,Hybrid,2021,6,799000,70891,799000,799000,33267,-0.32,global
Land,Rover Range Rover Sport,Firehjul,Hybrid,2023,16,1789500,29450,1687100,1902425,194841,-5.687,lokal
Land,Rover Range Rover Sport,Firehjul,Hybrid,2024,11,3488000,13800,2099900,4288000,1194392,-0.32,global
Land,Rover Range Rover Sport,Firehjul,Hybrid,2025,9,1795000,2500,1789000,1795000,38504,-0.32,global
Land,Rover Range Rover Sport,Firehjul,Plug-in hybrid,2018,16,629000,142400,619000,669000,40592,-0.326,lokal
Land,Rover Range Rover Sport,Firehjul,Plug-in hybrid,2019,19,689000,78000,660716,729495,81937,-3.34,lokal
Land,Rover Range Rover Sport,Firehjul,Plug-in hybrid,2020,25,749990,83900,729000,775000,45798,-0.49,lokal
Land,Rover Range Rover Sport,Firehjul,Plug-in hybrid,2021,8,888000,62600,841500,923750,120423,-0.32,global
Land,Rover Range Rover Sport,Firehjul,Plug-in hybrid,2022,8,834900,81440,797400,867400,60000,-0.32,global
Land,Rover Range Rover Sport,Firehjul,Plug-in hybrid,2023,33,1748000,39800,1699000,1780000,99080,0.779,lokal
Land,Rover Range Rover Sport,Firehjul,Plug-in hybrid,2024,29,1998000,25500,1849000,2049000,129666,1.496,lokal
Land,Rover Range Rover Sport,Firehjul,Plug-in hybrid,2025,25,2169000,16500,2149000,2179000,103343,-0.12,lokal
Land,Rover Range Rover Velar,Firehjul,Bensin,2018,22,548500,91050,495576,603300,75836,2.426,lokal
Land,Rover Range Rover Velar,Firehjul,Bensin,2020,10,1089000,71500,1056500,1121500,157145,-0.32,global
Land,Rover Range Rover Velar,Firehjul,Diesel,2018,54,525717,126175,489108,548975,79117,-0.051,lokal
Land,Rover Range Rover Velar,Firehjul,Hybrid,2021,10,709000,54000,687133,746500,40891,-0.32,global
Land,Rover Range Rover Velar,Firehjul,Plug-in hybrid,2021,26,739000,57500,699000,739000,33200,-0.075,lokal
Land,Rover Range Rover Velar,Firehjul,Plug-in hybrid,2022,23,749000,49700,724000,769450,30004,-1.193,lokal
Land,Rover Range Rover Velar,Firehjul,Plug-in hybrid,2023,8,819000,50004,778475,888000,84093,-0.32,global
Land,Rover Range Rover Velar,Firehjul,Plug-in hybrid,2024,12,1089000,16500,1066950,1089112,67677,-0.32,global
Lexus,CT200h,Tohjul,Bensin,2011,14,99438,170500,92650,109675,23533,-0.32,global
Lexus,CT200h,Tohjul,Bensin,2012,14,112450,137600,101450,119000,18111,-0.32,global
Lexus,CT200h,Tohjul,Bensin,2013,11,125000,145000,109450,144900,22407,-0.32,global
Lexus,CT200h,Tohjul,Hybrid,2011,37,99900,158000,74000,112000,29219,-0.351,lokal
Lexus,CT200h,Tohjul,Hybrid,2012,55,99900,162000,83421,119000,20935,-0.278,lokal
Lexus,CT200h,Tohjul,Hybrid,2013,22,128950,123000,113906,139600,22503,-0.209,lokal
Lexus,CT200h,Tohjul,Hybrid,2014,20,129000,133500,117750,149225,24767,-0.316,lokal
Lexus,CT200h,Tohjul,Hybrid,2015,36,144667,126710,129900,169250,30392,-0.391,lokal
Lexus,CT200h,Tohjul,Hybrid,2016,34,169000,102000,158250,179000,16825,-0.212,lokal
Lexus,CT200h,Tohjul,Hybrid,2017,23,179900,100500,159948,199667,23449,-0.562,lokal
Lexus,CT200h,Tohjul,Hybrid,2018,40,212450,88806,199000,228250,22839,-0.315,lokal
Lexus,ES,Tohjul,Hybrid,2022,7,539000,55400,539000,539000,0,-0.32,global
Lexus,GS,Tohjul,Hybrid,2014,9,179000,177500,168000,189000,38180,-0.32,global
Lexus,IS,Tohjul,Bensin,2000,5,45900,205000,31942,61900,19605,-0.32,global
Lexus,IS,Tohjul,Bensin,2006,7,114999,184000,95950,134500,43634,-0.32,global
Lexus,IS,Tohjul,Bensin,2013,5,189990,124136,184990,215000,50408,-0.32,global
Lexus,IS,Tohjul,Bensin,2014,11,199900,162900,172000,204992,28915,-0.32,global
Lexus,IS,Tohjul,Diesel,2006,15,56900,244000,34700,68942,36219,-0.32,global
Lexus,IS,Tohjul,Diesel,2008,5,59000,257800,43900,61900,13363,-0.32,global
Lexus,IS,Tohjul,Hybrid,2013,18,164421,190700,136650,199675,47434,-0.492,lokal
Lexus,IS,Tohjul,Hybrid,2014,19,189000,172499,172500,213188,33312,-0.289,lokal
Lexus,IS,Tohjul,Hybrid,2015,16,204990,126500,179875,229000,38788,-0.32,global
Lexus,IS,Tohjul,Hybrid,2016,6,231217,99100,216684,246500,16225,-0.32,global
Lexus,IS,Tohjul,Hybrid,2017,6,244900,135000,231725,275800,26482,-0.32,global
Lexus,NX 300h,Firehjul,Bensin,2015,20,239500,133000,219000,261500,37905,-0.415,lokal
Lexus,NX 300h,Firehjul,Hybrid,2014,12,246717,146790,217975,259900,27461,-0.32,global
Lexus,NX 300h,Firehjul,Hybrid,2015,84,229850,149996,213300,259000,33743,-0.389,lokal
Lexus,NX 300h,Firehjul,Hybrid,2016,78,269000,126900,247758,279900,27138,-0.182,lokal
Lexus,NX 300h,Firehjul,Hybrid,2017,52,306574,91752,286748,327250,31971,-0.693,lokal
Lexus,NX 300h,Firehjul,Hybrid,2018,52,319900,101000,304184,345900,26847,-0.242,lokal
Lexus,NX 300h,Firehjul,Hybrid,2019,47,349900,93400,334450,369900,28420,-1.117,lokal
Lexus,NX 300h,Firehjul,Hybrid,2020,24,399900,63000,398750,422100,29005,-0.211,lokal
Lexus,NX 300h,Firehjul,Hybrid,2021,27,439000,59700,421717,462000,47403,-0.961,lokal
Lexus,NX 450h,Firehjul,Hybrid,2022,7,564000,52900,434500,589450,96203,-0.32,global
Lexus,NX 450h,Firehjul,Plug-in hybrid,2022,164,599000,44916,579000,629000,52099,-0.451,lokal
Lexus,NX 450h,Firehjul,Plug-in hybrid,2023,103,589900,48750,559900,629900,49298,-1.347,lokal
Lexus,NX 450h,Firehjul,Plug-in hybrid,2024,20,679900,39262,677400,699900,16026,-0.44,lokal
Lexus,RC300h,Tohjul,Hybrid,2017,6,334495,95000,318748,343500,24378,-0.32,global
Lexus,RX400h,Firehjul,Hybrid,2005,5,47000,321828,41900,59942,24784,-0.32,global
Lexus,RX400h,Firehjul,Hybrid,2006,24,54421,248263,40175,77682,21298,-0.109,lokal
Lexus,RX400h,Firehjul,Hybrid,2007,13,59900,262800,52000,83942,17532,-0.32,global
Lexus,RX400h,Firehjul,Hybrid,2008,5,89942,187832,49900,135942,50971,-0.32,global
Lexus,RX400h,Firehjul,Hybrid,2009,10,90900,216757,79182,101432,27927,-0.32,global
Lexus,RX450h,Firehjul,Bensin,2010,5,119990,234250,111900,159900,46411,-0.32,global
Lexus,RX450h,Firehjul,Hybrid,2009,9,130942,209800,126942,169845,31520,-0.32,global
Lexus,RX450h,Firehjul,Hybrid,2010,18,139900,213225,119925,147062,29420,-0.305,lokal
Lexus,RX450h,Firehjul,Hybrid,2011,10,145946,210000,109725,174974,60152,-0.32,global
Lexus,RX450h,Firehjul,Hybrid,2012,5,149000,224000,139000,159000,27185,-0.32,global
Lexus,RX450h,Firehjul,Hybrid,2013,8,210971,191950,199900,229900,23179,-0.32,global
Lexus,RX450h,Firehjul,Hybrid,2016,23,354434,132000,319000,384717,40282,-1.248,lokal
Lexus,RX450h,Firehjul,Hybrid,2017,14,362450,150926,323250,376500,42878,-0.32,global
Lexus,RX450h,Firehjul,Hybrid,2018,19,444900,85000,434667,451667,46493,-0.237,lokal
Lexus,RX450h,Firehjul,Hybrid,2019,15,475000,86334,439450,579900,71051,-0.32,global
Lexus,RX450h,Firehjul,Hybrid,2020,16,559000,74255,526750,571500,36663,-1.02,lokal
Lexus,RX450h,Firehjul,Hybrid,2021,18,629000,54000,596225,646500,26295,1.449,lokal
Lexus,RX450h,Firehjul,Hybrid,2022,7,659900,56447,652261,664900,69062,-0.32,global
Lexus,RX450h,Firehjul,Plug-in hybrid,2023,22,799000,39580,764675,799900,43054,-3.486,lokal
Lexus,RZ,Firehjul,Elektrisk,2023,46,499000,21779,469000,526725,44820,-0.46,lokal
Lexus,RZ,Firehjul,Elektrisk,2024,109,519000,22000,489000,539900,35921,-1.113,lokal
Lexus,RZ,Tohjul,Elektrisk,2024,9,459900,23403,449900,469000,26448,-0.32,global
Lexus,RZ,Firehjul,Elektrisk,2025,57,549000,11367,539000,569900,24784,-0.479,lokal
Lexus,RZ,Tohjul,Elektrisk,2025,15,469900,13174,449900,479000,19333,-0.32,global
Lexus,RZ300e,Tohjul,Elektrisk,2024,6,471950,17350,462175,477975,11840,-0.32,global
Lexus,RZ300e,Tohjul,Elektrisk,2025,5,449000,7500,449000,449000,4472,-0.32,global
Lexus,UX,Tohjul,Elektrisk,2020,10,199000,51000,190383,205970,15277,-0.32,global
Lexus,UX,Tohjul,Elektrisk,2021,122,229990,44724,219900,248000,25065,-0.382,lokal
Lexus,UX,Tohjul,Elektrisk,2022,253,259900,29000,249900,269900,16152,-0.47,lokal
Lexus,UX,Tohjul,Elektrisk,2023,87,308000,22284,279900,339000,40265,-1.544,lokal
Lexus,UX,Tohjul,Elektrisk,2024,16,362400,10154,346725,382468,26212,-0.32,global
Lexus,UX,Tohjul,Elektrisk,2025,11,378800,6363,368252,389450,20528,-0.32,global
Lexus,UX,Firehjul,Hybrid,2019,31,289000,82000,267000,299000,29506,-0.689,lokal
Lexus,UX,Tohjul,Hybrid,2019,15,245000,86000,239400,274000,23448,-0.32,global
Lexus,UX,Firehjul,Hybrid,2020,15,299000,68209,274994,319450,28947,-0.32,global
Lexus,UX,Tohjul,Hybrid,2020,10,279000,84300,279000,299000,20028,-0.32,global
Lexus,UX,Firehjul,Hybrid,2021,23,319000,45000,294900,329900,35390,-0.688,lokal
Lexus,UX,Tohjul,Hybrid,2021,9,319000,57000,302129,329000,19678,-0.32,global
Lexus,UX,Firehjul,Hybrid,2022,10,389000,31220,381500,419675,35077,-0.32,global
Lexus,UX,Firehjul,Hybrid,2023,45,399900,45000,379900,429900,29837,-1.127,lokal
Lexus,UX,Tohjul,Hybrid,2023,43,389000,51095,364900,399000,24462,0.844,lokal
Lincoln,Andre,Tohjul,Bensin,1979,6,120000,58300,96750,149925,36477,-0.32,global
Lincoln,Town Car,Tohjul,Bensin,2001,9,129999,124000,119999,139999,9280,-0.32,global
Lincoln,Town Car,Tohjul,Bensin,2002,5,181942,128000,119942,189000,42868,-0.32,global
Lotus,Eletre,Firehjul,Elektrisk,2023,14,1124000,16000,999248,1386500,240998,-0.32,global
Lotus,Eletre,Firehjul,Elektrisk,2025,5,1269000,50,1239900,1279000,83616,-0.32,global
Lotus,Eletre,Firehjul,Elektrisk,2026,7,1419000,50,1359450,1459000,209332,-0.32,global
Lotus,Emeya,Firehjul,Elektrisk,2024,5,1349000,12000,1290000,1350000,178752,-0.32,global
MAN,TGE,Tohjul,Diesel,2019,6,273738,199922,228259,299000,137102,-0.32,global
MAN,TGE,Tohjul,Diesel,2020,10,367000,165114,223020,399675,101519,-0.32,global
MAN,TGE,Firehjul,Diesel,2021,6,449950,159544,381725,456750,56983,-0.32,global
MAN,TGE,Tohjul,Diesel,2021,6,465710,162500,319630,583725,152439,-0.32,global
MAN,TGE,Firehjul,Diesel,2022,8,560260,62750,464906,678725,108505,-0.32,global
MAN,TGE,Tohjul,Diesel,2024,6,1021128,1000,758919,1142296,358293,-0.32,global
MAN,TGE,Firehjul,Diesel,2025,13,1077500,100,969950,1112000,325884,-0.32,global
MG,Cyberster,Firehjul,Elektrisk,2024,8,642450,4550,611500,669900,36178,-0.32,global
MG,Cyberster,Firehjul,Elektrisk,2025,15,629900,8000,629000,649450,15154,-0.32,global
MG,EHS,Tohjul,Hybrid,2021,33,238900,59500,225000,249000,27464,-0.482,lokal
MG,EHS,Tohjul,Plug-in hybrid,2021,39,219000,53100,196950,239000,24038,-0.673,lokal
MG,EHS,Tohjul,Plug-in hybrid,2024,16,474000,8255,446500,499000,45560,-1.988,lokal
MG,EHS,Tohjul,Plug-in hybrid,2025,25,489900,100,459900,521000,34776,-0.32,global
MG,IM6,Firehjul,Elektrisk,2025,10,569450,3100,557757,587175,27867,-0.32,global
MG,IM6,Firehjul,Elektrisk,2026,11,579900,2300,558702,612400,41791,-0.32,global
MG,MG4,Tohjul,Elektrisk,2022,74,229000,38197,216425,239000,20310,-0.467,lokal
MG,MG4,Firehjul,Elektrisk,2023,16,319850,23900,316425,326000,16252,-0.32,global
MG,MG4,Tohjul,Elektrisk,2023,346,229300,29500,199900,249900,36296,-0.064,lokal
MG,MG4,Firehjul,Elektrisk,2024,22,345000,15416,339225,354475,71990,-0.287,lokal
MG,MG4,Tohjul,Elektrisk,2024,186,259000,21596,249000,274975,34568,-0.614,lokal
MG,MG4,Firehjul,Elektrisk,2025,5,379000,31,369900,389900,25064,-0.32,global
MG,MG4,Tohjul,Elektrisk,2025,68,279900,1875,276725,299900,38677,-0.32,global
MG,MG4,Tohjul,Elektrisk,2026,6,299900,10,299900,307400,9174,-0.32,global
MG,MG5,Tohjul,Elektrisk,2022,270,199900,39995,189000,214632,20270,-0.395,lokal
MG,MG5,Tohjul,Elektrisk,2023,56,229900,38022,216725,249900,26714,-0.751,lokal
MG,MG5,Tohjul,Elektrisk,2024,28,277000,11300,268750,285150,11792,-0.284,lokal
MG,MG5,Tohjul,Elektrisk,2025,5,329900,7890,329000,339900,11452,-0.32,global
MG,Marvel R,Firehjul,Elektrisk,2021,10,274900,30500,269900,283725,19295,-0.32,global
MG,Marvel R,Firehjul,Elektrisk,2022,409,278000,44500,259900,289900,27432,-0.549,lokal
MG,Marvel R,Tohjul,Elektrisk,2022,160,249000,46125,236757,259086,23271,-0.354,lokal
MG,Marvel R,Firehjul,Elektrisk,2023,97,309900,23500,298900,329800,25290,-0.415,lokal
MG,Marvel R,Tohjul,Elektrisk,2023,24,276514,32450,259650,291725,21669,-1.049,lokal
MG,Marvel R,Firehjul,Elektrisk,2024,82,349000,17368,329000,363725,26770,-0.488,lokal
MG,S5,Tohjul,Elektrisk,2025,50,349000,6704,335225,359675,20068,-0.32,global
MG,S5,Tohjul,Elektrisk,2026,6,364900,10,364900,373244,5950,-0.32,global
MG,S6,Firehjul,Elektrisk,2025,8,494000,300,486725,524900,34086,-0.32,global
MG,ZS EV,Tohjul,Elektrisk,2020,534,138950,64196,126992,149000,17584,-0.203,lokal
MG,ZS EV,Tohjul,Elektrisk,2021,205,144990,54300,139000,150434,15249,-0.226,lokal
MG,ZS EV,Tohjul,Elektrisk,2022,466,209900,45000,199900,229900,23592,-0.512,lokal
MG,ZS EV,Tohjul,Elektrisk,2023,111,259900,24000,247424,269900,22809,-0.629,lokal
MG,ZS EV,Tohjul,Elektrisk,2024,29,269000,26800,259900,279000,13929,-0.599,lokal
MG,ZS EV,Tohjul,Elektrisk,2025,60,302850,1500,299000,311618,13770,-0.32,global
MINI,Aceman E,Tohjul,Elektrisk,2025,13,359900,2292,334900,359900,28420,-0.32,global
MINI,Aceman SE,Tohjul,Elektrisk,2025,50,394900,2375,364900,403650,27922,-0.32,global
MINI,Clubman,Tohjul,Bensin,2008,5,26900,156000,22942,59900,26121,-0.32,global
MINI,Clubman,Tohjul,Bensin,2010,6,42921,136069,31400,44660,15739,-0.32,global
MINI,Clubman,Tohjul,Bensin,2016,30,139000,124000,124576,156750,29271,-0.281,lokal
MINI,Clubman,Tohjul,Bensin,2018,6,169000,98956,162175,169000,9924,-0.32,global
MINI,Clubman,Tohjul,Diesel,2008,10,30900,201400,24900,35932,12577,-0.32,global
MINI,Clubman,Tohjul,Diesel,2010,14,29900,186500,25486,37150,11321,-0.32,global
MINI,Clubman,Tohjul,Diesel,2011,5,54999,161800,44900,65000,17428,-0.32,global
MINI,Clubman,Tohjul,Diesel,2012,5,38900,225849,35900,41900,21382,-0.32,global
MINI,Clubman-Serie,Tohjul,Bensin,2010,5,56942,143560,48842,68849,36205,-0.32,global
MINI,Clubman-Serie,Tohjul,Bensin,2016,5,145000,110613,139900,169532,25139,-0.32,global
MINI,Cooper,Tohjul,Bensin,2002,5,13900,172000,12000,28900,15309,-0.32,global
MINI,Cooper,Tohjul,Bensin,2003,21,24900,189000,17900,34942,17445,-0.14,lokal
MINI,Cooper,Tohjul,Bensin,2004,14,28671,150568,15900,44236,22475,-0.32,global
MINI,Cooper,Tohjul,Bensin,2005,15,35000,166660,19950,46900,19927,-0.32,global
MINI,Cooper,Tohjul,Bensin,2006,13,29900,168919,15942,34942,18351,-0.32,global
MINI,Cooper,Tohjul,Bensin,2007,39,39900,127206,27921,67000,21845,-0.239,lokal
MINI,Cooper,Tohjul,Bensin,2008,13,42900,139000,30000,59900,20850,-0.32,global
MINI,Cooper,Tohjul,Bensin,2009,8,38921,123646,36900,52175,12792,-0.32,global
MINI,Cooper,Tohjul,Bensin,2010,19,76900,126000,57950,88921,25385,-0.148,lokal
MINI,Cooper,Tohjul,Bensin,2011,17,55942,120000,45000,85000,27375,-0.32,global
MINI,Cooper,Tohjul,Bensin,2012,19,74900,111000,49999,124400,48504,-0.686,lokal
MINI,Cooper,Tohjul,Bensin,2013,9,75000,98500,69990,119800,31504,-0.32,global
MINI,Cooper,Tohjul,Bensin,2014,15,99000,120000,87000,99333,14875,-0.32,global
MINI,Cooper,Tohjul,Bensin,2015,13,99900,108800,88166,129900,32252,-0.32,global
MINI,Cooper,Tohjul,Bensin,2016,22,149450,83900,109000,179900,39257,-1.255,lokal
MINI,Cooper,Tohjul,Bensin,2017,25,149900,79000,139000,189434,61426,1.041,lokal
MINI,Cooper,Tohjul,Bensin,2018,14,169000,73076,150666,175343,17695,-0.32,global
MINI,Cooper,Tohjul,Bensin,2019,9,205000,86626,164532,229999,65664,-0.32,global
MINI,Cooper,Tohjul,Diesel,2007,11,36900,159500,28421,59471,19974,-0.32,global
MINI,Cooper,Tohjul,Diesel,2008,23,34900,182000,22900,47000,13582,-0.092,lokal
MINI,Cooper,Tohjul,Diesel,2009,17,25000,188265,16990,49000,22602,-0.169,lokal
MINI,Cooper,Tohjul,Diesel,2010,27,49442,138000,38421,60445,19877,-0.34,lokal
MINI,Cooper,Firehjul,Diesel,2011,7,99000,169000,62450,104400,35387,-0.32,global
MINI,Cooper,Tohjul,Diesel,2011,14,48400,186000,35975,59160,25734,-0.32,global
MINI,Cooper,Tohjul,Diesel,2012,29,59900,135757,49800,79900,31523,-0.359,lokal
MINI,Cooper,Tohjul,Diesel,2013,10,65987,127276,52475,80650,35894,-0.32,global
MINI,Cooper,Firehjul,Diesel,2014,18,96434,233750,87565,114900,20065,-0.279,lokal
MINI,Cooper,Tohjul,Diesel,2014,10,98583,100000,79250,99932,20608,-0.32,global
MINI,Cooper,Tohjul,Diesel,2015,6,89498,140000,82242,96749,21075,-0.32,global
MINI,Cooper,Tohjul,Diesel,2016,12,165000,83600,156500,171450,29037,-0.32,global
MINI,Cooper,Tohjul,Elektrisk,2020,6,167000,50700,159750,173500,11378,-0.32,global
MINI,Cooper,Tohjul,Elektrisk,2021,10,197000,50800,190500,199000,10052,-0.32,global
MINI,Cooper,Tohjul,Elektrisk,2022,25,229000,31480,229000,239000,14413,-0.255,lokal
MINI,Cooper,Tohjul,Elektrisk,2023,16,246950,30000,237950,260750,15554,-0.491,lokal
MINI,Cooper,Tohjul,Elektrisk,2024,12,302400,1459,287400,311150,27939,-0.32,global
MINI,Cooper,Tohjul,Elektrisk,2025,5,324900,1445,319900,389900,40905,-0.32,global
MINI,Cooper S,Tohjul,Bensin,2003,20,31900,182098,22286,35475,8848,0.03,lokal
MINI,Cooper S,Tohjul,Bensin,2004,9,39900,180000,25900,48900,61021,-0.32,global
MINI,Cooper S,Tohjul,Bensin,2006,7,46900,160000,25900,51900,19034,-0.32,global
MINI,Cooper S,Tohjul,Bensin,2007,19,59900,132600,55450,89000,25388,-0.103,lokal
MINI,Cooper S,Tohjul,Bensin,2008,5,56900,167500,56900,75000,40876,-0.32,global
MINI,Cooper S,Tohjul,Bensin,2011,6,134500,120000,114999,147175,43438,-0.32,global
MINI,Cooper S,Firehjul,Bensin,2012,5,79900,183000,79900,89900,9103,-0.32,global
MINI,Cooper S,Tohjul,Bensin,2012,8,124450,143500,101971,133675,18810,-0.32,global
MINI,Cooper S,Firehjul,Bensin,2013,5,119000,159967,119000,139900,43299,-0.32,global
MINI,Cooper S,Tohjul,Bensin,2014,5,189999,134000,169999,209000,28276,-0.32,global
MINI,Cooper S,Tohjul,Bensin,2015,10,178083,131744,161500,223500,53176,-0.32,global
MINI,Cooper S,Tohjul,Bensin,2017,7,269000,77650,244000,333717,72044,-0.32,global
MINI,Cooper S,Tohjul,Bensin,2018,8,284900,60069,279900,289900,7440,-0.32,global
MINI,Cooper S,Tohjul,Diesel,2011,7,99000,159000,65471,129900,37163,-0.32,global
MINI,Cooper S,Tohjul,Diesel,2012,6,114000,95694,72175,119000,33289,-0.32,global
MINI,Cooper SE,Tohjul,Elektrisk,2020,19,174532,49562,166717,184950,16973,-0.245,lokal
MINI,Cooper SE,Tohjul,Elektrisk,2021,36,199000,42550,179808,218500,20019,-0.435,lokal
MINI,Cooper SE,Tohjul,Elektrisk,2022,70,229000,39090,214900,238975,18895,-0.355,lokal
MINI,Cooper SE,Tohjul,Elektrisk,2023,66,248900,29800,230876,275750,29914,-0.42,lokal
MINI,Cooper SE,Tohjul,Elektrisk,2024,39,364900,4681,329450,392400,47018,-3.436,lokal
MINI,Cooper SE,Tohjul,Elektrisk,2025,7,409900,4500,349000,409900,35205,-0.32,global
MINI,Countryman,Firehjul,Bensin,2010,5,76900,166000,56900,76942,20550,-0.32,global
MINI,Countryman,Firehjul,Bensin,2011,6,94000,188924,74000,107175,27833,-0.32,global
MINI,Countryman,Firehjul,Bensin,2012,11,101942,143000,69900,111900,30750,-0.32,global
MINI,Countryman,Firehjul,Bensin,2013,6,108471,146500,82910,141456,43365,-0.32,global
MINI,Countryman,Firehjul,Bensin,2014,6,119900,136200,115800,119900,35274,-0.32,global
MINI,Countryman,Firehjul,Bensin,2016,5,188900,96624,188900,198900,30455,-0.32,global
MINI,Countryman,Tohjul,Bensin,2024,5,545000,19000,479000,549000,41771,-0.32,global
MINI,Countryman,Firehjul,Diesel,2011,35,81900,144600,63450,109450,36510,-0.467,lokal
MINI,Countryman,Tohjul,Diesel,2011,11,54900,168000,51942,79900,27220,-0.32,global
MINI,Countryman,Firehjul,Diesel,2012,26,97921,149181,67650,117908,35269,-0.553,lokal
MINI,Countryman,Firehjul,Diesel,2013,26,99000,161000,79925,115682,31812,-0.351,lokal
MINI,Countryman,Firehjul,Diesel,2014,44,129900,126000,109000,139900,30525,-0.317,lokal
MINI,Countryman,Firehjul,Diesel,2015,41,159000,123200,129000,174434,31499,-0.295,lokal
MINI,Countryman,Firehjul,Diesel,2016,14,169900,110850,151725,177883,15587,-0.32,global
MINI,Countryman,Firehjul,Diesel,2017,12,179900,152775,169900,189225,8994,-0.091,lokal
MINI,Countryman,Firehjul,Elektrisk,2024,12,469900,5849,429900,549900,62470,-0.32,global
MINI,Countryman,Firehjul,Elektrisk,2025,10,497400,4656,459675,499900,43318,-0.32,global
MINI,Countryman,Firehjul,Hybrid,2017,15,195000,106000,176500,218850,26387,-0.32,global
MINI,Countryman,Firehjul,Hybrid,2018,38,196500,107000,188850,209675,25146,-0.019,lokal
MINI,Countryman,Firehjul,Hybrid,2019,49,229000,84000,209000,229999,24144,-0.334,lokal
MINI,Countryman,Firehjul,Hybrid,2020,29,255000,65000,248000,279900,27815,-0.429,lokal
MINI,Countryman,Firehjul,Hybrid,2021,46,292500,59350,269000,319900,31555,-0.468,lokal
MINI,Countryman,Firehjul,Hybrid,2022,21,339990,61000,319532,359000,22128,-0.276,lokal
MINI,Countryman,Firehjul,Hybrid,2023,5,349000,50500,349000,369900,31350,-0.32,global
MINI,Countryman,Firehjul,Plug-in hybrid,2017,21,184500,105500,178000,199434,21805,-0.223,lokal
MINI,Countryman,Firehjul,Plug-in hybrid,2018,59,199900,93500,181934,228717,33067,-0.304,lokal
MINI,Countryman,Firehjul,Plug-in hybrid,2019,102,219900,88904,209000,239000,27843,-0.394,lokal
MINI,Countryman,Firehjul,Plug-in hybrid,2020,71,269000,70000,249000,298500,31071,-0.749,lokal
MINI,Countryman,Firehjul,Plug-in hybrid,2021,97,315000,59000,298900,338500,29059,-0.513,lokal
MINI,Countryman,Firehjul,Plug-in hybrid,2022,151,348000,56130,329922,359000,27862,-0.361,lokal
MINI,Countryman,Firehjul,Plug-in hybrid,2023,45,359900,49781,349900,379900,17574,-0.529,lokal
MINI,Countryman-Serie,Firehjul,Diesel,2010,5,51942,177943,41942,69942,22064,-0.32,global
MINI,Countryman-Serie,Firehjul,Diesel,2012,7,69942,185000,58421,75442,16913,-0.32,global
MINI,Countryman-Serie,Firehjul,Diesel,2013,8,134000,109108,125986,139000,29751,-0.32,global
MINI,Countryman-Serie,Firehjul,Diesel,2014,12,93471,155367,80206,123675,35916,-0.32,global
MINI,Countryman-Serie,Firehjul,Diesel,2015,13,129900,120780,119000,139000,16960,-0.32,global
MINI,Countryman-Serie,Firehjul,Diesel,2016,5,145000,85000,145000,179000,19642,-0.32,global
MINI,Countryman-Serie,Firehjul,Elektrisk,2025,8,527400,4650,511150,541150,20603,-0.32,global
MINI,Countryman-Serie,Firehjul,Hybrid,2018,5,189000,94700,164900,198900,42666,-0.32,global
MINI,Countryman-Serie,Firehjul,Hybrid,2019,5,204434,94800,199000,209900,17557,-0.32,global
MINI,Countryman-Serie,Firehjul,Plug-in hybrid,2017,8,158000,111196,149399,168250,15440,-0.32,global
MINI,Countryman-Serie,Firehjul,Plug-in hybrid,2018,12,199000,94192,187975,209900,18921,-0.32,global
MINI,Countryman-Serie,Firehjul,Plug-in hybrid,2019,24,216766,94700,196500,231250,28013,-0.773,lokal
MINI,Countryman-Serie,Firehjul,Plug-in hybrid,2020,13,259000,60500,239000,269000,31990,-0.32,global
MINI,Countryman-Serie,Firehjul,Plug-in hybrid,2021,9,269900,76856,269000,299000,28403,-0.32,global
MINI,Countryman-Serie,Firehjul,Plug-in hybrid,2022,65,339000,54730,309000,349000,41680,-0.693,lokal
MINI,Countryman-Serie,Firehjul,Plug-in hybrid,2023,6,339900,53348,339900,343650,3865,-0.32,global
MINI,John Cooper Works,Tohjul,Bensin,2017,7,324532,75500,289995,334945,52976,-0.32,global
MINI,One,Tohjul,Bensin,2003,7,25000,179500,21421,27950,7037,-0.32,global
MINI,One,Tohjul,Bensin,2009,9,34000,109300,16900,48900,17073,-0.32,global
MINI,One,Tohjul,Bensin,2010,8,32900,138500,29160,46000,14407,-0.32,global
MINI,One,Tohjul,Bensin,2014,15,84999,116000,74500,139925,38395,-0.32,global
MINI,One,Tohjul,Bensin,2015,5,88166,146000,83166,89166,12664,-0.32,global
MINI,One,Tohjul,Bensin,2016,13,98166,109600,89990,109900,14179,-0.32,global
MINI,One,Tohjul,Bensin,2017,25,119900,95900,109900,144900,27511,-0.193,lokal
MINI,One,Tohjul,Diesel,2010,11,38900,142500,27588,58450,19551,-0.32,global
MINI,One,Tohjul,Diesel,2011,5,48400,143000,45900,59942,17282,-0.32,global
MINI,One,Tohjul,Diesel,2012,7,56900,109000,52450,63442,14810,-0.32,global
MINI,One,Tohjul,Diesel,2013,26,59000,100720,59000,74875,17032,-0.127,lokal
MINI,One,Tohjul,Diesel,2014,14,89533,120604,59236,99675,25023,-0.32,global
MINI,One,Tohjul,Diesel,2015,7,62900,126411,49166,79554,21695,-0.32,global
Maserati,Coupe,Tohjul,Bensin,2002,6,323900,74775,269650,348900,48717,-0.32,global
Maserati,Ghibli,Firehjul,Bensin,2014,22,499000,94000,499000,499000,56077,-0.32,global
Maserati,Grecale,Firehjul,Elektrisk,2024,33,1190000,5000,999000,1290000,151421,-1.014,lokal
Maserati,Levante,Firehjul,Bensin,2017,7,603532,131500,599000,619000,73509,-0.32,global
Maserati,Levante,Firehjul,Diesel,2017,12,519000,155000,499000,611500,72284,-0.32,global
Maserati,Quattroporte,Tohjul,Bensin,2013,5,699000,82500,679000,699000,50594,-0.32,global
Maxus,Deliver 9,Tohjul,Elektrisk,2022,8,179926,61000,161708,194940,40390,-0.32,global
Maxus,Euniq 5,Tohjul,Elektrisk,2020,17,199000,30628,159000,239000,40059,-1.271,lokal
Maxus,Euniq 5,Tohjul,Elektrisk,2021,54,178500,55630,165749,199000,32304,-0.348,lokal
Maxus,Euniq 5,Tohjul,Elektrisk,2022,53,219000,33000,194343,249000,43283,-0.563,lokal
Maxus,Euniq 5,Tohjul,Elektrisk,2023,7,299000,39000,281672,329172,27530,-0.32,global
Maxus,Euniq 5,Tohjul,Elektrisk,2024,8,319000,17292,279000,331500,30677,-0.32,global
Maxus,Euniq 5,Tohjul,Elektrisk,2025,9,399000,238,359000,439900,55303,-0.32,global
Maxus,Euniq 6,Tohjul,Elektrisk,2022,167,229000,46000,199000,249000,34615,-1.078,lokal
Maxus,Euniq 6,Tohjul,Elektrisk,2023,48,269000,29000,249000,289000,30540,-0.607,lokal
Maxus,Euniq 6,Tohjul,Elektrisk,2024,25,299000,14843,289000,329900,38148,-1.378,lokal
Maxus,Euniq 6,Tohjul,Elektrisk,2025,14,374000,26,331500,407400,108978,-0.32,global
Maxus,MIFA 9,Tohjul,Elektrisk,2023,11,489000,10000,464450,489000,35610,-0.32,global
Maxus,MIFA 9,Tohjul,Elektrisk,2024,5,489900,16750,489900,499900,83976,-0.32,global
Maxus,MIFA 9,Tohjul,Elektrisk,2025,6,464000,14700,431500,571500,85499,-0.32,global
Maxus,T90 EV,Tohjul,Elektrisk,2022,27,299900,16500,289450,324000,47316,-0.588,lokal
Maxus,T90 EV,Tohjul,Elektrisk,2023,11,319000,13000,314000,344000,49267,-0.32,global
Maxus,T90 EV,Tohjul,Elektrisk,2024,16,329500,15000,299675,359000,42193,-0.32,global
Maxus,T90 EV,Tohjul,Elektrisk,2025,14,338653,3450,309530,394249,117162,-0.32,global
Maxus,e-Deliver 3,Tohjul,Elektrisk,2020,41,99920,70500,93900,119953,27381,-0.241,lokal
Maxus,e-Deliver 3,Tohjul,Elektrisk,2021,48,113776,50500,99988,139920,50565,-0.37,lokal
Maxus,e-Deliver 3,Tohjul,Elektrisk,2022,20,179000,14157,147418,196000,31688,-0.423,lokal
Maxus,e-Deliver 3,Tohjul,Elektrisk,2023,21,239000,10279,188000,249900,49416,-0.016,lokal
Maxus,e-Deliver 3,Tohjul,Elektrisk,2024,23,249000,10800,204950,284450,73306,-0.32,global
Maxus,e-Deliver 3,Tohjul,Elektrisk,2025,14,312450,1252,299225,348675,56337,-0.32,global
Maxus,e-Deliver 7,Tohjul,Elektrisk,2024,12,474450,9250,439000,489000,88826,-0.32,global
Maxus,e-Deliver 7,Firehjul,Elektrisk,2025,5,599000,14662,529900,599000,87957,-0.32,global
Maxus,e-Deliver 9,Tohjul,Elektrisk,2021,20,161486,69200,149778,199900,66759,-0.267,lokal
Maxus,e-Deliver 9,Tohjul,Elektrisk,2022,21,229906,36683,151406,480553,241583,-5.112,lokal
Maxus,e-Deliver 9,Tohjul,Elektrisk,2023,17,399000,26821,348000,489000,170088,-4.791,lokal
Maxus,e-Deliver 9,Tohjul,Elektrisk,2025,6,329000,3500,306500,359000,125248,-0.32,global
Maxus,eTerron9,Firehjul,Elektrisk,2025,9,799000,30,799000,819000,11391,-0.32,global
Maxus,ev80,Tohjul,Elektrisk,2020,15,101520,34000,94036,126475,31400,-0.32,global
Mazda,2,Tohjul,Bensin,2007,14,28950,130900,20110,36425,10225,-0.32,global
Mazda,2,Tohjul,Bensin,2008,26,27471,124758,22400,31900,8673,-0.121,lokal
Mazda,2,Tohjul,Bensin,2009,19,27000,151380,19921,29921,9034,-0.11,lokal
Mazda,2,Tohjul,Bensin,2010,19,28900,104144,17921,35921,12587,-0.1,lokal
Mazda,2,Tohjul,Bensin,2011,24,39450,121902,32650,45942,14252,-0.01,lokal
Mazda,2,Tohjul,Bensin,2012,27,39500,118500,29900,48400,14771,-0.014,lokal
Mazda,2,Tohjul,Bensin,2013,16,40900,123362,36660,45682,14326,-0.127,lokal
Mazda,2,Tohjul,Bensin,2014,15,64942,63512,51578,84471,19795,-0.32,global
Mazda,2,Tohjul,Bensin,2015,15,99000,71300,86083,139000,31876,-0.32,global
Mazda,2,Tohjul,Bensin,2016,20,123583,88850,97464,139000,28757,-0.16,lokal
Mazda,2,Tohjul,Bensin,2017,13,119900,87000,109900,129999,19025,-0.32,global
Mazda,2,Tohjul,Bensin,2018,13,149000,52964,129900,159900,27917,-0.32,global
Mazda,2,Tohjul,Bensin,2019,10,158750,58144,149486,183650,28200,-0.32,global
Mazda,2,Tohjul,Bensin,2021,5,199000,41929,185000,199900,15904,-0.32,global
Mazda,2,Tohjul,Hybrid,2022,30,237000,26365,225000,249000,18525,-0.272,lokal
Mazda,2,Tohjul,Hybrid,2023,19,239000,37731,229450,259000,19014,-0.017,lokal
Mazda,3,Tohjul,Bensin,2004,8,20900,172820,14160,45619,28057,-0.32,global
Mazda,3,Tohjul,Bensin,2005,7,26900,142072,15442,29400,8918,-0.32,global
Mazda,3,Tohjul,Bensin,2006,21,20900,151000,11900,26942,11954,-0.031,lokal
Mazda,3,Tohjul,Bensin,2007,15,24900,165000,15421,33400,14230,-0.32,global
Mazda,3,Tohjul,Bensin,2008,22,24942,148475,19150,39675,12046,0.068,lokal
Mazda,3,Tohjul,Bensin,2009,17,39000,161382,34900,41990,12283,-0.114,lokal
Mazda,3,Tohjul,Bensin,2010,26,34450,166366,19767,41975,15899,-0.09,lokal
Mazda,3,Tohjul,Bensin,2012,9,36000,136200,27942,47942,16068,-0.32,global
Mazda,3,Tohjul,Bensin,2013,9,118729,136922,101900,125000,22651,-0.32,global
Mazda,3,Tohjul,Bensin,2014,62,109921,130300,96942,129000,24003,-0.309,lokal
Mazda,3,Tohjul,Bensin,2015,55,129000,104811,116266,148850,27284,-0.253,lokal
Mazda,3,Tohjul,Bensin,2016,23,129000,121200,115750,151950,27394,-0.437,lokal
Mazda,3,Tohjul,Bensin,2017,36,169900,98100,159000,181172,18951,0.071,lokal
Mazda,3,Tohjul,Bensin,2018,20,189000,75000,171326,199225,30652,-0.552,lokal
Mazda,3,Firehjul,Bensin,2019,7,263900,70951,259450,267000,6987,-0.32,global
Mazda,3,Tohjul,Bensin,2019,16,249000,51200,232149,269225,30393,-0.32,global
Mazda,3,Firehjul,Bensin,2020,12,259450,108856,249000,280475,17733,-0.32,global
Mazda,3,Tohjul,Bensin,2020,14,259450,57559,249000,269900,19650,-0.32,global
Mazda,3,Firehjul,Bensin,2021,6,297000,73790,283000,299000,16451,-0.32,global
Mazda,3,Firehjul,Bensin,2022,7,289900,45275,289900,299900,12724,-0.32,global
Mazda,3,Tohjul,Diesel,2006,6,24850,191500,21156,27150,5235,-0.32,global
Mazda,3,Tohjul,Diesel,2007,6,15921,186050,9900,23410,13184,-0.32,global
Mazda,3,Tohjul,Diesel,2008,11,23942,154853,16421,31921,15398,-0.32,global
Mazda,3,Tohjul,Diesel,2009,32,30000,176614,19225,38182,14802,-0.08,lokal
Mazda,3,Tohjul,Diesel,2010,21,24900,171500,15000,37098,15619,0.095,lokal
Mazda,3,Tohjul,Diesel,2011,17,45900,157000,29942,59900,16840,-0.32,global
Mazda,3,Tohjul,Diesel,2012,21,39942,174000,39000,49000,10374,-0.072,lokal
Mazda,3,Tohjul,Diesel,2013,6,49450,155950,42175,64225,25089,-0.32,global
Mazda,3,Tohjul,Diesel,2014,46,100942,147300,89434,119900,22736,-0.171,lokal
Mazda,3,Tohjul,Diesel,2015,38,109000,157350,75576,123300,26977,-0.28,lokal
Mazda,3,Tohjul,Diesel,2016,15,104434,147000,99450,119266,27428,-0.32,global
Mazda,3,Tohjul,Diesel,2017,14,139450,120350,126000,169000,27328,-0.32,global
Mazda,3,Firehjul,Hybrid,2019,12,259450,63846,256500,269000,12332,-0.32,global
Mazda,3,Tohjul,Hybrid,2019,10,199000,84500,183675,211150,17078,-0.32,global
Mazda,3,Firehjul,Hybrid,2020,8,286950,33850,278900,289000,9260,-0.32,global
Mazda,3,Tohjul,Hybrid,2020,15,239000,71240,229000,244400,13947,-0.32,global
Mazda,3,Firehjul,Hybrid,2022,5,289900,43000,279900,319900,28830,-0.32,global
Mazda,3,Firehjul,Hybrid,2023,19,329900,59700,299900,329900,19601,-0.32,global
Mazda,323,Tohjul,Bensin,1998,5,10000,148147,8900,26900,10771,-0.32,global
Mazda,323,Tohjul,Bensin,1999,6,29471,97500,27425,33660,5451,-0.32,global
Mazda,323,Tohjul,Bensin,2000,7,26900,100300,22900,36921,12287,-0.32,global
Mazda,5,Tohjul,Bensin,2006,6,20900,209000,17650,22650,5055,-0.32,global
Mazda,5,Tohjul,Bensin,2009,6,25450,199857,14401,41750,19748,-0.32,global
Mazda,5,Tohjul,Diesel,2006,6,15946,231500,11160,20588,7256,-0.32,global
Mazda,5,Tohjul,Diesel,2007,5,14942,204000,10800,16900,5430,-0.32,global
Mazda,5,Tohjul,Diesel,2008,14,22400,213800,17550,29800,9623,-0.32,global
Mazda,5,Tohjul,Diesel,2009,9,14500,229982,7900,27900,14729,-0.32,global
Mazda,5,Tohjul,Diesel,2010,9,21650,229157,11900,23942,7676,-0.32,global
Mazda,5,Tohjul,Diesel,2011,12,37416,179114,24806,51175,16456,-0.32,global
Mazda,5,Tohjul,Diesel,2012,20,43400,175500,31875,51150,19125,-0.134,lokal
Mazda,6,Tohjul,Bensin,2004,7,31900,199000,14821,37294,12567,-0.32,global
Mazda,6,Tohjul,Bensin,2005,5,26900,131128,21900,36900,20487,-0.32,global
Mazda,6,Tohjul,Bensin,2006,11,17900,168156,11421,35445,13111,-0.32,global
Mazda,6,Tohjul,Bensin,2007,15,15942,189000,13900,21900,7335,-0.32,global
Mazda,6,Tohjul,Bensin,2008,36,23921,206766,13456,36910,15086,-0.036,lokal
Mazda,6,Tohjul,Bensin,2009,30,26450,211020,13511,34275,13227,0.013,lokal
Mazda,6,Tohjul,Bensin,2010,11,11900,216632,10471,25900,12704,-0.32,global
Mazda,6,Tohjul,Bensin,2013,9,99900,168120,99000,105000,21091,-0.32,global
Mazda,6,Tohjul,Bensin,2014,19,119900,152000,112921,149450,35459,-0.324,lokal
Mazda,6,Tohjul,Bensin,2015,25,149000,164500,130000,169000,26666,-0.305,lokal
Mazda,6,Tohjul,Bensin,2016,11,159434,115923,151532,179000,16752,-0.32,global
Mazda,6,Tohjul,Bensin,2017,24,182017,107000,169675,202175,30565,-0.33,lokal
Mazda,6,Tohjul,Bensin,2018,6,223500,97725,203675,244000,33009,-0.32,global
Mazda,6,Tohjul,Bensin,2019,11,249000,79120,230000,271717,35581,-0.32,global
Mazda,6,Tohjul,Diesel,2006,8,17500,294232,11150,23900,9901,-0.32,global
Mazda,6,Tohjul,Diesel,2007,7,9900,230000,9100,13442,4624,-0.32,global
Mazda,6,Tohjul,Diesel,2008,49,21900,223000,12400,27942,13207,-0.069,lokal
Mazda,6,Tohjul,Diesel,2009,59,26900,210000,19900,38442,13335,-0.048,lokal
Mazda,6,Tohjul,Diesel,2010,62,29900,208000,14432,39000,15734,-0.084,lokal
Mazda,6,Tohjul,Diesel,2011,40,35921,198158,19975,47425,18247,-0.144,lokal
Mazda,6,Tohjul,Diesel,2012,31,39999,200000,27695,59990,19357,-0.317,lokal
Mazda,6,Tohjul,Diesel,2013,85,79900,181000,54147,99000,32360,-0.281,lokal
Mazda,6,Tohjul,Diesel,2014,98,89900,171400,59337,109326,33581,-0.279,lokal
Mazda,6,Firehjul,Diesel,2015,103,134999,162000,114950,149917,33958,-0.439,lokal
Mazda,6,Tohjul,Diesel,2015,34,99921,160000,72206,137225,38103,-0.519,lokal
Mazda,6,Firehjul,Diesel,2016,85,149999,147000,129000,179000,41831,-0.353,lokal
Mazda,6,Tohjul,Diesel,2016,19,119434,171100,99995,139667,20388,-0.3,lokal
Mazda,6,Firehjul,Diesel,2017,87,177434,128551,161717,199000,35242,-0.148,lokal
Mazda,6,Tohjul,Diesel,2017,16,156717,127850,138975,172242,33880,-0.271,lokal
Mazda,6,Firehjul,Diesel,2018,41,218900,124060,198900,239990,47231,-0.617,lokal
Mazda,6,Tohjul,Diesel,2018,17,199000,121000,159000,209000,37428,-0.399,lokal
Mazda,6,Firehjul,Diesel,2019,35,269434,115000,249217,289000,35619,-0.561,lokal
Mazda,6,Tohjul,Diesel,2019,5,184434,96300,178800,219900,34286,-0.32,global
Mazda,6e,Tohjul,Elektrisk,2025,36,417350,6992,408126,438925,15820,-0.32,global
Mazda,BT-50,Firehjul,Diesel,2007,6,70768,184500,47539,92518,40871,-0.32,global
Mazda,BT-50,Firehjul,Diesel,2009,7,66268,181600,52634,81634,28431,-0.32,global
Mazda,CX-3,Firehjul,Bensin,2015,52,176717,113844,159000,189000,19715,-0.312,lokal
Mazda,CX-3,Tohjul,Bensin,2015,42,145033,119450,121949,166792,25764,-0.412,lokal
Mazda,CX-3,Firehjul,Bensin,2016,106,189217,96650,169900,203325,26706,-0.413,lokal
Mazda,CX-3,Tohjul,Bensin,2016,93,159000,94781,144434,169434,24773,-0.226,lokal
Mazda,CX-3,Firehjul,Bensin,2017,34,209667,99600,198000,223724,23767,-0.199,lokal
Mazda,CX-3,Tohjul,Bensin,2017,44,174900,86004,159675,189000,22741,-0.177,lokal
Mazda,CX-3,Firehjul,Bensin,2018,26,238717,77015,221500,239900,23791,-0.221,lokal
Mazda,CX-3,Tohjul,Bensin,2018,35,199000,89000,179900,203400,20697,-0.308,lokal
Mazda,CX-3,Firehjul,Bensin,2019,21,229900,96138,214434,259000,27250,-0.569,lokal
Mazda,CX-3,Tohjul,Bensin,2019,26,222212,66612,216675,236500,25530,-0.831,lokal
Mazda,CX-3,Tohjul,Bensin,2021,6,262266,47500,251633,268000,14321,-0.32,global
Mazda,CX-3,Firehjul,Diesel,2015,19,169000,95700,144217,177000,30719,-0.45,lokal
Mazda,CX-3,Tohjul,Diesel,2015,15,139000,125792,116766,139450,24344,-0.32,global
Mazda,CX-3,Firehjul,Diesel,2016,46,168950,120000,158900,187850,25323,-0.336,lokal
Mazda,CX-3,Tohjul,Diesel,2016,27,129900,124376,122167,148950,24212,-0.389,lokal
Mazda,CX-30,Firehjul,Bensin,2019,22,269000,75470,261150,279000,19218,-0.016,lokal
Mazda,CX-30,Tohjul,Bensin,2019,10,239450,59500,231500,248750,13848,-0.32,global
Mazda,CX-30,Firehjul,Bensin,2020,51,269000,78000,253983,279450,24616,-0.385,lokal
Mazda,CX-30,Tohjul,Bensin,2020,23,259900,59100,249000,269000,13470,-0.32,lokal
Mazda,CX-30,Firehjul,Bensin,2021,29,309000,58911,279000,319900,30988,-0.691,lokal
Mazda,CX-30,Tohjul,Bensin,2021,16,279864,57800,269675,299200,24571,-0.639,lokal
Mazda,CX-30,Firehjul,Bensin,2022,14,362000,46850,356847,376000,21409,-0.678,lokal
Mazda,CX-30,Firehjul,Hybrid,2019,11,279900,56820,267000,279900,12604,-0.32,global
Mazda,CX-30,Tohjul,Hybrid,2019,16,244667,92532,225475,261058,25862,-0.32,global
Mazda,CX-30,Firehjul,Hybrid,2020,40,269000,70210,258883,279225,25419,-0.095,lokal
Mazda,CX-30,Tohjul,Hybrid,2020,38,259450,62550,239000,269900,24522,-0.368,lokal
Mazda,CX-30,Firehjul,Hybrid,2021,37,289998,67500,259999,304433,28653,-0.436,lokal
Mazda,CX-30,Tohjul,Hybrid,2021,35,258900,65569,239217,279000,27823,-0.521,lokal
Mazda,CX-30,Tohjul,Hybrid,2022,14,288900,68000,271175,307400,29659,-0.32,global
Mazda,CX-5,Firehjul,Bensin,2012,29,109900,173000,89900,129000,29063,-0.437,lokal
Mazda,CX-5,Tohjul,Bensin,2012,6,75900,191854,70325,109225,35564,-0.32,global
Mazda,CX-5,Firehjul,Bensin,2013,84,129900,168500,99986,152150,33140,-0.381,lokal
Mazda,CX-5,Tohjul,Bensin,2013,7,99500,136185,84450,122450,39815,-0.32,global
Mazda,CX-5,Firehjul,Bensin,2014,70,139450,156500,119108,163300,35911,-0.346,lokal
Mazda,CX-5,Firehjul,Bensin,2015,78,184900,143000,159900,199000,30833,-0.228,lokal
Mazda,CX-5,Firehjul,Bensin,2016,100,211200,114350,197225,229225,28830,-0.339,lokal
Mazda,CX-5,Tohjul,Bensin,2016,5,139434,137000,134434,154434,16304,-0.32,global
Mazda,CX-5,Firehjul,Bensin,2017,125,229900,125800,208000,249900,35913,-0.275,lokal
Mazda,CX-5,Firehjul,Bensin,2018,120,281716,104700,264900,299900,34049,-0.557,lokal
Mazda,CX-5,Firehjul,Bensin,2019,87,325000,93909,299667,339900,28372,-0.473,lokal
Mazda,CX-5,Tohjul,Bensin,2019,5,269000,79000,269000,278000,10437,-0.32,global
Mazda,CX-5,Firehjul,Bensin,2020,24,374900,81195,356725,392125,27084,-0.394,lokal
Mazda,CX-5,Firehjul,Bensin,2021,14,389000,87500,379000,389900,16024,-0.32,global
Mazda,CX-5,Tohjul,Bensin,2021,20,304900,67100,287400,331150,32449,-0.578,lokal
Mazda,CX-5,Firehjul,Diesel,2012,71,89900,190021,47450,111900,37088,-0.406,lokal
Mazda,CX-5,Tohjul,Diesel,2012,14,49900,212250,41910,71700,24481,-0.32,global
Mazda,CX-5,Firehjul,Diesel,2013,327,93900,187495,62500,119000,36233,-0.387,lokal
Mazda,CX-5,Tohjul,Diesel,2013,22,89900,171880,46956,99932,32338,-0.404,lokal
Mazda,CX-5,Firehjul,Diesel,2014,389,114990,169000,82508,139000,39946,-0.379,lokal
Mazda,CX-5,Tohjul,Diesel,2014,16,89000,160152,64249,115351,36715,-0.379,lokal
Mazda,CX-5,Firehjul,Diesel,2015,301,149000,159900,125000,165000,36652,-0.422,lokal
Mazda,CX-5,Firehjul,Diesel,2016,226,175000,146000,149550,199900,42826,-0.57,lokal
Mazda,CX-5,Firehjul,Diesel,2017,149,219000,131000,189000,249990,45433,-0.58,lokal
Mazda,CX-5,Firehjul,Diesel,2018,127,269900,116000,239900,289900,38594,-0.525,lokal
Mazda,CX-5,Firehjul,Diesel,2019,82,314434,116670,275000,329000,40048,-0.76,lokal
Mazda,CX-5,Tohjul,Diesel,2019,10,262400,126900,251150,281150,23740,-0.32,global
Mazda,CX-5,Firehjul,Diesel,2020,39,359900,77054,344000,379450,22207,-0.721,lokal
Mazda,CX-5,Firehjul,Diesel,2021,30,364000,81712,319500,389000,41264,-0.691,lokal
Mazda,CX-60,Firehjul,Hybrid,2022,49,449000,54400,400000,459900,44873,-1.184,lokal
Mazda,CX-60,Firehjul,Hybrid,2023,9,509900,60000,429000,549900,87704,-0.32,global
Mazda,CX-60,Firehjul,Plug-in hybrid,2022,310,435266,47857,418925,453575,31328,-0.458,lokal
Mazda,CX-60,Firehjul,Plug-in hybrid,2023,53,499000,38500,469900,519900,34513,-0.636,lokal
Mazda,CX-7,Firehjul,Diesel,2009,5,45942,206999,31842,51900,21116,-0.32,global
Mazda,CX-7,Firehjul,Diesel,2010,16,43442,239950,33682,57682,26220,-0.32,global
Mazda,CX-80,Firehjul,Diesel,2025,6,969000,5720,926500,989000,41604,-0.32,global
Mazda,MX-30,Tohjul,Elektrisk,2020,114,139000,56896,129900,149000,12982,-0.169,lokal
Mazda,MX-30,Tohjul,Elektrisk,2021,315,149000,48000,138666,159000,16846,-0.281,lokal
Mazda,MX-30,Tohjul,Elektrisk,2022,282,169000,33000,159000,178975,13362,-0.317,lokal
Mazda,MX-30,Tohjul,Elektrisk,2023,171,179000,21451,169900,189950,15014,-0.188,lokal
Mazda,MX-30,Tohjul,Elektrisk,2024,111,199900,13171,189998,215000,19749,-0.051,lokal
Mazda,MX-30,Tohjul,Elektrisk,2025,31,228900,6000,219450,237000,43058,-0.32,global
Mazda,MX-5,Tohjul,Bensin,1999,13,61900,185000,59900,83400,39106,-0.32,global
Mazda,MX-5,Tohjul,Bensin,2006,6,134900,117900,123150,154900,43523,-0.32,global
Mazda,MX-5,Tohjul,Bensin,2008,6,177921,80250,164900,193986,50350,-0.32,global
Mazda,MX-5,Tohjul,Bensin,2011,5,179900,88000,169000,198000,23054,-0.32,global
Mazda,MX-5,Tohjul,Bensin,2016,6,259000,58676,241500,284000,28521,-0.32,global
Mazda,MX-5,Tohjul,Bensin,2017,12,279000,62404,258927,291216,31799,-0.32,global
Mazda,MX-5,Tohjul,Bensin,2019,7,339900,52500,339400,344450,6778,-0.32,global
McLaren,Artura,Tohjul,Hybrid,2023,7,3189000,36000,3189000,3194500,59922,-0.32,global
Mercedes-Benz,190,Tohjul,Bensin,1985,5,99000,260000,72000,100000,46800,-0.32,global
Mercedes-Benz,190,Tohjul,Bensin,1987,5,79000,235279,65999,80000,9381,-0.32,global
Mercedes-Benz,190,Tohjul,Bensin,1990,7,61900,237544,53950,82500,21021,-0.32,global
Mercedes-Benz,190,Tohjul,Bensin,1991,6,74400,240500,45900,87225,37926,-0.32,global
Mercedes-Benz,250,Firehjul,Diesel,2012,12,243350,218296,221500,249225,39420,-0.32,global
Mercedes-Benz,250,Firehjul,Diesel,2013,9,269900,179500,179000,289900,68126,-0.32,global
Mercedes-Benz,250,Firehjul,Diesel,2014,5,319000,160500,249000,339900,57785,-0.32,global
Mercedes-Benz,A-Klasse,Tohjul,Bensin,2004,5,20442,119900,10942,21942,6835,-0.32,global
Mercedes-Benz,A-Klasse,Tohjul,Bensin,2005,18,20900,132300,10975,31410,12500,-0.079,lokal
Mercedes-Benz,A-Klasse,Tohjul,Bensin,2006,19,23942,169000,14421,32500,10568,-0.138,lokal
Mercedes-Benz,A-Klasse,Tohjul,Bensin,2007,18,22421,143667,14688,26675,11103,-0.078,lokal
Mercedes-Benz,A-Klasse,Tohjul,Bensin,2008,11,17900,162700,15421,37471,14249,-0.32,global
Mercedes-Benz,A-Klasse,Tohjul,Bensin,2009,9,49999,138000,29900,59900,20103,-0.32,global
Mercedes-Benz,A-Klasse,Tohjul,Bensin,2010,16,19171,149964,14160,27150,22453,-0.274,lokal
Mercedes-Benz,A-Klasse,Tohjul,Bensin,2011,9,39990,119000,39520,49990,17371,-0.32,global
Mercedes-Benz,A-Klasse,Tohjul,Bensin,2012,25,83900,157000,60000,119000,33542,-0.16,lokal
Mercedes-Benz,A-Klasse,Firehjul,Bensin,2013,5,329900,163000,311942,349990,65865,-0.32,global
Mercedes-Benz,A-Klasse,Tohjul,Bensin,2013,179,109900,144000,86900,130945,31367,-0.3,lokal
Mercedes-Benz,A-Klasse,Firehjul,Bensin,2014,18,339000,155098,254228,367998,76762,-0.766,lokal
Mercedes-Benz,A-Klasse,Tohjul,Bensin,2014,115,129900,129950,109370,149617,28710,-0.254,lokal
Mercedes-Benz,A-Klasse,Firehjul,Bensin,2015,17,348900,114000,229000,349999,76229,0.926,lokal
Mercedes-Benz,A-Klasse,Tohjul,Bensin,2015,92,139999,125516,126425,165000,25953,-0.343,lokal
Mercedes-Benz,A-Klasse,Firehjul,Bensin,2016,24,412212,90000,364000,432490,85886,-0.436,lokal
Mercedes-Benz,A-Klasse,Tohjul,Bensin,2016,86,169000,111000,149225,182649,25553,-0.224,lokal
Mercedes-Benz,A-Klasse,Firehjul,Bensin,2017,8,509900,103750,489675,519900,75930,-0.32,global
Mercedes-Benz,A-Klasse,Tohjul,Bensin,2017,52,169990,117000,158975,189925,22029,-0.461,lokal
Mercedes-Benz,A-Klasse,Firehjul,Bensin,2018,5,529000,72000,499990,539000,36363,-0.32,global
Mercedes-Benz,A-Klasse,Tohjul,Bensin,2018,156,209900,95000,199000,248125,31647,-0.597,lokal
Mercedes-Benz,A-Klasse,Firehjul,Bensin,2019,34,299000,85050,279000,463458,115739,-1.713,lokal
Mercedes-Benz,A-Klasse,Tohjul,Bensin,2019,198,249434,80876,229900,269000,28474,-0.377,lokal
Mercedes-Benz,A-Klasse,Firehjul,Bensin,2020,21,579000,64000,549000,599000,75893,-0.32,global
Mercedes-Benz,A-Klasse,Tohjul,Bensin,2020,41,259900,70300,249000,284000,33739,-0.445,lokal
Mercedes-Benz,A-Klasse,Tohjul,Diesel,2005,10,23921,168500,17692,29932,11927,-0.32,global
Mercedes-Benz,A-Klasse,Tohjul,Diesel,2006,5,16942,160000,15900,26900,9393,-0.32,global
Mercedes-Benz,A-Klasse,Tohjul,Diesel,2007,24,26921,154500,16150,30432,16866,-0.007,lokal
Mercedes-Benz,A-Klasse,Tohjul,Diesel,2008,37,22900,134341,16900,36942,17104,-0.116,lokal
Mercedes-Benz,A-Klasse,Tohjul,Diesel,2009,12,33420,144800,26432,52249,15963,-0.32,global
Mercedes-Benz,A-Klasse,Tohjul,Diesel,2010,23,39900,160000,23421,42900,35857,-0.299,lokal
Mercedes-Benz,A-Klasse,Tohjul,Diesel,2011,8,59421,119926,55750,61718,12732,-0.32,global
Mercedes-Benz,A-Klasse,Tohjul,Diesel,2012,21,90900,193870,73942,109875,26031,-0.151,lokal
Mercedes-Benz,A-Klasse,Tohjul,Diesel,2013,64,109000,163351,89975,130475,27346,-0.351,lokal
Mercedes-Benz,A-Klasse,Firehjul,Diesel,2014,10,164450,152000,151059,179675,25236,-0.32,global
Mercedes-Benz,A-Klasse,Tohjul,Diesel,2014,21,99000,151000,84434,129000,38408,-0.248,lokal
Mercedes-Benz,A-Klasse,Firehjul,Diesel,2015,7,154434,150250,149945,161900,7937,-0.32,global
Mercedes-Benz,A-Klasse,Tohjul,Diesel,2015,11,144900,158000,134766,159450,25891,-0.32,global
Mercedes-Benz,A-Klasse,Firehjul,Diesel,2017,5,254432,122500,249000,259000,66754,-0.32,global
Mercedes-Benz,A-Klasse,Tohjul,Diesel,2020,10,266500,99380,237175,286500,30758,-0.32,global
Mercedes-Benz,A-Klasse,Tohjul,Hybrid,2020,24,269900,96140,269000,286000,20643,-0.1,lokal
Mercedes-Benz,A-Klasse,Tohjul,Hybrid,2021,20,298000,70000,289000,299225,22571,-0.279,lokal
Mercedes-Benz,A-Klasse,Tohjul,Plug-in hybrid,2020,41,285000,68324,269000,299999,28419,-0.567,lokal
Mercedes-Benz,A-Klasse,Tohjul,Plug-in hybrid,2021,60,289450,65497,269326,301108,29003,-0.824,lokal
Mercedes-Benz,A-Klasse,Tohjul,Plug-in hybrid,2022,8,314000,41000,299000,321175,22392,-0.32,global
Mercedes-Benz,AMG GT,Firehjul,Hybrid,2019,7,1159900,78500,1159900,1159900,43071,-0.32,global
Mercedes-Benz,AMG GT R,Tohjul,Bensin,2018,12,1809900,37500,1794225,1841500,43450,-0.32,global
Mercedes-Benz,AMG GT S,Tohjul,Bensin,2015,18,1139450,68000,1125000,1262249,148470,-7.025,lokal
Mercedes-Benz,AMG GT S,Tohjul,Bensin,2016,6,1249500,35700,1211500,1272500,72307,-0.32,global
Mercedes-Benz,B-Klasse,Tohjul,Bensin,2005,6,12442,194874,11192,18236,5464,-0.32,global
Mercedes-Benz,B-Klasse,Tohjul,Bensin,2006,23,21942,183500,14442,31921,11415,-0.117,lokal
Mercedes-Benz,B-Klasse,Tohjul,Bensin,2007,24,26900,172349,18432,39910,14918,-0.134,lokal
Mercedes-Benz,B-Klasse,Tohjul,Bensin,2008,20,38442,168920,23500,42650,19781,-0.097,lokal
Mercedes-Benz,B-Klasse,Tohjul,Bensin,2009,19,32900,166200,22942,39900,18691,-0.114,lokal
Mercedes-Benz,B-Klasse,Tohjul,Bensin,2010,15,43900,138500,33471,63864,20119,-0.32,global
Mercedes-Benz,B-Klasse,Tohjul,Bensin,2011,20,63470,115350,43736,79225,18814,-0.14,lokal
Mercedes-Benz,B-Klasse,Tohjul,Bensin,2012,35,81900,146500,67971,99450,23676,-0.134,lokal
Mercedes-Benz,B-Klasse,Tohjul,Bensin,2013,31,109800,115900,89900,123372,24079,-0.209,lokal
Mercedes-Benz,B-Klasse,Firehjul,Bensin,2014,23,159990,135083,145000,194495,39085,-0.543,lokal
Mercedes-Benz,B-Klasse,Tohjul,Bensin,2014,14,117450,102468,106175,124900,13064,-0.32,global
Mercedes-Benz,B-Klasse,Firehjul,Bensin,2015,17,169900,138200,129900,189000,34474,-0.589,lokal
Mercedes-Benz,B-Klasse,Tohjul,Bensin,2015,14,148500,121350,122284,149900,22707,-0.32,global
Mercedes-Benz,B-Klasse,Firehjul,Bensin,2016,6,219217,87000,202175,233087,28158,-0.32,global
Mercedes-Benz,B-Klasse,Tohjul,Bensin,2016,18,159900,101853,148400,174558,19317,-0.045,lokal
Mercedes-Benz,B-Klasse,Tohjul,Bensin,2017,13,189000,54000,179000,199000,21494,-0.32,global
Mercedes-Benz,B-Klasse,Tohjul,Bensin,2018,12,182450,93950,174534,192200,16519,-0.32,global
Mercedes-Benz,B-Klasse,Tohjul,Bensin,2019,45,230000,89000,209900,249900,28511,-0.266,lokal
Mercedes-Benz,B-Klasse,Tohjul,Bensin,2020,21,259000,87400,249000,269999,18958,-0.166,lokal
Mercedes-Benz,B-Klasse,Tohjul,Diesel,2005,5,9942,212000,9900,28400,12311,-0.32,global
Mercedes-Benz,B-Klasse,Tohjul,Diesel,2006,37,25942,213000,16900,37900,13866,-0.131,lokal
Mercedes-Benz,B-Klasse,Tohjul,Diesel,2007,49,26900,190300,18100,39900,14052,-0.176,lokal
Mercedes-Benz,B-Klasse,Tohjul,Diesel,2008,56,29900,174641,18410,39175,16263,-0.039,lokal
Mercedes-Benz,B-Klasse,Tohjul,Diesel,2009,30,40200,164500,36900,59675,17720,-0.106,lokal
Mercedes-Benz,B-Klasse,Tohjul,Diesel,2010,42,45971,154775,32400,56400,20171,-0.156,lokal
Mercedes-Benz,B-Klasse,Tohjul,Diesel,2011,28,47950,183000,37300,61160,19181,-0.132,lokal
Mercedes-Benz,B-Klasse,Tohjul,Diesel,2012,69,79000,175000,69000,98900,30083,-0.293,lokal
Mercedes-Benz,B-Klasse,Tohjul,Diesel,2013,33,89900,154000,76900,119000,30391,-0.362,lokal
Mercedes-Benz,B-Klasse,Tohjul,Diesel,2014,9,109900,155000,109000,129000,20495,-0.32,global
Mercedes-Benz,B-Klasse,Firehjul,Diesel,2015,9,179434,144000,169434,199434,28748,-0.32,global
Mercedes-Benz,B-Klasse,Tohjul,Diesel,2015,12,114900,153000,102434,141034,37482,-0.32,global
Mercedes-Benz,B-Klasse,Firehjul,Diesel,2016,12,154495,163185,136608,181500,27618,-0.32,global
Mercedes-Benz,B-Klasse,Tohjul,Diesel,2016,10,139667,143000,132175,161750,40851,-0.32,global
Mercedes-Benz,B-Klasse,Tohjul,Diesel,2020,14,234450,87800,202200,249675,26372,-0.32,global
Mercedes-Benz,B-Klasse,Tohjul,Elektrisk,2015,55,69532,92318,59666,84434,18887,-0.09,lokal
Mercedes-Benz,B-Klasse,Tohjul,Elektrisk,2016,82,74766,97668,60758,89000,19570,-0.3,lokal
Mercedes-Benz,B-Klasse,Tohjul,Elektrisk,2017,119,83934,92600,74532,89945,19627,-0.052,lokal
Mercedes-Benz,B-Klasse,Tohjul,Elektrisk,2018,12,85712,84085,78382,90383,12949,-0.32,global
Mercedes-Benz,B-Klasse,Tohjul,Hybrid,2021,10,301717,65000,289000,334675,31405,-0.32,global
Mercedes-Benz,B-Klasse,Tohjul,Plug-in hybrid,2021,13,299000,50695,288900,308900,38631,-0.32,global
Mercedes-Benz,B250,Tohjul,Elektrisk,2015,5,85000,66000,79227,89900,10961,-0.32,global
Mercedes-Benz,B250,Tohjul,Elektrisk,2017,6,104000,75000,99000,109000,5477,-0.32,global
Mercedes-Benz,C-Klasse,Tohjul,Bensin,1994,9,36942,143500,16000,49500,28835,-0.32,global
Mercedes-Benz,C-Klasse,Tohjul,Bensin,1995,6,60000,153000,45375,165000,89746,-0.32,global
Mercedes-Benz,C-Klasse,Tohjul,Bensin,1996,6,36450,194550,28682,44925,15407,-0.32,global
Mercedes-Benz,C-Klasse,Tohjul,Bensin,1997,6,163450,142359,29588,293750,146189,-0.32,global
Mercedes-Benz,C-Klasse,Tohjul,Bensin,1998,14,28421,156483,14660,43000,74842,-0.32,global
Mercedes-Benz,C-Klasse,Tohjul,Bensin,1999,10,24950,166275,9900,32682,20837,-0.32,global
Mercedes-Benz,C-Klasse,Tohjul,Bensin,2001,27,24900,190000,13921,38471,58758,-0.119,lokal
Mercedes-Benz,C-Klasse,Tohjul,Bensin,2002,13,27999,224744,14900,35900,63537,-0.32,global
Mercedes-Benz,C-Klasse,Tohjul,Bensin,2003,31,26942,176844,21172,43450,16811,-0.079,lokal
Mercedes-Benz,C-Klasse,Tohjul,Bensin,2004,45,24800,212000,16000,39900,20325,-0.084,lokal
Mercedes-Benz,C-Klasse,Tohjul,Bensin,2005,49,31942,228955,20000,39442,14169,-0.08,lokal
Mercedes-Benz,C-Klasse,Tohjul,Bensin,2006,31,31900,200000,16921,41421,80973,-0.07,lokal
Mercedes-Benz,C-Klasse,Tohjul,Bensin,2007,21,59900,219000,51900,69900,21925,-0.012,lokal
Mercedes-Benz,C-Klasse,Tohjul,Bensin,2008,32,63400,220240,43432,133694,188092,-1.448,lokal
Mercedes-Benz,C-Klasse,Tohjul,Bensin,2009,21,111900,170000,51777,469900,198253,-1.626,lokal
Mercedes-Benz,C-Klasse,Tohjul,Bensin,2010,23,89000,154000,68400,126450,186029,-0.57,lokal
Mercedes-Benz,C-Klasse,Tohjul,Bensin,2011,35,119000,157276,89900,130445,65132,-0.358,lokal
Mercedes-Benz,C-Klasse,Tohjul,Bensin,2012,39,140000,131685,110900,160900,427810,-1.226,lokal
Mercedes-Benz,C-Klasse,Tohjul,Bensin,2013,25,139000,142800,121900,149900,126612,-0.02,lokal
Mercedes-Benz,C-Klasse,Tohjul,Bensin,2014,67,189000,145000,159217,202212,49245,-0.262,lokal
Mercedes-Benz,C-Klasse,Firehjul,Bensin,2015,19,269000,160000,229000,409000,112755,-0.201,lokal
Mercedes-Benz,C-Klasse,Tohjul,Bensin,2015,126,199434,123000,175925,236725,199079,-0.431,lokal
Mercedes-Benz,C-Klasse,Firehjul,Bensin,2016,91,269000,141000,219000,437217,137501,-1.192,lokal
Mercedes-Benz,C-Klasse,Tohjul,Bensin,2016,106,286717,104900,201218,729000,269597,-0.86,lokal
Mercedes-Benz,C-Klasse,Firehjul,Bensin,2017,41,419990,135000,279999,499000,114572,1.128,lokal
Mercedes-Benz,C-Klasse,Tohjul,Bensin,2017,65,295000,106190,219000,783434,302142,-2.904,lokal
Mercedes-Benz,C-Klasse,Firehjul,Bensin,2018,13,354434,105000,299434,589990,156578,-0.32,global
Mercedes-Benz,C-Klasse,Tohjul,Bensin,2018,41,369000,78000,299900,829000,280176,-3.025,lokal
Mercedes-Benz,C-Klasse,Firehjul,Bensin,2019,29,319000,90000,289900,359000,113255,-0.945,lokal
Mercedes-Benz,C-Klasse,Tohjul,Bensin,2019,5,289000,94000,288800,1049000,462627,-0.32,global
Mercedes-Benz,C-Klasse,Firehjul,Bensin,2020,6,411434,83500,338434,642284,207243,-0.32,global
Mercedes-Benz,C-Klasse,Tohjul,Bensin,2020,10,324500,93800,292175,1146250,440515,-0.32,global
Mercedes-Benz,C-Klasse,Firehjul,Bensin,2022,9,444000,112650,418236,479000,54376,-0.32,global
Mercedes-Benz,C-Klasse,Tohjul,Diesel,2001,8,30921,206448,9775,35736,15294,-0.32,global
Mercedes-Benz,C-Klasse,Tohjul,Diesel,2003,19,26900,246021,19421,35171,20751,0.046,lokal
Mercedes-Benz,C-Klasse,Tohjul,Diesel,2004,49,27900,253000,18900,35900,11806,-0.051,lokal
Mercedes-Benz,C-Klasse,Tohjul,Diesel,2005,38,31900,235500,26150,37724,12188,-0.029,lokal
Mercedes-Benz,C-Klasse,Tohjul,Diesel,2006,42,32900,261365,14174,40634,19945,-0.111,lokal
Mercedes-Benz,C-Klasse,Tohjul,Diesel,2007,82,59921,250414,40461,69900,22013,-0.095,lokal
Mercedes-Benz,C-Klasse,Tohjul,Diesel,2008,154,56942,246200,44942,76932,25133,-0.143,lokal
Mercedes-Benz,C-Klasse,Tohjul,Diesel,2009,76,62421,245000,48371,79225,23667,-0.19,lokal
Mercedes-Benz,C-Klasse,Firehjul,Diesel,2010,6,100945,257000,97672,137225,32681,-0.32,global
Mercedes-Benz,C-Klasse,Tohjul,Diesel,2010,131,76900,213000,54400,97950,32180,-0.296,lokal
Mercedes-Benz,C-Klasse,Firehjul,Diesel,2011,14,149400,200000,127706,155660,26095,-0.32,global
Mercedes-Benz,C-Klasse,Tohjul,Diesel,2011,192,91900,211500,69932,109900,30216,-0.209,lokal
Mercedes-Benz,C-Klasse,Firehjul,Diesel,2012,40,159900,198000,139990,179712,29701,-0.212,lokal
Mercedes-Benz,C-Klasse,Tohjul,Diesel,2012,126,115950,188000,89900,139000,29240,-0.354,lokal
Mercedes-Benz,C-Klasse,Firehjul,Diesel,2013,15,169900,179500,152000,179450,34404,-0.32,global
Mercedes-Benz,C-Klasse,Tohjul,Diesel,2013,41,119000,189000,100900,146900,30524,-0.383,lokal
Mercedes-Benz,C-Klasse,Firehjul,Diesel,2014,86,189850,178944,165700,208975,40020,-0.369,lokal
Mercedes-Benz,C-Klasse,Tohjul,Diesel,2014,29,159900,162000,139000,193434,35074,-0.091,lokal
Mercedes-Benz,C-Klasse,Firehjul,Diesel,2015,192,244667,164850,216782,274649,47004,-0.562,lokal
Mercedes-Benz,C-Klasse,Tohjul,Diesel,2015,41,179900,146850,159500,199500,31618,-0.175,lokal
Mercedes-Benz,C-Klasse,Firehjul,Diesel,2016,31,259900,148900,224000,299450,57374,-0.807,lokal
Mercedes-Benz,C-Klasse,Tohjul,Diesel,2016,9,169000,171736,159999,189000,29943,-0.32,global
Mercedes-Benz,C-Klasse,Firehjul,Diesel,2017,20,299000,142301,279000,332175,49300,-0.526,lokal
Mercedes-Benz,C-Klasse,Tohjul,Diesel,2017,11,209000,146000,154999,229000,42714,-0.32,global
Mercedes-Benz,C-Klasse,Firehjul,Diesel,2018,24,349945,112314,339000,372284,26277,-0.2,lokal
Mercedes-Benz,C-Klasse,Firehjul,Diesel,2019,28,399000,118000,359742,429000,83986,-1.0,lokal
Mercedes-Benz,C-Klasse,Firehjul,Diesel,2020,23,439000,115000,409450,466766,44640,-0.471,lokal
Mercedes-Benz,C-Klasse,Firehjul,Diesel,2022,31,539000,87247,519450,564450,27808,-0.824,lokal
Mercedes-Benz,C-Klasse,Tohjul,Hybrid,2015,7,179000,162000,157212,197450,42061,-0.32,global
Mercedes-Benz,C-Klasse,Tohjul,Hybrid,2016,149,199000,122849,179434,219000,37448,-0.266,lokal
Mercedes-Benz,C-Klasse,Tohjul,Hybrid,2017,147,209000,124800,189900,234266,35503,-0.398,lokal
Mercedes-Benz,C-Klasse,Firehjul,Hybrid,2018,8,319000,105600,316750,321500,13217,-0.32,global
Mercedes-Benz,C-Klasse,Tohjul,Hybrid,2018,162,249000,104880,229200,269675,32628,-0.583,lokal
Mercedes-Benz,C-Klasse,Firehjul,Hybrid,2019,34,322500,82500,302249,355000,61257,-0.519,lokal
Mercedes-Benz,C-Klasse,Tohjul,Hybrid,2019,5,329000,124500,315000,349990,36144,-0.32,global
Mercedes-Benz,C-Klasse,Firehjul,Hybrid,2020,19,335000,121000,282000,349950,40781,-0.758,lokal
Mercedes-Benz,C-Klasse,Tohjul,Hybrid,2020,74,349450,88900,319250,389675,52667,-0.729,lokal
Mercedes-Benz,C-Klasse,Tohjul,Hybrid,2021,8,360000,87214,346149,401250,42188,-0.32,global
Mercedes-Benz,C-Klasse,Firehjul,Hybrid,2022,22,543950,75000,519600,549900,38912,-0.592,lokal
Mercedes-Benz,C-Klasse,Tohjul,Hybrid,2022,6,474900,55500,447474,487400,50014,-0.32,global
Mercedes-Benz,C-Klasse,Tohjul,Plug-in hybrid,2015,6,184217,146000,161934,199326,27599,-0.32,global
Mercedes-Benz,C-Klasse,Tohjul,Plug-in hybrid,2016,149,184434,133000,164434,209000,32252,-0.467,lokal
Mercedes-Benz,C-Klasse,Tohjul,Plug-in hybrid,2017,164,207000,119416,184808,234458,33700,-0.378,lokal
Mercedes-Benz,C-Klasse,Tohjul,Plug-in hybrid,2018,94,236450,110900,209434,249998,31663,-0.523,lokal
Mercedes-Benz,C-Klasse,Tohjul,Plug-in hybrid,2019,5,319000,101397,309990,329900,15803,-0.32,global
Mercedes-Benz,C-Klasse,Firehjul,Plug-in hybrid,2020,20,369266,80950,359000,379000,19767,0.195,lokal
Mercedes-Benz,C-Klasse,Tohjul,Plug-in hybrid,2020,101,333434,84000,309000,359000,36730,-0.706,lokal
Mercedes-Benz,C-Klasse,Tohjul,Plug-in hybrid,2021,19,349000,76872,309000,382450,50745,-0.453,lokal
Mercedes-Benz,C-Klasse,Tohjul,Plug-in hybrid,2022,26,497000,44450,472250,519000,38148,-0.596,lokal
Mercedes-Benz,C-Klasse All-Terrain,Firehjul,Diesel,2022,11,579900,67000,565672,594900,72261,-0.32,global
Mercedes-Benz,C-Klasse All-Terrain,Firehjul,Diesel,2023,7,559900,95100,554450,572400,11646,-0.32,global
Mercedes-Benz,CL,Tohjul,Bensin,2001,6,147400,108750,125475,217400,63062,-0.32,global
Mercedes-Benz,CL,Tohjul,Bensin,2007,5,400000,112904,249000,400000,176336,-0.32,global
Mercedes-Benz,CLA,Tohjul,Bensin,2013,25,149900,172000,122900,169900,28337,-0.238,lokal
Mercedes-Benz,CLA,Tohjul,Bensin,2014,40,167652,146000,149675,179225,26139,-0.201,lokal
Mercedes-Benz,CLA,Firehjul,Bensin,2015,12,266450,129710,248000,290925,52680,-0.32,global
Mercedes-Benz,CLA,Tohjul,Bensin,2015,63,174434,134000,156217,189900,27527,-0.368,lokal
Mercedes-Benz,CLA,Firehjul,Bensin,2016,10,399000,121000,381748,399675,45273,-0.32,global
Mercedes-Benz,CLA,Tohjul,Bensin,2016,64,179000,118150,157434,199000,26199,-0.463,lokal
Mercedes-Benz,CLA,Firehjul,Bensin,2017,5,379900,105000,379000,399900,63203,-0.32,global
Mercedes-Benz,CLA,Tohjul,Bensin,2017,60,199434,95617,178000,215000,30752,-0.625,lokal
Mercedes-Benz,CLA,Firehjul,Bensin,2018,7,299999,145500,299994,513900,122635,-0.32,global
Mercedes-Benz,CLA,Tohjul,Bensin,2018,44,209000,106000,198950,239000,29352,-0.446,lokal
Mercedes-Benz,CLA,Tohjul,Bensin,2019,14,294000,80200,250500,325750,50139,-0.32,global
Mercedes-Benz,CLA,Tohjul,Bensin,2020,31,309000,69000,299000,326950,39627,-0.621,lokal
Mercedes-Benz,CLA,Firehjul,Bensin,2021,8,779900,43100,779900,809900,78608,-0.32,global
Mercedes-Benz,CLA,Tohjul,Diesel,2013,5,169900,163000,164900,189900,42661,-0.32,global
Mercedes-Benz,CLA,Tohjul,Diesel,2014,14,179000,141686,155550,219000,41118,-0.32,global
Mercedes-Benz,CLA,Tohjul,Diesel,2015,12,199000,120000,163725,209900,36942,-0.32,global
Mercedes-Benz,CLA,Firehjul,Diesel,2016,14,274152,91361,221725,316500,54294,-0.32,global
Mercedes-Benz,CLA,Firehjul,Diesel,2018,10,326950,70000,271725,338434,35277,-0.32,global
Mercedes-Benz,CLA,Tohjul,Hybrid,2021,25,335000,69800,319000,339900,20975,-0.615,lokal
Mercedes-Benz,CLA,Tohjul,Hybrid,2023,5,399990,37916,389990,429990,49023,-0.32,global
Mercedes-Benz,CLA,Tohjul,Plug-in hybrid,2021,15,324434,69800,304000,329667,21752,-0.32,global
Mercedes-Benz,CLA,Tohjul,Plug-in hybrid,2022,6,374450,49200,358007,391562,26439,-0.32,global
Mercedes-Benz,CLA,Tohjul,Plug-in hybrid,2023,6,404450,39537,399225,416500,17447,-0.32,global
Mercedes-Benz,CLA-Klasse,Tohjul,Bensin,2013,34,131900,162500,108725,149742,32964,-0.206,lokal
Mercedes-Benz,CLA-Klasse,Tohjul,Bensin,2014,36,149450,161250,132326,169900,28606,-0.385,lokal
Mercedes-Benz,CLA-Klasse,Firehjul,Bensin,2015,6,236217,140900,229608,238750,62644,-0.32,global
Mercedes-Benz,CLA-Klasse,Tohjul,Bensin,2015,48,169217,133000,149326,184120,27381,-0.331,lokal
Mercedes-Benz,CLA-Klasse,Tohjul,Bensin,2016,64,178717,123620,159997,189624,21004,-0.1,lokal
Mercedes-Benz,CLA-Klasse,Firehjul,Bensin,2017,5,349000,108000,319532,429000,94253,-0.32,global
Mercedes-Benz,CLA-Klasse,Tohjul,Bensin,2017,38,199000,104000,175574,209750,27220,-0.461,lokal
Mercedes-Benz,CLA-Klasse,Tohjul,Bensin,2018,24,219000,87352,213500,225742,16478,0.158,lokal
Mercedes-Benz,CLA-Klasse,Tohjul,Bensin,2019,20,236000,80200,214532,282212,55916,-1.201,lokal
Mercedes-Benz,CLA-Klasse,Tohjul,Bensin,2020,30,299900,67456,279900,316500,28201,-0.247,lokal
Mercedes-Benz,CLA-Klasse,Firehjul,Bensin,2021,11,849000,31000,799000,869000,50669,-0.32,global
Mercedes-Benz,CLA-Klasse,Tohjul,Diesel,2014,5,171942,151000,138900,190000,33996,-0.32,global
Mercedes-Benz,CLA-Klasse,Tohjul,Diesel,2015,6,219000,74200,159076,244000,55594,-0.32,global
Mercedes-Benz,CLA-Klasse,Firehjul,Diesel,2016,8,275000,66861,221150,285000,45767,-0.32,global
Mercedes-Benz,CLA-Klasse,Tohjul,Diesel,2016,7,195000,159605,185717,199000,24628,-0.32,global
Mercedes-Benz,CLA-Klasse,Firehjul,Elektrisk,2025,17,699000,6800,679000,699900,22750,-0.32,global
Mercedes-Benz,CLA-Klasse,Tohjul,Hybrid,2021,7,319900,68690,309450,334850,25641,-0.32,global
Mercedes-Benz,CLA-Klasse,Tohjul,Plug-in hybrid,2021,26,307216,66434,289000,340475,37928,-1.157,lokal
Mercedes-Benz,CLA-Klasse,Tohjul,Plug-in hybrid,2022,15,339000,45000,329000,349000,16197,0.39,lokal
Mercedes-Benz,CLA-Klasse,Tohjul,Plug-in hybrid,2023,16,379000,44914,347124,379225,25579,-1.327,lokal
Mercedes-Benz,CLA250+,Tohjul,Plug-in hybrid,2021,7,335000,55100,335000,339400,26644,-0.32,global
Mercedes-Benz,CLA250+,Tohjul,Plug-in hybrid,2022,6,374000,58694,354000,386500,23862,-0.32,global
Mercedes-Benz,CLE,Firehjul,Bensin,2024,5,1330000,2450,1330000,1330000,155905,-0.32,global
Mercedes-Benz,CLK,Tohjul,Bensin,1999,15,59900,219000,42450,75000,28941,-0.32,global
Mercedes-Benz,CLK,Tohjul,Bensin,2000,8,62950,182237,47150,79000,56713,-0.32,global
Mercedes-Benz,CLK,Tohjul,Bensin,2001,16,68950,189000,45400,130150,52185,-0.32,global
Mercedes-Benz,CLK,Tohjul,Bensin,2003,19,49990,160000,38400,73425,63553,-0.265,lokal
Mercedes-Benz,CLK,Tohjul,Bensin,2004,20,62400,199500,39600,131725,69048,-0.41,lokal
Mercedes-Benz,CLK,Tohjul,Bensin,2005,9,99000,156000,81900,129999,31458,-0.32,global
Mercedes-Benz,CLK-Klasse,Tohjul,Bensin,1998,6,19442,262424,14692,36567,14598,-0.32,global
Mercedes-Benz,CLK-Klasse,Tohjul,Bensin,1999,10,53942,216500,47456,59000,20886,-0.32,global
Mercedes-Benz,CLK-Klasse,Tohjul,Bensin,2003,7,44900,184000,40966,63421,19946,-0.32,global
Mercedes-Benz,CLK-Klasse,Tohjul,Bensin,2004,8,85471,188714,59050,106692,84591,-0.32,global
Mercedes-Benz,CLS,Tohjul,Bensin,2005,9,231900,130000,179900,349000,109302,-0.32,global
Mercedes-Benz,CLS,Tohjul,Bensin,2006,11,169900,151000,136900,255900,318881,-0.32,global
Mercedes-Benz,CLS,Tohjul,Bensin,2012,9,551900,87450,449000,639990,112661,-0.32,global
Mercedes-Benz,CLS,Firehjul,Bensin,2014,6,587400,115650,556150,651725,142732,-0.32,global
Mercedes-Benz,CLS,Firehjul,Bensin,2015,10,634900,70000,606175,752375,113053,-0.32,global
Mercedes-Benz,CLS,Tohjul,Diesel,2006,5,91900,234000,88707,99900,27632,-0.32,global
Mercedes-Benz,CLS,Tohjul,Diesel,2007,6,90900,228000,86150,127225,46380,-0.32,global
Mercedes-Benz,CLS,Tohjul,Diesel,2011,13,239900,210900,201900,259000,50915,-0.32,global
Mercedes-Benz,CLS,Firehjul,Diesel,2012,7,301800,183600,279950,332000,84881,-0.32,global
Mercedes-Benz,CLS,Tohjul,Diesel,2012,10,204400,238500,184742,232225,31305,-0.32,global
Mercedes-Benz,CLS,Firehjul,Diesel,2013,15,269900,210000,244950,284900,25771,-0.32,global
Mercedes-Benz,CLS,Firehjul,Diesel,2014,6,291524,178250,249225,353279,83932,-0.32,global
Mercedes-Benz,CLS,Tohjul,Diesel,2014,6,349000,116000,349000,349000,0,-0.32,global
Mercedes-Benz,CLS,Firehjul,Diesel,2015,8,369250,154593,329326,380500,56396,-0.32,global
Mercedes-Benz,CLS,Firehjul,Hybrid,2019,7,769900,89400,639900,789450,92970,-0.32,global
Mercedes-Benz,CLS-Klasse,Tohjul,Bensin,2005,5,119000,178000,109900,179000,86329,-0.32,global
Mercedes-Benz,CLS-Klasse,Tohjul,Bensin,2012,6,545916,72500,469710,664922,158629,-0.32,global
Mercedes-Benz,CLS-Klasse,Firehjul,Bensin,2015,6,544000,113000,524675,579675,83613,-0.32,global
Mercedes-Benz,CLS-Klasse,Tohjul,Diesel,2011,12,234971,224900,221725,249000,27099,-0.32,global
Mercedes-Benz,CLS-Klasse,Firehjul,Diesel,2012,7,291900,156000,278421,299990,54774,-0.32,global
Mercedes-Benz,CLS-Klasse,Tohjul,Diesel,2012,7,179990,234000,179124,208900,46417,-0.32,global
Mercedes-Benz,CLS-Klasse,Firehjul,Diesel,2013,6,294450,202000,281500,299900,26473,-0.32,global
Mercedes-Benz,CLS-Klasse,Firehjul,Diesel,2014,5,269000,167100,249900,390000,76942,-0.32,global
Mercedes-Benz,Citan,Tohjul,Bensin,2018,5,119900,106624,99000,123520,22801,-0.32,global
Mercedes-Benz,Citan,Tohjul,Diesel,2013,36,47894,149750,38942,64992,17095,-0.172,lokal
Mercedes-Benz,Citan,Tohjul,Diesel,2014,19,61420,111943,49170,69850,16641,-0.051,lokal
Mercedes-Benz,Citan,Tohjul,Diesel,2015,14,69260,140592,60055,77880,15330,-0.32,global
Mercedes-Benz,Citan,Tohjul,Diesel,2016,20,79255,122350,69675,89000,24871,-0.326,lokal
Mercedes-Benz,Citan,Tohjul,Diesel,2017,5,88520,126000,59990,103520,33157,-0.32,global
Mercedes-Benz,Citan,Tohjul,Diesel,2018,7,99328,95000,99000,123010,21068,-0.32,global
Mercedes-Benz,Citan,Tohjul,Diesel,2019,6,125661,74700,86115,138356,30468,-0.32,global
Mercedes-Benz,Citan,Tohjul,Diesel,2020,5,126476,89000,88476,151520,36101,-0.32,global
Mercedes-Benz,Citan,Tohjul,Diesel,2021,12,148000,70761,139000,152175,16521,-0.32,global
Mercedes-Benz,Citan,Tohjul,Diesel,2022,42,198500,43200,183054,208602,27305,-0.648,lokal
Mercedes-Benz,Citan,Tohjul,Diesel,2023,37,239000,37500,219406,269000,37076,0.004,lokal
Mercedes-Benz,Citan,Tohjul,Diesel,2024,38,309450,19650,289000,319900,30348,-0.32,global
Mercedes-Benz,Citan,Tohjul,Diesel,2025,12,342000,4850,327352,359852,25922,-0.32,global
Mercedes-Benz,Citan-Klasse,Tohjul,Bensin,2017,5,99900,92479,99000,109900,46147,-0.32,global
Mercedes-Benz,Citan-Klasse,Tohjul,Diesel,2013,17,43768,178000,36453,49296,16547,-0.003,lokal
Mercedes-Benz,Citan-Klasse,Tohjul,Diesel,2014,19,51296,134000,39710,63046,18476,-0.101,lokal
Mercedes-Benz,Citan-Klasse,Tohjul,Diesel,2015,19,59999,133000,48276,75726,21885,-0.205,lokal
Mercedes-Benz,Citan-Klasse,Tohjul,Diesel,2016,14,66776,124250,49890,78388,21156,-0.32,global
Mercedes-Benz,Citan-Klasse,Tohjul,Diesel,2017,5,89000,139300,89000,89000,11008,-0.32,global
Mercedes-Benz,Citan-Klasse,Tohjul,Diesel,2018,14,97776,92150,91290,125803,27769,-0.32,global
Mercedes-Benz,Citan-Klasse,Tohjul,Diesel,2021,7,139000,93400,127000,144000,13898,-0.32,global
Mercedes-Benz,Citan-Klasse,Tohjul,Diesel,2022,41,189900,55900,179000,215000,32089,-0.867,lokal
Mercedes-Benz,Citan-Klasse,Tohjul,Diesel,2023,33,219900,39100,218000,259900,33539,-0.373,lokal
Mercedes-Benz,Citan-Klasse,Tohjul,Diesel,2024,9,299000,36000,299000,318000,18973,-0.32,global
Mercedes-Benz,E-Klasse,Tohjul,Bensin,1982,6,36495,291376,30675,47422,48641,-0.32,global
Mercedes-Benz,E-Klasse,Tohjul,Bensin,1983,6,89995,230392,78748,93750,33933,-0.32,global
Mercedes-Benz,E-Klasse,Tohjul,Bensin,1984,7,95000,211200,55971,168450,95288,-0.32,global
Mercedes-Benz,E-Klasse,Tohjul,Bensin,1985,15,45000,260000,24000,74950,170460,-0.32,global
Mercedes-Benz,E-Klasse,Tohjul,Bensin,1986,5,26000,256000,25000,56900,19783,-0.32,global
Mercedes-Benz,E-Klasse,Tohjul,Bensin,1987,10,66950,219686,56942,70675,40103,-0.32,global
Mercedes-Benz,E-Klasse,Tohjul,Bensin,1988,11,40000,234017,29372,63450,66363,-0.32,global
Mercedes-Benz,E-Klasse,Tohjul,Bensin,1989,14,78500,247454,63160,97225,29117,-0.32,global
Mercedes-Benz,E-Klasse,Tohjul,Bensin,1990,20,75450,233220,33250,149225,82580,-0.673,lokal
Mercedes-Benz,E-Klasse,Tohjul,Bensin,1991,23,45000,272519,35950,75000,30956,-0.184,lokal
Mercedes-Benz,E-Klasse,Tohjul,Bensin,1992,17,55000,287800,35000,65000,38301,-0.32,global
Mercedes-Benz,E-Klasse,Tohjul,Bensin,1993,15,249000,122000,89000,400000,182564,-0.32,global
Mercedes-Benz,E-Klasse,Tohjul,Bensin,1994,15,121900,196000,99500,154500,153138,-0.32,global
Mercedes-Benz,E-Klasse,Tohjul,Bensin,1995,8,69400,182000,49000,164725,327003,-0.32,global
Mercedes-Benz,E-Klasse,Tohjul,Bensin,1996,11,35000,285000,22700,64921,40091,-0.32,global
Mercedes-Benz,E-Klasse,Tohjul,Bensin,1997,5,29942,205000,26900,41942,18378,-0.32,global
Mercedes-Benz,E-Klasse,Tohjul,Bensin,1998,11,32900,232000,25921,73950,59094,-0.32,global
Mercedes-Benz,E-Klasse,Tohjul,Bensin,1999,14,40921,205500,28910,130400,60025,-0.32,global
Mercedes-Benz,E-Klasse,Firehjul,Bensin,2000,9,49999,275000,14990,139000,87641,-0.32,global
Mercedes-Benz,E-Klasse,Firehjul,Bensin,2001,6,59950,249900,18384,110400,52177,-0.32,global
Mercedes-Benz,E-Klasse,Tohjul,Bensin,2001,15,16942,190000,14421,43392,78818,-0.32,global
Mercedes-Benz,E-Klasse,Tohjul,Bensin,2002,7,32000,223160,28950,100450,76167,-0.32,global
Mercedes-Benz,E-Klasse,Tohjul,Bensin,2003,23,41942,209100,26900,109400,115765,-0.717,lokal
Mercedes-Benz,E-Klasse,Firehjul,Bensin,2004,19,36942,288778,21400,57900,24565,-0.509,lokal
Mercedes-Benz,E-Klasse,Tohjul,Bensin,2004,60,36942,239170,26650,61900,115344,-0.177,lokal
Mercedes-Benz,E-Klasse,Firehjul,Bensin,2005,5,71919,254000,49900,145900,63067,-0.32,global
Mercedes-Benz,E-Klasse,Tohjul,Bensin,2005,18,53421,199600,30650,96932,92312,-0.351,lokal
Mercedes-Benz,E-Klasse,Tohjul,Bensin,2006,6,47400,212000,22650,71432,180670,-0.32,global
Mercedes-Benz,E-Klasse,Tohjul,Bensin,2007,14,424700,82862,80932,494500,224380,-0.32,global
Mercedes-Benz,E-Klasse,Tohjul,Bensin,2010,43,369990,134000,219450,452450,139492,-1.277,lokal
Mercedes-Benz,E-Klasse,Tohjul,Bensin,2011,33,411900,138000,209900,448000,141520,1.967,lokal
Mercedes-Benz,E-Klasse,Tohjul,Bensin,2012,29,279000,117000,149000,499000,182587,-2.828,lokal
Mercedes-Benz,E-Klasse,Firehjul,Bensin,2013,7,464305,198000,449990,525400,51696,-0.32,global
Mercedes-Benz,E-Klasse,Tohjul,Bensin,2013,11,171900,156000,156450,201900,123556,-0.32,global
Mercedes-Benz,E-Klasse,Firehjul,Bensin,2014,46,599000,135500,549108,649000,108887,-0.978,lokal
Mercedes-Benz,E-Klasse,Tohjul,Bensin,2014,17,229900,89000,209000,258000,59421,-0.189,lokal
Mercedes-Benz,E-Klasse,Firehjul,Bensin,2016,10,614999,172422,574750,649750,60139,-0.32,global
Mercedes-Benz,E-Klasse,Tohjul,Bensin,2016,6,314532,133500,292376,336633,121130,-0.32,global
Mercedes-Benz,E-Klasse,Firehjul,Bensin,2017,64,552024,129970,386500,799000,222078,1.541,lokal
Mercedes-Benz,E-Klasse,Tohjul,Bensin,2017,33,309000,130000,299900,385000,56325,-0.11,lokal
Mercedes-Benz,E-Klasse,Firehjul,Bensin,2018,58,949000,101300,730383,1079000,205149,4.289,lokal
Mercedes-Benz,E-Klasse,Tohjul,Bensin,2018,14,459900,76800,379990,489225,67860,-0.32,global
Mercedes-Benz,E-Klasse,Firehjul,Bensin,2019,5,929532,113000,629900,995000,190947,-0.32,global
Mercedes-Benz,E-Klasse,Tohjul,Diesel,1983,6,47000,288000,22500,61000,25528,-0.32,global
Mercedes-Benz,E-Klasse,Tohjul,Diesel,1985,5,49900,438000,35000,76985,60435,-0.32,global
Mercedes-Benz,E-Klasse,Tohjul,Diesel,1988,7,45000,263568,40950,48450,17190,-0.32,global
Mercedes-Benz,E-Klasse,Tohjul,Diesel,1990,9,50000,380000,40000,71942,25710,-0.32,global
Mercedes-Benz,E-Klasse,Tohjul,Diesel,1991,16,45000,355000,39225,67675,20769,-0.32,global
Mercedes-Benz,E-Klasse,Tohjul,Diesel,1993,8,53450,484482,40706,66725,21262,-0.32,global
Mercedes-Benz,E-Klasse,Tohjul,Diesel,1994,6,75971,402600,66736,83750,75913,-0.32,global
Mercedes-Benz,E-Klasse,Tohjul,Diesel,1999,5,14942,384500,11000,15000,9079,-0.32,global
Mercedes-Benz,E-Klasse,Tohjul,Diesel,2000,5,36900,307000,29999,41900,30074,-0.32,global
Mercedes-Benz,E-Klasse,Tohjul,Diesel,2001,27,17000,300000,11971,28471,19739,-0.03,lokal
Mercedes-Benz,E-Klasse,Tohjul,Diesel,2002,20,28450,286500,16718,40999,15291,-0.181,lokal
Mercedes-Benz,E-Klasse,Tohjul,Diesel,2003,94,31850,300000,23182,39900,13420,-0.037,lokal
Mercedes-Benz,E-Klasse,Tohjul,Diesel,2004,196,26942,318680,16900,39942,19429,-0.041,lokal
Mercedes-Benz,E-Klasse,Tohjul,Diesel,2005,94,36908,297242,23410,49932,21431,-0.016,lokal
Mercedes-Benz,E-Klasse,Firehjul,Diesel,2006,22,67495,297766,35975,91410,37180,-0.174,lokal
Mercedes-Benz,E-Klasse,Tohjul,Diesel,2006,126,45450,287500,27432,59675,22078,-0.085,lokal
Mercedes-Benz,E-Klasse,Firehjul,Diesel,2007,22,73400,305500,51910,87900,35701,-0.017,lokal
Mercedes-Benz,E-Klasse,Tohjul,Diesel,2007,147,53900,270000,38971,75900,34514,-0.197,lokal
Mercedes-Benz,E-Klasse,Firehjul,Diesel,2008,10,81921,348000,50150,117986,44004,-0.32,global
Mercedes-Benz,E-Klasse,Tohjul,Diesel,2008,58,64850,280500,35410,86432,42947,-0.127,lokal
Mercedes-Benz,E-Klasse,Firehjul,Diesel,2009,10,134672,252350,77400,186400,68431,-0.32,global
Mercedes-Benz,E-Klasse,Tohjul,Diesel,2009,174,90921,243000,67425,119975,38463,-0.265,lokal
Mercedes-Benz,E-Klasse,Firehjul,Diesel,2010,52,154394,277000,121932,189000,49628,-0.316,lokal
Mercedes-Benz,E-Klasse,Tohjul,Diesel,2010,317,106900,242000,79777,134900,41271,-0.278,lokal
Mercedes-Benz,E-Klasse,Firehjul,Diesel,2011,83,159900,269000,119900,189900,52019,-0.312,lokal
Mercedes-Benz,E-Klasse,Tohjul,Diesel,2011,240,129450,214450,89942,159225,59521,-0.379,lokal
Mercedes-Benz,E-Klasse,Firehjul,Diesel,2012,49,189900,207000,159900,221900,51162,-0.419,lokal
Mercedes-Benz,E-Klasse,Tohjul,Diesel,2012,162,124950,233310,87425,148996,47343,-0.321,lokal
Mercedes-Benz,E-Klasse,Firehjul,Diesel,2013,37,211900,275000,168942,249900,61960,-0.472,lokal
Mercedes-Benz,E-Klasse,Tohjul,Diesel,2013,125,159000,210000,109900,199000,56964,-0.36,lokal
Mercedes-Benz,E-Klasse,Firehjul,Diesel,2014,70,244950,215350,189550,279900,79030,-0.596,lokal
Mercedes-Benz,E-Klasse,Tohjul,Diesel,2014,152,185667,194065,139900,215000,64281,-0.391,lokal
Mercedes-Benz,E-Klasse,Firehjul,Diesel,2015,59,274434,217000,199152,326766,74603,-0.518,lokal
Mercedes-Benz,E-Klasse,Tohjul,Diesel,2015,33,176942,221000,129532,229000,64410,-0.453,lokal
Mercedes-Benz,E-Klasse,Firehjul,Diesel,2016,23,249000,222000,174900,296717,79119,-0.841,lokal
Mercedes-Benz,E-Klasse,Tohjul,Diesel,2016,94,259450,171000,159000,316500,88221,-0.607,lokal
Mercedes-Benz,E-Klasse,Firehjul,Diesel,2017,36,369000,156500,242073,404750,110883,-0.97,lokal
Mercedes-Benz,E-Klasse,Tohjul,Diesel,2017,112,318717,159220,199900,349000,77533,-0.684,lokal
Mercedes-Benz,E-Klasse,Firehjul,Diesel,2018,88,359450,166696,259900,419000,123352,-0.805,lokal
Mercedes-Benz,E-Klasse,Tohjul,Diesel,2018,16,214000,299950,158184,240649,111169,-0.352,lokal
Mercedes-Benz,E-Klasse,Firehjul,Diesel,2019,19,439000,83100,419000,504500,100058,0.09,lokal
Mercedes-Benz,E-Klasse,Tohjul,Diesel,2019,5,254532,209500,219434,369000,87596,-0.32,global
Mercedes-Benz,E-Klasse,Firehjul,Diesel,2020,11,499000,138000,434990,519000,89352,-0.32,global
Mercedes-Benz,E-Klasse,Tohjul,Diesel,2025,11,899900,22950,849900,999500,81210,-0.32,global
Mercedes-Benz,E-Klasse,Tohjul,Hybrid,2013,15,209900,145400,183750,218500,32370,-1.073,lokal
Mercedes-Benz,E-Klasse,Tohjul,Hybrid,2014,6,214921,145600,176736,241225,45143,-0.32,global
Mercedes-Benz,E-Klasse,Tohjul,Hybrid,2017,43,284532,110150,249450,339467,56326,-0.839,lokal
Mercedes-Benz,E-Klasse,Tohjul,Hybrid,2018,31,333434,84500,309450,359495,33461,-0.429,lokal
Mercedes-Benz,E-Klasse,Tohjul,Hybrid,2019,55,385000,96000,319900,414495,64295,-0.79,lokal
Mercedes-Benz,E-Klasse,Tohjul,Hybrid,2020,64,379900,109940,356750,419000,55503,-0.733,lokal
Mercedes-Benz,E-Klasse,Firehjul,Hybrid,2021,52,529000,77000,421700,559900,115803,-0.99,lokal
Mercedes-Benz,E-Klasse,Firehjul,Hybrid,2022,33,469000,146000,459000,489000,69416,-0.789,lokal
Mercedes-Benz,E-Klasse,Firehjul,Hybrid,2024,10,1114000,37450,1061500,1150000,79067,-0.32,global
Mercedes-Benz,E-Klasse,Tohjul,Plug-in hybrid,2017,40,302950,96500,282926,334458,32540,-0.415,lokal
Mercedes-Benz,E-Klasse,Tohjul,Plug-in hybrid,2018,21,344000,82000,329532,358900,35273,-0.022,lokal
Mercedes-Benz,E-Klasse,Tohjul,Plug-in hybrid,2019,52,379450,105529,342000,399900,77697,-0.725,lokal
Mercedes-Benz,E-Klasse,Tohjul,Plug-in hybrid,2020,60,374434,113500,349674,399000,49890,-0.415,lokal
Mercedes-Benz,E-Klasse,Firehjul,Plug-in hybrid,2021,70,539000,72686,499000,566750,105824,-1.026,lokal
Mercedes-Benz,E-Klasse,Firehjul,Plug-in hybrid,2022,23,549000,106627,450672,599400,81878,-1.28,lokal
Mercedes-Benz,E-klasse All-Terrain,Firehjul,Diesel,2017,45,399000,149744,379000,419000,38017,-0.328,lokal
Mercedes-Benz,E-klasse All-Terrain,Firehjul,Diesel,2018,46,474450,146314,384326,488000,98293,-0.707,lokal
Mercedes-Benz,E-klasse All-Terrain,Firehjul,Diesel,2019,36,537500,123380,498000,599000,92722,0.02,lokal
Mercedes-Benz,E-klasse All-Terrain,Firehjul,Diesel,2020,27,549000,101000,434990,589000,105217,-0.759,lokal
Mercedes-Benz,E-klasse All-Terrain,Firehjul,Hybrid,2026,5,1149000,8500,1149000,1199000,41833,-0.32,global
Mercedes-Benz,E-klasse All-Terrain,Firehjul,Plug-in hybrid,2025,34,1159450,12780,1132400,1199000,67051,-0.32,global
Mercedes-Benz,E-klasse All-Terrain,Firehjul,Plug-in hybrid,2026,31,1195000,3500,1149000,1234000,66264,-0.32,global
Mercedes-Benz,EQA,Firehjul,Elektrisk,2021,15,359900,78000,329900,369900,27181,-0.32,global
Mercedes-Benz,EQA,Tohjul,Elektrisk,2021,68,298900,54771,279000,314434,27906,-0.216,lokal
Mercedes-Benz,EQA,Firehjul,Elektrisk,2022,89,369000,48000,349900,389900,34116,-0.726,lokal
Mercedes-Benz,EQA,Tohjul,Elektrisk,2022,57,329000,34667,299000,349900,32578,-0.889,lokal
Mercedes-Benz,EQA,Firehjul,Elektrisk,2023,84,409000,36572,386343,439000,48180,-0.507,lokal
Mercedes-Benz,EQA,Tohjul,Elektrisk,2023,34,359675,40894,342175,369338,32439,-0.664,lokal
Mercedes-Benz,EQA,Firehjul,Elektrisk,2024,30,452225,15468,439625,469750,26927,-0.824,lokal
Mercedes-Benz,EQA,Firehjul,Elektrisk,2025,59,479000,10301,469000,517000,35713,-0.32,global
Mercedes-Benz,EQA,Tohjul,Elektrisk,2025,13,428000,11000,419000,435000,25171,-0.32,global
Mercedes-Benz,EQA-Klasse,Firehjul,Elektrisk,2021,14,357216,61000,326725,377325,32516,-0.32,global
Mercedes-Benz,EQA-Klasse,Tohjul,Elektrisk,2021,84,289667,52908,279000,299133,22090,-0.152,lokal
Mercedes-Benz,EQA-Klasse,Firehjul,Elektrisk,2022,111,359000,56400,339266,378500,27830,-0.587,lokal
Mercedes-Benz,EQA-Klasse,Tohjul,Elektrisk,2022,64,315000,45500,289749,329825,31654,-0.689,lokal
Mercedes-Benz,EQA-Klasse,Firehjul,Elektrisk,2023,77,389900,39155,365000,408000,42996,-0.792,lokal
Mercedes-Benz,EQA-Klasse,Tohjul,Elektrisk,2023,28,339000,33330,335338,349925,20674,-0.001,lokal
Mercedes-Benz,EQA-Klasse,Firehjul,Elektrisk,2024,18,432450,20250,425112,439788,22808,-0.351,lokal
Mercedes-Benz,EQA-Klasse,Firehjul,Elektrisk,2025,39,479000,13849,449450,499450,35279,-0.32,global
Mercedes-Benz,EQA-Klasse,Firehjul,Elektrisk,2026,29,499900,4767,495000,515450,25353,-0.32,global
Mercedes-Benz,EQB,Firehjul,Elektrisk,2022,128,379000,53000,368750,394250,28781,-0.447,lokal
Mercedes-Benz,EQB,Firehjul,Elektrisk,2023,109,399000,46673,379900,419000,39864,-0.683,lokal
Mercedes-Benz,EQB,Tohjul,Elektrisk,2023,12,389900,27750,377175,409000,52017,-0.32,global
Mercedes-Benz,EQB,Firehjul,Elektrisk,2024,25,439000,16500,429000,469000,30383,0.641,lokal
Mercedes-Benz,EQB,Firehjul,Elektrisk,2025,59,498000,12262,479000,529000,37818,1.276,lokal
Mercedes-Benz,EQB,Firehjul,Elektrisk,2026,13,529000,4000,499900,539000,34112,-0.32,global
Mercedes-Benz,EQB-Klasse,Firehjul,Elektrisk,2022,68,359000,62056,339000,381250,51864,-0.618,lokal
Mercedes-Benz,EQB-Klasse,Firehjul,Elektrisk,2023,47,409000,46500,398000,419850,29837,-0.32,lokal
Mercedes-Benz,EQB-Klasse,Tohjul,Elektrisk,2023,9,369000,35290,359000,379000,17307,-0.32,global
Mercedes-Benz,EQB-Klasse,Firehjul,Elektrisk,2024,14,432450,23704,426000,466500,29754,-0.32,global
Mercedes-Benz,EQB-Klasse,Firehjul,Elektrisk,2025,70,479900,20300,466000,497362,25659,-0.32,global
Mercedes-Benz,EQB-Klasse,Firehjul,Elektrisk,2026,27,509000,8935,496500,517000,34099,-0.32,global
Mercedes-Benz,EQC,Firehjul,Elektrisk,2020,190,348500,81614,319550,369000,37929,-0.693,lokal
Mercedes-Benz,EQC,Firehjul,Elektrisk,2021,344,379900,72500,359000,403684,39885,-0.801,lokal
Mercedes-Benz,EQC,Firehjul,Elektrisk,2022,133,436343,55500,406000,469000,45463,-1.01,lokal
Mercedes-Benz,EQC,Firehjul,Elektrisk,2023,197,499000,47206,459900,519900,50532,-0.952,lokal
Mercedes-Benz,EQC-Klasse,Firehjul,Elektrisk,2020,175,329000,79316,299000,354766,47007,-0.644,lokal
Mercedes-Benz,EQC-Klasse,Firehjul,Elektrisk,2021,317,359000,75801,338000,384000,40769,-0.621,lokal
Mercedes-Benz,EQC-Klasse,Firehjul,Elektrisk,2022,110,419000,61112,399000,449000,37335,-1.029,lokal
Mercedes-Benz,EQC-Klasse,Firehjul,Elektrisk,2023,265,478000,51385,449000,499000,45256,-0.783,lokal
Mercedes-Benz,EQE,Firehjul,Elektrisk,2022,69,599000,45000,569000,629000,67411,-0.915,lokal
Mercedes-Benz,EQE,Tohjul,Elektrisk,2022,10,492950,50250,464250,616500,93207,-0.32,global
Mercedes-Benz,EQE,Firehjul,Elektrisk,2023,67,629000,34000,598000,672172,120584,-1.715,lokal
Mercedes-Benz,EQE,Tohjul,Elektrisk,2023,15,498000,31000,474000,514450,46715,-0.32,global
Mercedes-Benz,EQE,Firehjul,Elektrisk,2024,7,700000,29504,685000,774500,161043,-0.32,global
Mercedes-Benz,EQE,Firehjul,Elektrisk,2025,13,750000,23321,700000,779000,70407,-0.32,global
Mercedes-Benz,EQE,Tohjul,Elektrisk,2025,5,587000,14750,550000,600000,56708,-0.32,global
Mercedes-Benz,EQE SUV,Firehjul,Elektrisk,2023,160,754450,33000,699000,840000,95171,-1.717,lokal
Mercedes-Benz,EQE SUV,Firehjul,Elektrisk,2024,97,889000,22218,779000,949900,102288,-0.556,lokal
Mercedes-Benz,EQE SUV,Firehjul,Elektrisk,2025,148,799000,14150,759000,871250,96341,-1.391,lokal
Mercedes-Benz,EQE SUV,Firehjul,Elektrisk,2026,6,899900,7778,898475,918725,33326,-0.32,global
Mercedes-Benz,EQE-Klasse,Firehjul,Elektrisk,2022,32,589000,61750,549000,601633,97518,-0.517,lokal
Mercedes-Benz,EQE-Klasse,Tohjul,Elektrisk,2022,5,482343,38500,475000,489000,14426,-0.32,global
Mercedes-Benz,EQE-Klasse,Firehjul,Elektrisk,2023,49,599900,37000,569000,649900,159484,-1.193,lokal
Mercedes-Benz,EQE-Klasse,Tohjul,Elektrisk,2023,8,469450,66050,446150,482400,43276,-0.32,global
Mercedes-Benz,EQE-Klasse,Firehjul,Elektrisk,2024,6,589500,36908,409929,687250,159795,-0.32,global
Mercedes-Benz,EQE-Klasse,Firehjul,Elektrisk,2025,11,749000,21650,727450,799000,57885,-0.32,global
Mercedes-Benz,EQS,Firehjul,Elektrisk,2022,46,759950,54000,722175,819900,102045,-1.89,lokal
Mercedes-Benz,EQS,Tohjul,Elektrisk,2022,23,699000,52846,639450,734000,113766,-1.434,lokal
Mercedes-Benz,EQS,Firehjul,Elektrisk,2023,19,799000,38500,758172,946500,193481,-4.599,lokal
Mercedes-Benz,EQS,Firehjul,Elektrisk,2024,12,1050000,11323,1012500,1185000,176242,-0.32,global
Mercedes-Benz,EQS SUV,Firehjul,Elektrisk,2023,94,959450,44750,910500,1019338,99658,-1.219,lokal
Mercedes-Benz,EQS SUV,Firehjul,Elektrisk,2024,7,1119000,18100,1109000,1890000,468663,-0.32,global
Mercedes-Benz,EQS-Klasse,Firehjul,Elektrisk,2022,40,787000,47000,746750,821633,70872,-1.343,lokal
Mercedes-Benz,EQS-Klasse,Tohjul,Elektrisk,2022,11,619000,47000,539000,664000,81862,-0.32,global
Mercedes-Benz,EQS-Klasse,Firehjul,Elektrisk,2023,17,779000,38306,722900,899900,222289,0.957,lokal
Mercedes-Benz,EQS-Klasse,Firehjul,Elektrisk,2024,6,1050000,15662,1012500,1072500,165687,-0.32,global
Mercedes-Benz,EQS450,Tohjul,Elektrisk,2022,26,619450,56446,599000,649000,57094,-1.292,lokal
Mercedes-Benz,EQV,Tohjul,Elektrisk,2020,17,399000,95500,385000,449434,66920,-0.008,lokal
Mercedes-Benz,EQV,Tohjul,Elektrisk,2021,26,399667,86600,349000,446500,68035,-0.79,lokal
Mercedes-Benz,EQV,Tohjul,Elektrisk,2022,12,449700,78874,434130,548007,79463,-0.32,global
Mercedes-Benz,EQV,Tohjul,Elektrisk,2023,18,625000,54970,600000,664250,93790,-1.615,lokal
Mercedes-Benz,EQV,Tohjul,Elektrisk,2024,11,689000,6300,634000,719000,51748,-0.32,global
Mercedes-Benz,EQV,Tohjul,Elektrisk,2025,10,800000,6868,750000,837500,79397,-0.32,global
Mercedes-Benz,EQV-Klasse,Tohjul,Elektrisk,2021,15,439000,92000,414450,449000,55539,-0.32,global
Mercedes-Benz,EQV-Klasse,Tohjul,Elektrisk,2022,8,544500,65500,499399,561500,33244,-0.32,global
Mercedes-Benz,EQV-Klasse,Tohjul,Elektrisk,2023,16,682000,40500,599000,771500,87926,-2.582,lokal
Mercedes-Benz,EQV-Klasse,Tohjul,Elektrisk,2025,15,799000,17300,664000,874000,125047,-0.32,global
Mercedes-Benz,GL,Firehjul,Bensin,2013,14,584450,113000,529225,614925,96873,-0.32,global
Mercedes-Benz,GL,Firehjul,Diesel,2006,13,148900,277000,111900,165900,47280,-0.32,global
Mercedes-Benz,GL,Firehjul,Diesel,2007,34,139450,270014,101900,167225,64925,-0.359,lokal
Mercedes-Benz,GL,Firehjul,Diesel,2008,18,168400,242000,104400,219675,66961,-1.426,lokal
Mercedes-Benz,GL,Firehjul,Diesel,2009,7,179000,274000,129950,183400,58786,-0.32,global
Mercedes-Benz,GL,Firehjul,Diesel,2010,13,229999,225249,181900,249000,58049,-0.32,global
Mercedes-Benz,GL,Firehjul,Diesel,2011,12,274000,227500,237425,292250,55644,-0.32,global
Mercedes-Benz,GL,Firehjul,Diesel,2012,14,299400,190500,250975,319942,90742,-0.32,global
Mercedes-Benz,GL,Firehjul,Diesel,2013,41,399000,202000,320900,429900,75694,-0.625,lokal
Mercedes-Benz,GL,Firehjul,Diesel,2014,14,459716,165400,422969,524250,117328,-0.32,global
Mercedes-Benz,GL-Klasse,Firehjul,Bensin,2013,5,589990,156811,471942,600000,71853,-0.32,global
Mercedes-Benz,GL-Klasse,Firehjul,Diesel,2006,5,71942,326456,66942,115000,78653,-0.32,global
Mercedes-Benz,GL-Klasse,Firehjul,Diesel,2007,22,109421,267000,70150,145442,69175,-0.269,lokal
Mercedes-Benz,GL-Klasse,Firehjul,Diesel,2008,15,126942,264967,99442,199900,67102,-0.32,global
Mercedes-Benz,GL-Klasse,Firehjul,Diesel,2009,13,145000,277000,121942,198000,54533,-0.32,global
Mercedes-Benz,GL-Klasse,Firehjul,Diesel,2010,8,228462,242000,189160,261202,59317,-0.32,global
Mercedes-Benz,GL-Klasse,Firehjul,Diesel,2011,9,251942,223246,229999,299900,42570,-0.32,global
Mercedes-Benz,GL-Klasse,Firehjul,Diesel,2012,17,329000,213000,296900,359900,68907,-0.386,lokal
Mercedes-Benz,GL-Klasse,Firehjul,Diesel,2013,17,419000,196500,399000,449900,55704,-0.411,lokal
Mercedes-Benz,GL-Klasse,Firehjul,Diesel,2014,9,470000,154636,414900,491942,67967,-0.32,global
Mercedes-Benz,GL-Klasse,Firehjul,Diesel,2015,8,429450,205700,379900,442400,52000,-0.32,global
Mercedes-Benz,GLA,Firehjul,Bensin,2014,6,209000,135000,191500,316826,103505,-0.32,global
Mercedes-Benz,GLA,Tohjul,Bensin,2015,14,179900,129000,151608,196725,30428,-0.32,global
Mercedes-Benz,GLA,Firehjul,Bensin,2016,6,429950,117250,284900,443326,114443,-0.32,global
Mercedes-Benz,GLA,Tohjul,Bensin,2016,15,209434,92000,194434,219950,18789,-0.32,global
Mercedes-Benz,GLA,Tohjul,Bensin,2017,26,216217,95000,199225,246748,26087,-0.288,lokal
Mercedes-Benz,GLA,Tohjul,Bensin,2018,17,229000,89000,214434,239900,23464,0.162,lokal
Mercedes-Benz,GLA,Tohjul,Bensin,2019,8,269000,67500,255858,271592,13914,-0.32,global
Mercedes-Benz,GLA,Firehjul,Diesel,2014,46,189900,166000,174434,216608,28009,-0.352,lokal
Mercedes-Benz,GLA,Tohjul,Diesel,2014,10,179200,157539,175125,186350,11922,-0.32,global
Mercedes-Benz,GLA,Firehjul,Diesel,2015,38,199997,127400,190858,229675,36735,-0.208,lokal
Mercedes-Benz,GLA,Tohjul,Diesel,2015,9,179434,120561,159000,189434,37307,-0.32,global
Mercedes-Benz,GLA,Firehjul,Diesel,2017,10,179900,193265,176150,210475,24792,-0.32,global
Mercedes-Benz,GLA,Firehjul,Diesel,2018,5,279000,61800,269900,289000,33756,-0.32,global
Mercedes-Benz,GLA,Tohjul,Plug-in hybrid,2021,14,359000,46700,341500,368675,24160,-0.576,lokal
Mercedes-Benz,GLA,Tohjul,Plug-in hybrid,2022,8,387000,38250,356500,389225,27663,-0.32,global
Mercedes-Benz,GLA,Tohjul,Plug-in hybrid,2023,10,377225,49938,369450,386950,16426,-0.32,global
Mercedes-Benz,GLA-Klasse,Tohjul,Bensin,2015,7,159900,110700,154716,174450,19968,-0.32,global
Mercedes-Benz,GLA-Klasse,Firehjul,Bensin,2016,5,419900,121300,409900,429000,87261,-0.32,global
Mercedes-Benz,GLA-Klasse,Tohjul,Bensin,2016,14,199900,95000,191649,207424,20661,-0.32,global
Mercedes-Benz,GLA-Klasse,Tohjul,Bensin,2017,13,194434,102400,189000,216532,20474,-0.32,global
Mercedes-Benz,GLA-Klasse,Tohjul,Bensin,2018,12,219667,96500,209000,229922,17754,-0.32,global
Mercedes-Benz,GLA-Klasse,Tohjul,Bensin,2019,5,249900,67500,249000,259000,16630,-0.32,global
Mercedes-Benz,GLA-Klasse,Firehjul,Diesel,2014,46,190471,151500,159900,209675,34498,-0.414,lokal
Mercedes-Benz,GLA-Klasse,Firehjul,Diesel,2015,42,189716,147450,179000,199900,28052,-0.239,lokal
Mercedes-Benz,GLA-Klasse,Tohjul,Diesel,2015,6,134450,123000,129000,154225,26197,-0.32,global
Mercedes-Benz,GLA-Klasse,Firehjul,Diesel,2016,6,227450,127000,212400,238000,19934,-0.32,global
Mercedes-Benz,GLA-Klasse,Firehjul,Diesel,2017,9,234532,135000,188532,239999,36226,-0.32,global
Mercedes-Benz,GLA-Klasse,Tohjul,Hybrid,2022,6,329900,70600,284225,366725,48032,-0.32,global
Mercedes-Benz,GLA-Klasse,Tohjul,Plug-in hybrid,2021,13,349000,50067,319900,359900,22108,-0.32,global
Mercedes-Benz,GLA-Klasse,Tohjul,Plug-in hybrid,2022,16,354500,41750,304000,377475,46606,-0.32,global
Mercedes-Benz,GLB,Firehjul,Diesel,2021,12,486934,83600,466034,539000,82087,-0.32,global
Mercedes-Benz,GLB,Firehjul,Diesel,2022,5,518000,67000,500000,528000,53350,-0.32,global
Mercedes-Benz,GLB-Klasse,Firehjul,Diesel,2021,7,479000,98000,449000,489000,38662,-0.32,global
Mercedes-Benz,GLB-Klasse,Firehjul,Diesel,2022,5,464532,86000,460000,475000,41015,-0.32,global
Mercedes-Benz,GLC,Firehjul,Bensin,2016,8,312217,99750,299900,322475,19327,-0.32,global
Mercedes-Benz,GLC,Firehjul,Bensin,2018,18,656870,130000,521500,843498,208475,-2.125,lokal
Mercedes-Benz,GLC,Firehjul,Diesel,2015,7,359000,89106,339450,369300,26250,-0.32,global
Mercedes-Benz,GLC,Firehjul,Diesel,2016,56,349450,155000,318900,379925,45685,-0.568,lokal
Mercedes-Benz,GLC,Firehjul,Diesel,2017,43,399000,122000,378500,432167,53215,-0.579,lokal
Mercedes-Benz,GLC,Firehjul,Diesel,2018,32,449000,111160,429900,455326,26177,-0.298,lokal
Mercedes-Benz,GLC,Firehjul,Diesel,2019,8,476217,96400,459326,503250,28604,-0.32,global
Mercedes-Benz,GLC,Firehjul,Diesel,2020,13,589000,115333,499900,599000,66115,-0.32,global
Mercedes-Benz,GLC,Firehjul,Hybrid,2016,42,269000,113740,250500,298000,33088,-0.72,lokal
Mercedes-Benz,GLC,Firehjul,Hybrid,2017,169,289000,115000,249999,320000,56415,-0.872,lokal
Mercedes-Benz,GLC,Firehjul,Hybrid,2018,168,319000,110000,279675,349900,48913,-0.3,lokal
Mercedes-Benz,GLC,Firehjul,Hybrid,2020,29,459900,95000,429000,498000,45552,-0.897,lokal
Mercedes-Benz,GLC,Firehjul,Hybrid,2021,31,499900,70500,459000,644450,112009,-2.283,lokal
Mercedes-Benz,GLC,Firehjul,Hybrid,2022,12,614000,53900,579000,649750,75624,-0.32,global
Mercedes-Benz,GLC,Firehjul,Hybrid,2023,5,869000,45000,859000,899000,79261,-0.32,global
Mercedes-Benz,GLC,Firehjul,Plug-in hybrid,2016,40,279000,112000,245000,295225,45377,-0.471,lokal
Mercedes-Benz,GLC,Firehjul,Plug-in hybrid,2017,103,269434,129414,245717,299217,46057,-0.449,lokal
Mercedes-Benz,GLC,Firehjul,Plug-in hybrid,2018,127,312000,118000,269000,344500,54688,-0.754,lokal
Mercedes-Benz,GLC,Firehjul,Plug-in hybrid,2020,40,444500,89250,407975,488500,74880,-1.035,lokal
Mercedes-Benz,GLC,Firehjul,Plug-in hybrid,2021,44,532167,72200,493612,572250,60161,-0.148,lokal
Mercedes-Benz,GLC,Firehjul,Plug-in hybrid,2022,21,577343,61050,489500,619450,75844,-1.679,lokal
Mercedes-Benz,GLC,Firehjul,Plug-in hybrid,2023,8,859000,62930,831500,884000,76017,-0.32,global
Mercedes-Benz,GLC-Klasse,Firehjul,Bensin,2016,5,300000,99500,299900,329000,27629,-0.32,global
Mercedes-Benz,GLC-Klasse,Firehjul,Bensin,2018,5,599900,103000,384532,624532,259282,-0.32,global
Mercedes-Benz,GLC-Klasse,Firehjul,Diesel,2015,5,319000,170900,319000,319000,4472,-0.32,global
Mercedes-Benz,GLC-Klasse,Firehjul,Diesel,2016,33,309532,170160,279900,339990,46487,-0.309,lokal
Mercedes-Benz,GLC-Klasse,Firehjul,Diesel,2017,21,389900,128010,369900,399000,40031,-0.506,lokal
Mercedes-Benz,GLC-Klasse,Firehjul,Diesel,2018,13,429900,122862,353532,449900,70298,-0.32,global
Mercedes-Benz,GLC-Klasse,Firehjul,Diesel,2019,6,476766,113130,432133,509000,43746,-0.32,global
Mercedes-Benz,GLC-Klasse,Firehjul,Diesel,2020,8,569450,74388,537032,574900,92395,-0.32,global
Mercedes-Benz,GLC-Klasse,Firehjul,Hybrid,2016,33,249000,136000,219900,279990,35680,-0.508,lokal
Mercedes-Benz,GLC-Klasse,Firehjul,Hybrid,2017,99,278000,116258,239000,329000,58479,-0.879,lokal
Mercedes-Benz,GLC-Klasse,Firehjul,Hybrid,2018,123,289000,114000,259000,329450,48343,-0.541,lokal
Mercedes-Benz,GLC-Klasse,Firehjul,Hybrid,2020,13,419000,95000,399990,439000,28886,-0.32,global
Mercedes-Benz,GLC-Klasse,Firehjul,Hybrid,2021,26,479495,81000,441500,527422,82701,-0.651,lokal
Mercedes-Benz,GLC-Klasse,Firehjul,Hybrid,2022,16,534495,94071,439675,579248,75366,-1.503,lokal
Mercedes-Benz,GLC-Klasse,Firehjul,Plug-in hybrid,2016,24,224000,125650,198750,239150,39540,-0.706,lokal
Mercedes-Benz,GLC-Klasse,Firehjul,Plug-in hybrid,2017,78,251716,128200,223782,289675,45941,-0.119,lokal
Mercedes-Benz,GLC-Klasse,Firehjul,Plug-in hybrid,2018,121,293532,109000,259900,319532,49104,-0.335,lokal
Mercedes-Benz,GLC-Klasse,Firehjul,Plug-in hybrid,2020,46,419000,93400,399000,449000,38715,-0.66,lokal
Mercedes-Benz,GLC-Klasse,Firehjul,Plug-in hybrid,2021,42,479000,78054,431175,546500,81894,-1.037,lokal
Mercedes-Benz,GLC-Klasse,Firehjul,Plug-in hybrid,2022,34,564000,75000,450758,596612,82725,-2.186,lokal
Mercedes-Benz,GLC-Klasse,Firehjul,Plug-in hybrid,2023,7,800000,58109,789500,834450,39723,-0.32,global
Mercedes-Benz,GLE,Firehjul,Bensin,2016,9,589990,132000,569000,619000,122096,-0.32,global
Mercedes-Benz,GLE,Firehjul,Bensin,2017,9,699000,130000,675000,705000,105549,-0.32,global
Mercedes-Benz,GLE,Firehjul,Diesel,2015,5,529900,149000,434434,529990,127361,-0.32,global
Mercedes-Benz,GLE,Firehjul,Diesel,2016,29,459000,155000,439000,499000,50553,-0.447,lokal
Mercedes-Benz,GLE,Firehjul,Diesel,2017,5,519000,140000,449000,579000,70498,-0.32,global
Mercedes-Benz,GLE,Firehjul,Diesel,2019,8,700000,116000,658500,720000,154205,-0.32,global
Mercedes-Benz,GLE,Firehjul,Diesel,2020,11,1029000,88000,1029000,1049000,81219,-0.32,global
Mercedes-Benz,GLE,Firehjul,Hybrid,2016,18,337000,177975,287422,366748,48035,-0.803,lokal
Mercedes-Benz,GLE,Firehjul,Hybrid,2017,19,399990,125590,372250,424945,50863,-0.831,lokal
Mercedes-Benz,GLE,Firehjul,Hybrid,2018,9,419000,136573,379000,429000,47036,-0.32,global
Mercedes-Benz,GLE,Firehjul,Hybrid,2020,40,699950,108750,639675,732400,112900,-1.187,lokal
Mercedes-Benz,GLE,Firehjul,Hybrid,2021,79,769900,88963,724000,829945,86213,-1.446,lokal
Mercedes-Benz,GLE,Firehjul,Hybrid,2022,23,869000,60000,799450,949450,104530,-2.824,lokal
Mercedes-Benz,GLE,Firehjul,Plug-in hybrid,2016,6,344900,153000,332400,357400,18708,-0.32,global
Mercedes-Benz,GLE,Firehjul,Plug-in hybrid,2017,12,382450,122250,361608,398250,50403,-0.32,global
Mercedes-Benz,GLE,Firehjul,Plug-in hybrid,2018,5,408900,106555,399000,479000,71760,-0.32,global
Mercedes-Benz,GLE,Firehjul,Plug-in hybrid,2020,57,725000,79700,698000,789000,64949,-1.16,lokal
Mercedes-Benz,GLE,Firehjul,Plug-in hybrid,2021,92,799900,71700,756612,849900,63950,-0.834,lokal
Mercedes-Benz,GLE,Firehjul,Plug-in hybrid,2022,59,829000,70800,784000,859450,66155,-1.13,lokal
Mercedes-Benz,GLE,Firehjul,Plug-in hybrid,2023,8,1049500,48350,993250,1160000,105205,-0.32,global
Mercedes-Benz,GLE,Firehjul,Plug-in hybrid,2024,9,1439000,31000,1399000,1479000,98827,-0.32,global
Mercedes-Benz,GLE-Klasse,Firehjul,Bensin,2016,7,549000,132000,534450,549495,175376,-0.32,global
Mercedes-Benz,GLE-Klasse,Firehjul,Bensin,2023,5,2199000,52000,2199000,2199000,0,-0.32,global
Mercedes-Benz,GLE-Klasse,Firehjul,Diesel,2016,11,489999,127000,419900,499945,59168,-0.32,global
Mercedes-Benz,GLE-Klasse,Firehjul,Diesel,2017,5,399000,217500,399000,449900,78416,-0.32,global
Mercedes-Benz,GLE-Klasse,Firehjul,Diesel,2020,18,949000,95243,799000,979000,95952,-4.393,lokal
Mercedes-Benz,GLE-Klasse,Firehjul,Hybrid,2017,9,389999,82500,379900,419000,49601,-0.32,global
Mercedes-Benz,GLE-Klasse,Firehjul,Hybrid,2018,7,429990,131161,394000,434495,29522,-0.32,global
Mercedes-Benz,GLE-Klasse,Firehjul,Hybrid,2020,36,669000,105000,649750,681875,74059,-0.427,lokal
Mercedes-Benz,GLE-Klasse,Firehjul,Hybrid,2021,44,779500,94500,693250,825975,135597,0.108,lokal
Mercedes-Benz,GLE-Klasse,Firehjul,Hybrid,2022,17,799000,73000,729000,898000,368085,-2.965,lokal
Mercedes-Benz,GLE-Klasse,Firehjul,Plug-in hybrid,2016,6,344450,120250,321750,389650,71371,-0.32,global
Mercedes-Benz,GLE-Klasse,Firehjul,Plug-in hybrid,2017,6,354000,135500,348250,365750,33395,-0.32,global
Mercedes-Benz,GLE-Klasse,Firehjul,Plug-in hybrid,2018,7,369000,130000,341774,399717,51842,-0.32,global
Mercedes-Benz,GLE-Klasse,Firehjul,Plug-in hybrid,2020,34,729000,79692,678400,786725,67881,-1.474,lokal
Mercedes-Benz,GLE-Klasse,Firehjul,Plug-in hybrid,2021,68,769266,80300,729000,799900,59533,-1.587,lokal
Mercedes-Benz,GLE-Klasse,Firehjul,Plug-in hybrid,2022,42,799716,70000,781500,868750,64936,-1.425,lokal
Mercedes-Benz,GLK,Firehjul,Diesel,2009,49,104900,245633,78900,139000,43464,-0.46,lokal
Mercedes-Benz,GLK,Firehjul,Diesel,2010,59,125000,201778,98400,159900,45783,-0.496,lokal
Mercedes-Benz,GLK,Firehjul,Diesel,2011,43,166900,199100,128950,177000,33595,-0.458,lokal
Mercedes-Benz,GLK,Firehjul,Diesel,2012,38,167450,213350,131175,195650,45260,-0.605,lokal
Mercedes-Benz,GLK,Firehjul,Diesel,2013,71,219800,186350,192400,254450,47532,-0.672,lokal
Mercedes-Benz,GLK,Firehjul,Diesel,2014,25,259900,152000,219900,299000,43849,-1.068,lokal
Mercedes-Benz,GLK,Firehjul,Diesel,2015,12,274450,145000,265975,292474,18467,-0.32,global
Mercedes-Benz,GLK-Klasse,Firehjul,Diesel,2009,45,116942,227590,89000,149900,46027,-0.4,lokal
Mercedes-Benz,GLK-Klasse,Firehjul,Diesel,2010,37,129000,227800,99900,151942,43737,-0.475,lokal
Mercedes-Benz,GLK-Klasse,Firehjul,Diesel,2011,24,143442,203000,129978,159000,27244,-0.22,lokal
Mercedes-Benz,GLK-Klasse,Firehjul,Diesel,2012,33,159900,224000,139000,189990,45660,-0.435,lokal
Mercedes-Benz,GLK-Klasse,Firehjul,Diesel,2013,36,199900,198786,179000,241975,46750,-0.563,lokal
Mercedes-Benz,GLK-Klasse,Tohjul,Diesel,2013,6,203500,118000,181500,218000,24849,-0.32,global
Mercedes-Benz,GLK-Klasse,Firehjul,Diesel,2014,23,229000,164000,199900,256950,51795,-0.555,lokal
Mercedes-Benz,GLK-Klasse,Firehjul,Diesel,2015,12,265000,145000,255475,282499,61377,-0.32,global
Mercedes-Benz,GLS,Firehjul,Bensin,2017,7,800000,101700,784500,825760,107343,-0.32,global
Mercedes-Benz,GLS,Firehjul,Bensin,2018,7,779900,117307,754900,819450,52274,-0.32,global
Mercedes-Benz,GLS,Firehjul,Bensin,2021,23,1499000,48500,1406156,1919500,295329,-8.575,lokal
Mercedes-Benz,GLS,Firehjul,Bensin,2022,7,1699000,47400,1489995,2074000,411167,-0.32,global
Mercedes-Benz,GLS,Firehjul,Bensin,2023,9,1699000,34434,1652406,2250000,310523,-0.32,global
Mercedes-Benz,GLS,Firehjul,Diesel,2016,30,584000,159500,511500,689675,104391,-1.389,lokal
Mercedes-Benz,GLS,Firehjul,Diesel,2017,23,549000,196200,492520,644495,126630,-0.067,lokal
Mercedes-Benz,GLS,Firehjul,Diesel,2018,8,544760,156300,521725,558880,101883,-0.32,global
Mercedes-Benz,GLS,Firehjul,Diesel,2019,5,700000,127379,599900,750000,97487,-0.32,global
Mercedes-Benz,GLS,Firehjul,Diesel,2020,48,820210,97978,771500,1006500,174163,-1.067,lokal
Mercedes-Benz,GLS,Firehjul,Diesel,2021,20,973000,59000,769990,1250108,226030,-3.405,lokal
Mercedes-Benz,GLS,Firehjul,Diesel,2022,17,999000,79800,899000,1069000,172978,-3.408,lokal
Mercedes-Benz,GLS,Firehjul,Diesel,2023,13,1149000,51900,1129000,1199000,209548,-0.32,global
Mercedes-Benz,GLS,Firehjul,Diesel,2024,10,1384000,35000,1346000,1826500,338178,-0.32,global
Mercedes-Benz,GLS,Firehjul,Diesel,2025,10,1417000,19950,1376838,1471500,83368,-0.32,global
Mercedes-Benz,GLS-Klasse,Firehjul,Bensin,2018,5,749900,123600,739900,749900,26042,-0.32,global
Mercedes-Benz,GLS-Klasse,Firehjul,Bensin,2021,7,1449900,45900,1339000,1474450,230007,-0.32,global
Mercedes-Benz,GLS-Klasse,Firehjul,Bensin,2022,8,1339900,82800,1299900,1384225,54849,-0.32,global
Mercedes-Benz,GLS-Klasse,Firehjul,Diesel,2016,11,659000,178000,574500,669450,130399,-0.32,global
Mercedes-Benz,GLS-Klasse,Firehjul,Diesel,2017,15,499900,139800,499000,589526,101133,-0.32,global
Mercedes-Benz,GLS-Klasse,Firehjul,Diesel,2018,9,539000,125844,535000,539000,31031,-0.32,global
Mercedes-Benz,GLS-Klasse,Firehjul,Diesel,2020,25,799800,115000,729000,999000,189731,-0.281,lokal
Mercedes-Benz,GLS-Klasse,Firehjul,Diesel,2021,8,1122261,57000,1009968,1349990,243885,-0.32,global
Mercedes-Benz,GLS-Klasse,Firehjul,Diesel,2022,12,1049000,51146,1029000,1129800,130134,-0.32,global
Mercedes-Benz,GLS-Klasse,Firehjul,Diesel,2023,15,1079000,82390,959500,1139500,154840,-0.32,global
Mercedes-Benz,GLS-Klasse,Firehjul,Diesel,2025,11,1465000,11000,1430000,1567000,92626,-0.32,global
Mercedes-Benz,Geländewagen,Firehjul,Bensin,2001,8,405950,155250,347150,498725,106118,-0.32,global
Mercedes-Benz,Geländewagen,Firehjul,Bensin,2002,9,499990,162399,469990,539990,108937,-0.32,global
Mercedes-Benz,Geländewagen,Firehjul,Bensin,2004,13,499000,175000,391900,549990,92365,-0.32,global
Mercedes-Benz,Geländewagen,Firehjul,Bensin,2005,6,558450,136000,512425,629150,191234,-0.32,global
Mercedes-Benz,Geländewagen,Firehjul,Bensin,2006,7,619999,125000,580643,669000,74690,-0.32,global
Mercedes-Benz,Geländewagen,Firehjul,Bensin,2007,7,645000,142000,642388,679922,74816,-0.32,global
Mercedes-Benz,Geländewagen,Firehjul,Bensin,2008,14,649000,120000,559000,668500,63235,-1.202,lokal
Mercedes-Benz,Geländewagen,Firehjul,Bensin,2013,29,989000,107000,949999,999000,95107,-0.119,lokal
Mercedes-Benz,Geländewagen,Firehjul,Bensin,2014,9,999999,63939,959999,1149900,163331,-0.32,global
Mercedes-Benz,Geländewagen,Firehjul,Bensin,2015,8,984500,95750,964999,999999,168119,-0.32,global
Mercedes-Benz,Geländewagen,Firehjul,Bensin,2019,60,1734450,76500,1648975,1999900,349402,-2.812,lokal
Mercedes-Benz,Geländewagen,Firehjul,Bensin,2020,20,1970276,69000,1749000,2094000,373601,0.966,lokal
Mercedes-Benz,Geländewagen,Firehjul,Bensin,2021,18,2198500,49500,1792250,2385750,375936,1.425,lokal
Mercedes-Benz,Geländewagen,Firehjul,Bensin,2022,28,2099000,34500,1999000,2749749,480022,-15.563,lokal
Mercedes-Benz,Geländewagen,Firehjul,Bensin,2023,41,2290000,24800,2179000,2999000,633815,-14.91,lokal
Mercedes-Benz,Geländewagen,Firehjul,Bensin,2024,11,2749000,17800,2671450,2872500,214963,-0.32,global
Mercedes-Benz,Geländewagen,Firehjul,Bensin,2025,24,2999000,8500,2950000,3635312,515649,-0.32,global
Mercedes-Benz,Geländewagen,Firehjul,Diesel,1983,7,66900,150000,61500,107650,74472,-0.32,global
Mercedes-Benz,Geländewagen,Firehjul,Diesel,1985,7,166900,190000,125950,180000,47550,-0.32,global
Mercedes-Benz,Geländewagen,Firehjul,Diesel,1986,5,101900,120000,90000,150942,53784,-0.32,global
Mercedes-Benz,Geländewagen,Firehjul,Diesel,1987,6,132500,141728,107500,187425,59803,-0.32,global
Mercedes-Benz,Geländewagen,Firehjul,Diesel,2001,7,301900,228000,261753,301900,53975,-0.32,global
Mercedes-Benz,Geländewagen,Firehjul,Diesel,2004,7,360900,284000,335900,449450,97605,-0.32,global
Mercedes-Benz,Geländewagen,Firehjul,Diesel,2012,7,669900,171000,600471,699000,83482,-0.32,global
Mercedes-Benz,Geländewagen,Firehjul,Diesel,2013,23,729000,144500,667950,869000,152452,-1.785,lokal
Mercedes-Benz,Geländewagen,Firehjul,Diesel,2017,7,1049000,66349,972900,1199000,193035,-0.32,global
Mercedes-Benz,Geländewagen,Firehjul,Diesel,2020,22,1620000,80350,1474675,1693326,195724,-0.016,lokal
Mercedes-Benz,Geländewagen,Firehjul,Diesel,2021,11,1399900,70500,1349000,1499450,180151,-0.32,global
Mercedes-Benz,Geländewagen,Firehjul,Diesel,2022,7,1429000,67000,1399300,1494000,204131,-0.32,global
Mercedes-Benz,Geländewagen,Firehjul,Diesel,2023,7,1692459,46826,1524450,2194500,427227,-0.32,global
Mercedes-Benz,Geländewagen,Firehjul,Diesel,2025,13,2632500,3800,2456743,2699000,287050,-0.32,global
Mercedes-Benz,Geländewagen,Firehjul,Elektrisk,2024,16,1899900,20000,1799900,1962400,113344,-0.32,global
Mercedes-Benz,Geländewagen,Firehjul,Elektrisk,2025,37,1899000,8435,1749000,2000000,172368,-0.32,global
Mercedes-Benz,M-Klasse,Firehjul,Bensin,1999,7,16900,285000,13171,20950,7166,-0.32,global
Mercedes-Benz,M-Klasse,Firehjul,Bensin,2001,7,44942,298400,30421,64421,38060,-0.32,global
Mercedes-Benz,M-Klasse,Firehjul,Bensin,2005,5,121900,275000,119900,139990,53485,-0.32,global
Mercedes-Benz,M-Klasse,Firehjul,Bensin,2006,12,229995,225000,167900,267471,75741,-0.32,global
Mercedes-Benz,M-Klasse,Firehjul,Bensin,2013,13,519000,172000,499000,549000,38542,-0.32,global
Mercedes-Benz,M-Klasse,Firehjul,Diesel,2001,23,29000,294078,16900,49421,18119,-0.01,lokal
Mercedes-Benz,M-Klasse,Firehjul,Diesel,2002,11,28900,297500,18872,38471,22222,-0.32,global
Mercedes-Benz,M-Klasse,Firehjul,Diesel,2003,9,36900,296414,30000,44900,19497,-0.32,global
Mercedes-Benz,M-Klasse,Firehjul,Diesel,2004,8,39950,292300,23250,47650,15185,-0.32,global
Mercedes-Benz,M-Klasse,Firehjul,Diesel,2005,39,64900,310000,47066,89421,33335,-0.235,lokal
Mercedes-Benz,M-Klasse,Firehjul,Diesel,2006,85,78942,275000,56942,119900,38468,-0.363,lokal
Mercedes-Benz,M-Klasse,Firehjul,Diesel,2007,50,108400,272350,72400,128975,33907,-0.356,lokal
Mercedes-Benz,M-Klasse,Firehjul,Diesel,2008,14,109999,267900,97425,129997,43658,-0.32,global
Mercedes-Benz,M-Klasse,Firehjul,Diesel,2009,21,149000,230000,138982,169000,31699,-0.072,lokal
Mercedes-Benz,M-Klasse,Firehjul,Diesel,2010,11,159990,243890,134442,183466,66810,-0.32,global
Mercedes-Benz,M-Klasse,Firehjul,Diesel,2011,24,246991,156000,186725,279236,70884,-0.651,lokal
Mercedes-Benz,M-Klasse,Firehjul,Diesel,2012,88,240450,222072,218475,282475,62472,-0.535,lokal
Mercedes-Benz,M-Klasse,Firehjul,Diesel,2013,78,278991,195900,229999,307150,60877,-0.754,lokal
Mercedes-Benz,M-Klasse,Firehjul,Diesel,2014,29,299900,205495,259999,343434,54771,0.118,lokal
Mercedes-Benz,M-Klasse,Firehjul,Diesel,2015,8,340000,152330,316758,379000,43897,-0.32,global
Mercedes-Benz,R-Klasse,Firehjul,Diesel,2006,39,49845,295823,34416,70921,31423,-0.163,lokal
Mercedes-Benz,R-Klasse,Firehjul,Diesel,2007,25,46942,322000,29900,69500,27404,0.002,lokal
Mercedes-Benz,R-Klasse,Firehjul,Diesel,2008,8,75471,243625,59968,99225,25167,-0.32,global
Mercedes-Benz,R-Klasse,Firehjul,Diesel,2009,6,86900,256731,80975,118475,35446,-0.32,global
Mercedes-Benz,R-Klasse,Firehjul,Diesel,2010,12,143950,228797,56426,161468,61358,-0.32,global
Mercedes-Benz,R-Klasse,Firehjul,Diesel,2011,17,161900,233000,159000,209000,35482,-0.32,global
Mercedes-Benz,R-Klasse,Firehjul,Diesel,2012,11,179768,175000,136400,197950,64951,-0.32,global
Mercedes-Benz,R-Klasse,Firehjul,Diesel,2013,10,200871,178400,180975,226725,52577,-0.32,global
Mercedes-Benz,S-Klasse,Tohjul,Bensin,1982,6,78894,283000,48236,136711,54453,-0.32,global
Mercedes-Benz,S-Klasse,Tohjul,Bensin,1983,7,120000,287200,63000,130000,47895,-0.32,global
Mercedes-Benz,S-Klasse,Tohjul,Bensin,1984,5,129000,217000,120000,229000,79857,-0.32,global
Mercedes-Benz,S-Klasse,Tohjul,Bensin,1986,5,199000,177000,106900,199000,67732,-0.32,global
Mercedes-Benz,S-Klasse,Tohjul,Bensin,1987,6,110950,261154,56900,239250,124430,-0.32,global
Mercedes-Benz,S-Klasse,Tohjul,Bensin,1990,7,349000,177250,249900,364500,93624,-0.32,global
Mercedes-Benz,S-Klasse,Tohjul,Bensin,1991,9,86900,233000,41942,179900,134424,-0.32,global
Mercedes-Benz,S-Klasse,Tohjul,Bensin,1992,6,132495,156435,103748,221250,98764,-0.32,global
Mercedes-Benz,S-Klasse,Tohjul,Bensin,1994,5,100000,293000,81900,179000,59985,-0.32,global
Mercedes-Benz,S-Klasse,Tohjul,Bensin,1999,14,31921,247500,24400,59432,72578,-0.32,global
Mercedes-Benz,S-Klasse,Tohjul,Bensin,2000,7,146900,170500,47400,154450,63044,-0.32,global
Mercedes-Benz,S-Klasse,Tohjul,Bensin,2001,25,72900,213000,32900,129900,58552,-0.569,lokal
Mercedes-Benz,S-Klasse,Firehjul,Bensin,2003,6,131450,201100,107925,164725,44578,-0.32,global
Mercedes-Benz,S-Klasse,Tohjul,Bensin,2003,6,304900,98000,256400,339900,118516,-0.32,global
Mercedes-Benz,S-Klasse,Firehjul,Bensin,2004,5,141942,187000,111900,150942,45100,-0.32,global
Mercedes-Benz,S-Klasse,Tohjul,Bensin,2005,8,99921,189678,91400,128150,109255,-0.32,global
Mercedes-Benz,S-Klasse,Tohjul,Bensin,2006,9,169900,164000,99900,221900,76134,-0.32,global
Mercedes-Benz,S-Klasse,Firehjul,Bensin,2007,9,189900,202000,161900,219000,44390,-0.32,global
Mercedes-Benz,S-Klasse,Tohjul,Bensin,2007,22,429000,113400,399925,439000,34177,0.36,lokal
Mercedes-Benz,S-Klasse,Firehjul,Bensin,2014,19,773434,110000,676717,849450,124824,-2.113,lokal
Mercedes-Benz,S-Klasse,Tohjul,Bensin,2014,7,589600,88400,554495,639994,66933,-0.32,global
Mercedes-Benz,S-Klasse,Firehjul,Bensin,2015,36,799000,90750,749000,862175,168828,-1.525,lokal
Mercedes-Benz,S-Klasse,Firehjul,Bensin,2016,14,796983,123050,700000,922608,146308,-0.32,global
Mercedes-Benz,S-Klasse,Tohjul,Bensin,2016,5,450000,57831,450000,450000,359754,-0.32,global
Mercedes-Benz,S-Klasse,Firehjul,Bensin,2017,10,709217,99530,626500,1019000,219948,-0.32,global
Mercedes-Benz,S-Klasse,Firehjul,Bensin,2018,7,839800,96540,744500,1544500,427051,-0.32,global
Mercedes-Benz,S-Klasse,Firehjul,Bensin,2021,5,1499000,59000,1199000,1499999,181019,-0.32,global
Mercedes-Benz,S-Klasse,Firehjul,Bensin,2023,7,2750000,19781,2750000,2850000,122538,-0.32,global
Mercedes-Benz,S-Klasse,Tohjul,Diesel,2001,8,76900,227416,58900,83956,19418,-0.32,global
Mercedes-Benz,S-Klasse,Tohjul,Diesel,2006,8,93421,250500,65660,121150,47292,-0.32,global
Mercedes-Benz,S-Klasse,Firehjul,Diesel,2007,15,169900,264000,144450,184945,54093,-0.32,global
Mercedes-Benz,S-Klasse,Tohjul,Diesel,2007,6,158450,237500,129999,190650,40324,-0.32,global
Mercedes-Benz,S-Klasse,Firehjul,Diesel,2008,13,199000,172000,135000,219900,58490,-0.32,global
Mercedes-Benz,S-Klasse,Tohjul,Diesel,2008,6,142950,256050,131650,149000,20968,-0.32,global
Mercedes-Benz,S-Klasse,Tohjul,Diesel,2009,6,152450,193788,101249,222432,71501,-0.32,global
Mercedes-Benz,S-Klasse,Firehjul,Diesel,2010,5,169900,259877,169900,199000,28335,-0.32,global
Mercedes-Benz,S-Klasse,Firehjul,Diesel,2011,9,259900,158100,250000,269900,24853,-0.32,global
Mercedes-Benz,S-Klasse,Firehjul,Diesel,2012,5,259900,249838,259000,269900,31794,-0.32,global
Mercedes-Benz,S-Klasse,Firehjul,Diesel,2014,8,439000,189500,407249,499000,47902,-0.32,global
Mercedes-Benz,S-Klasse,Tohjul,Diesel,2014,5,419000,127000,398900,439999,42563,-0.32,global
Mercedes-Benz,S-Klasse,Firehjul,Diesel,2015,20,489900,165077,468501,499925,57494,-1.041,lokal
Mercedes-Benz,S-Klasse,Firehjul,Diesel,2018,8,709450,154500,629990,777175,98590,-0.32,global
Mercedes-Benz,S-Klasse,Firehjul,Diesel,2019,7,829000,103800,798950,839450,61094,-0.32,global
Mercedes-Benz,S-Klasse,Firehjul,Diesel,2021,7,1099000,103000,1079000,1149450,87949,-0.32,global
Mercedes-Benz,S-Klasse,Firehjul,Hybrid,2023,6,1669500,50000,1649000,1690000,233188,-0.32,global
Mercedes-Benz,SL,Tohjul,Bensin,1973,5,129000,196500,121845,149999,38034,-0.32,global
Mercedes-Benz,SL,Tohjul,Bensin,1977,5,179000,80000,141900,189000,38539,-0.32,global
Mercedes-Benz,SL,Tohjul,Bensin,1989,5,219900,125000,171900,251900,206884,-0.32,global
Mercedes-Benz,SL,Tohjul,Bensin,1990,5,139000,156880,100000,199000,76852,-0.32,global
Mercedes-Benz,SL,Tohjul,Bensin,2002,18,230950,157750,191250,272650,67031,-0.592,lokal
Mercedes-Benz,SL,Tohjul,Bensin,2003,13,276777,139000,221900,325000,86188,-0.32,global
Mercedes-Benz,SL,Tohjul,Bensin,2004,8,262500,118500,189749,331000,152139,-0.32,global
Mercedes-Benz,SL,Tohjul,Bensin,2005,9,279990,101000,250000,399000,100100,-0.32,global
Mercedes-Benz,SL,Tohjul,Bensin,2009,5,551900,67595,521900,569000,39177,-0.32,global
Mercedes-Benz,SL,Tohjul,Bensin,2013,23,629000,61442,554500,850000,157379,1.471,lokal
Mercedes-Benz,SL,Tohjul,Bensin,2017,9,920000,38000,900000,980000,101861,-0.32,global
Mercedes-Benz,SL,Firehjul,Bensin,2022,7,2150000,14500,2124450,2299000,132262,-0.32,global
Mercedes-Benz,SL-Klasse,Tohjul,Bensin,2002,8,344500,116000,234442,373675,102044,-0.32,global
Mercedes-Benz,SL-Klasse,Tohjul,Bensin,2003,5,199000,142500,169999,239000,133374,-0.32,global
Mercedes-Benz,SL-Klasse,Tohjul,Bensin,2005,5,299900,116000,230000,399900,133009,-0.32,global
Mercedes-Benz,SL-Klasse,Tohjul,Bensin,2013,15,600000,61442,594500,640971,110224,-0.32,global
Mercedes-Benz,SLK,Tohjul,Bensin,1997,6,60900,183506,44900,67900,24218,-0.32,global
Mercedes-Benz,SLK,Tohjul,Bensin,1998,15,58900,169176,36900,70900,20883,-0.32,global
Mercedes-Benz,SLK,Tohjul,Bensin,1999,9,59900,175000,46900,69900,32003,-0.32,global
Mercedes-Benz,SLK,Tohjul,Bensin,2001,8,86900,140858,60900,113900,36962,-0.32,global
Mercedes-Benz,SLK,Tohjul,Bensin,2004,11,99900,130000,90450,144950,105944,-0.32,global
Mercedes-Benz,SLK,Tohjul,Bensin,2005,14,189450,116900,141500,229999,62547,-0.32,global
Mercedes-Benz,SLK,Tohjul,Bensin,2006,13,169000,143316,135000,219900,87835,-0.32,global
Mercedes-Benz,SLK,Tohjul,Bensin,2007,7,219000,106000,144450,244999,56535,-0.32,global
Mercedes-Benz,SLK,Tohjul,Bensin,2011,7,278000,84900,249400,305371,33570,-0.32,global
Mercedes-Benz,SLK,Tohjul,Bensin,2012,7,309000,88371,282450,317450,48209,-0.32,global
Mercedes-Benz,SLK,Tohjul,Bensin,2013,5,339000,76500,279950,339000,52619,-0.32,global
Mercedes-Benz,SLK-Klasse,Tohjul,Bensin,1998,7,37900,193000,32942,54942,26338,-0.32,global
Mercedes-Benz,SLK-Klasse,Tohjul,Bensin,1999,6,50942,258000,35442,73942,22178,-0.32,global
Mercedes-Benz,SLK-Klasse,Tohjul,Bensin,2001,6,44990,166500,26456,73952,40668,-0.32,global
Mercedes-Benz,SLK-Klasse,Tohjul,Bensin,2004,5,149000,152884,119000,159999,63199,-0.32,global
Mercedes-Benz,SLK-Klasse,Tohjul,Bensin,2005,10,150450,111300,137692,229999,60370,-0.32,global
Mercedes-Benz,SLK-Klasse,Tohjul,Bensin,2007,8,364950,78500,189192,482400,163821,-0.32,global
Mercedes-Benz,SLK-Klasse,Tohjul,Bensin,2008,6,199400,103250,183956,214200,22058,-0.32,global
Mercedes-Benz,SLK-Klasse,Tohjul,Bensin,2011,5,261942,84900,259900,269900,39023,-0.32,global
Mercedes-Benz,SLK-Klasse,Tohjul,Bensin,2012,6,327950,103594,276650,382249,90413,-0.32,global
Mercedes-Benz,SLK-Klasse,Tohjul,Bensin,2013,6,352000,55224,304675,388749,164896,-0.32,global
Mercedes-Benz,Sprinter,Tohjul,Diesel,1996,5,51268,232000,44268,61900,10696,-0.32,global
Mercedes-Benz,Sprinter,Tohjul,Diesel,2001,20,55850,316500,37176,84400,45295,0.011,lokal
Mercedes-Benz,Sprinter,Tohjul,Diesel,2002,6,71268,251750,65317,106260,37486,-0.32,global
Mercedes-Benz,Sprinter,Tohjul,Diesel,2003,9,50268,236000,40268,76900,26412,-0.32,global
Mercedes-Benz,Sprinter,Firehjul,Diesel,2004,5,151268,266983,31268,181900,83183,-0.32,global
Mercedes-Benz,Sprinter,Tohjul,Diesel,2004,13,69268,240405,33139,91900,35187,-0.32,global
Mercedes-Benz,Sprinter,Tohjul,Diesel,2005,6,95584,264066,57400,118018,44264,-0.32,global
Mercedes-Benz,Sprinter,Tohjul,Diesel,2006,9,79987,250000,60000,136268,70260,-0.32,global
Mercedes-Benz,Sprinter,Tohjul,Diesel,2007,32,70634,264573,41492,120518,83413,-0.115,lokal
Mercedes-Benz,Sprinter,Tohjul,Diesel,2008,37,52148,278000,36268,99000,47348,-0.179,lokal
Mercedes-Benz,Sprinter,Tohjul,Diesel,2009,22,124834,240300,70201,173926,87762,-0.404,lokal
Mercedes-Benz,Sprinter,Tohjul,Diesel,2010,25,101231,277000,66268,179900,75906,-0.291,lokal
Mercedes-Benz,Sprinter,Tohjul,Diesel,2011,52,96268,277750,58518,125000,56839,-0.1,lokal
Mercedes-Benz,Sprinter,Tohjul,Diesel,2012,48,120134,245218,76733,190975,95502,-0.362,lokal
Mercedes-Benz,Sprinter,Firehjul,Diesel,2013,6,224268,231240,156768,324768,144002,-0.32,global
Mercedes-Benz,Sprinter,Tohjul,Diesel,2013,45,109900,293692,80268,151268,83202,-0.208,lokal
Mercedes-Benz,Sprinter,Tohjul,Diesel,2014,59,163434,272000,107477,229760,84486,-0.153,lokal
Mercedes-Benz,Sprinter,Firehjul,Diesel,2015,7,267434,232500,136520,325260,117658,-0.32,global
Mercedes-Benz,Sprinter,Tohjul,Diesel,2015,47,171520,270000,141760,220710,66825,-0.211,lokal
Mercedes-Benz,Sprinter,Firehjul,Diesel,2016,8,449500,238000,324140,500000,211767,-0.32,global
Mercedes-Benz,Sprinter,Tohjul,Diesel,2016,58,219000,196000,152770,248020,97692,-0.477,lokal
Mercedes-Benz,Sprinter,Tohjul,Diesel,2017,71,230000,219776,181210,314020,123843,-0.159,lokal
Mercedes-Benz,Sprinter,Tohjul,Diesel,2018,51,329520,238000,224500,439000,129118,-0.049,lokal
Mercedes-Benz,Sprinter,Firehjul,Diesel,2019,13,535000,134850,249000,649000,255490,-0.32,global
Mercedes-Benz,Sprinter,Tohjul,Diesel,2019,92,388035,158600,275140,501500,147611,-0.972,lokal
Mercedes-Benz,Sprinter,Firehjul,Diesel,2020,14,625276,134950,507175,687305,131729,-0.32,global
Mercedes-Benz,Sprinter,Tohjul,Diesel,2020,32,402520,143000,295020,749225,214213,-1.082,lokal
Mercedes-Benz,Sprinter,Tohjul,Diesel,2021,35,539933,94500,424000,609500,117468,-1.096,lokal
Mercedes-Benz,Sprinter,Tohjul,Diesel,2022,51,577406,101000,531156,672000,156092,-0.099,lokal
Mercedes-Benz,Sprinter,Firehjul,Diesel,2023,10,804900,61191,792400,826725,24862,-0.32,global
Mercedes-Benz,Sprinter,Tohjul,Diesel,2023,38,729000,42500,670054,794054,196309,0.032,lokal
Mercedes-Benz,Sprinter,Firehjul,Diesel,2024,6,874900,28555,849900,1054925,172040,-0.32,global
Mercedes-Benz,Sprinter,Tohjul,Diesel,2024,21,719900,38000,699900,779000,124206,0.248,lokal
Mercedes-Benz,Sprinter,Firehjul,Diesel,2025,9,1389500,100,1364050,1389500,96559,-0.32,global
Mercedes-Benz,Sprinter,Tohjul,Diesel,2025,17,969000,4000,799000,1350000,300541,-0.32,global
Mercedes-Benz,Sprinter,Tohjul,Elektrisk,2024,10,797000,12500,773000,814250,62435,-0.32,global
Mercedes-Benz,Sprinter-Klasse,Tohjul,Diesel,2001,12,35942,248208,29843,47697,25282,-0.32,global
Mercedes-Benz,Sprinter-Klasse,Tohjul,Diesel,2003,5,39000,217000,26268,43296,28909,-0.32,global
Mercedes-Benz,Sprinter-Klasse,Tohjul,Diesel,2004,9,40000,310000,40000,61296,20647,-0.32,global
Mercedes-Benz,Sprinter-Klasse,Tohjul,Diesel,2005,6,108746,230500,76965,131296,44909,-0.32,global
Mercedes-Benz,Sprinter-Klasse,Tohjul,Diesel,2006,5,71500,215000,39296,76296,43747,-0.32,global
Mercedes-Benz,Sprinter-Klasse,Tohjul,Diesel,2007,17,79000,205000,59000,106800,68860,-0.18,lokal
Mercedes-Benz,Sprinter-Klasse,Tohjul,Diesel,2008,26,70536,246000,39447,124296,65605,-0.351,lokal
Mercedes-Benz,Sprinter-Klasse,Tohjul,Diesel,2009,11,69800,241000,43148,135643,65257,-0.32,global
Mercedes-Benz,Sprinter-Klasse,Tohjul,Diesel,2010,20,80619,308470,58947,124722,73537,-0.236,lokal
Mercedes-Benz,Sprinter-Klasse,Tohjul,Diesel,2011,23,131296,252500,81250,149500,58381,-0.325,lokal
Mercedes-Benz,Sprinter-Klasse,Tohjul,Diesel,2012,39,78796,324500,60619,101942,52579,0.076,lokal
Mercedes-Benz,Sprinter-Klasse,Firehjul,Diesel,2013,5,270296,192000,150296,449000,154640,-0.32,global
Mercedes-Benz,Sprinter-Klasse,Tohjul,Diesel,2013,33,139900,187536,90649,200942,78186,-0.429,lokal
Mercedes-Benz,Sprinter-Klasse,Tohjul,Diesel,2014,37,144900,283000,81296,199000,75400,-0.027,lokal
Mercedes-Benz,Sprinter-Klasse,Tohjul,Diesel,2015,33,179000,243000,149553,201459,78885,-0.129,lokal
Mercedes-Benz,Sprinter-Klasse,Firehjul,Diesel,2016,9,311553,208595,236553,369000,123784,-0.32,global
Mercedes-Benz,Sprinter-Klasse,Tohjul,Diesel,2016,44,194776,253120,128700,220037,72992,-0.144,lokal
Mercedes-Benz,Sprinter-Klasse,Tohjul,Diesel,2017,38,214272,221548,100305,351295,127584,-0.65,lokal
Mercedes-Benz,Sprinter-Klasse,Tohjul,Diesel,2018,42,267676,234949,176250,349675,126721,-0.333,lokal
Mercedes-Benz,Sprinter-Klasse,Tohjul,Diesel,2019,37,269000,224000,191553,359553,139793,-0.35,lokal
Mercedes-Benz,Sprinter-Klasse,Firehjul,Diesel,2020,11,679900,75125,449900,689900,132425,-0.32,global
Mercedes-Benz,Sprinter-Klasse,Tohjul,Diesel,2020,54,355546,146500,299553,535553,197940,-0.729,lokal
Mercedes-Benz,Sprinter-Klasse,Tohjul,Diesel,2021,27,440000,260595,339553,524000,131233,-0.433,lokal
Mercedes-Benz,Sprinter-Klasse,Tohjul,Diesel,2022,16,579500,89452,426766,684000,166194,-0.32,global
Mercedes-Benz,Sprinter-Klasse,Tohjul,Diesel,2023,25,658000,57000,592000,749000,86433,-0.174,lokal
Mercedes-Benz,Sprinter-Klasse,Tohjul,Diesel,2024,11,749990,54300,691180,784500,72736,-0.32,global
Mercedes-Benz,Sprinter-Klasse,Tohjul,Diesel,2025,6,874000,17250,791500,1067757,224098,-0.32,global
Mercedes-Benz,Sprinter-Klasse,Tohjul,Elektrisk,2022,8,120726,31500,111228,242777,81820,-0.32,global
Mercedes-Benz,Ukjent,Firehjul,Bensin,2014,5,729585,120420,669990,749585,175598,-0.32,global
Mercedes-Benz,Ukjent,Firehjul,Diesel,2006,6,121495,219114,97422,135749,23936,-0.32,global
Mercedes-Benz,V-Klasse,Tohjul,Diesel,2014,21,629000,69000,629000,649000,112637,-4.681,lokal
Mercedes-Benz,V-Klasse,Tohjul,Diesel,2015,17,494434,164000,384434,539900,108152,-0.855,lokal
Mercedes-Benz,V-Klasse,Firehjul,Diesel,2016,14,644000,132850,578300,669000,106687,-0.32,global
Mercedes-Benz,V-Klasse,Tohjul,Diesel,2016,25,429000,160000,429000,459000,90592,-0.552,lokal
Mercedes-Benz,V-Klasse,Firehjul,Diesel,2017,13,649000,143000,599900,679900,79851,-0.32,global
Mercedes-Benz,V-Klasse,Firehjul,Diesel,2018,25,699434,148000,559000,769900,160068,-1.347,lokal
Mercedes-Benz,V-Klasse,Firehjul,Diesel,2019,25,689900,142700,659000,749000,71112,-0.619,lokal
Mercedes-Benz,V-Klasse,Tohjul,Diesel,2019,6,549000,192000,548250,586500,51693,-0.32,global
Mercedes-Benz,V-Klasse,Firehjul,Diesel,2020,6,619900,221500,604225,635390,73024,-0.32,global
Mercedes-Benz,V-Klasse,Tohjul,Diesel,2020,5,829900,83994,799900,839900,51088,-0.32,global
Mercedes-Benz,V-Klasse,Firehjul,Diesel,2021,27,829000,97670,674000,959000,157601,-1.299,lokal
Mercedes-Benz,V-Klasse,Firehjul,Diesel,2022,46,954622,62000,779900,999759,131278,-4.697,lokal
Mercedes-Benz,V-Klasse,Firehjul,Diesel,2023,20,985000,92725,799675,1049925,137923,0.075,lokal
Mercedes-Benz,V-Klasse,Firehjul,Diesel,2024,18,1017500,26000,986588,1089675,98727,-0.32,global
Mercedes-Benz,V-Klasse,Firehjul,Diesel,2025,16,1114900,14450,1047375,1655000,370767,-0.32,global
Mercedes-Benz,Viano,Tohjul,Diesel,2004,12,49421,270750,28442,148426,74441,-0.32,global
Mercedes-Benz,Viano,Tohjul,Diesel,2005,17,119900,301515,89990,129990,56880,0.62,lokal
Mercedes-Benz,Viano,Tohjul,Diesel,2006,5,66900,294000,38900,299000,142034,-0.32,global
Mercedes-Benz,Viano,Tohjul,Diesel,2007,8,95921,259000,79208,108375,48530,-0.32,global
Mercedes-Benz,Viano,Firehjul,Diesel,2011,13,201942,273755,81900,266942,110047,-0.32,global
Mercedes-Benz,Viano,Tohjul,Diesel,2011,11,210000,245000,90942,244950,93950,-0.32,global
Mercedes-Benz,Viano,Firehjul,Diesel,2013,5,257900,223035,219942,289900,71938,-0.32,global
Mercedes-Benz,Vito,Tohjul,Diesel,2001,5,34900,135991,31900,39900,6259,-0.32,global
Mercedes-Benz,Vito,Tohjul,Diesel,2004,6,61584,179000,25492,111724,49787,-0.32,global
Mercedes-Benz,Vito,Tohjul,Diesel,2005,24,33768,259000,15951,47176,28440,-0.011,lokal
Mercedes-Benz,Vito,Firehjul,Diesel,2007,21,46268,274000,35000,65268,34023,-0.018,lokal
Mercedes-Benz,Vito,Tohjul,Diesel,2007,23,55000,224000,38134,70134,51546,-0.104,lokal
Mercedes-Benz,Vito,Firehjul,Diesel,2008,20,58750,247506,36268,84974,40678,0.142,lokal
Mercedes-Benz,Vito,Tohjul,Diesel,2008,27,56268,248000,32634,81584,40683,-0.128,lokal
Mercedes-Benz,Vito,Firehjul,Diesel,2009,5,71268,240400,66268,71268,22164,-0.32,global
Mercedes-Benz,Vito,Tohjul,Diesel,2009,19,49268,265000,32268,71900,40603,-0.299,lokal
Mercedes-Benz,Vito,Firehjul,Diesel,2010,14,76584,255558,52518,86268,57500,-0.32,global
Mercedes-Benz,Vito,Tohjul,Diesel,2010,26,53134,171972,25518,125225,68888,-0.374,lokal
Mercedes-Benz,Vito,Firehjul,Diesel,2011,41,89768,247045,61900,111268,54439,-0.239,lokal
Mercedes-Benz,Vito,Tohjul,Diesel,2011,39,131900,145778,75584,186995,81679,-0.091,lokal
Mercedes-Benz,Vito,Firehjul,Diesel,2012,64,109250,220990,79000,139725,59402,-0.279,lokal
Mercedes-Benz,Vito,Tohjul,Diesel,2012,46,99950,154500,57242,186000,88639,-0.578,lokal
Mercedes-Benz,Vito,Firehjul,Diesel,2013,62,127000,208000,90518,154701,77248,-0.298,lokal
Mercedes-Benz,Vito,Tohjul,Diesel,2013,47,85900,162957,46900,149950,85803,0.237,lokal
Mercedes-Benz,Vito,Firehjul,Diesel,2014,41,131520,182000,71920,169900,64594,-0.234,lokal
Mercedes-Benz,Vito,Tohjul,Diesel,2014,22,102000,173915,77680,157248,71742,-0.443,lokal
Mercedes-Benz,Vito,Firehjul,Diesel,2015,28,195700,161198,119748,272156,115916,0.067,lokal
Mercedes-Benz,Vito,Tohjul,Diesel,2015,30,161500,196850,117365,280576,107731,0.376,lokal
Mercedes-Benz,Vito,Firehjul,Diesel,2016,99,242476,201000,189260,281692,83011,-0.257,lokal
Mercedes-Benz,Vito,Tohjul,Diesel,2016,33,135000,185000,117520,169000,119281,-0.149,lokal
Mercedes-Benz,Vito,Firehjul,Diesel,2017,108,255760,177500,221140,292770,73548,-0.556,lokal
Mercedes-Benz,Vito,Tohjul,Diesel,2017,25,151520,156300,139920,219000,128476,0.144,lokal
Mercedes-Benz,Vito,Firehjul,Diesel,2018,117,298000,173000,247900,339000,73446,-0.388,lokal
Mercedes-Benz,Vito,Tohjul,Diesel,2018,23,219000,156000,167460,277760,110060,-0.76,lokal
Mercedes-Benz,Vito,Firehjul,Diesel,2019,186,329900,140650,279000,388625,83298,-0.845,lokal
Mercedes-Benz,Vito,Tohjul,Diesel,2019,9,249520,103000,189000,269000,96514,-0.32,global
Mercedes-Benz,Vito,Firehjul,Diesel,2020,127,389000,110950,334450,429000,96485,-0.816,lokal
Mercedes-Benz,Vito,Tohjul,Diesel,2020,8,519000,138000,499675,531500,22842,-0.32,global
Mercedes-Benz,Vito,Firehjul,Diesel,2021,200,439520,103800,373388,475909,82903,-0.913,lokal
Mercedes-Benz,Vito,Tohjul,Diesel,2021,7,499000,142800,476717,509000,78417,-0.32,global
Mercedes-Benz,Vito,Firehjul,Diesel,2022,177,517343,77000,469000,539900,88756,-0.883,lokal
Mercedes-Benz,Vito,Tohjul,Diesel,2022,29,599000,92400,559900,599000,122756,-0.32,global
Mercedes-Benz,Vito,Firehjul,Diesel,2023,66,579450,56950,549900,599994,142840,-0.584,lokal
Mercedes-Benz,Vito,Tohjul,Diesel,2023,5,292406,66000,227406,409000,197765,-0.32,global
Mercedes-Benz,Vito,Firehjul,Diesel,2024,45,629000,33000,609900,649000,40171,-0.513,lokal
Mercedes-Benz,Vito,Firehjul,Diesel,2025,109,698000,17077,649900,759000,84805,0.424,lokal
Mercedes-Benz,Vito,Tohjul,Diesel,2025,11,539000,16000,524450,552000,17827,-0.32,global
Mercedes-Benz,Vito,Tohjul,Elektrisk,2022,24,359450,42616,339900,402400,108732,1.862,lokal
Mercedes-Benz,Vito,Tohjul,Elektrisk,2023,8,464000,29464,392400,489000,76258,-0.32,global
Mercedes-Benz,Vito,Tohjul,Elektrisk,2024,22,606172,27025,434000,686750,165028,4.264,lokal
Mercedes-Benz,Vito-Klasse,Tohjul,Diesel,2005,12,25898,276500,16296,42478,21159,-0.32,global
Mercedes-Benz,Vito-Klasse,Firehjul,Diesel,2006,5,40942,247862,36942,46950,8187,-0.32,global
Mercedes-Benz,Vito-Klasse,Tohjul,Diesel,2006,9,51942,219956,29900,66942,20441,-0.32,global
Mercedes-Benz,Vito-Klasse,Firehjul,Diesel,2007,17,59268,225904,41296,81268,27482,-0.32,global
Mercedes-Benz,Vito-Klasse,Tohjul,Diesel,2007,14,37648,273500,30321,60039,45042,-0.32,global
Mercedes-Benz,Vito-Klasse,Firehjul,Diesel,2008,13,35000,263500,29296,61268,23767,-0.32,global
Mercedes-Benz,Vito-Klasse,Tohjul,Diesel,2008,21,54296,210000,38268,75296,33400,-0.133,lokal
Mercedes-Benz,Vito-Klasse,Firehjul,Diesel,2009,9,61950,263000,56268,99999,67203,-0.32,global
Mercedes-Benz,Vito-Klasse,Tohjul,Diesel,2009,15,49768,279300,38296,82282,33624,-0.32,global
Mercedes-Benz,Vito-Klasse,Firehjul,Diesel,2010,9,50000,280000,46268,71296,52062,-0.32,global
Mercedes-Benz,Vito-Klasse,Tohjul,Diesel,2010,12,90971,172222,64046,174432,59176,-0.32,global
Mercedes-Benz,Vito-Klasse,Firehjul,Diesel,2011,50,92296,240510,56275,116400,41218,-0.121,lokal
Mercedes-Benz,Vito-Klasse,Tohjul,Diesel,2011,19,128942,121288,83619,199921,84839,-0.156,lokal
Mercedes-Benz,Vito-Klasse,Firehjul,Diesel,2012,37,79796,243000,56296,118000,42649,-0.14,lokal
Mercedes-Benz,Vito-Klasse,Tohjul,Diesel,2012,33,101900,188000,61268,149000,81224,-0.396,lokal
Mercedes-Benz,Vito-Klasse,Firehjul,Diesel,2013,37,113296,198000,86942,159000,61480,-0.403,lokal
Mercedes-Benz,Vito-Klasse,Tohjul,Diesel,2013,40,102445,148832,58660,192400,84454,0.034,lokal
Mercedes-Benz,Vito-Klasse,Firehjul,Diesel,2014,50,100643,225250,79910,130796,44530,-0.345,lokal
Mercedes-Benz,Vito-Klasse,Tohjul,Diesel,2014,17,71296,240223,52796,139942,66186,-0.32,global
Mercedes-Benz,Vito-Klasse,Firehjul,Diesel,2015,29,199000,188000,151520,239000,69884,-0.257,lokal
Mercedes-Benz,Vito-Klasse,Tohjul,Diesel,2015,43,109000,207000,84053,173053,93422,-0.163,lokal
Mercedes-Benz,Vito-Klasse,Firehjul,Diesel,2016,100,219950,189130,191553,259250,63510,-0.36,lokal
Mercedes-Benz,Vito-Klasse,Tohjul,Diesel,2016,26,149800,182558,99925,196738,87575,-0.463,lokal
Mercedes-Benz,Vito-Klasse,Firehjul,Diesel,2017,97,231553,172000,199033,269900,58935,-0.506,lokal
Mercedes-Benz,Vito-Klasse,Tohjul,Diesel,2017,14,149053,156374,122665,197175,81691,-0.32,global
Mercedes-Benz,Vito-Klasse,Firehjul,Diesel,2018,89,279900,154000,239553,319000,67365,-0.609,lokal
Mercedes-Benz,Vito-Klasse,Tohjul,Diesel,2018,12,245260,156950,224925,343558,105515,-0.32,global
Mercedes-Benz,Vito-Klasse,Firehjul,Diesel,2019,143,310000,141353,269450,354950,78769,-0.573,lokal
Mercedes-Benz,Vito-Klasse,Firehjul,Diesel,2020,144,359900,124600,299900,399000,81359,-0.892,lokal
Mercedes-Benz,Vito-Klasse,Tohjul,Diesel,2020,5,475000,138000,329900,489000,101689,-0.32,global
Mercedes-Benz,Vito-Klasse,Firehjul,Diesel,2021,198,399726,114753,349900,449000,82210,-0.933,lokal
Mercedes-Benz,Vito-Klasse,Firehjul,Diesel,2022,193,479900,78950,429000,509000,94424,-1.06,lokal
Mercedes-Benz,Vito-Klasse,Tohjul,Diesel,2022,18,441500,96858,226554,578750,175456,-0.32,global
Mercedes-Benz,Vito-Klasse,Firehjul,Diesel,2023,78,558900,62250,521857,589000,71426,-0.522,lokal
Mercedes-Benz,Vito-Klasse,Tohjul,Diesel,2023,5,337459,93000,322459,389000,46728,-0.32,global
Mercedes-Benz,Vito-Klasse,Firehjul,Diesel,2024,14,634450,33717,599225,639675,51168,-0.32,global
Mercedes-Benz,Vito-Klasse,Firehjul,Diesel,2025,90,714450,25579,649000,789225,129975,-0.877,lokal
Mercedes-Benz,Vito-Klasse,Tohjul,Diesel,2025,5,495000,16500,489000,499000,8627,-0.32,global
Mercedes-Benz,Vito-Klasse,Tohjul,Elektrisk,2019,7,114900,39032,93226,134450,37529,-0.32,global
Mercedes-Benz,Vito-Klasse,Tohjul,Elektrisk,2022,12,299950,23235,276950,322175,28243,-0.32,global
Mercedes-Benz,X-Klasse,Firehjul,Diesel,2018,49,343000,108000,299900,369000,48525,-0.876,lokal
Mercedes-Benz,X-Klasse,Firehjul,Diesel,2019,22,424450,117252,333615,496500,158290,-1.775,lokal
Mercedes-Benz,X-Klasse,Firehjul,Diesel,2020,10,489450,107738,455372,525380,82152,-0.32,global
Mercedes-Benz,eCitan,Tohjul,Elektrisk,2023,25,289000,11000,274000,299000,24800,-0.32,global
Mercedes-Benz,eCitan,Tohjul,Elektrisk,2024,8,296375,8750,266500,316500,48772,-0.32,global
Mercedes-Benz,eVito Tourer,Tohjul,Elektrisk,2022,10,394000,29900,379225,432804,64822,-0.32,global
Mercedes-Benz,eVito Tourer,Tohjul,Elektrisk,2025,5,595000,5000,588000,599000,41391,-0.32,global
Mitsubishi,ASX,Tohjul,Bensin,2010,5,34900,196400,21942,39900,14317,-0.32,global
Mitsubishi,ASX,Tohjul,Bensin,2011,32,39900,190050,29974,56900,17953,-0.192,lokal
Mitsubishi,ASX,Tohjul,Bensin,2012,28,69450,144850,48900,80475,25533,-0.413,lokal
Mitsubishi,ASX,Tohjul,Bensin,2013,20,67000,161266,49000,87650,22720,-0.292,lokal
Mitsubishi,ASX,Tohjul,Bensin,2014,23,99000,120000,63938,104950,21719,-0.495,lokal
Mitsubishi,ASX,Tohjul,Bensin,2015,24,99000,132134,87858,105559,19144,-0.023,lokal
Mitsubishi,ASX,Tohjul,Bensin,2016,6,149450,79250,119000,156500,31463,-0.32,global
Mitsubishi,ASX,Tohjul,Bensin,2017,7,129900,125290,116766,144500,23416,-0.32,global
Mitsubishi,ASX,Tohjul,Bensin,2018,6,139467,68000,131608,169125,31095,-0.32,global
Mitsubishi,ASX,Firehjul,Diesel,2010,9,55000,200000,32500,69900,23582,-0.32,global
Mitsubishi,ASX,Firehjul,Diesel,2011,210,51921,205250,39900,69900,25194,-0.222,lokal
Mitsubishi,ASX,Tohjul,Diesel,2011,49,41900,195378,33900,59000,21793,-0.096,lokal
Mitsubishi,ASX,Firehjul,Diesel,2012,90,61900,187334,48925,77692,24554,-0.179,lokal
Mitsubishi,ASX,Tohjul,Diesel,2012,18,46900,202000,35432,55000,36705,-0.291,lokal
Mitsubishi,ASX,Firehjul,Diesel,2013,43,99000,151000,74950,115795,27386,-0.191,lokal
Mitsubishi,ASX,Tohjul,Diesel,2013,8,64450,155550,46910,77425,27687,-0.32,global
Mitsubishi,ASX,Firehjul,Diesel,2014,71,149900,135604,119000,176450,42079,-0.649,lokal
Mitsubishi,ASX,Tohjul,Diesel,2014,5,109434,185000,99900,129000,34687,-0.32,global
Mitsubishi,ASX,Firehjul,Diesel,2015,59,169000,134800,139900,192400,38943,-0.493,lokal
Mitsubishi,ASX,Firehjul,Diesel,2016,10,164450,150500,142400,194675,29582,-0.32,global
Mitsubishi,ASX,Firehjul,Diesel,2017,5,179000,117500,169000,219000,37495,-0.32,global
Mitsubishi,ASX,Tohjul,Hybrid,2023,5,349999,23750,349000,369000,36211,-0.32,global
Mitsubishi,ASX,Tohjul,Plug-in hybrid,2023,25,348500,28200,329900,349000,12247,-0.634,lokal
Mitsubishi,Carisma,Tohjul,Bensin,2003,14,29421,163465,17442,34000,16486,-0.32,global
Mitsubishi,Colt,Tohjul,Bensin,2005,17,16942,116000,12942,26900,9490,-0.078,lokal
Mitsubishi,Colt,Tohjul,Bensin,2006,6,35888,77040,23969,49400,16907,-0.32,global
Mitsubishi,Colt,Tohjul,Bensin,2007,32,20450,135076,17275,28925,11448,-0.059,lokal
Mitsubishi,Colt,Tohjul,Bensin,2008,47,20000,137000,13194,29450,14363,-0.066,lokal
Mitsubishi,Colt,Tohjul,Bensin,2009,43,22400,147666,18700,32400,10779,-0.056,lokal
Mitsubishi,Colt,Tohjul,Bensin,2010,12,28900,124052,23650,40724,11933,-0.32,global
Mitsubishi,Colt,Tohjul,Bensin,2011,41,29900,139000,28000,34999,11353,0.036,lokal
Mitsubishi,Colt,Tohjul,Bensin,2012,25,32900,119000,29900,39942,14813,-0.087,lokal
Mitsubishi,Colt,Tohjul,Diesel,2007,6,14942,179563,10910,20036,7159,-0.32,global
Mitsubishi,Colt,Tohjul,Diesel,2008,8,28421,144476,19900,29925,8246,-0.32,global
Mitsubishi,Eclipse Cross,Firehjul,Bensin,2018,17,208900,102154,199900,229000,21466,-0.387,lokal
Mitsubishi,Eclipse Cross,Tohjul,Bensin,2018,13,225000,55000,209000,229000,17773,-0.32,global
Mitsubishi,Eclipse Cross,Firehjul,Hybrid,2021,62,299450,51050,279000,338000,38126,-0.696,lokal
Mitsubishi,Eclipse Cross,Firehjul,Hybrid,2022,5,239800,132000,239800,289000,45185,-0.32,global
Mitsubishi,Eclipse Cross,Firehjul,Plug-in hybrid,2021,255,298900,59575,278950,319000,30061,-0.4,lokal
Mitsubishi,Eclipse Cross,Firehjul,Plug-in hybrid,2022,44,352400,45572,329900,362150,21662,-0.36,lokal
Mitsubishi,Eclipse Cross,Firehjul,Plug-in hybrid,2023,5,399000,27800,399000,399999,17530,-0.32,global
Mitsubishi,Grandis,Tohjul,Bensin,2004,5,12900,195000,8154,16900,30831,-0.32,global
Mitsubishi,Grandis,Tohjul,Diesel,2006,11,21900,234810,15000,28450,11418,-0.32,global
Mitsubishi,Grandis,Tohjul,Diesel,2008,12,14634,211094,11682,28701,12698,-0.32,global
Mitsubishi,L200,Firehjul,Diesel,2003,6,49221,265436,30486,51800,15857,-0.32,global
Mitsubishi,L200,Firehjul,Diesel,2005,8,69098,242000,58414,84201,30222,-0.32,global
Mitsubishi,L200,Firehjul,Diesel,2006,8,66296,188532,60275,110316,40945,-0.32,global
Mitsubishi,L200,Firehjul,Diesel,2007,45,81296,217000,53268,121900,44637,0.04,lokal
Mitsubishi,L200,Firehjul,Diesel,2008,7,99500,248600,67768,134900,43033,-0.32,global
Mitsubishi,L200,Firehjul,Diesel,2009,14,110518,204962,82518,139800,48997,-0.32,global
Mitsubishi,L200,Firehjul,Diesel,2010,19,96268,215986,78754,144450,40956,-0.358,lokal
Mitsubishi,L200,Firehjul,Diesel,2011,33,149768,201000,99000,169900,46386,-0.315,lokal
Mitsubishi,L200,Firehjul,Diesel,2012,12,142782,213500,98992,149225,31591,-0.32,global
Mitsubishi,L200,Firehjul,Diesel,2013,8,164500,167660,92475,185039,75692,-0.32,global
Mitsubishi,L200,Firehjul,Diesel,2014,9,199000,141000,182000,219900,27924,-0.32,global
Mitsubishi,L200,Firehjul,Diesel,2015,15,199900,154000,186217,229900,34526,-0.32,global
Mitsubishi,L200,Firehjul,Diesel,2016,22,230760,153370,189000,251140,49370,-0.594,lokal
Mitsubishi,L200,Firehjul,Diesel,2017,16,230260,156495,219000,261725,63512,-0.32,global
Mitsubishi,L200,Firehjul,Diesel,2018,14,270710,121000,215140,326500,100222,-0.32,global
Mitsubishi,L200,Firehjul,Diesel,2019,15,341553,103750,319900,359000,42317,-0.32,global
Mitsubishi,L200,Firehjul,Diesel,2020,47,369000,84000,327000,382450,46605,-0.796,lokal
Mitsubishi,L200,Firehjul,Diesel,2021,6,394900,67788,354225,434900,71985,-0.32,global
Mitsubishi,L200,Firehjul,Diesel,2022,42,399900,52074,398900,419968,60657,0.167,lokal
Mitsubishi,Lancer,Tohjul,Bensin,2004,6,12221,151060,11910,21050,7338,-0.32,global
Mitsubishi,Lancer,Tohjul,Bensin,2005,7,24900,116492,10950,34971,13329,-0.32,global
Mitsubishi,Lancer,Tohjul,Bensin,2007,5,11900,160000,9942,25900,10359,-0.32,global
Mitsubishi,Lancer,Tohjul,Bensin,2008,29,39000,175000,24942,46942,16814,-0.167,lokal
Mitsubishi,Lancer,Firehjul,Bensin,2009,6,355400,154475,306650,374900,93643,-0.32,global
Mitsubishi,Lancer,Tohjul,Bensin,2009,26,39900,177150,24736,57375,19045,-0.203,lokal
Mitsubishi,Lancer,Firehjul,Bensin,2010,10,314450,106350,202400,459000,137854,-0.32,global
Mitsubishi,Lancer,Tohjul,Bensin,2010,35,44900,131800,33421,67400,20691,-0.125,lokal
Mitsubishi,Lancer,Tohjul,Bensin,2014,6,79945,128722,69044,89974,12922,-0.32,global
Mitsubishi,Lancer,Tohjul,Diesel,2011,15,36900,179620,29950,54950,21268,-0.32,global
Mitsubishi,Lancer,Tohjul,Diesel,2012,14,49999,142500,40432,67675,23133,-0.32,global
Mitsubishi,Outlander,Firehjul,Bensin,2004,8,16900,188052,14160,33675,11990,-0.32,global
Mitsubishi,Outlander,Firehjul,Bensin,2005,15,34900,190000,24421,47450,22848,-0.32,global
Mitsubishi,Outlander,Firehjul,Bensin,2006,20,15971,194500,12619,34650,16191,-0.211,lokal
Mitsubishi,Outlander,Firehjul,Bensin,2008,15,39900,238043,26950,52900,23267,-0.32,global
Mitsubishi,Outlander,Firehjul,Bensin,2009,9,29999,272140,21900,59900,20666,-0.32,global
Mitsubishi,Outlander,Firehjul,Bensin,2010,6,72450,189500,58650,75000,27837,-0.32,global
Mitsubishi,Outlander,Tohjul,Bensin,2010,41,57942,187200,42000,66900,25150,-0.23,lokal
Mitsubishi,Outlander,Tohjul,Bensin,2011,27,60000,188000,50950,77000,20361,-0.262,lokal
Mitsubishi,Outlander,Tohjul,Bensin,2012,11,80942,159530,76450,104000,17430,-0.32,global
Mitsubishi,Outlander,Firehjul,Bensin,2013,42,109000,153900,86150,129500,30721,-0.166,lokal
Mitsubishi,Outlander,Tohjul,Bensin,2013,17,89434,140000,63900,109000,25581,-0.32,global
Mitsubishi,Outlander,Firehjul,Bensin,2014,13,95000,164086,79900,144900,43016,-0.32,global
Mitsubishi,Outlander,Tohjul,Bensin,2014,14,127717,130000,94925,136608,26447,-0.32,global
Mitsubishi,Outlander,Firehjul,Bensin,2016,13,174900,146805,129900,209532,36887,-0.32,global
Mitsubishi,Outlander,Tohjul,Bensin,2016,7,154900,147896,137977,171214,52343,-0.32,global
Mitsubishi,Outlander,Tohjul,Bensin,2017,12,197000,89000,182500,202400,18366,-0.32,global
Mitsubishi,Outlander,Firehjul,Diesel,2007,111,30900,238500,18400,41400,19429,-0.077,lokal
Mitsubishi,Outlander,Firehjul,Diesel,2008,211,29900,242100,19442,45942,19768,-0.102,lokal
Mitsubishi,Outlander,Firehjul,Diesel,2009,41,31900,239000,19900,47900,19992,-0.175,lokal
Mitsubishi,Outlander,Firehjul,Diesel,2010,144,59900,219610,36706,81900,28912,-0.302,lokal
Mitsubishi,Outlander,Firehjul,Diesel,2011,156,59900,219995,45675,79910,25300,-0.236,lokal
Mitsubishi,Outlander,Firehjul,Diesel,2012,49,69000,197000,51900,82000,23376,-0.087,lokal
Mitsubishi,Outlander,Firehjul,Diesel,2013,250,99000,196750,71900,129000,42579,-0.486,lokal
Mitsubishi,Outlander,Tohjul,Diesel,2013,19,78900,187268,61921,104900,27452,0.332,lokal
Mitsubishi,Outlander,Firehjul,Diesel,2014,133,114434,190500,86942,148900,45120,-0.622,lokal
Mitsubishi,Outlander,Tohjul,Diesel,2014,6,89000,174650,86000,89000,22029,-0.32,global
Mitsubishi,Outlander,Firehjul,Diesel,2015,42,147000,175944,120684,175000,44278,-0.551,lokal
Mitsubishi,Outlander,Firehjul,Diesel,2016,94,199000,165650,149900,226925,44931,-0.645,lokal
Mitsubishi,Outlander,Firehjul,Diesel,2017,32,234950,116610,197130,262400,50055,-0.138,lokal
Mitsubishi,Outlander,Firehjul,Hybrid,2014,184,115000,170264,98782,129825,26534,-0.404,lokal
Mitsubishi,Outlander,Firehjul,Hybrid,2015,173,138982,157000,109990,149000,29243,-0.283,lokal
Mitsubishi,Outlander,Firehjul,Hybrid,2016,425,168000,146000,149000,179900,26052,-0.301,lokal
Mitsubishi,Outlander,Firehjul,Hybrid,2017,294,198450,123336,178000,218900,30668,-0.359,lokal
Mitsubishi,Outlander,Firehjul,Hybrid,2018,244,209000,117900,189000,219900,28940,-0.283,lokal
Mitsubishi,Outlander,Firehjul,Hybrid,2019,379,245000,104000,224900,259999,29417,-0.474,lokal
Mitsubishi,Outlander,Firehjul,Hybrid,2020,317,279000,87500,249000,299000,36727,-0.711,lokal
Mitsubishi,Outlander,Firehjul,Hybrid,2021,13,309700,75000,285000,329000,27014,-0.32,global
Mitsubishi,Outlander,Firehjul,Hybrid,2025,20,794000,9000,769000,829000,38756,-0.32,global
Mitsubishi,Outlander,Firehjul,Plug-in hybrid,2014,181,99434,180000,79900,119434,30293,-0.384,lokal
Mitsubishi,Outlander,Firehjul,Plug-in hybrid,2015,176,119483,160425,99900,134984,29743,-0.341,lokal
Mitsubishi,Outlander,Firehjul,Plug-in hybrid,2016,387,154532,145500,138483,174667,29302,-0.373,lokal
Mitsubishi,Outlander,Firehjul,Plug-in hybrid,2017,261,179900,125000,163434,199900,31578,-0.418,lokal
Mitsubishi,Outlander,Firehjul,Plug-in hybrid,2018,279,209000,114282,189434,229000,31283,-0.334,lokal
Mitsubishi,Outlander,Firehjul,Plug-in hybrid,2019,476,239716,95250,219484,268625,31374,-0.546,lokal
Mitsubishi,Outlander,Firehjul,Plug-in hybrid,2020,537,279900,82000,259000,304434,35178,-0.665,lokal
Mitsubishi,Outlander,Firehjul,Plug-in hybrid,2021,16,319000,72730,279532,332400,30495,-1.205,lokal
Mitsubishi,Outlander,Firehjul,Plug-in hybrid,2025,69,798900,2925,768900,828500,51833,-1.618,lokal
Mitsubishi,Pajero,Firehjul,Diesel,1993,8,50615,297126,42500,86932,35898,-0.32,global
Mitsubishi,Pajero,Firehjul,Diesel,1995,7,36900,255000,24950,62500,25818,-0.32,global
Mitsubishi,Pajero,Firehjul,Diesel,1998,8,49106,236500,28975,68725,23401,-0.32,global
Mitsubishi,Pajero,Firehjul,Diesel,1999,12,39650,297493,28275,61436,26649,-0.32,global
Mitsubishi,Pajero,Firehjul,Diesel,2001,22,40471,305959,26426,60682,22809,0.042,lokal
Mitsubishi,Pajero,Firehjul,Diesel,2002,31,36900,298293,26450,60450,24209,-0.101,lokal
Mitsubishi,Pajero,Firehjul,Diesel,2003,12,28471,290500,13676,43800,38018,-0.32,global
Mitsubishi,Pajero,Firehjul,Diesel,2004,26,32421,316236,19956,48410,31111,0.032,lokal
Mitsubishi,Pajero,Firehjul,Diesel,2005,37,48900,279900,28000,61900,25835,-0.068,lokal
Mitsubishi,Pajero,Firehjul,Diesel,2006,36,51942,265500,31018,98359,44158,-0.135,lokal
Mitsubishi,Pajero,Firehjul,Diesel,2007,100,100900,265182,68475,135475,43027,-0.346,lokal
Mitsubishi,Pajero,Firehjul,Diesel,2008,37,121900,245000,101000,149999,36844,-0.282,lokal
Mitsubishi,Pajero,Firehjul,Diesel,2009,34,156921,237500,100150,199160,54656,-0.576,lokal
Mitsubishi,Pajero,Firehjul,Diesel,2010,58,191921,228000,142442,229746,63063,-0.796,lokal
Mitsubishi,Pajero,Firehjul,Diesel,2011,46,199450,227875,169248,233692,51675,-0.545,lokal
Mitsubishi,Pajero,Firehjul,Diesel,2012,43,209000,239000,176921,234950,54822,-0.468,lokal
Mitsubishi,Pajero,Firehjul,Diesel,2013,34,259000,187000,231650,299712,73200,-0.761,lokal
Mitsubishi,Pajero,Firehjul,Diesel,2014,32,272000,167900,231520,313201,49169,-0.424,lokal
Mitsubishi,Pajero,Firehjul,Diesel,2015,55,269000,172878,239450,294300,47308,-0.694,lokal
Mitsubishi,Pajero,Firehjul,Diesel,2016,70,259900,198250,239000,309390,66077,-0.673,lokal
Mitsubishi,Pajero,Firehjul,Diesel,2017,63,339900,133392,304000,367000,61975,-0.861,lokal
Mitsubishi,Pajero,Firehjul,Diesel,2018,20,372760,105000,344640,399130,40823,-0.774,lokal
Mitsubishi,Pajero,Firehjul,Diesel,2019,7,319000,174103,264726,372000,77169,-0.32,global
Mitsubishi,Pajero Sport,Firehjul,Diesel,1999,5,39999,265000,26942,41500,9999,-0.32,global
Mitsubishi,Space Star,Tohjul,Bensin,2013,60,37400,107000,27990,56925,20670,-0.238,lokal
Mitsubishi,Space Star,Tohjul,Bensin,2014,22,61950,108970,39248,89000,30157,0.294,lokal
Mitsubishi,Space Star,Tohjul,Bensin,2015,20,55540,65245,39956,69000,16824,-0.186,lokal
Mitsubishi,Space Star,Tohjul,Bensin,2016,18,73666,71500,65808,88250,19334,0.175,lokal
Mitsubishi,Space Star,Tohjul,Bensin,2017,8,97450,47500,89974,115784,16868,-0.32,global
Mitsubishi,Space Star,Tohjul,Bensin,2018,12,129500,44000,108142,139900,30544,-0.32,global
Mitsubishi,Space Star I,Tohjul,Bensin,2002,7,28000,106500,22871,30421,9211,-0.32,global
Mitsubishi,i-Miev,Tohjul,Elektrisk,2011,38,16942,91852,13910,23317,6514,-0.048,lokal
Mitsubishi,i-Miev,Tohjul,Elektrisk,2012,43,16900,103625,12894,22400,7179,-0.012,lokal
Mitsubishi,i-Miev,Tohjul,Elektrisk,2013,34,23970,82550,16900,29932,10572,-0.081,lokal
Mitsubishi,i-Miev,Tohjul,Elektrisk,2014,8,24033,76750,20862,26164,7599,-0.32,global
Mitsubishi,i-Miev,Tohjul,Elektrisk,2015,28,28201,80320,18986,34328,8809,0.008,lokal
Mitsubishi,i-Miev,Tohjul,Elektrisk,2016,11,25000,58000,22118,35537,11207,-0.32,global
Mitsubishi,i-Miev,Tohjul,Elektrisk,2017,17,43166,47000,33200,55000,14820,-0.534,lokal
Mitsubishi,i-Miev,Tohjul,Elektrisk,2018,5,49236,43400,45966,55166,12133,-0.32,global
Mitsubishi,i-Miev,Tohjul,Elektrisk,2019,18,59818,33029,56041,74500,13393,-0.424,lokal
NIO,EL6,Firehjul,Elektrisk,2023,6,416172,31500,399992,438011,20679,-0.32,global
NIO,EL6,Firehjul,Elektrisk,2024,17,418505,35500,379000,459000,63157,-0.32,global
NIO,EL6,Firehjul,Elektrisk,2025,10,468622,3000,443104,488675,30796,-0.32,global
NIO,EL7,Firehjul,Elektrisk,2023,14,444666,48250,431500,455347,22517,-0.32,global
NIO,EL7,Firehjul,Elektrisk,2024,8,454500,48100,438586,478650,28451,-0.32,global
NIO,EL8,Firehjul,Elektrisk,2024,6,709000,15000,672879,752175,61554,-0.32,global
NIO,EL8,Firehjul,Elektrisk,2025,9,749900,8900,699000,762343,57246,-0.32,global
NIO,ES8,Firehjul,Elektrisk,2021,49,374900,71000,359900,389900,44992,-0.943,lokal
NIO,ES8,Firehjul,Elektrisk,2022,116,384900,70426,359675,402982,35198,-0.789,lokal
NIO,ES8,Firehjul,Elektrisk,2023,28,428172,46000,413650,442468,39144,0.913,lokal
NIO,ES8,Firehjul,Elektrisk,2024,15,494500,27200,479450,503166,23692,-0.32,global
NIO,ET5,Firehjul,Elektrisk,2023,23,349943,44000,314950,379900,40528,-1.33,lokal
NIO,ET5,Firehjul,Elektrisk,2024,12,394450,24864,383725,402400,21750,-0.32,global
NIO,ET5,Firehjul,Elektrisk,2025,20,389000,350,379000,412400,28264,-0.32,global
NIO,ET7,Firehjul,Elektrisk,2022,13,349000,39000,349000,399343,32133,-0.32,global
Nissan,200 SX,Tohjul,Bensin,1998,7,286900,139000,266900,324921,48779,-0.32,global
Nissan,350 Z,Tohjul,Bensin,2003,8,238400,171782,229975,252682,46201,-0.32,global
Nissan,Almera,Tohjul,Bensin,2005,7,18900,172000,15421,33442,11238,-0.32,global
Nissan,Ariya,Tohjul,Elektrisk,2022,146,349000,44800,324825,369900,31083,0.301,lokal
Nissan,Ariya,Firehjul,Elektrisk,2023,129,439000,39700,428900,458900,24631,-0.283,lokal
Nissan,Ariya,Tohjul,Elektrisk,2023,146,349945,43973,339900,387891,34817,-0.309,lokal
Nissan,Ariya,Firehjul,Elektrisk,2024,144,469000,29550,449900,479900,24833,-0.163,lokal
Nissan,Ariya,Tohjul,Elektrisk,2024,59,359900,16481,345000,414450,42256,0.323,lokal
Nissan,Ariya,Firehjul,Elektrisk,2025,166,519900,2759,508083,539675,27760,-1.245,lokal
Nissan,Ariya,Tohjul,Elektrisk,2025,98,395550,6500,357775,437975,49263,-0.32,global
Nissan,GT-R,Firehjul,Bensin,2009,8,889021,118172,865000,912206,129461,-0.32,global
Nissan,GT-R,Firehjul,Bensin,2010,8,889945,101250,869000,934725,84177,-0.32,global
Nissan,Juke,Tohjul,Bensin,2010,9,51900,136296,26942,59900,21795,-0.32,global
Nissan,Juke,Firehjul,Bensin,2011,6,89450,162214,89000,90725,5081,-0.32,global
Nissan,Juke,Tohjul,Bensin,2011,26,55950,131422,40442,81375,25044,-0.199,lokal
Nissan,Juke,Tohjul,Bensin,2012,25,69990,136000,58900,79000,16090,-0.101,lokal
Nissan,Juke,Tohjul,Bensin,2013,11,49990,148000,45921,81450,30499,-0.32,global
Nissan,Juke,Firehjul,Bensin,2014,12,139999,151000,137499,149999,11991,-0.32,global
Nissan,Juke,Tohjul,Bensin,2014,13,89000,107000,79000,124000,28756,-0.32,global
Nissan,Juke,Tohjul,Bensin,2015,11,109000,94167,94900,124450,22498,-0.32,global
Nissan,Juke,Tohjul,Bensin,2016,11,129900,82200,104400,144450,31180,-0.32,global
Nissan,Juke,Tohjul,Bensin,2017,18,142450,65219,121034,157542,31186,-0.533,lokal
Nissan,Juke,Tohjul,Diesel,2011,23,49900,178000,39900,62400,18007,-0.264,lokal
Nissan,Juke,Tohjul,Diesel,2012,22,62400,114413,59000,72450,15785,-0.147,lokal
Nissan,Juke,Tohjul,Diesel,2013,13,74900,107000,65000,79900,16593,-0.32,global
Nissan,King Cab,Firehjul,Diesel,1986,7,22000,227136,15000,27500,16018,-0.32,global
Nissan,King Cab,Firehjul,Diesel,1999,7,41268,270000,35734,46296,26934,-0.32,global
Nissan,King Cab,Firehjul,Diesel,2001,6,45782,264900,37518,69775,20995,-0.32,global
Nissan,King Cab,Firehjul,Diesel,2003,24,28768,276750,21186,55324,19681,-0.145,lokal
Nissan,King Cab,Firehjul,Diesel,2004,11,56268,176550,42782,88116,37052,-0.32,global
Nissan,King Cab,Firehjul,Diesel,2005,27,56268,255468,40282,88282,30667,-0.007,lokal
Nissan,King Cab,Firehjul,Diesel,2007,5,41296,292000,41268,46268,28129,-0.32,global
Nissan,Kubistar,Tohjul,Diesel,2007,7,16268,188000,14768,23268,6286,-0.32,global
Nissan,Kubistar,Tohjul,Diesel,2008,7,16268,178000,15134,26930,9891,-0.32,global
Nissan,Leaf,Tohjul,Elektrisk,2011,49,21900,116000,14942,25000,7736,-0.106,lokal
Nissan,Leaf,Tohjul,Elektrisk,2012,250,21192,125808,15942,29784,10628,-0.06,lokal
Nissan,Leaf,Tohjul,Elektrisk,2013,323,31203,123000,22450,39900,11645,-0.059,lokal
Nissan,Leaf,Tohjul,Elektrisk,2014,319,41842,126500,32934,49966,13193,-0.113,lokal
Nissan,Leaf,Tohjul,Elektrisk,2015,273,49532,101010,39532,59000,13449,-0.14,lokal
Nissan,Leaf,Tohjul,Elektrisk,2016,372,54532,112425,44532,65000,15809,-0.142,lokal
Nissan,Leaf,Tohjul,Elektrisk,2017,304,66434,95076,55326,79000,16748,-0.174,lokal
Nissan,Leaf,Tohjul,Elektrisk,2018,993,114434,98000,99900,127434,19462,-0.286,lokal
Nissan,Leaf,Tohjul,Elektrisk,2019,583,135000,81350,120370,149000,22820,-0.204,lokal
Nissan,Leaf,Tohjul,Elektrisk,2020,554,159532,68659,144532,179000,25561,-0.208,lokal
Nissan,Leaf,Tohjul,Elektrisk,2021,631,179900,57232,168000,199000,25240,-0.167,lokal
Nissan,Leaf,Tohjul,Elektrisk,2022,602,199000,43245,179000,219900,28903,0.032,lokal
Nissan,Leaf,Tohjul,Elektrisk,2023,315,229900,33000,209900,249000,28144,0.118,lokal
Nissan,Leaf,Tohjul,Elektrisk,2024,206,259000,22660,238000,285000,28361,0.489,lokal
Nissan,Micra,Tohjul,Bensin,2004,11,11900,132871,9900,32171,16081,-0.32,global
Nissan,Micra,Tohjul,Bensin,2005,18,20150,162175,18100,28650,11658,-0.028,lokal
Nissan,Micra,Tohjul,Bensin,2006,6,22921,131982,16586,32856,17861,-0.32,global
Nissan,Micra,Tohjul,Bensin,2007,14,29406,104000,26150,36682,12209,-0.32,global
Nissan,Micra,Tohjul,Bensin,2011,9,29900,122089,21900,39900,15405,-0.32,global
Nissan,Micra,Tohjul,Bensin,2012,12,30900,114492,26900,41425,15385,-0.32,global
Nissan,Micra,Tohjul,Bensin,2013,6,39971,87298,27410,55832,19610,-0.32,global
Nissan,Micra,Tohjul,Bensin,2014,9,49900,84700,39900,59000,16358,-0.32,global
Nissan,Micra,Tohjul,Bensin,2015,5,33236,103412,28236,99000,40300,-0.32,global
Nissan,Micra,Tohjul,Bensin,2017,12,98618,97423,78975,99800,16267,-0.32,global
Nissan,Micra,Tohjul,Bensin,2018,7,149000,49000,134450,154000,17818,-0.32,global
Nissan,Micra,Tohjul,Elektrisk,2026,5,309000,20,289900,349000,145768,-0.32,global
Nissan,NP300,Firehjul,Diesel,2008,5,66268,236000,61168,101268,39321,-0.32,global
Nissan,NV200,Tohjul,Diesel,2010,11,31268,227123,19584,39105,14444,-0.32,global
Nissan,NV200,Tohjul,Diesel,2011,20,33134,187000,25039,45926,18548,-0.016,lokal
Nissan,NV200,Tohjul,Diesel,2012,24,37718,188208,29046,51206,20194,0.011,lokal
Nissan,NV200,Tohjul,Diesel,2013,14,50134,159895,25341,59242,28531,-0.32,global
Nissan,NV200,Tohjul,Diesel,2014,20,58210,143196,41020,69225,26702,-0.233,lokal
Nissan,NV200,Tohjul,Diesel,2015,21,69520,123610,57999,79000,20874,-0.211,lokal
Nissan,NV200,Tohjul,Diesel,2016,13,66520,120201,54532,69000,20633,-0.32,global
Nissan,NV200,Tohjul,Diesel,2017,13,76520,136000,52000,109000,32356,-0.32,global
Nissan,NV200,Tohjul,Diesel,2019,9,139000,98000,99553,139000,39229,-0.32,global
Nissan,NV250,Tohjul,Diesel,2021,8,144000,63906,137250,156416,13165,-0.32,global
Nissan,NV300,Tohjul,Diesel,2017,11,97000,139000,59776,119900,34047,-0.32,global
Nissan,NV300,Tohjul,Diesel,2018,6,237292,127000,171990,343399,127231,-0.32,global
Nissan,NV300,Tohjul,Diesel,2019,21,148900,140000,129900,159900,42672,-0.632,lokal
Nissan,NV300,Tohjul,Diesel,2021,5,239000,79800,239000,239900,31509,-0.32,global
Nissan,NV400,Tohjul,Diesel,2020,6,229000,149000,204000,246500,30033,-0.32,global
Nissan,Navara,Firehjul,Diesel,2005,16,43718,255411,30893,55324,22160,-0.106,lokal
Nissan,Navara,Firehjul,Diesel,2006,22,53084,232260,40539,91268,36648,-0.201,lokal
Nissan,Navara,Firehjul,Diesel,2007,38,67796,235000,56067,91921,52586,-0.358,lokal
Nissan,Navara,Firehjul,Diesel,2008,22,90282,215529,61768,182650,73950,-0.435,lokal
Nissan,Navara,Firehjul,Diesel,2009,22,70450,201266,39768,124371,50416,0.351,lokal
Nissan,Navara,Firehjul,Diesel,2010,12,93098,258466,73768,106225,28611,-0.32,global
Nissan,Navara,Firehjul,Diesel,2011,39,149000,208800,99134,173400,70629,-0.288,lokal
Nissan,Navara,Firehjul,Diesel,2012,41,145000,207105,101296,171422,63970,0.052,lokal
Nissan,Navara,Firehjul,Diesel,2013,26,129450,213252,91275,177499,83381,-0.417,lokal
Nissan,Navara,Firehjul,Diesel,2014,18,179000,170850,159472,201140,58704,-1.624,lokal
Nissan,Navara,Firehjul,Diesel,2015,19,189000,186000,169900,237000,61448,-0.299,lokal
Nissan,Navara,Firehjul,Diesel,2016,50,227760,182480,179630,249675,44058,-0.372,lokal
Nissan,Navara,Firehjul,Diesel,2017,47,289000,134500,249450,299450,47952,-0.474,lokal
Nissan,Navara,Firehjul,Diesel,2018,77,275000,134500,249900,299000,62925,-0.359,lokal
Nissan,Navara,Firehjul,Diesel,2019,51,328800,93500,274000,354990,74105,-0.211,lokal
Nissan,Navara,Firehjul,Diesel,2020,86,349900,75500,326000,379900,103377,-0.314,lokal
Nissan,Navara,Firehjul,Diesel,2021,23,399999,57000,354500,419900,122499,-1.135,lokal
Nissan,Navara,Firehjul,Diesel,2022,13,419000,81785,389000,448500,83275,-0.32,global
Nissan,Note,Tohjul,Bensin,2006,17,21899,186000,16900,29000,9071,-0.32,global
Nissan,Note,Tohjul,Bensin,2007,12,29400,164500,15706,36399,17605,-0.32,global
Nissan,Note,Tohjul,Bensin,2009,9,29000,132600,26942,35900,11568,-0.32,global
Nissan,Note,Tohjul,Bensin,2010,9,28729,159880,25000,39900,13708,-0.32,global
Nissan,Note,Tohjul,Bensin,2011,8,34950,155750,31260,43206,14465,-0.32,global
Nissan,Note,Tohjul,Bensin,2014,21,49900,114000,36166,65900,20982,-0.184,lokal
Nissan,Note,Tohjul,Diesel,2006,7,21900,202500,19900,24421,4933,-0.32,global
Nissan,Note,Tohjul,Diesel,2007,6,20942,194000,17692,21942,5452,-0.32,global
Nissan,Note,Tohjul,Diesel,2014,8,48421,132500,42360,62725,17293,-0.32,global
Nissan,Pathfinder,Firehjul,Diesel,2005,38,46921,273445,26942,85682,38479,-0.183,lokal
Nissan,Pathfinder,Firehjul,Diesel,2006,11,42900,239000,28921,57942,72510,-0.32,global
Nissan,Pathfinder,Firehjul,Diesel,2007,28,55900,219200,37947,77306,28993,-0.13,lokal
Nissan,Pathfinder,Firehjul,Diesel,2008,9,40942,240000,33900,76900,27842,-0.32,global
Nissan,Pathfinder,Firehjul,Diesel,2009,5,68000,259000,36268,80777,49170,-0.32,global
Nissan,Pathfinder,Firehjul,Diesel,2010,12,69900,252000,26970,123150,50802,-0.32,global
Nissan,Pathfinder,Firehjul,Diesel,2011,20,115950,224500,104400,182425,75261,-0.794,lokal
Nissan,Pathfinder,Firehjul,Diesel,2012,26,151282,223207,104824,188650,74876,-0.462,lokal
Nissan,Pathfinder,Firehjul,Diesel,2013,17,199950,200000,179900,250900,76796,-0.747,lokal
Nissan,Patrol,Firehjul,Diesel,1986,6,63471,340175,45660,73201,16964,-0.32,global
Nissan,Patrol,Firehjul,Diesel,1990,7,51268,326150,39084,74105,31593,-0.32,global
Nissan,Patrol,Firehjul,Diesel,1999,7,71900,364000,54400,80900,34467,-0.32,global
Nissan,Patrol,Firehjul,Diesel,2001,13,66900,297000,51900,80000,30602,-0.32,global
Nissan,Patrol,Firehjul,Diesel,2002,7,129000,268571,54421,139450,48963,-0.32,global
Nissan,Patrol,Firehjul,Diesel,2004,15,149900,295000,120900,204950,59963,-0.32,global
Nissan,Patrol,Firehjul,Diesel,2005,10,123425,289500,87932,156242,77485,-0.32,global
Nissan,Patrol,Firehjul,Diesel,2006,7,139000,284500,62500,148075,57464,-0.32,global
Nissan,Patrol,Firehjul,Diesel,2007,6,150950,223500,122600,312425,123075,-0.32,global
Nissan,Pixo,Tohjul,Bensin,2011,8,31900,105400,24650,42400,12892,-0.32,global
Nissan,Primastar,Tohjul,Diesel,2005,7,38268,280000,21268,40584,14638,-0.32,global
Nissan,Primastar,Tohjul,Diesel,2007,9,21268,220000,11268,31268,19849,-0.32,global
Nissan,Primastar,Tohjul,Diesel,2008,11,26268,255000,17268,34751,13160,-0.32,global
Nissan,Primastar,Tohjul,Diesel,2009,7,39000,220000,23768,42782,19840,-0.32,global
Nissan,Primastar,Tohjul,Diesel,2011,5,59000,198000,31296,81268,30511,-0.32,global
Nissan,Primastar,Tohjul,Diesel,2023,9,319000,75832,299900,319900,17012,-0.32,global
Nissan,Primera,Tohjul,Bensin,1996,6,28921,94000,25160,31975,7254,-0.32,global
Nissan,Primera,Tohjul,Bensin,2004,10,17921,225500,10150,31400,12047,-0.32,global
Nissan,Primera,Tohjul,Bensin,2005,6,18900,161000,11900,19900,8579,-0.32,global
Nissan,Pulsar,Tohjul,Bensin,2015,21,84720,121000,52900,97000,31274,0.29,lokal
Nissan,Pulsar,Tohjul,Bensin,2016,6,129000,79817,118149,129000,9191,-0.32,global
Nissan,Pulsar,Tohjul,Bensin,2017,19,129000,87251,117000,129900,19679,-0.52,lokal
Nissan,Pulsar,Tohjul,Diesel,2015,11,69900,166200,57233,82000,20132,-0.32,global
Nissan,Qashqai,Firehjul,Bensin,2007,21,39942,209000,30000,47900,13830,-0.085,lokal
Nissan,Qashqai,Tohjul,Bensin,2007,16,31400,176500,24400,39150,14300,-0.32,global
Nissan,Qashqai,Firehjul,Bensin,2008,9,44900,197000,26845,56900,21927,-0.32,global
Nissan,Qashqai,Tohjul,Bensin,2008,32,43950,152284,32682,59925,21864,-0.153,lokal
Nissan,Qashqai,Firehjul,Bensin,2009,13,27942,202000,23900,65000,30071,-0.32,global
Nissan,Qashqai,Tohjul,Bensin,2009,24,49495,152025,37825,57425,18276,-0.041,lokal
Nissan,Qashqai,Firehjul,Bensin,2010,9,74900,187896,66942,84942,14800,-0.32,global
Nissan,Qashqai,Tohjul,Bensin,2010,32,62400,182796,45910,76682,21086,-0.299,lokal
Nissan,Qashqai,Tohjul,Bensin,2011,26,59500,155500,48925,72225,19149,-0.161,lokal
Nissan,Qashqai,Firehjul,Bensin,2012,10,79950,172600,70500,100175,32845,-0.32,global
Nissan,Qashqai,Tohjul,Bensin,2012,24,66450,136500,55400,79000,19505,-0.125,lokal
Nissan,Qashqai,Firehjul,Bensin,2013,12,89945,144500,78675,99725,17240,-0.32,global
Nissan,Qashqai,Tohjul,Bensin,2013,77,75900,142000,50000,89900,24255,-0.271,lokal
Nissan,Qashqai,Tohjul,Bensin,2014,68,82212,127500,69932,99948,27442,-0.241,lokal
Nissan,Qashqai,Tohjul,Bensin,2015,84,112000,109622,89326,129000,33666,-0.337,lokal
Nissan,Qashqai,Tohjul,Bensin,2016,104,129000,109500,117250,149000,26327,-0.327,lokal
Nissan,Qashqai,Tohjul,Bensin,2017,118,154500,94414,139000,169974,29822,-0.393,lokal
Nissan,Qashqai,Tohjul,Bensin,2018,58,172233,90761,158250,199675,43000,-0.554,lokal
Nissan,Qashqai,Tohjul,Bensin,2019,51,238900,49800,216400,249000,28853,-0.272,lokal
Nissan,Qashqai,Tohjul,Bensin,2020,30,229450,68700,199108,268975,35899,-1.687,lokal
Nissan,Qashqai,Firehjul,Bensin,2021,9,349000,76330,339000,349000,9242,-0.32,global
Nissan,Qashqai,Tohjul,Bensin,2021,13,319000,65400,299000,339000,37827,-0.32,global
Nissan,Qashqai,Firehjul,Diesel,2007,27,31942,242000,24421,49900,14742,-0.172,lokal
Nissan,Qashqai,Tohjul,Diesel,2007,45,32900,213900,24842,41900,13269,-0.135,lokal
Nissan,Qashqai,Firehjul,Diesel,2008,37,36900,220000,25000,49999,20067,-0.131,lokal
Nissan,Qashqai,Tohjul,Diesel,2008,59,33942,190000,21921,43900,14357,-0.126,lokal
Nissan,Qashqai,Firehjul,Diesel,2009,9,65000,185000,46900,78729,19511,-0.32,global
Nissan,Qashqai,Tohjul,Diesel,2009,59,36900,198921,28942,49950,15539,-0.179,lokal
Nissan,Qashqai,Firehjul,Diesel,2010,8,48421,179342,42961,79986,30183,-0.32,global
Nissan,Qashqai,Tohjul,Diesel,2010,92,45950,210000,33900,50942,16616,-0.113,lokal
Nissan,Qashqai,Firehjul,Diesel,2011,17,68942,214000,43747,85000,24135,-0.363,lokal
Nissan,Qashqai,Tohjul,Diesel,2011,66,54900,179800,36675,63400,17623,-0.159,lokal
Nissan,Qashqai,Firehjul,Diesel,2012,47,69942,181000,47942,88500,25856,-0.305,lokal
Nissan,Qashqai,Tohjul,Diesel,2012,42,53471,195470,42692,66224,16341,-0.077,lokal
Nissan,Qashqai,Firehjul,Diesel,2013,19,76900,164300,58921,94336,28037,-0.272,lokal
Nissan,Qashqai,Tohjul,Diesel,2013,43,79000,135150,62471,88000,17671,-0.243,lokal
Nissan,Qashqai,Firehjul,Diesel,2014,53,109900,155000,99434,124900,20358,-0.211,lokal
Nissan,Qashqai,Tohjul,Diesel,2014,96,109217,142668,98750,124576,24378,-0.136,lokal
Nissan,Qashqai,Firehjul,Diesel,2015,44,148900,156500,129784,161475,29920,-0.318,lokal
Nissan,Qashqai,Tohjul,Diesel,2015,70,128450,128150,109000,139675,22485,-0.33,lokal
Nissan,Qashqai,Firehjul,Diesel,2016,16,167000,134300,149326,184675,26884,-0.32,global
Nissan,Qashqai,Tohjul,Diesel,2016,26,134217,130230,119108,149900,33636,-0.39,lokal
Nissan,Qashqai,Firehjul,Diesel,2017,17,189000,120000,169000,189000,23861,-0.32,global
Nissan,Qashqai,Tohjul,Diesel,2017,22,152167,115000,137374,179000,24362,-0.512,lokal
Nissan,Qashqai,Firehjul,Diesel,2018,11,213434,100000,182167,224450,30230,-0.32,global
Nissan,Qashqai,Tohjul,Diesel,2018,31,189000,102500,173652,199716,24343,-0.213,lokal
Nissan,Qashqai,Tohjul,Diesel,2019,31,199900,91000,198900,228900,23160,-0.332,lokal
Nissan,Qashqai,Firehjul,Diesel,2020,16,269000,109800,259000,284000,21973,-0.32,global
Nissan,Qashqai,Tohjul,Diesel,2020,39,244900,74214,219000,259250,28898,-0.468,lokal
Nissan,Qashqai,Firehjul,Hybrid,2021,9,299000,101650,279000,329000,25644,-0.32,global
Nissan,Qashqai,Tohjul,Hybrid,2022,22,359000,26100,339000,379675,29744,0.026,lokal
Nissan,Qashqai,Tohjul,Hybrid,2023,24,399900,35236,388675,440500,33923,0.621,lokal
Nissan,Qashqai,Firehjul,Hybrid,2025,8,579000,7105,571500,581475,19996,-0.32,global
Nissan,Qashqai +2,Firehjul,Bensin,2010,8,79000,172925,76575,93675,20507,-0.32,global
Nissan,Qashqai +2,Tohjul,Bensin,2012,5,65000,149800,59000,79000,14094,-0.32,global
Nissan,Qashqai +2,Tohjul,Diesel,2009,9,38900,199050,29999,49990,16826,-0.32,global
Nissan,Qashqai +2,Tohjul,Diesel,2010,10,53400,194834,31225,69900,24230,-0.32,global
Nissan,Qashqai +2,Firehjul,Diesel,2011,7,69900,220591,64450,89450,17823,-0.32,global
Nissan,Qashqai +2,Tohjul,Diesel,2011,21,76900,166700,64900,88729,23946,-0.01,lokal
Nissan,Qashqai +2,Firehjul,Diesel,2012,12,82950,190750,66625,91500,19619,-0.32,global
Nissan,Qashqai +2,Firehjul,Diesel,2013,6,84450,177550,65175,114900,28586,-0.32,global
Nissan,Qashqai +2,Tohjul,Diesel,2013,8,84729,169385,79900,90000,14181,-0.32,global
Nissan,Qashqai+2,Firehjul,Bensin,2009,8,55921,190950,49456,62438,18843,-0.32,global
Nissan,Qashqai+2,Firehjul,Bensin,2012,5,99942,155000,99000,137900,39271,-0.32,global
Nissan,Qashqai+2,Tohjul,Bensin,2013,7,55400,198600,46850,73900,25495,-0.32,global
Nissan,Qashqai+2,Firehjul,Diesel,2009,5,49999,213000,45000,65000,20475,-0.32,global
Nissan,Qashqai+2,Firehjul,Diesel,2010,6,54945,241856,40150,59990,19985,-0.32,global
Nissan,Qashqai+2,Tohjul,Diesel,2010,19,40000,199080,35000,51442,15242,0.083,lokal
Nissan,Qashqai+2,Tohjul,Diesel,2011,10,59999,216814,59925,86725,28714,-0.32,global
Nissan,Qashqai+2,Firehjul,Diesel,2012,5,59000,166000,56942,70900,10711,-0.32,global
Nissan,Qashqai+2,Tohjul,Diesel,2012,12,46900,194950,36160,56000,22819,-0.32,global
Nissan,Terrano,Firehjul,Diesel,2001,6,64421,173178,39400,74410,36683,-0.32,global
Nissan,Terrano,Firehjul,Diesel,2003,5,55942,178500,21268,66900,36355,-0.32,global
Nissan,Townstar,Tohjul,Elektrisk,2023,26,262250,15400,229000,289675,38452,0.297,lokal
Nissan,Townstar,Tohjul,Elektrisk,2024,17,289800,7221,289000,299000,32116,-0.32,global
Nissan,Townstar,Tohjul,Elektrisk,2025,11,329000,50,309000,339000,22401,-0.32,global
Nissan,X-Trail,Firehjul,Bensin,2003,10,21450,177317,16160,34400,14067,-0.32,global
Nissan,X-Trail,Firehjul,Bensin,2004,6,20950,199015,11650,32500,14700,-0.32,global
Nissan,X-Trail,Firehjul,Bensin,2006,6,15942,223812,14160,32692,22855,-0.32,global
Nissan,X-Trail,Firehjul,Bensin,2008,9,40900,235000,29942,64900,20699,-0.32,global
Nissan,X-Trail,Tohjul,Bensin,2016,5,159000,135992,149000,169000,14994,-0.32,global
Nissan,X-Trail,Tohjul,Bensin,2020,8,316500,49800,306500,322175,19697,-0.32,global
Nissan,X-Trail,Firehjul,Diesel,2003,11,24942,253500,14421,29900,13465,-0.32,global
Nissan,X-Trail,Firehjul,Diesel,2004,17,24900,240000,15000,35000,12223,0.027,lokal
Nissan,X-Trail,Firehjul,Diesel,2005,35,21942,238600,11900,31942,16177,-0.043,lokal
Nissan,X-Trail,Firehjul,Diesel,2006,29,21942,253889,17500,39900,17508,-0.054,lokal
Nissan,X-Trail,Firehjul,Diesel,2007,29,31942,242804,21900,46945,24376,-0.058,lokal
Nissan,X-Trail,Firehjul,Diesel,2008,85,49900,235175,33400,77000,27073,-0.285,lokal
Nissan,X-Trail,Firehjul,Diesel,2009,36,49025,250000,39136,70160,22955,-0.167,lokal
Nissan,X-Trail,Firehjul,Diesel,2010,22,59900,232880,50900,79974,24885,-0.022,lokal
Nissan,X-Trail,Firehjul,Diesel,2011,32,79900,242600,58192,99900,33446,-0.391,lokal
Nissan,X-Trail,Firehjul,Diesel,2012,12,78400,227000,51400,104925,30320,-0.32,global
Nissan,X-Trail,Firehjul,Diesel,2013,9,109000,186000,89900,119000,25313,-0.32,global
Nissan,X-Trail,Firehjul,Diesel,2014,11,129000,179450,121717,142167,40677,-0.32,global
Nissan,X-Trail,Tohjul,Diesel,2014,11,114900,189000,99971,121934,21704,-0.32,global
Nissan,X-Trail,Firehjul,Diesel,2015,74,139000,179294,119108,159975,34781,-0.371,lokal
Nissan,X-Trail,Tohjul,Diesel,2015,55,139900,149300,126516,149900,28442,-0.154,lokal
Nissan,X-Trail,Firehjul,Diesel,2016,46,169900,138500,159900,188500,32384,-0.419,lokal
Nissan,X-Trail,Tohjul,Diesel,2016,29,159000,134000,139000,189532,39111,-0.523,lokal
Nissan,X-Trail,Firehjul,Diesel,2017,46,244000,127104,215925,279000,51782,-0.402,lokal
Nissan,X-Trail,Tohjul,Diesel,2017,6,179450,151174,148650,236500,50197,-0.32,global
Nissan,X-Trail,Firehjul,Diesel,2018,19,295000,88184,279450,299900,25112,0.243,lokal
Nissan,X-Trail,Firehjul,Diesel,2020,12,349450,74367,327150,372400,31343,-0.32,global
Nissan,X-Trail,Firehjul,Hybrid,2022,8,514450,30445,499000,531500,20397,-0.32,global
Nissan,X-Trail,Firehjul,Hybrid,2023,9,549000,35900,529000,559000,25550,-0.32,global
Nissan,e-NV200,Tohjul,Elektrisk,2014,23,51296,96500,37716,59885,19560,-0.024,lokal
Nissan,e-NV200,Tohjul,Elektrisk,2015,55,53532,95000,44761,66026,17934,0.032,lokal
Nissan,e-NV200,Tohjul,Elektrisk,2016,38,62542,93750,46865,74784,20263,-0.07,lokal
Nissan,e-NV200,Tohjul,Elektrisk,2017,40,69900,60500,58675,79000,15965,-0.01,lokal
Nissan,e-NV200,Tohjul,Elektrisk,2018,53,99990,72000,81553,135000,35210,0.163,lokal
Nissan,e-NV200,Tohjul,Elektrisk,2019,105,104532,73495,81553,129900,34808,-0.148,lokal
Nissan,e-NV200,Tohjul,Elektrisk,2020,111,129920,52669,119000,148988,29062,0.055,lokal
Nissan,e-NV200,Tohjul,Elektrisk,2021,53,139900,34600,119999,175000,39705,-0.565,lokal
Opel,ADAM,Tohjul,Bensin,2013,19,51900,91000,39950,59000,20892,-0.232,lokal
Opel,ADAM,Tohjul,Bensin,2014,7,50000,90765,43494,60921,14434,-0.32,global
Opel,Agila,Tohjul,Bensin,2009,15,28845,102546,19500,36871,16220,-0.32,global
Opel,Agila,Tohjul,Bensin,2011,7,29942,81137,27900,41400,16811,-0.32,global
Opel,Agila,Tohjul,Bensin,2012,6,54700,86100,37932,74650,26213,-0.32,global
Opel,Ampera,Tohjul,Elektrisk,2017,77,134434,125000,115000,149000,21683,-0.357,lokal
Opel,Ampera,Tohjul,Elektrisk,2018,55,144000,109000,126666,161667,25190,-0.476,lokal
Opel,Ampera,Tohjul,Elektrisk,2019,125,159900,73000,144434,175000,22794,-0.281,lokal
Opel,Ampera,Tohjul,Elektrisk,2020,20,159495,83750,155900,179000,20327,-0.225,lokal
Opel,Ampera,Tohjul,Hybrid,2013,5,89900,168306,84900,89900,16134,-0.32,global
Opel,Ampera,Tohjul,Plug-in hybrid,2013,9,65900,156700,51000,77900,19013,-0.32,global
Opel,Antara,Firehjul,Diesel,2007,26,26942,254376,22410,36500,11164,0.061,lokal
Opel,Antara,Firehjul,Diesel,2008,6,46950,193250,42725,51175,14697,-0.32,global
Opel,Antara,Firehjul,Diesel,2011,5,79900,165100,65800,124900,40013,-0.32,global
Opel,Antara,Firehjul,Diesel,2012,13,76942,203400,56942,89900,33565,-0.32,global
Opel,Ascona,Tohjul,Bensin,1977,6,43471,125000,26375,54236,68497,-0.32,global
Opel,Ascona,Tohjul,Bensin,1979,5,63000,110000,40000,114000,57911,-0.32,global
Opel,Astra,Tohjul,Bensin,1999,7,15900,181000,13900,17400,5412,-0.32,global
Opel,Astra,Tohjul,Bensin,2000,12,19471,163829,12736,37456,15263,-0.32,global
Opel,Astra,Tohjul,Bensin,2001,8,27365,136000,16110,36900,12103,-0.32,global
Opel,Astra,Tohjul,Bensin,2002,14,18921,124236,13150,33425,14145,-0.32,global
Opel,Astra,Tohjul,Bensin,2003,9,26900,112000,25000,33900,10365,-0.32,global
Opel,Astra,Tohjul,Bensin,2004,6,22421,145702,17650,32442,12791,-0.32,global
Opel,Astra,Tohjul,Bensin,2005,48,19421,159000,11650,26900,14976,-0.056,lokal
Opel,Astra,Tohjul,Bensin,2006,34,22900,182130,15475,32486,21358,0.053,lokal
Opel,Astra,Tohjul,Bensin,2007,30,29421,158372,21150,41422,20268,-0.091,lokal
Opel,Astra,Tohjul,Bensin,2008,35,21900,156000,12650,36900,18096,-0.062,lokal
Opel,Astra,Tohjul,Bensin,2009,13,17900,170000,16900,26900,11099,-0.32,global
Opel,Astra,Tohjul,Bensin,2010,53,39900,147000,29900,49900,14991,-0.188,lokal
Opel,Astra,Tohjul,Bensin,2011,57,36900,141000,29900,59942,21765,-0.263,lokal
Opel,Astra,Tohjul,Bensin,2012,43,51942,136000,41900,69900,24659,-0.239,lokal
Opel,Astra,Tohjul,Bensin,2013,13,61900,133500,56900,79000,24792,-0.32,global
Opel,Astra,Tohjul,Bensin,2014,25,54000,157400,39942,69434,26357,-0.21,lokal
Opel,Astra,Tohjul,Bensin,2015,14,106217,111000,99234,119900,22353,-0.32,global
Opel,Astra,Tohjul,Bensin,2016,104,119000,113404,99000,139925,32792,-0.436,lokal
Opel,Astra,Tohjul,Bensin,2017,83,134900,108000,119450,158450,30435,-0.182,lokal
Opel,Astra,Tohjul,Bensin,2018,38,152450,100518,138900,169484,21679,0.061,lokal
Opel,Astra,Tohjul,Bensin,2019,25,170000,87832,159000,189000,20213,-0.561,lokal
Opel,Astra,Tohjul,Bensin,2020,10,199000,48000,190383,219000,22861,-0.32,global
Opel,Astra,Tohjul,Diesel,2005,15,18942,166666,16900,24442,8251,-0.32,global
Opel,Astra,Tohjul,Diesel,2006,16,16900,208078,11932,22650,10152,-0.32,global
Opel,Astra,Tohjul,Diesel,2007,42,19900,187732,13399,29636,11761,0.046,lokal
Opel,Astra,Tohjul,Diesel,2008,22,21771,196458,16610,29900,9227,-0.013,lokal
Opel,Astra,Tohjul,Diesel,2009,13,19942,182747,16900,27900,13747,-0.32,global
Opel,Astra,Tohjul,Diesel,2010,43,26000,177000,18921,34421,11668,-0.021,lokal
Opel,Astra,Tohjul,Diesel,2011,87,30000,169500,21421,39950,15657,-0.107,lokal
Opel,Astra,Tohjul,Diesel,2012,35,39900,176167,24400,57471,18221,-0.161,lokal
Opel,Astra,Tohjul,Diesel,2013,30,43971,175900,31650,50000,16427,-0.109,lokal
Opel,Astra,Tohjul,Diesel,2014,12,53421,236500,49675,64358,13506,-0.32,global
Opel,Astra,Tohjul,Diesel,2015,29,99000,165423,59900,129000,35014,-0.355,lokal
Opel,Astra,Tohjul,Diesel,2016,74,119000,143703,95000,137925,37065,-0.464,lokal
Opel,Astra,Tohjul,Diesel,2017,44,132167,115300,109000,141150,25016,-0.207,lokal
Opel,Astra,Tohjul,Elektrisk,2023,11,299900,22976,299000,319900,26260,-0.32,global
Opel,Astra,Tohjul,Elektrisk,2024,109,314900,15000,299000,329000,25617,-0.673,lokal
Opel,Astra,Tohjul,Elektrisk,2025,18,343900,10000,319000,348900,17560,-0.32,global
Opel,Astra,Tohjul,Hybrid,2023,10,339000,35800,336000,339000,19082,-0.32,global
Opel,Astra,Tohjul,Plug-in hybrid,2022,27,299000,46661,298900,314400,14819,-0.119,lokal
Opel,Astra,Tohjul,Plug-in hybrid,2023,26,324400,36000,302400,339000,30827,-0.134,lokal
Opel,Combo,Tohjul,Diesel,2005,10,12134,185500,7582,15775,10488,-0.32,global
Opel,Combo,Tohjul,Diesel,2006,16,20032,163100,15201,27546,9532,-0.32,global
Opel,Combo,Tohjul,Diesel,2007,17,26296,165000,18268,31268,9667,-0.32,global
Opel,Combo,Tohjul,Diesel,2008,19,25000,165000,15546,29945,12420,-0.093,lokal
Opel,Combo,Tohjul,Diesel,2009,14,20500,167000,9768,35018,16001,-0.32,global
Opel,Combo,Tohjul,Diesel,2010,22,29900,152500,19025,35046,12886,-0.149,lokal
Opel,Combo,Tohjul,Diesel,2011,35,34768,156000,23500,40634,13122,-0.062,lokal
Opel,Combo,Tohjul,Diesel,2012,43,36296,132000,20296,49134,19641,-0.029,lokal
Opel,Combo,Tohjul,Diesel,2013,18,46500,143000,36275,56726,16411,-0.006,lokal
Opel,Combo,Tohjul,Diesel,2014,18,49758,135500,32500,63575,26151,-0.212,lokal
Opel,Combo,Tohjul,Diesel,2015,25,65000,144000,49000,86500,25785,0.083,lokal
Opel,Combo,Tohjul,Diesel,2016,16,50760,98500,41415,72415,23866,-0.32,global
Opel,Combo,Tohjul,Diesel,2017,18,59520,104024,51520,70390,20305,-0.237,lokal
Opel,Combo,Tohjul,Diesel,2018,9,73040,93400,51553,81420,24311,-0.32,global
Opel,Combo,Tohjul,Diesel,2019,67,129553,85401,103255,149000,39744,-0.475,lokal
Opel,Combo,Tohjul,Diesel,2020,53,159000,76000,143520,179000,31643,-0.214,lokal
Opel,Combo,Firehjul,Diesel,2021,5,234000,85500,211520,239000,43688,-0.32,global
Opel,Combo,Tohjul,Diesel,2021,52,164703,63750,148388,190730,47308,-0.542,lokal
Opel,Combo,Tohjul,Diesel,2022,80,209900,45400,197000,229225,36462,-0.403,lokal
Opel,Combo,Tohjul,Diesel,2023,32,266950,22095,241500,275925,54839,-1.447,lokal
Opel,Combo,Tohjul,Diesel,2024,65,319000,15100,299900,349900,35534,-0.32,global
Opel,Combo,Tohjul,Diesel,2025,10,344900,6766,318650,373069,30790,-0.32,global
Opel,Combo,Tohjul,Elektrisk,2021,5,239000,15900,229000,289000,33858,-0.32,global
Opel,Combo,Tohjul,Elektrisk,2022,31,199900,47000,140676,239450,61685,-2.264,lokal
Opel,Combo,Tohjul,Elektrisk,2023,66,262400,13800,248925,279000,30429,-0.32,global
Opel,Combo,Tohjul,Elektrisk,2024,18,346950,5500,298925,378650,47258,-0.32,global
Opel,Combo,Tohjul,Elektrisk,2025,6,369450,7000,349000,397325,31126,-0.32,global
Opel,Corsa,Tohjul,Bensin,1999,5,14942,93390,7900,29997,14675,-0.32,global
Opel,Corsa,Tohjul,Bensin,2001,11,21900,106200,15950,25721,15721,-0.32,global
Opel,Corsa,Tohjul,Bensin,2002,12,23421,121100,11500,30410,10133,-0.32,global
Opel,Corsa,Tohjul,Bensin,2003,8,23950,138574,19275,28650,34532,-0.32,global
Opel,Corsa,Tohjul,Bensin,2004,8,18400,145900,12692,29475,9514,-0.32,global
Opel,Corsa,Tohjul,Bensin,2007,60,25900,138500,17900,35475,13231,-0.062,lokal
Opel,Corsa,Tohjul,Bensin,2008,47,29900,110000,18950,45371,19723,-0.184,lokal
Opel,Corsa,Tohjul,Bensin,2009,15,25000,92435,18446,44950,18370,-0.32,global
Opel,Corsa,Tohjul,Bensin,2010,21,24900,126898,18400,29942,14623,-0.122,lokal
Opel,Corsa,Tohjul,Bensin,2011,17,28942,122000,25000,41900,19273,-0.074,lokal
Opel,Corsa,Tohjul,Bensin,2012,18,51420,81603,40400,66682,16567,0.015,lokal
Opel,Corsa,Tohjul,Bensin,2013,19,39900,120709,29400,57900,18522,-0.222,lokal
Opel,Corsa,Tohjul,Bensin,2014,5,42000,132412,39900,63942,15687,-0.32,global
Opel,Corsa,Tohjul,Bensin,2015,49,79166,98500,68236,95000,26924,-0.072,lokal
Opel,Corsa,Tohjul,Bensin,2016,31,95000,80000,69000,109850,28125,-0.43,lokal
Opel,Corsa,Tohjul,Bensin,2017,21,89000,87130,79000,108166,20019,-0.201,lokal
Opel,Corsa,Tohjul,Bensin,2020,5,179900,31500,159800,198166,25805,-0.32,global
Opel,Corsa,Tohjul,Diesel,2007,6,21900,139025,12975,26475,8723,-0.32,global
Opel,Corsa,Tohjul,Diesel,2008,17,21900,192000,17942,23942,10416,0.023,lokal
Opel,Corsa,Tohjul,Diesel,2009,6,17442,188185,14692,19442,9338,-0.32,global
Opel,Corsa,Tohjul,Diesel,2010,9,20000,159500,11900,28900,8338,-0.32,global
Opel,Corsa,Tohjul,Diesel,2011,13,23900,128090,16900,35000,12294,-0.32,global
Opel,Corsa,Tohjul,Diesel,2012,6,32450,151995,30400,35925,4443,-0.32,global
Opel,Corsa,Tohjul,Elektrisk,2020,76,147700,61000,134784,159000,16220,-0.238,lokal
Opel,Corsa,Tohjul,Elektrisk,2021,162,159900,51238,149900,169900,19346,-0.31,lokal
Opel,Corsa,Tohjul,Elektrisk,2022,137,189000,35000,169900,199000,21480,-0.791,lokal
Opel,Corsa,Tohjul,Elektrisk,2023,50,228900,18773,209588,229900,36098,-0.3,lokal
Opel,Corsa,Tohjul,Elektrisk,2024,9,339000,12000,319900,345000,17944,-0.32,global
Opel,Crossland X,Tohjul,Bensin,2018,43,155000,67400,149000,179450,26087,0.102,lokal
Opel,Crossland X,Tohjul,Bensin,2019,45,179000,65000,154900,189900,26790,-0.601,lokal
Opel,Crossland X,Tohjul,Bensin,2020,31,198900,71200,174900,209000,25177,-0.628,lokal
Opel,Crossland X,Tohjul,Bensin,2021,8,241950,46100,232750,248000,16749,-0.32,global
Opel,Frontera,Tohjul,Elektrisk,2025,56,274900,5000,268975,285975,12752,-0.32,global
Opel,Grandland,Tohjul,Diesel,2019,5,179900,148600,169900,179900,8944,-0.32,global
Opel,Grandland,Tohjul,Elektrisk,2024,13,479000,17000,479000,489000,13908,-0.32,global
Opel,Grandland,Firehjul,Elektrisk,2025,5,558900,3400,509505,559900,35563,-0.32,global
Opel,Grandland,Tohjul,Elektrisk,2025,51,479000,15000,459900,499450,31744,-1.513,lokal
Opel,Grandland,Tohjul,Hybrid,2022,5,329900,46850,309000,349000,25498,-0.32,global
Opel,Grandland,Firehjul,Plug-in hybrid,2021,5,269450,46200,259900,269900,17949,-0.32,global
Opel,Grandland,Firehjul,Plug-in hybrid,2022,19,368900,41637,344000,369900,25957,0.011,lokal
Opel,Grandland,Tohjul,Plug-in hybrid,2022,29,319000,49221,299900,337900,23470,-0.717,lokal
Opel,Grandland X,Tohjul,Bensin,2018,53,169434,90349,159999,179000,21382,-0.079,lokal
Opel,Grandland X,Tohjul,Bensin,2019,53,185000,81600,165000,199000,21214,-0.169,lokal
Opel,Grandland X,Tohjul,Bensin,2020,6,198500,76500,191925,199675,7355,-0.32,global
Opel,Grandland X,Tohjul,Diesel,2018,48,179900,112350,176725,199600,25412,-0.109,lokal
Opel,Grandland X,Tohjul,Diesel,2019,18,199000,124000,189050,209000,24279,-0.121,lokal
Opel,Grandland X,Tohjul,Diesel,2021,10,282000,58800,269108,296500,17712,-0.32,global
Opel,Grandland X,Firehjul,Hybrid,2020,20,294000,72600,269499,311900,26198,-0.557,lokal
Opel,Grandland X,Firehjul,Hybrid,2021,23,269000,81000,247000,309450,36548,-0.626,lokal
Opel,Grandland X,Tohjul,Hybrid,2022,14,311950,46850,309000,336500,22001,-0.32,global
Opel,Grandland X,Firehjul,Plug-in hybrid,2020,60,276950,65300,259000,298925,22856,-0.538,lokal
Opel,Grandland X,Firehjul,Plug-in hybrid,2021,81,289000,65837,269900,309000,22969,-0.337,lokal
Opel,Grandland X,Tohjul,Plug-in hybrid,2022,8,344000,55948,336425,361475,20406,-0.32,global
Opel,Grandland-e,Tohjul,Elektrisk,2025,9,469000,11148,465000,489000,16222,-0.32,global
Opel,Insignia,Tohjul,Bensin,2009,14,29400,164456,18975,31650,9263,-0.32,global
Opel,Insignia,Tohjul,Bensin,2012,9,36900,198000,26942,46942,12750,-0.32,global
Opel,Insignia,Tohjul,Bensin,2014,12,120921,135224,79326,149150,47080,-0.32,global
Opel,Insignia,Tohjul,Bensin,2018,121,194434,108992,169532,209900,34387,-0.216,lokal
Opel,Insignia,Tohjul,Bensin,2019,22,232167,95200,201500,246725,34706,-0.343,lokal
Opel,Insignia,Tohjul,Diesel,2009,114,34242,208698,22456,42410,17399,-0.089,lokal
Opel,Insignia,Tohjul,Diesel,2010,97,39900,204000,21990,51900,22389,-0.163,lokal
Opel,Insignia,Firehjul,Diesel,2011,29,51345,189000,31900,71999,29686,-0.695,lokal
Opel,Insignia,Tohjul,Diesel,2011,77,40000,205400,29000,53942,21480,-0.131,lokal
Opel,Insignia,Firehjul,Diesel,2012,32,82400,174554,59968,99000,26099,-0.246,lokal
Opel,Insignia,Tohjul,Diesel,2012,56,49450,208616,30932,63095,21443,-0.191,lokal
Opel,Insignia,Firehjul,Diesel,2013,9,67941,182430,50000,92000,27111,-0.32,global
Opel,Insignia,Tohjul,Diesel,2013,25,64942,192000,39900,76900,25108,-0.217,lokal
Opel,Insignia,Firehjul,Diesel,2014,16,129000,217000,58486,149225,48133,-0.32,global
Opel,Insignia,Tohjul,Diesel,2014,66,98712,169444,69712,109000,27973,-0.085,lokal
Opel,Insignia,Tohjul,Diesel,2015,35,155000,147000,114000,169000,36930,-0.813,lokal
Opel,Insignia,Firehjul,Diesel,2016,7,199000,129400,147192,219000,63510,-0.32,global
Opel,Insignia,Tohjul,Diesel,2016,13,119900,165000,99000,139900,30576,-0.32,global
Opel,Insignia,Tohjul,Diesel,2017,9,145000,109137,139000,199000,30805,-0.32,global
Opel,Insignia,Tohjul,Diesel,2018,34,204450,115224,192175,231050,30128,-0.385,lokal
Opel,Insignia,Tohjul,Diesel,2019,9,195000,137300,185000,299900,65935,-0.32,global
Opel,Insignia,Firehjul,Diesel,2021,19,379900,77600,374450,399500,53704,-0.526,lokal
Opel,Insignia,Firehjul,Diesel,2022,9,417343,87660,399900,459900,51129,-0.32,global
Opel,Insignia Country Tourer,Firehjul,Diesel,2014,68,129700,185000,106736,149900,37332,-0.471,lokal
Opel,Insignia Country Tourer,Firehjul,Diesel,2015,9,189000,137000,159900,189000,24091,-0.32,global
Opel,Kadett,Tohjul,Bensin,1976,9,91900,46000,45000,99000,38561,-0.32,global
Opel,Kadett,Tohjul,Bensin,1977,6,56000,83336,50500,68175,36529,-0.32,global
Opel,Kadett,Tohjul,Bensin,1978,6,56921,116500,31736,76900,38341,-0.32,global
Opel,Kadett,Tohjul,Bensin,1979,6,54000,96750,40206,59500,22003,-0.32,global
Opel,Meriva,Tohjul,Bensin,2004,9,19900,153166,9900,31500,12794,-0.32,global
Opel,Meriva,Tohjul,Bensin,2006,8,24921,134594,19525,30474,10241,-0.32,global
Opel,Meriva,Tohjul,Bensin,2007,11,27000,154200,19921,31259,8904,-0.32,global
Opel,Meriva,Tohjul,Bensin,2008,15,25400,125404,14421,38400,15945,-0.32,global
Opel,Meriva,Tohjul,Bensin,2009,5,24900,107466,19942,32942,11021,-0.32,global
Opel,Meriva,Tohjul,Bensin,2010,20,30470,109900,21930,37650,13142,-0.21,lokal
Opel,Meriva,Tohjul,Bensin,2011,13,25000,127130,21900,49942,18437,-0.32,global
Opel,Meriva,Tohjul,Bensin,2012,10,53971,99825,41150,85000,27252,-0.32,global
Opel,Meriva,Tohjul,Diesel,2011,18,39945,142908,30525,45000,11132,-0.125,lokal
Opel,Meriva,Tohjul,Diesel,2012,5,31400,134328,16900,40900,25156,-0.32,global
Opel,Meriva,Tohjul,Diesel,2015,5,74434,117200,69000,89900,22947,-0.32,global
Opel,Mokka,Firehjul,Bensin,2013,34,89900,132000,59610,109900,32591,-0.135,lokal
Opel,Mokka,Tohjul,Bensin,2013,17,76900,132987,59900,85000,16705,-0.195,lokal
Opel,Mokka,Firehjul,Bensin,2014,19,89000,140538,75900,119900,27921,-0.513,lokal
Opel,Mokka,Tohjul,Bensin,2014,35,109000,120500,90167,136950,25720,-0.252,lokal
Opel,Mokka,Firehjul,Bensin,2015,15,129000,106000,119000,144000,32764,-0.32,global
Opel,Mokka,Tohjul,Bensin,2015,52,114500,95148,94008,119900,24605,-0.016,lokal
Opel,Mokka,Firehjul,Bensin,2016,16,119400,121776,109900,141500,30518,-0.32,global
Opel,Mokka,Tohjul,Bensin,2016,52,126850,91348,115975,145784,25127,-0.201,lokal
Opel,Mokka,Firehjul,Bensin,2017,49,189000,82300,174900,199934,34234,-0.41,lokal
Opel,Mokka,Tohjul,Bensin,2017,20,184667,82480,146725,199900,28307,-0.447,lokal
Opel,Mokka,Firehjul,Bensin,2018,15,189000,90000,177000,199667,20002,-0.32,global
Opel,Mokka,Tohjul,Bensin,2018,6,179425,46781,175975,187063,7785,-0.32,global
Opel,Mokka,Firehjul,Diesel,2013,35,95000,174000,83900,107000,22669,-0.209,lokal
Opel,Mokka,Tohjul,Diesel,2013,55,94900,160000,80450,109450,23568,-0.042,lokal
Opel,Mokka,Firehjul,Diesel,2014,17,89000,168756,69434,99900,33822,-0.957,lokal
Opel,Mokka,Tohjul,Diesel,2014,21,89900,169000,83000,109000,17031,-0.158,lokal
Opel,Mokka,Firehjul,Diesel,2015,13,129000,136800,99000,149000,37946,-0.32,global
Opel,Mokka,Tohjul,Diesel,2015,21,99900,121300,89000,125000,27444,-0.342,lokal
Opel,Mokka,Firehjul,Diesel,2016,16,159900,98941,156500,169225,16333,0.113,lokal
Opel,Mokka,Tohjul,Diesel,2016,17,129900,94500,119000,139000,24717,-0.262,lokal
Opel,Mokka,Firehjul,Diesel,2017,9,144500,169650,129900,169000,38523,-0.32,global
Opel,Mokka,Tohjul,Diesel,2017,5,164434,94960,149000,168900,13634,-0.32,global
Opel,Mokka,Tohjul,Elektrisk,2021,263,198000,45302,179900,209000,20904,-0.309,lokal
Opel,Mokka,Tohjul,Elektrisk,2022,199,218900,36200,199900,229000,21477,-0.428,lokal
Opel,Mokka,Tohjul,Elektrisk,2023,100,249000,20025,239000,259000,19864,-0.542,lokal
Opel,Mokka,Tohjul,Elektrisk,2024,45,329000,10000,315000,329900,16872,-0.32,global
Opel,Mokka,Tohjul,Elektrisk,2025,15,359900,5000,359450,377400,13054,-0.957,lokal
Opel,Movano,Tohjul,Diesel,2003,7,31296,265024,20332,39648,12927,-0.32,global
Opel,Movano,Tohjul,Diesel,2010,6,60134,216750,51492,75250,20201,-0.32,global
Opel,Movano,Tohjul,Diesel,2012,10,69268,203000,61393,121317,47248,-0.32,global
Opel,Movano,Tohjul,Diesel,2016,5,121520,140918,99553,174434,70698,-0.32,global
Opel,Omega,Tohjul,Bensin,2001,8,38421,196030,17650,79400,92581,-0.32,global
Opel,Omega,Tohjul,Bensin,2002,6,20950,225400,16925,31650,41657,-0.32,global
Opel,Rekord,Tohjul,Bensin,1986,5,38000,193500,38000,40000,13794,-0.32,global
Opel,Tigra,Tohjul,Bensin,2005,6,26400,128600,25182,38150,18855,-0.32,global
Opel,Vectra,Tohjul,Bensin,2003,8,19700,161402,12932,30986,12284,-0.32,global
Opel,Vectra,Tohjul,Bensin,2004,7,14942,242100,11921,22000,6254,-0.32,global
Opel,Vectra,Tohjul,Bensin,2005,24,15916,197414,11550,24182,8793,-0.053,lokal
Opel,Vectra,Tohjul,Bensin,2006,15,19900,210827,12471,24445,8308,-0.32,global
Opel,Vectra,Tohjul,Bensin,2007,13,26942,186650,19900,37459,14260,-0.32,global
Opel,Vectra,Tohjul,Bensin,2008,5,11900,248765,10400,11942,5868,-0.32,global
Opel,Vectra,Tohjul,Diesel,2004,5,19900,274000,13900,21942,9292,-0.32,global
Opel,Vectra,Tohjul,Diesel,2005,8,28400,257014,26650,30410,11942,-0.32,global
Opel,Vectra,Tohjul,Diesel,2006,12,12900,239600,10942,26710,19560,-0.32,global
Opel,Vectra,Tohjul,Diesel,2007,20,31900,233916,24150,38250,17916,-0.01,lokal
Opel,Vectra,Tohjul,Diesel,2008,31,18942,220000,11900,26921,18008,-0.04,lokal
Opel,Vivaro,Tohjul,Diesel,2003,14,24000,279062,17518,32164,12879,-0.32,global
Opel,Vivaro,Tohjul,Diesel,2004,9,29990,270000,26268,37900,15672,-0.32,global
Opel,Vivaro,Tohjul,Diesel,2005,16,18768,226000,9893,39951,24763,-0.32,global
Opel,Vivaro,Tohjul,Diesel,2006,26,28032,223500,15525,40946,18274,-0.109,lokal
Opel,Vivaro,Tohjul,Diesel,2007,51,31267,235500,15268,40134,16057,-0.051,lokal
Opel,Vivaro,Tohjul,Diesel,2008,46,26268,241500,16286,36742,14916,0.04,lokal
Opel,Vivaro,Tohjul,Diesel,2009,20,41768,218956,23789,57625,25321,0.188,lokal
Opel,Vivaro,Tohjul,Diesel,2010,26,36296,214062,27893,55450,22720,-0.106,lokal
Opel,Vivaro,Tohjul,Diesel,2011,39,46268,233000,33768,56134,18110,-0.106,lokal
Opel,Vivaro,Tohjul,Diesel,2012,21,66268,189000,51268,71268,32154,-0.214,lokal
Opel,Vivaro,Tohjul,Diesel,2013,20,78634,171992,69000,113249,34118,-0.237,lokal
Opel,Vivaro,Tohjul,Diesel,2014,18,70908,162498,39770,99520,36879,-0.348,lokal
Opel,Vivaro,Tohjul,Diesel,2015,54,109000,161500,76553,139675,66930,0.001,lokal
Opel,Vivaro,Tohjul,Diesel,2016,85,104434,153000,79553,194300,110571,0.091,lokal
Opel,Vivaro,Tohjul,Diesel,2017,44,126520,129000,101553,163650,63864,-0.504,lokal
Opel,Vivaro,Tohjul,Diesel,2018,39,149900,106000,123142,213950,103600,-1.662,lokal
Opel,Vivaro,Tohjul,Diesel,2019,36,159450,77000,134890,191725,41834,-0.578,lokal
Opel,Vivaro,Firehjul,Diesel,2020,7,369900,53014,359900,384900,32186,-0.32,global
Opel,Vivaro,Tohjul,Diesel,2020,31,199900,98400,187000,219710,34378,-0.443,lokal
Opel,Vivaro,Firehjul,Diesel,2021,10,309000,91250,299000,326500,36672,-0.32,global
Opel,Vivaro,Tohjul,Diesel,2021,23,229900,74169,175036,254450,59026,-0.46,lokal
Opel,Vivaro,Firehjul,Diesel,2022,7,369900,41500,364900,369900,20587,-0.32,global
Opel,Vivaro,Tohjul,Diesel,2022,55,284500,59079,266700,294450,26598,-0.524,lokal
Opel,Vivaro,Tohjul,Diesel,2023,14,351153,22890,284915,359900,77644,-0.32,global
Opel,Vivaro,Tohjul,Diesel,2024,20,421153,16500,376776,511725,81412,-1.06,lokal
Opel,Vivaro,Tohjul,Diesel,2025,9,579000,12000,539000,609900,67567,-0.32,global
Opel,Vivaro,Tohjul,Elektrisk,2021,55,229900,57000,209450,249900,40289,-0.124,lokal
Opel,Vivaro,Tohjul,Elektrisk,2022,69,279000,27550,259000,299900,49957,-0.849,lokal
Opel,Vivaro,Tohjul,Elektrisk,2023,49,338900,14229,318900,349900,38132,-0.306,lokal
Opel,Vivaro,Tohjul,Elektrisk,2024,15,379000,4883,338900,395000,39878,-0.32,global
Opel,Zafira,Tohjul,Bensin,2001,5,16900,229754,13800,28900,9609,-0.32,global
Opel,Zafira,Tohjul,Bensin,2003,7,18942,153000,14921,20950,6372,-0.32,global
Opel,Zafira,Tohjul,Bensin,2008,10,41282,163925,20400,59000,21379,-0.32,global
Opel,Zafira,Tohjul,Diesel,2006,9,16900,220000,15942,20900,9177,-0.32,global
Opel,Zafira,Tohjul,Diesel,2007,18,32900,199450,25900,39160,17883,-0.028,lokal
Opel,Zafira,Tohjul,Diesel,2008,14,15921,207022,11458,24136,8167,-0.32,global
Opel,Zafira,Tohjul,Diesel,2010,9,19000,199000,11900,21800,7618,-0.32,global
Opel,Zafira,Tohjul,Diesel,2011,8,29400,213000,20410,35036,12801,-0.32,global
Opel,Zafira,Tohjul,Elektrisk,2021,49,339900,55300,319000,375000,68468,-0.196,lokal
Opel,Zafira,Tohjul,Elektrisk,2022,10,439900,40258,386500,449675,48774,-0.32,global
Opel,Zafira,Tohjul,Elektrisk,2023,11,349900,74512,324900,409450,63132,-0.32,global
Opel,Zafira Tourer,Tohjul,Bensin,2012,12,54400,176000,41425,84600,36279,-0.32,global
Opel,Zafira Tourer,Tohjul,Bensin,2013,8,104900,128900,52682,119900,41089,-0.32,global
Opel,Zafira Tourer,Tohjul,Bensin,2016,15,139900,108000,139000,174000,20064,-0.32,global
Opel,Zafira Tourer,Tohjul,Bensin,2017,7,150000,108900,134450,169500,36569,-0.32,global
Opel,Zafira Tourer,Tohjul,Diesel,2012,23,48900,203900,40921,59921,16185,-0.069,lokal
Opel,Zafira Tourer,Tohjul,Diesel,2013,8,47900,180500,37910,54600,16372,-0.32,global
Opel,Zafira Tourer,Tohjul,Diesel,2014,7,65900,200000,60900,68684,26488,-0.32,global
Opel,Zafira Tourer,Tohjul,Diesel,2015,5,68434,169900,65000,89434,21991,-0.32,global
Opel,Zafira Tourer,Tohjul,Diesel,2016,6,159450,49900,152175,163300,45739,-0.32,global
Peugeot,107,Tohjul,Bensin,2006,6,12471,109750,11942,13300,5390,-0.32,global
Peugeot,107,Tohjul,Bensin,2007,12,28692,109916,17410,36910,16285,-0.32,global
Peugeot,107,Tohjul,Bensin,2008,12,21921,115770,19150,34400,15331,-0.32,global
Peugeot,107,Tohjul,Bensin,2009,18,25921,118000,20900,31932,12476,-0.07,lokal
Peugeot,107,Tohjul,Bensin,2010,50,27421,110540,16442,36900,13694,-0.074,lokal
Peugeot,107,Tohjul,Bensin,2011,34,23421,115750,18942,34975,12634,-0.103,lokal
Peugeot,107,Tohjul,Bensin,2012,18,30921,138556,17400,35000,12972,-0.118,lokal
Peugeot,107,Tohjul,Bensin,2013,10,29495,98900,25400,58750,19297,-0.32,global
Peugeot,108,Tohjul,Bensin,2014,16,57471,72300,43492,64624,19961,-0.355,lokal
Peugeot,108,Tohjul,Bensin,2015,22,69033,63326,49900,83425,20454,-0.453,lokal
Peugeot,108,Tohjul,Bensin,2016,6,77000,68500,70624,94000,16148,-0.32,global
Peugeot,108,Tohjul,Bensin,2017,11,79000,89100,75000,88000,19673,-0.32,global
Peugeot,2008,Tohjul,Bensin,2013,27,59900,110000,46921,64450,14782,-0.128,lokal
Peugeot,2008,Tohjul,Bensin,2014,60,64450,130314,46624,85475,25936,-0.302,lokal
Peugeot,2008,Tohjul,Bensin,2015,41,79900,104000,65900,99000,20602,-0.256,lokal
Peugeot,2008,Tohjul,Bensin,2016,83,114236,89656,89900,139000,35500,-0.511,lokal
Peugeot,2008,Tohjul,Bensin,2017,89,129900,88284,119000,139999,24333,-0.25,lokal
Peugeot,2008,Tohjul,Bensin,2018,105,135166,87792,119000,149000,24398,-0.228,lokal
Peugeot,2008,Tohjul,Bensin,2019,42,169900,66450,159600,188000,25484,-0.327,lokal
Peugeot,2008,Tohjul,Bensin,2020,31,224900,54350,204000,239450,24782,-0.146,lokal
Peugeot,2008,Tohjul,Diesel,2013,27,59942,138500,50900,69250,13551,-0.035,lokal
Peugeot,2008,Tohjul,Diesel,2014,44,79483,121093,64986,99000,22393,-0.251,lokal
Peugeot,2008,Tohjul,Diesel,2015,25,99000,134000,84900,109900,18891,0.132,lokal
Peugeot,2008,Tohjul,Diesel,2016,8,94450,117500,86275,116250,20598,-0.32,global
Peugeot,2008,Tohjul,Diesel,2020,26,249900,70000,239150,259900,28730,-0.422,lokal
Peugeot,2008,Tohjul,Diesel,2021,29,269900,60100,249900,279000,24578,-0.204,lokal
Peugeot,2008,Tohjul,Diesel,2022,8,274450,41758,264975,281725,13748,-0.32,global
Peugeot,2008,Tohjul,Elektrisk,2020,44,179700,63500,169675,189900,13877,-0.307,lokal
Peugeot,2008,Tohjul,Elektrisk,2021,98,189900,52200,178925,208350,23271,-0.4,lokal
Peugeot,2008,Tohjul,Elektrisk,2022,51,219000,44000,208500,229900,18147,-0.127,lokal
Peugeot,2008,Tohjul,Elektrisk,2023,22,254450,34800,242175,269000,26684,-0.281,lokal
Peugeot,2008,Tohjul,Elektrisk,2024,5,319000,11840,309000,349000,31937,-0.32,global
Peugeot,206,Tohjul,Bensin,2000,20,44000,178850,29332,59999,19004,0.23,lokal
Peugeot,206,Tohjul,Bensin,2001,7,19941,107628,13421,23421,14233,-0.32,global
Peugeot,206,Tohjul,Bensin,2002,22,18400,121618,15225,31906,10117,-0.023,lokal
Peugeot,206,Tohjul,Bensin,2003,12,18900,153500,13400,27175,7564,-0.32,global
Peugeot,206,Tohjul,Bensin,2004,31,21942,104115,17971,25950,8116,-0.02,lokal
Peugeot,206,Tohjul,Bensin,2005,21,19900,135000,16900,27900,9996,-0.059,lokal
Peugeot,206,Tohjul,Bensin,2006,9,18000,126792,7900,26999,10628,-0.32,global
Peugeot,206,Tohjul,Bensin,2007,7,26900,91679,22900,35921,7762,-0.32,global
Peugeot,206 CC,Tohjul,Bensin,2002,6,46400,102763,44900,49400,16686,-0.32,global
Peugeot,207,Tohjul,Bensin,2006,17,16942,168510,11900,23442,8200,-0.081,lokal
Peugeot,207,Tohjul,Bensin,2007,27,21999,126000,17400,37421,17634,-0.176,lokal
Peugeot,207,Tohjul,Bensin,2008,24,33700,127744,21869,43682,23996,-0.208,lokal
Peugeot,207,Tohjul,Bensin,2009,24,25950,138000,16938,29264,11363,-0.055,lokal
Peugeot,207,Tohjul,Bensin,2010,7,30900,125000,24000,41400,16687,-0.32,global
Peugeot,207,Tohjul,Diesel,2006,7,26900,157000,16450,27471,10308,-0.32,global
Peugeot,207,Tohjul,Diesel,2007,69,21900,168000,16900,29990,11771,-0.028,lokal
Peugeot,207,Tohjul,Diesel,2008,59,20442,161157,12200,29921,11041,-0.066,lokal
Peugeot,207,Tohjul,Diesel,2009,44,21921,170666,13942,25475,9314,0.021,lokal
Peugeot,207,Tohjul,Diesel,2010,79,21900,154263,14945,31921,13590,-0.11,lokal
Peugeot,207,Tohjul,Diesel,2011,45,25900,157400,19942,31942,10395,-0.105,lokal
Peugeot,208,Tohjul,Bensin,2012,20,25400,161000,13025,41636,16335,-0.295,lokal
Peugeot,208,Tohjul,Bensin,2013,103,39900,111800,29921,51945,21219,-0.169,lokal
Peugeot,208,Tohjul,Bensin,2014,63,49900,110200,31921,72971,25086,-0.358,lokal
Peugeot,208,Tohjul,Bensin,2015,39,68236,88000,57166,85000,22777,-0.252,lokal
Peugeot,208,Tohjul,Bensin,2016,58,97166,84722,74925,109800,26066,-0.1,lokal
Peugeot,208,Tohjul,Bensin,2017,31,98166,87284,78583,119450,29304,-0.357,lokal
Peugeot,208,Tohjul,Bensin,2018,20,114450,60850,88992,129900,28459,0.036,lokal
Peugeot,208,Tohjul,Bensin,2019,12,122450,58966,88216,132400,30432,-0.32,global
Peugeot,208,Tohjul,Bensin,2020,9,199000,33006,189000,199900,16219,-0.32,global
Peugeot,208,Tohjul,Bensin,2021,17,198000,30750,178000,209000,20599,-0.32,global
Peugeot,208,Tohjul,Bensin,2022,11,219000,46000,199450,239900,30170,-0.32,global
Peugeot,208,Tohjul,Diesel,2012,48,46400,134928,31350,59125,18780,-0.205,lokal
Peugeot,208,Tohjul,Diesel,2013,47,59000,119000,37950,75000,21674,-0.366,lokal
Peugeot,208,Tohjul,Diesel,2014,19,54990,127000,44971,75348,19968,-0.271,lokal
Peugeot,208,Tohjul,Elektrisk,2020,250,159000,61250,149000,169000,16172,-0.182,lokal
Peugeot,208,Tohjul,Elektrisk,2021,290,174900,48827,165594,189000,16543,-0.293,lokal
Peugeot,208,Tohjul,Elektrisk,2022,190,209000,39940,193133,219000,21551,-0.448,lokal
Peugeot,208,Tohjul,Elektrisk,2023,102,239000,28250,229000,249000,30128,-0.361,lokal
Peugeot,208,Tohjul,Elektrisk,2024,43,289450,16500,239225,309042,37289,-2.62,lokal
Peugeot,208,Tohjul,Elektrisk,2025,10,319450,7342,319000,344968,38935,-0.32,global
Peugeot,3008,Tohjul,Bensin,2016,8,122083,86000,116500,131250,18291,-0.32,global
Peugeot,3008,Tohjul,Bensin,2017,127,169900,106000,154666,189000,26389,-0.349,lokal
Peugeot,3008,Tohjul,Bensin,2018,137,179000,103000,159000,199000,30920,-0.234,lokal
Peugeot,3008,Tohjul,Bensin,2019,80,219917,83900,205000,239225,27297,-0.422,lokal
Peugeot,3008,Tohjul,Bensin,2020,6,239450,62150,236000,247400,15159,-0.32,global
Peugeot,3008,Tohjul,Diesel,2009,99,29900,187900,22450,39945,14536,-0.095,lokal
Peugeot,3008,Tohjul,Diesel,2010,150,37971,186850,26900,49000,17936,-0.125,lokal
Peugeot,3008,Tohjul,Diesel,2011,109,39942,173000,28900,49999,17576,-0.173,lokal
Peugeot,3008,Tohjul,Diesel,2012,71,49900,170000,38450,69995,22315,-0.2,lokal
Peugeot,3008,Tohjul,Diesel,2013,33,56942,162500,39990,75000,22222,-0.261,lokal
Peugeot,3008,Tohjul,Diesel,2014,57,79000,147300,68942,99000,23658,-0.106,lokal
Peugeot,3008,Tohjul,Diesel,2015,45,109000,127489,95000,119900,25172,-0.278,lokal
Peugeot,3008,Tohjul,Diesel,2016,37,119900,123000,99900,139000,28320,0.004,lokal
Peugeot,3008,Tohjul,Diesel,2017,149,179000,123200,159000,199000,32571,-0.379,lokal
Peugeot,3008,Tohjul,Diesel,2018,101,210000,114000,185000,235000,31041,-0.371,lokal
Peugeot,3008,Tohjul,Diesel,2019,79,219000,111000,189450,239666,35539,-0.655,lokal
Peugeot,3008,Tohjul,Diesel,2020,38,229450,97493,209225,249000,31478,-0.676,lokal
Peugeot,3008,Tohjul,Diesel,2021,43,279000,86486,222450,294500,41565,-0.817,lokal
Peugeot,3008,Tohjul,Diesel,2022,17,319000,47000,299000,339532,45926,-0.579,lokal
Peugeot,3008,Tohjul,Diesel,2023,24,399000,38881,385000,424675,28203,-1.079,lokal
Peugeot,3008,Tohjul,Elektrisk,2024,41,439000,13500,429000,449000,19962,-0.32,global
Peugeot,3008,Tohjul,Elektrisk,2025,15,459000,7763,457000,472000,14383,-0.32,global
Peugeot,3008,Firehjul,Hybrid,2012,9,49900,181000,46942,53000,27271,-0.32,global
Peugeot,3008,Firehjul,Hybrid,2013,9,59942,158160,49900,65000,15028,-0.32,global
Peugeot,3008,Firehjul,Hybrid,2020,21,259000,75250,249000,279000,26418,-0.158,lokal
Peugeot,3008,Firehjul,Hybrid,2021,48,282000,87500,259900,299248,36788,-0.609,lokal
Peugeot,3008,Firehjul,Hybrid,2022,5,329343,52000,319000,339000,36021,-0.32,global
Peugeot,3008,Firehjul,Plug-in hybrid,2020,126,269900,61200,249900,289000,29259,-0.469,lokal
Peugeot,3008,Tohjul,Plug-in hybrid,2020,5,289000,65925,289000,299900,14295,-0.32,global
Peugeot,3008,Firehjul,Plug-in hybrid,2021,140,299000,63790,268000,319900,43415,-1.106,lokal
Peugeot,3008,Firehjul,Plug-in hybrid,2022,26,369000,50600,351838,389000,55315,-0.43,lokal
Peugeot,3008,Firehjul,Plug-in hybrid,2023,13,379900,46990,369900,399000,18196,-0.32,global
Peugeot,307,Tohjul,Bensin,2002,12,15421,160000,10725,23975,11485,-0.32,global
Peugeot,307,Tohjul,Bensin,2003,10,18978,166043,14682,21400,9419,-0.32,global
Peugeot,307,Tohjul,Bensin,2004,22,12921,175187,10556,16932,7434,0.029,lokal
Peugeot,307,Tohjul,Bensin,2005,22,19942,175722,10475,34692,12977,-0.105,lokal
Peugeot,307,Tohjul,Bensin,2006,21,21900,163000,18999,26942,9917,0.015,lokal
Peugeot,307,Tohjul,Bensin,2007,6,27400,180080,13475,29400,15318,-0.32,global
Peugeot,307,Tohjul,Diesel,2006,25,25000,140000,16900,27900,9819,-0.077,lokal
Peugeot,307,Tohjul,Diesel,2007,34,24752,188085,16910,28932,9402,-0.037,lokal
Peugeot,307,Tohjul,Diesel,2008,5,11900,228000,10000,14900,8761,-0.32,global
Peugeot,307 CC,Tohjul,Bensin,2004,7,31995,157000,16900,44495,18863,-0.32,global
Peugeot,307 SW,Tohjul,Bensin,2004,5,19942,163000,11942,29900,12389,-0.32,global
Peugeot,307 SW,Tohjul,Bensin,2005,7,22900,171200,15900,29271,10413,-0.32,global
Peugeot,307 SW,Tohjul,Diesel,2005,6,17921,232486,14442,26650,7905,-0.32,global
Peugeot,307 SW,Tohjul,Diesel,2006,15,19942,199000,11921,21921,8265,-0.32,global
Peugeot,307 SW,Tohjul,Diesel,2007,34,19900,210000,11900,25660,9670,-0.064,lokal
Peugeot,307 SW,Tohjul,Diesel,2008,17,15942,224084,11900,23900,8569,-0.028,lokal
Peugeot,308,Tohjul,Bensin,2008,13,31942,120000,20942,38000,14027,-0.32,global
Peugeot,308,Tohjul,Bensin,2009,8,52921,149750,25182,71599,25884,-0.32,global
Peugeot,308,Tohjul,Bensin,2010,11,99999,82000,34400,109999,46074,-0.32,global
Peugeot,308,Tohjul,Bensin,2014,101,58166,121200,39942,78166,24691,-0.342,lokal
Peugeot,308,Tohjul,Bensin,2015,91,79900,126700,51083,89900,30278,-0.232,lokal
Peugeot,308,Tohjul,Bensin,2016,113,109000,113500,89800,119900,38819,-0.343,lokal
Peugeot,308,Tohjul,Bensin,2017,46,128618,117892,108536,149675,34521,-0.273,lokal
Peugeot,308,Tohjul,Bensin,2018,55,148166,78842,128400,172450,38329,-0.588,lokal
Peugeot,308,Tohjul,Bensin,2019,5,159990,112000,159166,169000,11242,-0.32,global
Peugeot,308,Tohjul,Diesel,2008,92,18900,179458,11986,29910,13607,-0.026,lokal
Peugeot,308,Tohjul,Diesel,2009,48,26700,177850,17000,37456,18363,-0.145,lokal
Peugeot,308,Tohjul,Diesel,2010,72,29650,186103,19932,36279,16987,-0.072,lokal
Peugeot,308,Tohjul,Diesel,2011,69,36900,140000,27900,49900,18394,-0.155,lokal
Peugeot,308,Tohjul,Diesel,2012,37,38900,161000,31442,45900,13957,0.07,lokal
Peugeot,308,Tohjul,Diesel,2013,11,49900,142000,37450,58400,13071,-0.32,global
Peugeot,308,Tohjul,Diesel,2014,81,82000,147743,63166,99000,24919,-0.129,lokal
Peugeot,308,Tohjul,Diesel,2015,113,88236,140100,69000,109000,28153,-0.246,lokal
Peugeot,308,Tohjul,Diesel,2016,53,99900,135000,80000,119434,29051,-0.187,lokal
Peugeot,308,Tohjul,Diesel,2017,16,116717,130750,101744,121034,22505,-0.32,global
Peugeot,308,Tohjul,Diesel,2018,6,119850,108050,102427,137099,24897,-0.32,global
Peugeot,308,Tohjul,Diesel,2019,5,149532,94927,119990,154900,25570,-0.32,global
Peugeot,308,Tohjul,Diesel,2020,8,159950,98732,128200,179000,37785,-0.32,global
Peugeot,308,Tohjul,Diesel,2022,14,294175,52264,280612,299000,16952,-0.32,global
Peugeot,308,Tohjul,Hybrid,2023,9,309900,46000,299000,324900,14137,-0.32,global
Peugeot,308,Tohjul,Plug-in hybrid,2022,22,277000,44000,269000,299000,21382,0.484,lokal
Peugeot,308,Tohjul,Plug-in hybrid,2023,31,289900,36177,249000,299000,31089,0.67,lokal
Peugeot,308 SW,Tohjul,Bensin,2014,17,79900,121550,63166,89000,26956,-0.294,lokal
Peugeot,308 SW,Tohjul,Bensin,2015,24,108950,102154,96500,122400,30739,0.274,lokal
Peugeot,308 SW,Tohjul,Bensin,2016,19,99900,102000,83568,114900,24903,-0.312,lokal
Peugeot,308 SW,Tohjul,Bensin,2017,24,128500,73176,115975,140992,21111,0.11,lokal
Peugeot,308 SW,Tohjul,Bensin,2018,7,149900,91900,139450,174450,26654,-0.32,global
Peugeot,308 SW,Tohjul,Diesel,2009,5,28900,185000,18900,29900,8295,-0.32,global
Peugeot,308 SW,Tohjul,Diesel,2010,5,33000,147736,29900,35000,9606,-0.32,global
Peugeot,308 SW,Tohjul,Diesel,2014,15,59900,179000,51117,69950,24035,-0.187,lokal
Peugeot,308 SW,Tohjul,Diesel,2015,23,99999,129000,91217,122500,24677,-0.323,lokal
Peugeot,308 SW,Tohjul,Diesel,2016,15,109000,128160,93245,110900,19795,-0.08,lokal
Peugeot,308 SW,Tohjul,Diesel,2017,7,129900,119300,109850,149400,44863,-0.32,global
Peugeot,308 SW,Tohjul,Diesel,2018,10,118733,105750,115850,119600,15055,-0.32,global
Peugeot,308 SW,Tohjul,Diesel,2020,7,149999,71000,139900,179000,30265,-0.32,global
Peugeot,308 SW,Tohjul,Diesel,2021,8,164000,147270,159000,181500,22847,-0.32,global
Peugeot,308 SW,Tohjul,Diesel,2022,19,299900,58100,291950,349000,40400,-0.958,lokal
Peugeot,308 SW,Tohjul,Diesel,2023,7,349000,68427,349000,357000,24677,-0.32,global
Peugeot,308 SW,Tohjul,Hybrid,2023,6,309450,57590,309000,309900,13406,-0.32,global
Peugeot,308 SW,Tohjul,Plug-in hybrid,2022,12,284000,42285,267250,304000,35263,-0.32,global
Peugeot,308 SW,Tohjul,Plug-in hybrid,2023,33,319000,50190,309000,329000,20241,-0.315,lokal
Peugeot,4007,Firehjul,Diesel,2007,8,39450,236285,31206,50224,18848,-0.32,global
Peugeot,4007,Firehjul,Diesel,2008,7,29900,289729,22900,42971,17123,-0.32,global
Peugeot,4007,Firehjul,Diesel,2009,5,14268,262000,13000,34999,15644,-0.32,global
Peugeot,4007,Firehjul,Diesel,2010,12,35921,283916,28675,46942,16981,-0.32,global
Peugeot,4008,Firehjul,Diesel,2012,51,74990,189753,58945,88921,25200,-0.204,lokal
Peugeot,4008,Firehjul,Diesel,2013,27,74900,168981,63400,89400,19132,-0.253,lokal
Peugeot,4008,Firehjul,Diesel,2014,15,79900,168699,74667,104900,28846,-0.32,global
Peugeot,4008,Firehjul,Diesel,2015,13,124434,105000,109990,129900,21819,-0.32,global
Peugeot,406,Tohjul,Diesel,2002,5,19942,337000,16900,24942,7651,-0.32,global
Peugeot,406,Tohjul,Diesel,2003,6,24450,170636,18206,26932,8304,-0.32,global
Peugeot,407,Tohjul,Bensin,2005,10,19150,164350,16900,29160,11808,-0.32,global
Peugeot,407,Tohjul,Diesel,2005,9,22900,205000,13942,27900,11928,-0.32,global
Peugeot,407,Tohjul,Diesel,2006,8,19900,234981,17925,31175,12886,-0.32,global
Peugeot,407,Tohjul,Diesel,2007,34,22900,213366,12644,28375,17348,-0.101,lokal
Peugeot,407,Tohjul,Diesel,2008,18,20921,193640,17225,29000,17200,-0.112,lokal
Peugeot,407,Tohjul,Diesel,2009,6,31921,177514,27160,33650,10422,-0.32,global
Peugeot,407,Tohjul,Diesel,2010,9,35000,183000,29999,39999,11079,-0.32,global
Peugeot,408,Tohjul,Plug-in hybrid,2023,14,449000,7190,409900,459000,32781,-1.702,lokal
Peugeot,5008,Tohjul,Bensin,2017,28,204495,126290,169968,219000,34620,-0.861,lokal
Peugeot,5008,Tohjul,Bensin,2018,111,219000,105400,189654,242167,38902,-0.376,lokal
Peugeot,5008,Tohjul,Bensin,2019,77,239000,95500,199990,259000,44316,-0.64,lokal
Peugeot,5008,Tohjul,Bensin,2020,32,292400,61240,249675,326225,57680,0.202,lokal
Peugeot,5008,Tohjul,Bensin,2021,7,349000,64000,334450,379000,28890,-0.32,global
Peugeot,5008,Tohjul,Diesel,2010,132,29900,209650,21900,40910,16891,-0.065,lokal
Peugeot,5008,Tohjul,Diesel,2011,87,39942,201500,29921,49250,16714,-0.058,lokal
Peugeot,5008,Tohjul,Diesel,2012,45,41942,193000,31942,59900,18926,-0.282,lokal
Peugeot,5008,Tohjul,Diesel,2013,26,46471,195337,31500,58400,15259,-0.21,lokal
Peugeot,5008,Tohjul,Diesel,2014,24,79000,160066,64784,89000,21574,-0.089,lokal
Peugeot,5008,Tohjul,Diesel,2015,27,89890,137000,73026,119684,30970,-0.387,lokal
Peugeot,5008,Tohjul,Diesel,2016,22,119217,119314,99108,139000,27971,-0.606,lokal
Peugeot,5008,Tohjul,Diesel,2017,31,219000,122443,198950,234000,37209,-0.119,lokal
Peugeot,5008,Tohjul,Diesel,2018,181,219000,121000,179434,249000,45875,-0.379,lokal
Peugeot,5008,Tohjul,Diesel,2019,128,249667,104781,209000,269900,40760,-0.514,lokal
Peugeot,5008,Tohjul,Diesel,2020,81,278000,96000,215000,299900,49051,-0.532,lokal
Peugeot,5008,Tohjul,Diesel,2021,172,335000,79900,309675,359000,58174,-0.565,lokal
Peugeot,5008,Tohjul,Diesel,2022,54,395000,67016,366000,419000,63828,-1.65,lokal
Peugeot,5008,Tohjul,Diesel,2023,41,469000,47400,449900,479900,31108,-0.93,lokal
Peugeot,5008,Tohjul,Diesel,2024,7,489990,47630,479900,489990,49446,-0.32,global
Peugeot,5008,Tohjul,Elektrisk,2024,31,498990,13000,488500,499900,22383,0.608,lokal
Peugeot,5008,Tohjul,Elektrisk,2025,25,509000,8900,498900,529900,24629,-0.32,global
Peugeot,508,Tohjul,Bensin,2013,14,77971,149390,30500,107375,40136,-0.32,global
Peugeot,508,Tohjul,Bensin,2019,42,229450,85375,209225,249326,28674,-0.65,lokal
Peugeot,508,Tohjul,Bensin,2020,17,219900,105203,209900,249000,22131,-0.445,lokal
Peugeot,508,Tohjul,Diesel,2011,159,37900,197000,26942,51421,19786,-0.148,lokal
Peugeot,508,Tohjul,Diesel,2012,139,39000,205000,19962,49966,22894,-0.165,lokal
Peugeot,508,Tohjul,Diesel,2013,76,47450,192750,31425,64925,20026,-0.142,lokal
Peugeot,508,Tohjul,Diesel,2014,37,49434,190150,39434,59434,21187,-0.088,lokal
Peugeot,508,Tohjul,Diesel,2015,67,99900,144564,76983,128950,33213,-0.505,lokal
Peugeot,508,Tohjul,Diesel,2016,43,139000,113785,99000,159000,40065,-1.055,lokal
Peugeot,508,Tohjul,Diesel,2017,10,109434,160834,100780,117375,37326,-0.32,global
Peugeot,508,Tohjul,Diesel,2019,37,199900,95222,189000,236900,34176,-0.452,lokal
Peugeot,508,Tohjul,Diesel,2020,28,225000,76450,199999,241000,30787,-0.601,lokal
Peugeot,508,Tohjul,Diesel,2021,19,219000,151002,199900,224895,17649,-0.197,lokal
Peugeot,508,Tohjul,Diesel,2022,9,246500,91466,238500,259500,23580,-0.32,global
Peugeot,508,Firehjul,Hybrid,2012,8,66921,210124,63609,80160,11224,-0.32,global
Peugeot,508,Firehjul,Hybrid,2013,27,66900,215000,35950,81942,27004,-0.16,lokal
Peugeot,508,Firehjul,Hybrid,2014,14,99925,175000,80825,119000,29571,-0.32,global
Peugeot,508,Firehjul,Hybrid,2015,26,129945,163000,110008,143748,28501,-0.461,lokal
Peugeot,508,Tohjul,Hybrid,2020,18,229000,127000,202858,239675,32436,-0.354,lokal
Peugeot,508,Tohjul,Hybrid,2021,13,269900,49960,269900,279900,30193,-0.32,global
Peugeot,508,Tohjul,Plug-in hybrid,2020,19,248900,72000,222000,254450,26465,0.333,lokal
Peugeot,508,Firehjul,Plug-in hybrid,2021,16,449000,57850,434508,456000,14569,-0.105,lokal
Peugeot,508,Tohjul,Plug-in hybrid,2021,24,279000,52546,274000,291050,26292,0.408,lokal
Peugeot,508,Firehjul,Plug-in hybrid,2023,5,519900,25000,499900,529900,20896,-0.32,global
Peugeot,807,Tohjul,Diesel,2006,5,16942,218029,13942,21942,14467,-0.32,global
Peugeot,Bipper,Tohjul,Diesel,2015,9,55000,103000,49999,59900,11546,-0.32,global
Peugeot,Bipper,Tohjul,Diesel,2016,6,68476,84919,66678,74115,6647,-0.32,global
Peugeot,Boxer,Tohjul,Diesel,1999,5,86296,23332,86296,86296,33541,-0.32,global
Peugeot,Boxer,Tohjul,Diesel,2007,11,51268,235000,20518,79105,98561,-0.32,global
Peugeot,Boxer,Tohjul,Diesel,2008,7,29296,209313,25282,49296,59030,-0.32,global
Peugeot,Boxer,Tohjul,Diesel,2009,11,80268,232600,40268,145945,76101,-0.32,global
Peugeot,Boxer,Tohjul,Diesel,2010,8,65902,189474,35174,80191,30263,-0.32,global
Peugeot,Boxer,Tohjul,Diesel,2011,10,103372,174071,62046,180400,95133,-0.32,global
Peugeot,Boxer,Tohjul,Diesel,2014,10,100510,147000,57745,156796,63107,-0.32,global
Peugeot,Boxer,Tohjul,Diesel,2015,9,89520,146947,66520,131520,137369,-0.32,global
Peugeot,Boxer,Tohjul,Diesel,2016,16,149760,140500,147975,198553,54799,-0.32,global
Peugeot,Boxer,Tohjul,Diesel,2017,27,161520,156357,129260,189776,67089,-0.2,lokal
Peugeot,Boxer,Tohjul,Diesel,2018,20,230260,136500,169545,242400,72546,-0.542,lokal
Peugeot,Boxer,Tohjul,Diesel,2019,28,236711,114131,165353,320000,97822,-1.535,lokal
Peugeot,Boxer,Tohjul,Diesel,2020,10,269710,186964,234805,298750,59045,-0.32,global
Peugeot,Boxer,Tohjul,Diesel,2021,7,299000,78500,255160,299850,59330,-0.32,global
Peugeot,Boxer,Tohjul,Diesel,2022,6,342450,76000,319900,398750,89297,-0.32,global
Peugeot,Boxer,Tohjul,Diesel,2024,5,469000,1265,469000,499000,92743,-0.32,global
Peugeot,E-308,Tohjul,Elektrisk,2023,10,329450,17450,299562,339675,27354,-0.32,global
Peugeot,E-308,Tohjul,Elektrisk,2024,24,334000,17000,307400,379000,37139,-1.949,lokal
Peugeot,Expert,Tohjul,Diesel,2006,7,19296,206000,13634,21282,7638,-0.32,global
Peugeot,Expert,Tohjul,Diesel,2007,18,28782,197900,16722,39368,24839,-0.088,lokal
Peugeot,Expert,Tohjul,Diesel,2008,27,26900,181865,8532,47634,23270,-0.237,lokal
Peugeot,Expert,Tohjul,Diesel,2009,16,39250,159900,31775,41775,12668,-0.32,global
Peugeot,Expert,Firehjul,Diesel,2010,7,29796,197600,24148,52768,20137,-0.32,global
Peugeot,Expert,Tohjul,Diesel,2010,11,25000,211000,18148,29584,10760,-0.32,global
Peugeot,Expert,Firehjul,Diesel,2011,10,36296,123500,32518,40701,12075,-0.32,global
Peugeot,Expert,Tohjul,Diesel,2011,12,33268,193250,27199,35525,13613,-0.32,global
Peugeot,Expert,Firehjul,Diesel,2012,6,38634,168632,29289,45201,22183,-0.32,global
Peugeot,Expert,Tohjul,Diesel,2012,17,42000,227242,33296,49999,16362,-0.158,lokal
Peugeot,Expert,Firehjul,Diesel,2013,6,40598,209356,24447,47599,22924,-0.32,global
Peugeot,Expert,Tohjul,Diesel,2013,23,39900,197000,28238,49518,29496,-0.149,lokal
Peugeot,Expert,Firehjul,Diesel,2014,8,51908,129750,27806,64615,27617,-0.32,global
Peugeot,Expert,Tohjul,Diesel,2014,23,50000,193900,38210,62520,29827,-0.185,lokal
Peugeot,Expert,Firehjul,Diesel,2015,6,90500,129000,79665,97640,12656,-0.32,global
Peugeot,Expert,Tohjul,Diesel,2015,16,72760,115000,51053,83390,31051,-0.127,lokal
Peugeot,Expert,Tohjul,Diesel,2016,30,99900,138730,78615,129055,70686,-0.321,lokal
Peugeot,Expert,Firehjul,Diesel,2017,26,147626,135000,123520,166750,35340,-0.423,lokal
Peugeot,Expert,Tohjul,Diesel,2017,110,101520,137670,86528,129290,53228,-0.114,lokal
Peugeot,Expert,Firehjul,Diesel,2018,34,189450,118300,142313,229975,72885,-0.975,lokal
Peugeot,Expert,Tohjul,Diesel,2018,81,129000,120000,105000,139999,44560,-0.146,lokal
Peugeot,Expert,Firehjul,Diesel,2019,52,192760,115000,174820,212372,42991,-0.32,lokal
Peugeot,Expert,Tohjul,Diesel,2019,68,149260,108244,123425,186000,44901,-0.433,lokal
Peugeot,Expert,Firehjul,Diesel,2020,68,229000,96000,199900,249000,41177,-0.615,lokal
Peugeot,Expert,Tohjul,Diesel,2020,116,198950,84950,169730,217140,37098,-0.454,lokal
Peugeot,Expert,Firehjul,Diesel,2021,51,249900,90000,210226,276950,43812,-0.67,lokal
Peugeot,Expert,Tohjul,Diesel,2021,50,215776,74745,187365,229675,42367,-0.745,lokal
Peugeot,Expert,Firehjul,Diesel,2022,11,328900,45000,304900,364400,54419,-0.32,global
Peugeot,Expert,Tohjul,Diesel,2022,64,269203,54067,240165,289900,42557,-0.439,lokal
Peugeot,Expert,Tohjul,Diesel,2023,48,312400,34800,276708,341150,44934,-1.471,lokal
Peugeot,Expert,Tohjul,Diesel,2024,15,409450,13200,399450,424225,45944,-0.32,global
Peugeot,Expert,Tohjul,Diesel,2025,7,469000,10423,469000,488950,21729,-0.32,global
Peugeot,Expert,Tohjul,Elektrisk,2021,25,289000,47500,199000,359000,85078,-1.151,lokal
Peugeot,Partner,Tohjul,Diesel,2005,9,12768,155100,11268,22996,7477,-0.32,global
Peugeot,Partner,Tohjul,Diesel,2006,15,13268,153000,11605,20282,10796,-0.32,global
Peugeot,Partner,Firehjul,Diesel,2007,14,28634,135995,12768,36296,15468,-0.32,global
Peugeot,Partner,Tohjul,Diesel,2007,26,18593,171334,11296,21268,7019,-0.038,lokal
Peugeot,Partner,Firehjul,Diesel,2008,5,16500,175000,11296,16942,5608,-0.32,global
Peugeot,Partner,Tohjul,Diesel,2008,36,22232,167692,13025,32197,10916,-0.014,lokal
Peugeot,Partner,Tohjul,Diesel,2009,71,27268,195256,20000,36282,14544,-0.096,lokal
Peugeot,Partner,Firehjul,Diesel,2010,17,30900,224700,21268,39999,11859,-0.058,lokal
Peugeot,Partner,Tohjul,Diesel,2010,121,28768,185000,15796,39520,16521,-0.081,lokal
Peugeot,Partner,Firehjul,Diesel,2011,12,39105,195500,26518,51768,25710,-0.32,global
Peugeot,Partner,Tohjul,Diesel,2011,107,31268,182000,24893,42282,14590,-0.076,lokal
Peugeot,Partner,Firehjul,Diesel,2012,13,41268,205500,23296,46296,18149,-0.32,global
Peugeot,Partner,Tohjul,Diesel,2012,108,36268,185302,24018,48472,18230,-0.101,lokal
Peugeot,Partner,Firehjul,Diesel,2013,15,44268,145600,35782,67648,21942,-0.32,global
Peugeot,Partner,Tohjul,Diesel,2013,101,41268,182000,27296,49900,17917,-0.144,lokal
Peugeot,Partner,Firehjul,Diesel,2014,23,41520,167000,28270,63020,28419,-0.253,lokal
Peugeot,Partner,Tohjul,Diesel,2014,88,46520,162840,31389,59589,19588,-0.176,lokal
Peugeot,Partner,Firehjul,Diesel,2015,17,54553,180800,46520,80520,26708,-0.283,lokal
Peugeot,Partner,Tohjul,Diesel,2015,108,56408,149184,44305,70305,22941,-0.198,lokal
Peugeot,Partner,Firehjul,Diesel,2016,34,73520,151489,59615,93165,25269,-0.073,lokal
Peugeot,Partner,Tohjul,Diesel,2016,188,76536,129774,56520,99000,29242,-0.322,lokal
Peugeot,Partner,Firehjul,Diesel,2017,7,96520,152000,81720,118260,40193,-0.32,global
Peugeot,Partner,Tohjul,Diesel,2017,132,86036,118150,67303,99000,24177,-0.228,lokal
Peugeot,Partner,Firehjul,Diesel,2018,15,99970,124600,86520,119760,26920,-0.32,global
Peugeot,Partner,Tohjul,Diesel,2018,139,99900,95800,79910,119900,32304,-0.395,lokal
Peugeot,Partner,Firehjul,Diesel,2019,15,139900,115600,139000,149460,40703,-0.32,global
Peugeot,Partner,Tohjul,Diesel,2019,235,139000,105235,117776,153020,32803,-0.286,lokal
Peugeot,Partner,Firehjul,Diesel,2020,49,149900,114500,139900,186553,45978,-0.705,lokal
Peugeot,Partner,Tohjul,Diesel,2020,271,158520,80825,134260,177900,33640,-0.349,lokal
Peugeot,Partner,Firehjul,Diesel,2021,61,229000,85886,159000,249900,56159,-0.784,lokal
Peugeot,Partner,Tohjul,Diesel,2021,207,179000,71000,149698,198276,37007,-0.337,lokal
Peugeot,Partner,Firehjul,Diesel,2022,19,282406,38500,224000,289000,63239,-0.345,lokal
Peugeot,Partner,Tohjul,Diesel,2022,49,209900,59800,179000,239900,41401,-0.641,lokal
Peugeot,Partner,Tohjul,Diesel,2023,51,254406,38000,227000,269900,37232,-0.675,lokal
Peugeot,Partner,Tohjul,Diesel,2024,75,299000,16813,295000,314950,18870,-0.581,lokal
Peugeot,Partner,Tohjul,Diesel,2025,21,339000,13600,339000,349000,11289,-0.32,global
Peugeot,Partner,Tohjul,Elektrisk,2013,9,26296,100491,21268,31268,8202,-0.32,global
Peugeot,Partner,Tohjul,Elektrisk,2014,12,40710,93384,20046,47771,16294,-0.32,global
Peugeot,Partner,Tohjul,Elektrisk,2015,14,39500,70667,26528,46553,18012,-0.32,global
Peugeot,Partner,Tohjul,Elektrisk,2016,10,51536,61000,39390,59879,14913,-0.32,global
Peugeot,Partner,Tohjul,Elektrisk,2017,18,67020,59750,59130,78380,21723,-0.32,lokal
Peugeot,Partner,Tohjul,Elektrisk,2018,29,70408,66754,39553,79000,26594,-0.205,lokal
Peugeot,Partner,Tohjul,Elektrisk,2019,16,81500,42000,67812,98250,24961,-0.32,global
Peugeot,Partner,Tohjul,Elektrisk,2022,20,199450,47000,169175,229112,35229,-0.574,lokal
Peugeot,Partner,Tohjul,Elektrisk,2024,7,319000,1278,309000,329000,16630,-0.32,global
Peugeot,Partner Electric,Tohjul,Elektrisk,2014,6,33260,88000,23852,47382,16471,-0.32,global
Peugeot,Partner Electric,Tohjul,Elektrisk,2018,14,80210,50231,69225,89600,19981,-0.32,global
Peugeot,Partner Electric,Tohjul,Elektrisk,2019,14,85260,74500,72175,97499,16676,-0.32,global
Peugeot,Partner Electric,Tohjul,Elektrisk,2022,13,199000,38702,198000,229800,34983,-0.32,global
Peugeot,Partner Electric,Tohjul,Elektrisk,2024,7,299000,10500,274000,318500,32018,-0.32,global
Peugeot,Partner Electric,Tohjul,Elektrisk,2025,15,349000,9400,334000,349000,15523,-0.32,global
Peugeot,Partner Tepee,Tohjul,Elektrisk,2018,5,79999,73100,74900,84532,6444,-0.32,global
Peugeot,RCZ,Tohjul,Bensin,2011,11,129000,86000,109950,139999,23590,-0.32,global
Peugeot,Rifter,Tohjul,Diesel,2019,20,236717,99350,226725,284550,50238,-0.606,lokal
Peugeot,Rifter,Tohjul,Diesel,2020,7,239000,75000,214532,274450,45327,-0.32,global
Peugeot,Rifter,Tohjul,Elektrisk,2022,11,259000,50600,247350,283950,30768,-0.32,global
Peugeot,Traveller,Tohjul,Diesel,2017,18,374000,151173,341500,419900,51642,1.56,lokal
Peugeot,Traveller,Tohjul,Diesel,2018,24,223260,159500,118748,349200,132563,1.744,lokal
Peugeot,Traveller,Tohjul,Diesel,2021,21,479000,53231,459000,529000,52208,-0.501,lokal
Peugeot,Traveller,Tohjul,Elektrisk,2021,26,389434,52000,356000,419784,48844,-0.909,lokal
Peugeot,Traveller,Tohjul,Elektrisk,2022,7,439000,85000,314172,454000,109695,-0.32,global
Peugeot,e-2008,Tohjul,Elektrisk,2020,222,174900,63150,159532,189000,17987,-0.413,lokal
Peugeot,e-2008,Tohjul,Elektrisk,2021,472,189000,56787,175000,199000,20464,-0.294,lokal
Peugeot,e-2008,Tohjul,Elektrisk,2022,369,219000,41776,199990,229000,18373,-0.231,lokal
Peugeot,e-2008,Ukjent,Elektrisk,2022,5,209000,36500,209000,215000,19016,-0.32,global
Peugeot,e-2008,Tohjul,Elektrisk,2023,188,249000,30000,235000,269000,27114,-0.544,lokal
Peugeot,e-2008,Tohjul,Elektrisk,2024,69,315000,12800,299000,325000,21385,-0.702,lokal
Peugeot,e-2008,Tohjul,Elektrisk,2025,20,349000,4650,338000,351500,13460,-0.32,global
Peugeot,e-3008,Tohjul,Elektrisk,2024,49,409000,18000,399000,429900,21093,-1.018,lokal
Peugeot,e-3008,Firehjul,Elektrisk,2025,23,524000,5600,519000,531500,16073,-0.32,global
Peugeot,e-3008,Tohjul,Elektrisk,2025,14,469225,8350,454000,487175,29068,-0.32,global
Peugeot,e-308,Tohjul,Elektrisk,2024,21,319000,26000,299000,329900,25046,-1.164,lokal
Peugeot,e-5008,Tohjul,Elektrisk,2024,19,489000,22500,483950,489450,14997,-0.59,lokal
Peugeot,e-5008,Firehjul,Elektrisk,2025,13,585000,5000,579450,599000,23320,-0.32,global
Peugeot,e-5008,Tohjul,Elektrisk,2025,28,499000,13944,489000,509000,15616,-0.481,lokal
Peugeot,e-Expert,Tohjul,Elektrisk,2021,88,189000,58475,169675,218250,30844,-0.258,lokal
Peugeot,e-Expert,Tohjul,Elektrisk,2022,24,229000,62387,208225,252175,32150,-0.234,lokal
Peugeot,e-Expert,Tohjul,Elektrisk,2023,33,314900,20566,284900,339000,48560,-1.677,lokal
Peugeot,e-Traveller,Tohjul,Elektrisk,2021,20,359000,64000,339000,379225,24500,-0.557,lokal
Peugeot,iOn,Tohjul,Elektrisk,2011,25,17900,92970,12942,22400,7106,-0.03,lokal
Peugeot,iOn,Tohjul,Elektrisk,2012,35,17942,89500,12421,24921,7682,-0.009,lokal
Peugeot,iOn,Tohjul,Elektrisk,2014,40,24583,76711,21748,28306,6959,-0.042,lokal
Peugeot,iOn,Tohjul,Elektrisk,2015,35,31166,69405,25000,38500,10889,-0.218,lokal
Peugeot,iOn,Tohjul,Elektrisk,2016,27,31236,62000,26651,39999,10047,-0.211,lokal
Peugeot,iOn,Tohjul,Elektrisk,2017,10,38701,55000,38166,42427,7206,-0.32,global
Peugeot,iOn,Tohjul,Elektrisk,2018,11,46000,47000,43098,50533,9085,-0.32,global
Plymouth,Ukjent,Tohjul,Bensin,0,5,389000,0,129900,395000,145515,-0.32,global
Polestar,2,Firehjul,Elektrisk,2020,38,297000,87028,271108,314434,39699,-0.7,lokal
Polestar,2,Firehjul,Elektrisk,2021,1005,309900,79000,289000,333434,32881,-0.642,lokal
Polestar,2,Tohjul,Elektrisk,2021,5,279434,48500,277000,290434,11867,-0.32,global
Polestar,2,Firehjul,Elektrisk,2022,382,349000,65000,324649,369000,34585,-0.447,lokal
Polestar,2,Tohjul,Elektrisk,2022,185,289000,63000,274532,299000,24753,-0.383,lokal
Polestar,2,Firehjul,Elektrisk,2023,408,399000,40658,379000,415750,38023,-0.488,lokal
Polestar,2,Tohjul,Elektrisk,2023,170,317672,44000,299000,339000,154483,-0.567,lokal
Polestar,2,Firehjul,Elektrisk,2024,156,461000,25590,439900,489900,36191,-0.868,lokal
Polestar,2,Tohjul,Elektrisk,2024,44,399850,27675,379900,409900,28610,-0.854,lokal
Polestar,2,Firehjul,Elektrisk,2025,370,529000,11949,509000,539675,26400,-1.8,lokal
Polestar,2,Tohjul,Elektrisk,2025,28,469900,8432,449742,479000,23348,-1.26,lokal
Polestar,2,Firehjul,Elektrisk,2026,13,569000,5200,549900,589900,29138,-0.32,global
Polestar,3,Firehjul,Elektrisk,2024,167,775900,12000,749000,799000,34602,-0.123,lokal
Polestar,3,Firehjul,Elektrisk,2025,95,799900,5000,789000,829450,34243,-0.32,global
Polestar,4,Firehjul,Elektrisk,2025,233,629900,11978,604900,649900,35658,-0.605,lokal
Polestar,4,Tohjul,Elektrisk,2025,40,539900,9310,529900,559000,19107,-0.32,global
Polestar,4,Firehjul,Elektrisk,2026,167,649900,3054,636950,679900,33943,-0.32,global
Pontiac,Bonneville,Tohjul,Bensin,1966,5,235000,99999,225000,239000,73142,-0.32,global
Pontiac,Firebird,Tohjul,Bensin,1969,5,289000,85000,289000,331900,72715,-0.32,global
Porsche,911,Tohjul,Bensin,1979,6,505921,233000,475410,526725,60173,-0.32,global
Porsche,911,Tohjul,Bensin,1985,5,600000,168700,550000,695000,314158,-0.32,global
Porsche,911,Tohjul,Bensin,1995,7,699000,142000,637950,749495,82543,-0.32,global
Porsche,911,Tohjul,Bensin,1998,6,334421,174500,321724,347978,38635,-0.32,global
Porsche,911,Firehjul,Bensin,1999,11,330942,97104,303400,380700,52767,-0.32,global
Porsche,911,Tohjul,Bensin,1999,14,359000,156000,349900,394675,109238,-0.32,global
Porsche,911,Firehjul,Bensin,2000,10,305948,150868,260486,351500,109985,-0.32,global
Porsche,911,Firehjul,Bensin,2001,18,594900,106500,542225,678000,140608,-1.222,lokal
Porsche,911,Firehjul,Bensin,2002,11,451900,172000,383500,519450,119129,-0.32,global
Porsche,911,Firehjul,Bensin,2003,11,449000,135000,429450,474000,60671,-0.32,global
Porsche,911,Tohjul,Bensin,2005,16,578471,123000,536250,621500,78207,-0.32,global
Porsche,911,Firehjul,Bensin,2006,18,569450,138650,538725,579675,62221,-0.298,lokal
Porsche,911,Firehjul,Bensin,2007,19,679000,130000,559000,839495,203335,-1.779,lokal
Porsche,911,Tohjul,Bensin,2007,6,1387000,83500,961175,1494000,450482,-0.32,global
Porsche,911,Firehjul,Bensin,2008,5,929900,76800,696845,949900,164303,-0.32,global
Porsche,911,Firehjul,Bensin,2009,9,691942,116827,689000,789000,92992,-0.32,global
Porsche,911,Tohjul,Bensin,2009,5,609900,149000,591900,649000,41954,-0.32,global
Porsche,911,Firehjul,Bensin,2010,11,1029000,115000,1005450,1097000,149564,-0.32,global
Porsche,911,Tohjul,Bensin,2012,13,949000,72500,899900,969000,51076,-0.32,global
Porsche,911,Firehjul,Bensin,2013,26,899000,109000,872250,983956,95600,-2.017,lokal
Porsche,911,Firehjul,Bensin,2014,23,1249000,97000,1014000,1309495,168445,-2.244,lokal
Porsche,911,Tohjul,Bensin,2014,7,1449900,68000,1399450,1499450,87729,-0.32,global
Porsche,911,Firehjul,Bensin,2015,15,1249900,79500,991716,1534000,276431,-0.32,global
Porsche,911,Tohjul,Bensin,2015,6,1546934,60852,981815,1629851,423187,-0.32,global
Porsche,911,Firehjul,Bensin,2016,5,1299900,77460,979900,1449000,251787,-0.32,global
Porsche,911,Firehjul,Bensin,2017,43,1384434,72500,1149000,1579000,270852,-2.303,lokal
Porsche,911,Tohjul,Bensin,2017,12,949450,101700,937175,1011500,138021,-0.32,global
Porsche,911,Firehjul,Bensin,2018,15,1395000,68000,1339900,1499450,152272,2.433,lokal
Porsche,911,Tohjul,Bensin,2018,15,1849000,29311,1577216,4194500,1499695,-0.32,global
Porsche,911,Tohjul,Bensin,2019,6,2744450,23200,2547425,2798900,218939,-0.32,global
Porsche,911,Firehjul,Bensin,2020,85,1619000,49900,1550000,1699000,346401,-9.227,lokal
Porsche,911,Firehjul,Bensin,2021,23,2049000,30000,1984000,2569000,452751,1.497,lokal
Porsche,911,Firehjul,Bensin,2022,29,2095000,28500,2049000,2549000,346109,-5.801,lokal
Porsche,911,Tohjul,Bensin,2022,19,2599900,20000,2599000,2799000,311275,-13.222,lokal
Porsche,911,Firehjul,Bensin,2023,27,2199900,18000,2154500,2349000,608312,-60.531,lokal
Porsche,911,Tohjul,Bensin,2023,8,2870000,17273,2561500,3915000,888333,-0.32,global
Porsche,911,Firehjul,Bensin,2024,8,2494500,17320,2436500,2499000,109656,-0.32,global
Porsche,911,Tohjul,Bensin,2024,14,4450000,3842,3459750,4495000,882893,-0.32,global
Porsche,911,Tohjul,Bensin,2025,21,1999000,6700,1949000,2195000,833854,-27.159,lokal
Porsche,911,Tohjul,Bensin,2026,5,3765449,12,3599000,3818238,185004,-0.32,global
Porsche,911,Firehjul,Hybrid,2025,24,2849000,8500,2799000,2899000,122865,-0.32,global
Porsche,911,Firehjul,Hybrid,2026,14,3244000,45,3156476,3300035,98712,-0.32,global
Porsche,944,Tohjul,Bensin,1984,7,99900,181000,92000,104950,32068,-0.32,global
Porsche,944,Tohjul,Bensin,1986,6,192971,190000,146206,244236,92088,-0.32,global
Porsche,Boxster,Tohjul,Bensin,1997,6,115864,193150,110389,119999,49306,-0.32,global
Porsche,Boxster,Tohjul,Bensin,1998,9,144942,172000,101900,159900,50511,-0.32,global
Porsche,Boxster,Tohjul,Bensin,1999,6,101921,159000,74222,134724,43100,-0.32,global
Porsche,Boxster,Tohjul,Bensin,2000,12,175400,176388,116900,199900,64549,-0.32,global
Porsche,Boxster,Tohjul,Bensin,2001,5,219000,135000,159900,220900,43851,-0.32,global
Porsche,Boxster,Tohjul,Bensin,2005,7,329000,128854,270900,375921,92319,-0.32,global
Porsche,Boxster,Tohjul,Bensin,2010,5,339000,147500,318000,339000,60017,-0.32,global
Porsche,Boxster,Tohjul,Bensin,2013,13,589000,80000,575000,599000,50762,-0.32,global
Porsche,Cayenne,Firehjul,Bensin,2003,6,88200,251154,60806,89000,52133,-0.32,global
Porsche,Cayenne,Firehjul,Bensin,2004,27,79000,238900,49400,95900,49154,-0.25,lokal
Porsche,Cayenne,Firehjul,Bensin,2005,17,99900,222000,68900,145000,54934,-0.47,lokal
Porsche,Cayenne,Firehjul,Bensin,2006,10,100900,237500,78900,121855,101604,-0.32,global
Porsche,Cayenne,Firehjul,Bensin,2008,20,209950,216674,137410,291500,82677,-1.579,lokal
Porsche,Cayenne,Firehjul,Bensin,2011,32,378500,168350,299675,399000,65562,-0.189,lokal
Porsche,Cayenne,Firehjul,Bensin,2013,9,379900,174000,379000,499900,81343,-0.32,global
Porsche,Cayenne,Firehjul,Bensin,2015,5,659900,147000,599000,665000,44380,-0.32,global
Porsche,Cayenne,Firehjul,Bensin,2016,9,649000,177000,599000,649600,176862,-0.32,global
Porsche,Cayenne,Firehjul,Bensin,2018,21,839000,92000,728900,953305,222994,-3.542,lokal
Porsche,Cayenne,Firehjul,Bensin,2019,9,959900,104000,699000,999000,157244,-0.32,global
Porsche,Cayenne,Firehjul,Bensin,2021,7,1449000,28000,1404500,1546717,294509,-0.32,global
Porsche,Cayenne,Firehjul,Diesel,2010,6,158471,256250,125660,187499,41351,-0.32,global
Porsche,Cayenne,Firehjul,Diesel,2011,64,219000,238000,196500,249925,43584,-0.429,lokal
Porsche,Cayenne,Firehjul,Diesel,2012,67,259900,178063,229450,284450,46881,-0.447,lokal
Porsche,Cayenne,Firehjul,Diesel,2013,45,289000,199000,258900,319000,75576,-0.448,lokal
Porsche,Cayenne,Firehjul,Diesel,2014,34,275471,238000,250975,311225,57704,-0.272,lokal
Porsche,Cayenne,Firehjul,Diesel,2015,32,424450,158217,399000,477284,127597,-1.685,lokal
Porsche,Cayenne,Firehjul,Hybrid,2015,25,378000,166000,349900,389000,111804,-0.514,lokal
Porsche,Cayenne,Firehjul,Hybrid,2016,39,409000,149500,396500,439000,36763,0.137,lokal
Porsche,Cayenne,Firehjul,Hybrid,2017,44,399450,154500,369900,449750,58469,-0.784,lokal
Porsche,Cayenne,Firehjul,Hybrid,2018,8,497162,115400,461500,544248,88494,-0.32,global
Porsche,Cayenne,Firehjul,Hybrid,2019,86,679900,106500,649990,699900,57824,-0.738,lokal
Porsche,Cayenne,Firehjul,Hybrid,2020,59,819000,81598,772000,999450,242695,-1.075,lokal
Porsche,Cayenne,Firehjul,Hybrid,2021,22,832167,89440,799000,891500,70762,-0.713,lokal
Porsche,Cayenne,Firehjul,Hybrid,2022,22,1114500,65000,1089000,1156500,131534,-0.32,global
Porsche,Cayenne,Firehjul,Hybrid,2023,8,1164450,64000,1144000,1169000,17708,-0.32,global
Porsche,Cayenne,Firehjul,Hybrid,2024,6,1542500,29992,1460500,1603128,183238,-0.32,global
Porsche,Cayenne,Firehjul,Plug-in hybrid,2015,8,366983,169500,335383,404108,51695,-0.32,global
Porsche,Cayenne,Firehjul,Plug-in hybrid,2016,21,419990,136000,394434,579990,101308,-1.59,lokal
Porsche,Cayenne,Firehjul,Plug-in hybrid,2017,15,429434,145000,384962,447217,55427,-0.32,global
Porsche,Cayenne,Firehjul,Plug-in hybrid,2019,36,678950,114805,638749,721500,59689,-1.482,lokal
Porsche,Cayenne,Firehjul,Plug-in hybrid,2020,35,749000,90500,699000,799217,128514,-1.653,lokal
Porsche,Cayenne,Firehjul,Plug-in hybrid,2021,25,929000,63000,879000,949000,75419,-2.291,lokal
Porsche,Cayenne,Firehjul,Plug-in hybrid,2022,35,1049000,52403,999000,1099000,65877,-1.616,lokal
Porsche,Cayenne,Firehjul,Plug-in hybrid,2023,18,1089000,53480,1034000,1179000,91534,-3.283,lokal
Porsche,Cayenne,Firehjul,Plug-in hybrid,2024,31,1595000,27500,1494500,1699000,370217,15.755,lokal
Porsche,Cayenne,Firehjul,Plug-in hybrid,2025,19,1849000,7000,1799000,1899000,142471,-8.218,lokal
Porsche,Cayenne,Firehjul,Plug-in hybrid,2026,15,2010622,45,1999000,2150500,494794,-0.32,global
Porsche,Cayenne Coupe,Firehjul,Bensin,2020,8,1299450,84250,1189000,1392250,272671,-0.32,global
Porsche,Cayenne Coupe,Firehjul,Bensin,2022,16,2244500,43250,2187250,2334000,443573,-0.346,lokal
Porsche,Cayenne Coupe,Firehjul,Hybrid,2020,68,839000,76200,779675,879900,134767,-1.744,lokal
Porsche,Cayenne Coupe,Firehjul,Hybrid,2021,15,899000,76800,809900,942450,67343,-3.545,lokal
Porsche,Cayenne Coupe,Firehjul,Hybrid,2024,7,2499000,20000,2079995,2692000,499051,-0.32,global
Porsche,Cayenne Coupe,Firehjul,Hybrid,2025,7,2149000,5000,2064000,2549900,293536,-0.32,global
Porsche,Cayenne Coupe,Firehjul,Plug-in hybrid,2020,43,829000,86900,791900,886950,180311,-2.056,lokal
Porsche,Cayenne Coupe,Firehjul,Plug-in hybrid,2021,13,879900,82134,849900,899434,53922,-0.32,global
Porsche,Cayenne Coupe,Firehjul,Plug-in hybrid,2022,10,1224000,30355,1124000,1661500,366704,-0.32,global
Porsche,Cayenne Coupe,Firehjul,Plug-in hybrid,2023,29,1099000,51980,1059000,1149000,80055,-3.952,lokal
Porsche,Cayenne Coupe,Firehjul,Plug-in hybrid,2024,58,1579000,20189,1499000,1629000,347904,4.871,lokal
Porsche,Cayenne Coupe,Firehjul,Plug-in hybrid,2025,23,1749000,6500,1697000,2009500,292553,-0.32,global
Porsche,Cayenne Coupe,Firehjul,Plug-in hybrid,2026,8,2082830,174,2033746,2128131,128143,-0.32,global
Porsche,Cayman,Tohjul,Bensin,2006,6,380471,146000,357250,391736,95896,-0.32,global
Porsche,Cayman,Tohjul,Bensin,2007,11,336900,130000,294900,357950,38996,-0.32,global
Porsche,Cayman,Tohjul,Bensin,2008,16,424495,83400,382975,479000,89037,-1.065,lokal
Porsche,Cayman,Tohjul,Bensin,2014,5,588000,133000,548000,588000,77571,-0.32,global
Porsche,Cayman,Tohjul,Bensin,2016,5,890000,34500,699000,1095000,201567,-0.32,global
Porsche,Cayman,Tohjul,Bensin,2017,12,689000,70000,679000,706500,27414,-0.32,global
Porsche,Cayman,Tohjul,Bensin,2018,5,768000,64000,659990,768000,99194,-0.32,global
Porsche,Cayman,Tohjul,Bensin,2019,7,1650000,17000,879917,1650000,437289,-0.32,global
Porsche,Cayman,Tohjul,Bensin,2020,5,1354532,21630,1350000,1399000,26524,-0.32,global
Porsche,Cayman,Tohjul,Bensin,2021,7,1390000,17600,1366766,1447000,103746,-0.32,global
Porsche,Cayman,Tohjul,Bensin,2022,9,1049000,30000,1029000,1999999,705167,-0.32,global
Porsche,Cayman,Tohjul,Bensin,2023,5,2495000,4950,2495000,2495000,177097,-0.32,global
Porsche,Cayman,Tohjul,Bensin,2024,10,1390000,7500,1299000,1390000,426353,-0.32,global
Porsche,Cayman,Tohjul,Bensin,2025,6,3288496,1800,3064624,3288496,154143,-0.32,global
Porsche,Macan,Firehjul,Bensin,2014,5,419990,128000,339000,488900,91940,-0.32,global
Porsche,Macan,Firehjul,Bensin,2015,56,479000,121250,447425,491242,64007,-0.645,lokal
Porsche,Macan,Firehjul,Bensin,2016,17,519000,141000,469990,529900,49071,0.142,lokal
Porsche,Macan,Firehjul,Bensin,2017,91,529000,110700,438000,624000,108446,-0.344,lokal
Porsche,Macan,Firehjul,Bensin,2018,42,499000,101250,478250,584900,105496,-0.193,lokal
Porsche,Macan,Firehjul,Bensin,2019,25,649000,71000,635000,649000,27362,0.347,lokal
Porsche,Macan,Firehjul,Bensin,2020,7,989000,78000,734450,1089000,211679,-0.32,global
Porsche,Macan,Firehjul,Diesel,2014,38,369000,164000,349108,386500,31893,-0.493,lokal
Porsche,Macan,Firehjul,Diesel,2015,81,369900,144500,339000,399900,50423,-0.963,lokal
Porsche,Macan,Firehjul,Diesel,2016,33,339900,179531,329000,379999,54393,-0.729,lokal
Porsche,Macan,Firehjul,Diesel,2017,25,529000,124000,473434,529000,58993,-0.435,lokal
Porsche,Macan,Firehjul,Elektrisk,2024,314,999000,12100,949000,1129000,161169,2.914,lokal
Porsche,Macan,Firehjul,Elektrisk,2025,301,1159000,6500,1059000,1288000,176859,-1.195,lokal
Porsche,Macan,Firehjul,Elektrisk,2026,14,1351853,38,1248250,1569318,171030,-0.32,global
Porsche,Panamera,Firehjul,Bensin,2010,44,313338,175000,276932,351150,78938,-0.207,lokal
Porsche,Panamera,Firehjul,Bensin,2011,42,300950,164006,256000,366748,73579,-0.785,lokal
Porsche,Panamera,Firehjul,Bensin,2012,22,460950,135000,337456,570175,143754,-1.835,lokal
Porsche,Panamera,Firehjul,Bensin,2013,12,387950,152000,344956,419900,48360,-0.32,global
Porsche,Panamera,Firehjul,Bensin,2014,7,529000,95800,494517,564000,80177,-0.32,global
Porsche,Panamera,Firehjul,Bensin,2017,16,828500,96950,711750,829925,82052,1.993,lokal
Porsche,Panamera,Firehjul,Bensin,2018,10,959000,86000,939000,991000,33012,-0.32,global
Porsche,Panamera,Firehjul,Bensin,2019,9,999000,72000,999000,1098000,52390,-0.32,global
Porsche,Panamera,Tohjul,Diesel,2012,8,315400,134950,264000,333925,55434,-0.32,global
Porsche,Panamera,Firehjul,Hybrid,2017,30,609495,114500,579000,663500,77433,-1.785,lokal
Porsche,Panamera,Firehjul,Hybrid,2018,221,669000,99000,629000,699000,150581,-0.785,lokal
Porsche,Panamera,Firehjul,Hybrid,2019,40,739495,93000,696475,832499,146881,-0.825,lokal
Porsche,Panamera,Firehjul,Hybrid,2020,48,879000,64000,827150,899000,1146810,-1.403,lokal
Porsche,Panamera,Firehjul,Hybrid,2025,7,2598000,1500,2596500,2598000,123112,-0.32,global
Porsche,Panamera,Firehjul,Hybrid,2026,6,2462049,45,2429236,2462049,22593,-0.32,global
Porsche,Panamera,Firehjul,Plug-in hybrid,2017,5,584434,87000,575000,589000,18506,-0.32,global
Porsche,Panamera,Firehjul,Plug-in hybrid,2018,65,689000,107400,639999,720000,143013,-1.226,lokal
Porsche,Panamera,Firehjul,Plug-in hybrid,2019,10,716483,107000,683534,790076,153079,-0.32,global
Porsche,Panamera,Firehjul,Plug-in hybrid,2020,30,784000,94000,749000,825358,92273,-1.454,lokal
Porsche,Panamera,Firehjul,Plug-in hybrid,2021,5,999900,68500,949000,1544532,407375,-0.32,global
Porsche,Panamera,Firehjul,Plug-in hybrid,2024,12,2024000,14000,1987250,2624000,364194,-0.32,global
Porsche,Panamera,Firehjul,Plug-in hybrid,2025,12,1972000,18500,1949000,2120586,319743,-0.32,global
Porsche,Panamera,Firehjul,Plug-in hybrid,2026,11,2670536,30,2592000,2779456,245847,-0.32,global
Porsche,Taycan,Firehjul,Elektrisk,2020,371,579900,69900,549000,689717,112182,-0.871,lokal
Porsche,Taycan,Firehjul,Elektrisk,2021,161,603434,63000,569000,682129,107103,-1.612,lokal
Porsche,Taycan,Tohjul,Elektrisk,2021,31,519000,59800,489217,529495,32432,-0.56,lokal
Porsche,Taycan,Firehjul,Elektrisk,2022,114,651717,58300,619000,693323,93776,-1.19,lokal
Porsche,Taycan,Tohjul,Elektrisk,2022,9,554434,48000,534434,597343,60271,-0.32,global
Porsche,Taycan,Firehjul,Elektrisk,2023,44,734450,36700,660146,799000,103133,-2.254,lokal
Porsche,Taycan,Firehjul,Elektrisk,2025,29,1329000,5900,1159000,1499000,260188,-11.38,lokal
Porsche,Taycan,Firehjul,Elektrisk,2026,20,1538738,230,1483750,1815782,374877,-0.32,global
Porsche,Taycan Cross Turismo,Firehjul,Elektrisk,2020,5,669000,55800,639000,879000,160406,-0.32,global
Porsche,Taycan Cross Turismo,Firehjul,Elektrisk,2021,219,695000,55000,629000,829000,139564,-1.228,lokal
Porsche,Taycan Cross Turismo,Firehjul,Elektrisk,2022,539,669434,55000,629000,729000,106070,-1.19,lokal
Porsche,Taycan Cross Turismo,Tohjul,Elektrisk,2022,5,598000,44600,578000,598000,36469,-0.32,global
Porsche,Taycan Cross Turismo,Firehjul,Elektrisk,2023,140,749000,39696,699900,799000,101286,-1.177,lokal
Porsche,Taycan Cross Turismo,Firehjul,Elektrisk,2024,5,789000,20500,779000,849000,91378,-0.32,global
Porsche,Taycan Cross Turismo,Firehjul,Elektrisk,2025,67,1149000,16900,1049000,1364000,221015,-0.32,global
Porsche,Taycan Cross Turismo,Firehjul,Elektrisk,2026,7,1649000,258,1547000,1671082,95813,-0.32,global
Porsche,Taycan Sport Turismo,Firehjul,Elektrisk,2022,39,899000,39500,875000,983500,104879,-1.367,lokal
Porsche,Taycan Sport Turismo,Tohjul,Elektrisk,2022,9,599000,48100,579900,647343,40809,-0.32,global
Porsche,Taycan Sport Turismo,Firehjul,Elektrisk,2023,38,904000,30000,876000,949675,80823,-1.433,lokal
Porsche,Taycan Sport Turismo,Tohjul,Elektrisk,2023,7,669000,49500,649945,697000,33333,-0.32,global
Porsche,Taycan Sport Turismo,Firehjul,Elektrisk,2025,28,1449000,9500,1383500,1504000,181761,-2.024,lokal
Porsche,Taycan Sport Turismo,Tohjul,Elektrisk,2025,36,859450,17450,826500,899000,134857,-2.42,lokal
Porsche,Taycan Sport Turismo,Firehjul,Elektrisk,2026,5,2066058,15,2035000,2166719,232768,-0.32,global
RAM,1500,Firehjul,Bensin,2019,9,599520,123000,599000,649600,129428,-0.32,global
RAM,1500,Firehjul,Bensin,2021,21,1299000,78000,1249900,1349900,104645,-2.528,lokal
RAM,1500,Firehjul,Bensin,2022,17,1049000,80800,948900,1149000,282651,-4.213,lokal
RAM,1500,Firehjul,Bensin,2025,14,1699000,100,1661500,1699000,111988,-0.32,global
RAM,1500,Firehjul,Diesel,2014,7,429000,173000,379500,474495,62713,-0.32,global
RAM,1500,Firehjul,Diesel,2016,7,439600,136300,424990,474000,39451,-0.32,global
RAM,1500,Firehjul,Diesel,2021,10,854495,33000,829888,876500,41496,-0.32,global
RAM,1500,Firehjul,Diesel,2022,14,884450,40000,872175,929000,89304,-0.32,global
Renault,4 E-Tech,Tohjul,Elektrisk,2025,17,378900,2000,359000,389000,27293,-0.32,global
Renault,5,Tohjul,Elektrisk,2025,6,287450,650,275000,306725,24611,-0.32,global
Renault,5 E-Tech,Tohjul,Elektrisk,2025,49,339000,2000,319900,354000,21497,-0.32,global
Renault,Captur,Tohjul,Bensin,2013,7,79990,79463,71400,94495,15978,-0.32,global
Renault,Captur,Tohjul,Bensin,2014,51,69942,117156,59442,89000,22431,-0.242,lokal
Renault,Captur,Tohjul,Bensin,2015,33,79236,104000,69000,95000,22357,-0.228,lokal
Renault,Captur,Tohjul,Bensin,2016,28,98500,97450,87000,109900,25024,-0.442,lokal
Renault,Captur,Tohjul,Bensin,2017,13,125900,62866,115166,139000,16392,-0.32,global
Renault,Captur,Tohjul,Bensin,2018,20,151717,65000,135500,159000,23700,-0.2,lokal
Renault,Captur,Tohjul,Bensin,2019,14,159450,57900,142400,164900,16377,-0.32,global
Renault,Captur,Tohjul,Hybrid,2021,17,219000,47400,198000,229000,35418,0.42,lokal
Renault,Captur,Tohjul,Hybrid,2022,9,255000,29000,249000,259000,11936,-0.32,global
Renault,Captur,Tohjul,Plug-in hybrid,2020,15,189000,56000,173500,189450,20482,-0.32,global
Renault,Captur,Tohjul,Plug-in hybrid,2021,252,199000,57690,188900,219000,22494,-0.402,lokal
Renault,Captur,Tohjul,Plug-in hybrid,2022,37,249000,36135,228999,265000,27647,-0.582,lokal
Renault,Captur,Tohjul,Plug-in hybrid,2023,9,289000,33500,289000,299000,38439,-0.32,global
Renault,Clio,Tohjul,Bensin,2002,8,13900,150000,11190,18188,7515,-0.32,global
Renault,Clio,Tohjul,Bensin,2006,21,21900,138983,16900,31000,49421,-0.074,lokal
Renault,Clio,Tohjul,Bensin,2007,9,16900,156710,8942,19900,7551,-0.32,global
Renault,Clio,Tohjul,Bensin,2009,6,36900,77000,24900,39968,75846,-0.32,global
Renault,Clio,Tohjul,Bensin,2013,39,49900,122500,44450,67450,16906,-0.329,lokal
Renault,Clio,Tohjul,Bensin,2014,58,59999,158000,39900,69999,19806,0.041,lokal
Renault,Clio,Tohjul,Bensin,2015,6,60533,102076,47042,76900,22447,-0.32,global
Renault,Clio,Tohjul,Bensin,2016,6,77400,141377,74900,87468,8503,-0.32,global
Renault,Clio,Tohjul,Bensin,2017,15,89500,85152,79000,102450,16015,-0.32,global
Renault,Clio,Tohjul,Bensin,2018,10,114950,65484,100466,139900,25696,-0.32,global
Renault,Clio,Tohjul,Bensin,2021,5,179000,61000,179000,184900,6499,-0.32,global
Renault,Clio,Tohjul,Diesel,2009,8,28900,123000,25650,31150,4658,-0.32,global
Renault,Clio,Tohjul,Diesel,2012,5,30900,178592,26942,39400,7261,-0.32,global
Renault,Clio,Tohjul,Diesel,2013,14,56500,153546,44682,59675,10953,-0.32,global
Renault,Clio,Tohjul,Diesel,2014,12,50000,135700,37853,59825,15759,-0.32,global
Renault,Clio,Tohjul,Diesel,2015,11,67900,130172,59900,68618,5293,-0.32,global
Renault,Clio,Tohjul,Hybrid,2021,11,169900,58009,157000,184450,18235,-0.32,global
Renault,Express,Tohjul,Diesel,2019,9,129000,51474,118500,139000,17780,-0.32,global
Renault,Express,Tohjul,Diesel,2020,5,149000,51286,139000,159000,16733,-0.32,global
Renault,Express,Tohjul,Diesel,2021,29,129000,56000,119000,138900,23515,0.183,lokal
Renault,Express,Tohjul,Diesel,2022,27,159000,49000,144450,166000,23378,-0.487,lokal
Renault,Express,Tohjul,Diesel,2023,20,199950,30000,189900,229000,29612,-0.794,lokal
Renault,Express,Tohjul,Diesel,2024,5,189000,8000,189000,289000,77880,-0.32,global
Renault,Express,Tohjul,Elektrisk,2019,9,40000,127000,40000,40000,13122,-0.32,global
Renault,Express,Tohjul,Elektrisk,2021,15,89000,49337,79750,109926,25435,-0.32,global
Renault,Grand Scenic,Tohjul,Diesel,2011,6,27838,175000,13650,45869,18994,-0.32,global
Renault,Grand Scenic,Tohjul,Diesel,2012,14,50450,160125,22192,64932,23665,-0.32,global
Renault,Grand Scenic,Tohjul,Diesel,2013,11,54900,165500,47400,64900,20704,-0.32,global
Renault,Grand Scenic,Tohjul,Diesel,2017,6,188467,125039,165826,197234,37637,-0.32,global
Renault,Kadjar,Tohjul,Bensin,2017,15,149000,65800,139000,149000,17685,-0.32,global
Renault,Kadjar,Tohjul,Bensin,2018,6,156950,87739,149000,168650,18577,-0.32,global
Renault,Kadjar,Tohjul,Bensin,2020,9,198900,78000,194900,199900,15679,-0.32,global
Renault,Kadjar,Tohjul,Diesel,2015,5,129999,102500,129999,139999,9692,-0.32,global
Renault,Kadjar,Tohjul,Diesel,2016,14,127717,135720,119478,139000,10257,-0.32,global
Renault,Kadjar,Firehjul,Diesel,2018,7,149000,168000,141217,159500,15874,-0.32,global
Renault,Kangoo,Tohjul,Diesel,2006,7,29268,166441,23884,31600,8184,-0.32,global
Renault,Kangoo,Tohjul,Diesel,2007,9,20000,137000,16268,25000,6414,-0.32,global
Renault,Kangoo,Tohjul,Diesel,2008,5,11296,200250,11296,16000,9380,-0.32,global
Renault,Kangoo,Tohjul,Diesel,2009,9,30268,170000,29268,33268,10284,-0.32,global
Renault,Kangoo,Tohjul,Diesel,2010,11,26268,198100,25134,29634,7332,-0.32,global
Renault,Kangoo,Tohjul,Diesel,2011,11,30296,184000,26282,35282,11409,-0.32,global
Renault,Kangoo,Tohjul,Diesel,2012,17,34000,155000,26296,39900,10847,-0.012,lokal
Renault,Kangoo,Tohjul,Diesel,2013,8,38282,129000,29742,46972,15792,-0.32,global
Renault,Kangoo,Tohjul,Diesel,2014,16,41773,164578,35270,47938,10109,0.032,lokal
Renault,Kangoo,Tohjul,Diesel,2015,19,48520,142000,34994,56000,14533,-0.207,lokal
Renault,Kangoo,Tohjul,Diesel,2016,17,49968,117250,46520,79000,22472,-0.205,lokal
Renault,Kangoo,Tohjul,Diesel,2017,11,75920,112692,69750,99000,22802,-0.32,global
Renault,Kangoo,Tohjul,Diesel,2018,6,75710,119250,65545,86725,24373,-0.32,global
Renault,Kangoo,Tohjul,Diesel,2019,32,88226,79500,70000,97082,20518,-0.076,lokal
Renault,Kangoo,Tohjul,Diesel,2020,20,99900,79000,95000,119000,22657,-0.269,lokal
Renault,Kangoo,Tohjul,Diesel,2021,15,139000,61000,129000,157350,24492,-0.32,global
Renault,Kangoo,Tohjul,Diesel,2022,16,181726,38500,169304,199225,23465,-0.195,lokal
Renault,Kangoo,Tohjul,Diesel,2023,7,229000,23033,219000,239500,25065,-0.32,global
Renault,Kangoo,Tohjul,Elektrisk,2018,7,56453,50000,39036,84000,30046,-0.32,global
Renault,Kangoo,Tohjul,Elektrisk,2022,13,199900,12500,198900,229000,33866,-0.32,global
Renault,Kangoo,Tohjul,Elektrisk,2025,11,281406,20,279400,299450,14861,-0.32,global
Renault,Kangoo Electric,Tohjul,Elektrisk,2012,7,16900,111656,12796,22546,7038,-0.32,global
Renault,Kangoo Electric,Tohjul,Elektrisk,2016,7,46520,51000,35470,67445,21151,-0.32,global
Renault,Kangoo Electric,Tohjul,Elektrisk,2018,17,66422,72000,47553,77553,20597,-0.32,global
Renault,Kangoo Electric,Tohjul,Elektrisk,2019,15,80000,94000,58776,80498,22393,-0.32,global
Renault,Kangoo Electric,Tohjul,Elektrisk,2020,20,85260,44050,65303,109000,25464,-0.411,lokal
Renault,Kangoo Electric,Tohjul,Elektrisk,2021,23,78520,49700,69026,110000,31507,-0.785,lokal
Renault,Kangoo Electric,Tohjul,Elektrisk,2022,15,219000,15000,173203,239000,54973,-0.32,global
Renault,Koleos,Firehjul,Diesel,2019,5,299000,103000,289000,319000,23875,-0.32,global
Renault,Laguna,Tohjul,Bensin,2002,5,13942,200084,8942,13942,15854,-0.32,global
Renault,Laguna,Tohjul,Diesel,2008,13,26000,206800,23942,29900,10006,-0.32,global
Renault,Laguna,Tohjul,Diesel,2009,7,29942,205233,23400,38950,11621,-0.32,global
Renault,Laguna,Tohjul,Diesel,2010,7,28900,160222,24450,38421,7838,-0.32,global
Renault,Master,Tohjul,Diesel,2008,8,69134,150900,41275,92175,43985,-0.32,global
Renault,Master,Tohjul,Diesel,2012,7,121268,323230,51884,130268,56748,-0.32,global
Renault,Master,Tohjul,Diesel,2014,14,102260,155500,84380,336250,161403,-0.32,global
Renault,Master,Tohjul,Diesel,2016,16,90520,142415,52205,126638,37604,-0.32,global
Renault,Master,Tohjul,Diesel,2017,15,138888,183000,100480,173500,41974,-0.32,global
Renault,Master,Tohjul,Diesel,2018,5,121520,154922,51520,186520,82216,-0.32,global
Renault,Master,Tohjul,Diesel,2019,6,175553,291500,155388,209138,165315,-0.32,global
Renault,Master,Tohjul,Diesel,2020,14,191125,248954,150020,266140,139363,-0.32,global
Renault,Master,Tohjul,Diesel,2021,13,266520,205000,219520,359000,122148,-0.32,global
Renault,Master,Tohjul,Diesel,2022,9,414900,39600,349000,449000,120729,-0.32,global
Renault,Megane,Tohjul,Bensin,2003,5,21900,143958,13900,59000,24572,-0.32,global
Renault,Megane,Tohjul,Bensin,2005,14,26900,140750,19900,37932,11663,-0.32,global
Renault,Megane,Tohjul,Bensin,2006,13,19900,185000,14400,26900,18512,-0.32,global
Renault,Megane,Tohjul,Bensin,2015,6,77000,147000,71250,83425,21735,-0.32,global
Renault,Megane,Tohjul,Bensin,2016,5,108900,86600,99000,118900,44211,-0.32,global
Renault,Megane,Tohjul,Bensin,2017,9,139000,67900,119000,149000,34084,-0.32,global
Renault,Megane,Tohjul,Bensin,2018,13,169900,53500,149000,189900,44306,-0.32,global
Renault,Megane,Tohjul,Bensin,2019,5,243434,71658,208000,349998,83379,-0.32,global
Renault,Megane,Tohjul,Diesel,2006,7,16900,165000,11471,20950,10644,-0.32,global
Renault,Megane,Tohjul,Diesel,2007,7,15900,230000,10671,25900,10235,-0.32,global
Renault,Megane,Tohjul,Diesel,2009,14,29700,179000,20475,33475,9496,-0.32,global
Renault,Megane,Tohjul,Diesel,2010,23,32942,167500,26900,45950,13152,-0.085,lokal
Renault,Megane,Tohjul,Diesel,2011,44,39900,175250,28410,46160,16031,-0.121,lokal
Renault,Megane,Tohjul,Diesel,2012,31,46900,151235,34400,65000,18889,-0.275,lokal
Renault,Megane,Tohjul,Diesel,2013,10,35421,149500,30974,56150,21807,-0.32,global
Renault,Megane,Tohjul,Diesel,2014,8,72500,161000,61486,82490,22306,-0.32,global
Renault,Megane,Tohjul,Diesel,2016,6,114161,73750,102317,142147,33773,-0.32,global
Renault,Megane,Tohjul,Diesel,2017,16,144000,104000,128974,149000,15305,-0.32,global
Renault,Megane,Tohjul,Elektrisk,2022,187,279532,39855,259000,298450,24589,-0.601,lokal
Renault,Megane,Tohjul,Elektrisk,2023,33,299900,29982,279900,319000,25719,-0.686,lokal
Renault,Megane,Tohjul,Elektrisk,2024,12,303622,15200,279000,324225,27750,-0.32,global
Renault,Megane,Tohjul,Elektrisk,2025,7,344900,6400,339400,352800,11672,-0.32,global
Renault,Megane,Tohjul,Hybrid,2021,7,199000,60500,183850,218850,35195,-0.32,global
Renault,Megane,Tohjul,Hybrid,2022,7,188000,51000,178000,219900,34071,-0.32,global
Renault,Megane,Tohjul,Plug-in hybrid,2020,15,199900,51600,199000,209450,10301,-0.32,global
Renault,Megane,Tohjul,Plug-in hybrid,2021,41,199900,50710,189000,219000,18505,-0.42,lokal
Renault,Megane,Tohjul,Plug-in hybrid,2022,9,209900,54000,199000,219000,17564,-0.32,global
Renault,Modus,Tohjul,Bensin,2005,6,18400,158846,16900,19900,4984,-0.32,global
Renault,Scenic,Tohjul,Bensin,2003,5,24900,214440,16900,27000,7965,-0.32,global
Renault,Scenic,Tohjul,Elektrisk,2024,85,418900,19800,399000,439000,25480,-0.297,lokal
Renault,Scenic,Tohjul,Elektrisk,2025,20,439000,5950,428975,445925,19262,-0.152,lokal
Renault,Talisman,Tohjul,Diesel,2016,6,119000,143440,108076,122750,25315,-0.32,global
Renault,Talisman,Tohjul,Diesel,2017,13,139000,105684,129900,149000,15839,-0.32,global
Renault,Trafic,Tohjul,Diesel,2005,11,36268,211869,14605,38334,16607,-0.32,global
Renault,Trafic,Tohjul,Diesel,2006,10,34384,209700,23268,40701,49405,-0.32,global
Renault,Trafic,Tohjul,Diesel,2007,10,34618,226950,18951,45039,15300,-0.32,global
Renault,Trafic,Tohjul,Diesel,2008,8,33768,252394,18025,50997,22717,-0.32,global
Renault,Trafic,Tohjul,Diesel,2011,10,51268,195500,45518,59742,15778,-0.32,global
Renault,Trafic,Tohjul,Diesel,2012,7,51268,151200,33134,65134,26629,-0.32,global
Renault,Trafic,Tohjul,Diesel,2013,5,56296,235000,50296,60268,9228,-0.32,global
Renault,Trafic,Tohjul,Diesel,2014,5,56130,164402,34296,61520,25061,-0.32,global
Renault,Trafic,Tohjul,Diesel,2015,8,61536,186836,52270,70755,16531,-0.32,global
Renault,Trafic,Tohjul,Diesel,2016,12,90536,135536,74020,105615,32523,-0.32,global
Renault,Trafic,Tohjul,Diesel,2017,11,99900,141000,79036,133020,40331,-0.32,global
Renault,Trafic,Tohjul,Diesel,2018,19,148000,64000,129000,172000,82574,-0.681,lokal
Renault,Trafic,Tohjul,Diesel,2019,10,119900,97000,112020,157175,26089,-0.32,global
Renault,Trafic,Tohjul,Diesel,2020,17,181520,101700,169000,191553,69263,-0.427,lokal
Renault,Trafic,Tohjul,Diesel,2021,47,199000,78500,189900,218118,47256,-0.271,lokal
Renault,Trafic,Tohjul,Diesel,2023,18,358500,33265,348625,374000,29689,-0.723,lokal
Renault,Twingo,Tohjul,Bensin,2017,8,94999,107000,89999,99999,5345,-0.32,global
Renault,Twingo,Tohjul,Diesel,2011,8,69999,105000,67499,79999,8345,-0.32,global
Renault,Twizy,Tohjul,Elektrisk,2017,10,35316,21830,31131,38734,8098,-0.32,global
Renault,Twizy,Tohjul,Elektrisk,2018,10,29331,29985,26131,34520,7004,-0.32,global
Renault,Twizy,Tohjul,Elektrisk,2019,17,39631,18547,35631,50613,11104,-0.266,lokal
Renault,Twizy,Tohjul,Elektrisk,2020,5,45000,25655,39000,45631,7875,-0.32,global
Renault,Twizy,Tohjul,Elektrisk,2021,10,70296,8250,60948,70645,13079,-0.32,global
Renault,Zoe,Tohjul,Elektrisk,2014,21,44434,95000,36434,54434,13184,-0.19,lokal
Renault,Zoe,Tohjul,Elektrisk,2015,121,44434,98086,38532,59000,14498,-0.135,lokal
Renault,Zoe,Tohjul,Elektrisk,2016,110,54385,72397,45425,65000,14437,-0.135,lokal
Renault,Zoe,Tohjul,Elektrisk,2017,122,74184,99034,64624,84434,18011,-0.113,lokal
Renault,Zoe,Tohjul,Elektrisk,2018,216,84434,73450,73434,93133,16979,-0.179,lokal
Renault,Zoe,Tohjul,Elektrisk,2019,205,89900,69600,79532,99900,18070,-0.208,lokal
Renault,Zoe,Tohjul,Elektrisk,2020,249,130000,62000,119934,144434,20722,-0.296,lokal
Renault,Zoe,Tohjul,Elektrisk,2021,99,149000,39800,136450,162400,21343,-0.498,lokal
Renault,Zoe,Tohjul,Elektrisk,2022,34,159900,34941,148825,173232,18639,-0.36,lokal
Rolls,Royce Ghost,Tohjul,Bensin,2011,6,1339000,72000,1306500,1386500,58573,-0.32,global
Rolls,Royce Phantom,Tohjul,Bensin,2005,5,1249000,87000,999900,1249000,262914,-0.32,global
Rover,75,Tohjul,Bensin,2000,9,19942,89300,11900,22000,14175,-0.32,global
Saab,9-3,Tohjul,Bensin,1999,10,28442,192500,19432,40682,18307,-0.32,global
Saab,9-3,Tohjul,Bensin,2000,6,13450,190000,8932,16425,9704,-0.32,global
Saab,9-3,Tohjul,Bensin,2001,7,81900,198312,21921,84442,38035,-0.32,global
Saab,9-3,Tohjul,Bensin,2002,11,29900,171000,20900,66400,34986,-0.32,global
Saab,9-3,Tohjul,Bensin,2003,15,29900,200123,17421,56442,33667,-0.32,global
Saab,9-3,Tohjul,Bensin,2004,26,36971,185950,17442,84968,46238,0.233,lokal
Saab,9-3,Tohjul,Bensin,2005,25,29900,218000,13842,56900,43243,-0.174,lokal
Saab,9-3,Tohjul,Bensin,2006,24,27921,197870,14225,42930,28435,-0.159,lokal
Saab,9-3,Tohjul,Bensin,2007,20,19900,213000,11932,30425,27829,-0.17,lokal
Saab,9-3,Tohjul,Bensin,2008,19,16900,227652,12400,40900,44924,-0.05,lokal
Saab,9-3,Tohjul,Bensin,2009,6,33921,245172,26910,55150,29617,-0.32,global
Saab,9-3,Tohjul,Diesel,2005,8,21950,213162,20650,23400,8668,-0.32,global
Saab,9-3,Tohjul,Diesel,2006,11,16942,243246,9564,21971,8260,-0.32,global
Saab,9-3,Tohjul,Diesel,2007,38,19900,230820,11900,38986,16432,-0.138,lokal
Saab,9-3,Tohjul,Diesel,2008,55,24999,224626,16921,39945,18407,-0.035,lokal
Saab,9-3,Tohjul,Diesel,2009,19,29900,221000,25950,38000,16486,-0.139,lokal
Saab,9-3,Tohjul,Diesel,2010,12,88950,156279,64900,99900,30807,-0.32,global
Saab,9-3,Tohjul,Diesel,2011,6,36950,254785,16175,56150,27244,-0.32,global
Saab,9-5,Tohjul,Bensin,2000,8,16700,281000,9150,23925,11528,-0.32,global
Saab,9-5,Tohjul,Bensin,2001,11,14942,250000,8971,31650,18919,-0.32,global
Saab,9-5,Tohjul,Bensin,2003,21,19900,249800,10900,29900,25090,-0.131,lokal
Saab,9-5,Tohjul,Bensin,2004,15,24442,215000,13400,28400,16547,-0.32,global
Saab,9-5,Tohjul,Bensin,2005,20,21900,234500,16675,43968,19762,-0.103,lokal
Saab,9-5,Tohjul,Bensin,2006,19,31900,225635,19171,45400,18400,-0.109,lokal
Saab,9-5,Tohjul,Bensin,2007,22,42921,188200,25400,67400,27446,-0.23,lokal
Saab,9-5,Tohjul,Diesel,2005,6,16400,238000,12150,21400,9992,-0.32,global
Saab,9-5,Tohjul,Diesel,2006,14,20450,256050,14999,33456,15163,-0.32,global
Saab,9-5,Tohjul,Diesel,2007,17,21900,231000,16900,29942,13837,-0.011,lokal
Saab,9-5,Tohjul,Diesel,2008,11,38000,257000,33421,45400,13725,-0.32,global
Saab,9-5,Tohjul,Diesel,2010,7,98000,213900,92400,134971,39423,-0.32,global
Saab,9-5,Tohjul,Diesel,2011,14,100850,203460,77224,160925,48066,-0.32,global
Saab,900,Tohjul,Bensin,1996,5,25000,201000,7000,32999,19445,-0.32,global
Saab,900,Tohjul,Bensin,1997,5,21900,246000,18000,25000,26972,-0.32,global
Seat,Arona,Tohjul,Bensin,2019,7,149000,86300,139000,158000,14712,-0.32,global
Seat,Ateca,Firehjul,Bensin,2018,14,227400,110902,214243,247325,30193,-0.32,global
Seat,Ateca,Firehjul,Bensin,2019,7,219900,104961,212500,249266,30851,-0.32,global
Seat,Ibiza,Tohjul,Bensin,2019,16,136500,85500,124927,144306,14122,-0.247,lokal
Seat,Mii,Tohjul,Elektrisk,2020,78,109945,54350,99927,119000,14401,-0.262,lokal
Seat,Mii,Tohjul,Elektrisk,2021,12,126500,52250,107750,129000,13307,-0.32,global
Seres,3,Tohjul,Elektrisk,2021,13,179900,28700,159900,189900,17094,-0.32,global
Seres,5,Firehjul,Elektrisk,2023,86,359900,26500,349900,369900,24383,-0.657,lokal
Seres,5,Firehjul,Elektrisk,2024,36,383500,19000,366725,399900,29777,-0.833,lokal
Seres,5,Firehjul,Elektrisk,2025,5,389900,5300,349000,419900,37990,-0.32,global
Seres,5,Firehjul,Elektrisk,2026,19,399900,2000,399900,409450,13996,-0.32,global
Skoda,Citigo,Tohjul,Bensin,2013,55,39900,123202,25971,59945,21411,-0.127,lokal
Skoda,Citigo,Tohjul,Bensin,2014,24,36995,89600,28706,52347,22827,-0.142,lokal
Skoda,Citigo,Tohjul,Bensin,2015,12,35089,104500,29716,43041,12711,-0.32,global
Skoda,Citigo,Tohjul,Bensin,2016,22,60083,80500,45992,76500,23107,-0.244,lokal
Skoda,Citigo,Tohjul,Bensin,2017,9,79000,51766,68166,110000,27800,-0.32,global
Skoda,Citigo,Tohjul,Elektrisk,2020,90,118850,54425,100784,126750,15891,-0.22,lokal
Skoda,Citigo,Tohjul,Elektrisk,2021,92,129416,47750,119900,139042,11972,-0.248,lokal
Skoda,Citigo,Tohjul,Elektrisk,2022,29,149000,41000,139000,159000,11126,-0.263,lokal
Skoda,Elroq,Firehjul,Elektrisk,2025,27,539900,8000,539000,549450,15884,-0.32,global
Skoda,Elroq,Tohjul,Elektrisk,2025,108,369900,5500,339000,389900,54546,-0.32,global
Skoda,Elroq,Firehjul,Elektrisk,2026,18,549000,3250,536150,553650,26381,-0.32,global
Skoda,Elroq,Tohjul,Elektrisk,2026,27,339900,1500,319450,399900,47249,-0.32,global
Skoda,Enyaq,Tohjul,Elektrisk,2020,6,274483,72539,274434,313034,45532,-0.32,global
Skoda,Enyaq,Firehjul,Elektrisk,2021,13,379900,74000,374532,389900,40903,-0.32,global
Skoda,Enyaq,Tohjul,Elektrisk,2021,677,289434,79000,269000,309900,37410,-0.404,lokal
Skoda,Enyaq,Firehjul,Elektrisk,2022,1096,384266,68892,359000,399900,36871,-0.737,lokal
Skoda,Enyaq,Tohjul,Elektrisk,2022,500,309000,67000,288000,339000,43792,-0.565,lokal
Skoda,Enyaq,Firehjul,Elektrisk,2023,521,429900,49486,409000,449900,43562,-0.699,lokal
Skoda,Enyaq,Tohjul,Elektrisk,2023,379,369900,46000,349000,399000,42731,-0.875,lokal
Skoda,Enyaq,Firehjul,Elektrisk,2024,76,499100,23472,488750,519000,22170,-0.132,lokal
Skoda,Enyaq,Firehjul,Elektrisk,2025,76,514924,19350,499000,539250,30309,-0.256,lokal
Skoda,Enyaq,Firehjul,Elektrisk,2026,169,569900,7000,549900,599750,31428,-1.05,lokal
Skoda,Enyaq,Tohjul,Elektrisk,2026,15,529900,7000,519450,564900,31039,-0.32,global
Skoda,Enyaq Coupe RS,Firehjul,Elektrisk,2022,19,439000,35500,418514,464000,36935,-1.02,lokal
Skoda,Enyaq Coupe RS,Firehjul,Elektrisk,2023,172,429900,49350,413538,449000,32459,-0.52,lokal
Skoda,Enyaq Coupe RS,Firehjul,Elektrisk,2024,12,514900,26651,495650,527129,25095,-0.32,global
Skoda,Enyaq Coupe RS,Firehjul,Elektrisk,2025,9,539900,14000,539000,549000,15213,-0.32,global
Skoda,Enyaq Coupe RS,Firehjul,Elektrisk,2026,6,594000,8500,581500,607175,28350,-0.32,global
Skoda,Enyaq Coupé,Firehjul,Elektrisk,2024,12,499945,25400,499000,522175,20814,-0.32,global
Skoda,Enyaq Coupé,Firehjul,Elektrisk,2025,13,499900,21800,499000,529900,24645,-0.32,global
Skoda,Enyaq Coupé,Firehjul,Elektrisk,2026,30,579825,6650,562250,589900,28087,-0.894,lokal
Skoda,Enyaq RS,Firehjul,Elektrisk,2022,8,439000,35300,423000,442400,30606,-0.32,global
Skoda,Enyaq RS,Firehjul,Elektrisk,2023,20,434350,56762,398375,451925,35050,-0.837,lokal
Skoda,Enyaq RS,Firehjul,Elektrisk,2024,39,519000,24570,499900,528500,37277,-0.123,lokal
Skoda,Enyaq RS,Firehjul,Elektrisk,2025,52,539825,19700,519862,551761,21891,-0.32,global
Skoda,Enyaq RS,Firehjul,Elektrisk,2026,19,619990,847,614000,639950,15847,-0.32,global
Skoda,Fabia,Tohjul,Bensin,2005,15,16900,127300,10921,25470,8971,-0.32,global
Skoda,Fabia,Tohjul,Bensin,2006,12,12950,128542,11425,17682,6430,-0.32,global
Skoda,Fabia,Tohjul,Bensin,2007,12,24970,125500,17286,37425,14249,-0.32,global
Skoda,Fabia,Tohjul,Bensin,2008,65,20000,152180,14942,29442,13666,-0.066,lokal
Skoda,Fabia,Tohjul,Bensin,2009,14,32400,128800,25475,40660,19389,-0.32,global
Skoda,Fabia,Tohjul,Bensin,2010,25,29500,161193,19800,39900,22367,-0.135,lokal
Skoda,Fabia,Tohjul,Bensin,2011,69,34000,153000,25000,42900,20952,-0.026,lokal
Skoda,Fabia,Tohjul,Bensin,2012,63,36900,141800,27921,49900,16198,-0.093,lokal
Skoda,Fabia,Tohjul,Bensin,2013,28,44950,136746,29182,49925,24663,-0.105,lokal
Skoda,Fabia,Tohjul,Bensin,2014,32,49450,148888,34900,64000,17757,-0.175,lokal
Skoda,Fabia,Tohjul,Bensin,2015,48,74495,110100,54425,99000,30005,-0.353,lokal
Skoda,Fabia,Tohjul,Bensin,2016,92,99900,112200,88734,119992,26372,-0.168,lokal
Skoda,Fabia,Tohjul,Bensin,2017,79,119000,124000,99900,138201,25096,-0.327,lokal
Skoda,Fabia,Tohjul,Bensin,2018,80,139000,79900,124500,158000,22676,-0.323,lokal
Skoda,Fabia,Tohjul,Bensin,2019,45,149000,83655,139900,169000,17179,-0.335,lokal
Skoda,Fabia,Tohjul,Bensin,2021,86,179000,81676,169000,189000,20176,-0.847,lokal
Skoda,Fabia,Tohjul,Diesel,2007,8,20971,172500,19236,24682,4965,-0.32,global
Skoda,Fabia,Tohjul,Diesel,2008,32,16942,186550,12800,26599,8087,0.023,lokal
Skoda,Fabia,Tohjul,Diesel,2009,16,19950,193859,17250,29900,9075,-0.32,global
Skoda,Fabia,Tohjul,Diesel,2010,14,26942,156200,18225,34900,9881,-0.32,global
Skoda,Fabia,Tohjul,Diesel,2011,24,30850,178000,21192,39975,16451,-0.132,lokal
Skoda,Fabia,Tohjul,Diesel,2012,31,36900,170000,23421,44950,17957,-0.233,lokal
Skoda,Kamiq,Tohjul,Bensin,2020,15,239000,56190,222000,248950,24738,-0.291,lokal
Skoda,Kamiq,Tohjul,Bensin,2021,14,219400,83460,169900,239675,39506,-0.32,global
Skoda,Karoq,Tohjul,Bensin,2018,23,215000,81400,179499,233717,36303,-0.373,lokal
Skoda,Karoq,Tohjul,Bensin,2019,9,224900,91279,199000,239000,41219,-0.32,global
Skoda,Karoq,Firehjul,Diesel,2018,64,269000,116100,249000,279000,23921,0.043,lokal
Skoda,Karoq,Tohjul,Diesel,2018,29,199000,122000,189000,219000,20512,-0.447,lokal
Skoda,Karoq,Firehjul,Diesel,2019,20,299450,95820,253076,309434,36739,-0.66,lokal
Skoda,Karoq,Tohjul,Diesel,2019,40,209000,103650,199000,239000,25259,-0.483,lokal
Skoda,Karoq,Firehjul,Diesel,2020,32,339850,76166,309900,389000,36113,-1.768,lokal
Skoda,Karoq,Tohjul,Diesel,2020,5,269000,51000,259900,269900,18713,-0.32,global
Skoda,Karoq,Firehjul,Diesel,2021,20,346717,98350,296725,370784,44513,-1.034,lokal
Skoda,Kodiaq,Firehjul,Bensin,2017,15,295000,143000,279900,304450,37863,-0.32,global
Skoda,Kodiaq,Tohjul,Bensin,2017,13,199999,151000,164434,229434,36775,-0.32,global
Skoda,Kodiaq,Firehjul,Bensin,2018,72,312450,119000,298000,350000,39808,0.092,lokal
Skoda,Kodiaq,Tohjul,Bensin,2018,10,197167,122800,171150,213425,29067,-0.32,global
Skoda,Kodiaq,Firehjul,Bensin,2019,41,359000,100000,325000,414000,52939,-1.05,lokal
Skoda,Kodiaq,Firehjul,Bensin,2020,15,429998,75000,419450,459900,30649,-0.32,global
Skoda,Kodiaq,Firehjul,Bensin,2023,5,599900,24578,579000,619000,84449,-0.32,global
Skoda,Kodiaq,Firehjul,Diesel,2017,131,299900,143300,279000,346000,51262,-0.54,lokal
Skoda,Kodiaq,Tohjul,Diesel,2017,9,269900,115750,259900,289900,20176,-0.32,global
Skoda,Kodiaq,Firehjul,Diesel,2018,222,338900,132700,298900,369900,51636,-0.859,lokal
Skoda,Kodiaq,Tohjul,Diesel,2018,11,254900,157600,244450,294450,34654,-0.32,global
Skoda,Kodiaq,Firehjul,Diesel,2019,185,399000,113350,359000,419900,48831,-0.926,lokal
Skoda,Kodiaq,Tohjul,Diesel,2019,5,219900,172000,219900,219900,13826,-0.32,global
Skoda,Kodiaq,Firehjul,Diesel,2020,150,428900,101850,388475,459000,55519,-0.809,lokal
Skoda,Kodiaq,Firehjul,Diesel,2021,254,439700,102450,394576,489000,70372,-1.042,lokal
Skoda,Kodiaq,Firehjul,Diesel,2022,209,469000,100900,429000,529900,67973,-1.122,lokal
Skoda,Kodiaq,Firehjul,Diesel,2023,151,559000,63452,529000,619825,67088,-1.209,lokal
Skoda,Kodiaq,Firehjul,Diesel,2024,160,694450,38700,659000,699900,57607,-0.444,lokal
Skoda,Kodiaq,Firehjul,Diesel,2025,28,776875,10999,749900,799000,38398,0.784,lokal
Skoda,Kodiaq Scout,Firehjul,Diesel,2018,15,359000,148420,334700,374700,39650,-0.32,global
Skoda,Kodiaq Scout,Firehjul,Diesel,2019,12,364450,132891,347400,392175,37682,-0.32,global
Skoda,Kodiaq Scout,Firehjul,Diesel,2020,8,474000,48274,436225,491500,58650,-0.32,global
Skoda,Octavia,Tohjul,Bensin,2001,7,9942,171729,8450,15950,8187,-0.32,global
Skoda,Octavia,Tohjul,Bensin,2004,5,23900,198976,9400,24900,30828,-0.32,global
Skoda,Octavia,Tohjul,Bensin,2005,6,12950,183000,9650,26000,10892,-0.32,global
Skoda,Octavia,Tohjul,Bensin,2007,7,15900,194900,9900,22450,7891,-0.32,global
Skoda,Octavia,Tohjul,Bensin,2008,5,19942,199000,16900,21900,12225,-0.32,global
Skoda,Octavia,Tohjul,Bensin,2009,11,27942,180500,22450,36850,16431,-0.32,global
Skoda,Octavia,Tohjul,Bensin,2010,25,29900,187356,16942,45000,18949,-0.15,lokal
Skoda,Octavia,Tohjul,Bensin,2011,42,34421,185750,20475,42650,16419,-0.091,lokal
Skoda,Octavia,Tohjul,Bensin,2012,51,41900,175648,26921,59450,21684,-0.193,lokal
Skoda,Octavia,Tohjul,Bensin,2013,44,57900,163000,37150,76000,32138,-0.188,lokal
Skoda,Octavia,Firehjul,Bensin,2014,101,100900,170287,87942,129900,36053,-0.346,lokal
Skoda,Octavia,Tohjul,Bensin,2014,94,86533,151000,67966,106400,29196,-0.145,lokal
Skoda,Octavia,Firehjul,Bensin,2015,97,139900,147000,114434,159000,35194,-0.425,lokal
Skoda,Octavia,Tohjul,Bensin,2015,74,99000,151675,79956,119000,25297,-0.132,lokal
Skoda,Octavia,Firehjul,Bensin,2016,96,159900,139555,148000,186000,37588,-0.376,lokal
Skoda,Octavia,Tohjul,Bensin,2016,75,119900,131983,99900,134667,27373,-0.322,lokal
Skoda,Octavia,Firehjul,Bensin,2017,76,179900,134125,162624,199108,34664,-0.391,lokal
Skoda,Octavia,Tohjul,Bensin,2017,48,162400,102720,139900,181850,29025,0.029,lokal
Skoda,Octavia,Firehjul,Bensin,2018,44,219900,99800,206650,260925,36229,-0.873,lokal
Skoda,Octavia,Tohjul,Bensin,2018,125,159000,103800,139000,172166,27940,-0.379,lokal
Skoda,Octavia,Firehjul,Bensin,2019,14,279450,81600,270475,289350,21956,-0.32,global
Skoda,Octavia,Tohjul,Bensin,2019,79,179900,105300,169000,199900,30927,-0.316,lokal
Skoda,Octavia,Tohjul,Bensin,2020,33,189000,88129,179000,196532,21956,0.117,lokal
Skoda,Octavia,Firehjul,Diesel,2003,5,36900,214000,28942,48942,16444,-0.32,global
Skoda,Octavia,Tohjul,Diesel,2005,8,14450,210196,11082,32036,17101,-0.32,global
Skoda,Octavia,Firehjul,Diesel,2006,15,14900,265000,10950,30900,13507,-0.32,global
Skoda,Octavia,Tohjul,Diesel,2006,18,20421,248041,9150,31442,12022,-0.05,lokal
Skoda,Octavia,Firehjul,Diesel,2007,44,24900,255500,10932,37150,18047,-0.06,lokal
Skoda,Octavia,Tohjul,Diesel,2007,38,17900,233732,11900,25660,16710,-0.069,lokal
Skoda,Octavia,Firehjul,Diesel,2008,50,23400,245000,11900,29932,14081,-0.106,lokal
Skoda,Octavia,Tohjul,Diesel,2008,66,19720,223000,14054,29900,10967,-0.011,lokal
Skoda,Octavia,Firehjul,Diesel,2009,29,34900,238000,24900,41942,17277,-0.093,lokal
Skoda,Octavia,Tohjul,Diesel,2009,18,41471,224756,21172,46425,14616,-0.007,lokal
Skoda,Octavia,Firehjul,Diesel,2010,57,33942,221000,23900,49000,21199,-0.166,lokal
Skoda,Octavia,Tohjul,Diesel,2010,92,36900,204000,21942,49925,27439,-0.201,lokal
Skoda,Octavia,Firehjul,Diesel,2011,116,47971,217000,24160,61900,24271,-0.313,lokal
Skoda,Octavia,Tohjul,Diesel,2011,85,35900,196173,24400,48980,22318,-0.134,lokal
Skoda,Octavia,Firehjul,Diesel,2012,127,53000,208000,30574,69900,26852,-0.25,lokal
Skoda,Octavia,Tohjul,Diesel,2012,130,44421,184626,29900,59000,26619,-0.198,lokal
Skoda,Octavia,Firehjul,Diesel,2013,111,59900,214100,38500,79875,30261,-0.39,lokal
Skoda,Octavia,Tohjul,Diesel,2013,55,59000,182000,40450,69450,25174,-0.161,lokal
Skoda,Octavia,Firehjul,Diesel,2014,175,84990,189300,59000,114434,38019,-0.341,lokal
Skoda,Octavia,Tohjul,Diesel,2014,123,75000,178005,59700,102500,31336,-0.289,lokal
Skoda,Octavia,Ukjent,Diesel,2014,6,48442,274500,35692,53692,50823,-0.32,global
Skoda,Octavia,Firehjul,Diesel,2015,138,118500,184205,88000,139998,40603,-0.225,lokal
Skoda,Octavia,Tohjul,Diesel,2015,82,90921,171054,75384,109000,25123,-0.024,lokal
Skoda,Octavia,Firehjul,Diesel,2016,141,144999,162650,109000,169000,40964,-0.294,lokal
Skoda,Octavia,Tohjul,Diesel,2016,87,119532,154331,109000,135950,26500,0.001,lokal
Skoda,Octavia,Firehjul,Diesel,2017,115,169000,157100,129950,209000,51750,-0.401,lokal
Skoda,Octavia,Tohjul,Diesel,2017,40,139000,151115,119000,159458,29543,-0.619,lokal
Skoda,Octavia,Firehjul,Diesel,2018,337,214434,134153,186305,239000,37850,-0.555,lokal
Skoda,Octavia,Tohjul,Diesel,2018,44,159000,132800,149076,189900,28701,-0.325,lokal
Skoda,Octavia,Firehjul,Diesel,2019,304,249900,106000,228975,279000,37686,-0.624,lokal
Skoda,Octavia,Tohjul,Diesel,2019,21,204334,86822,178500,229000,28953,-0.599,lokal
Skoda,Octavia,Ukjent,Diesel,2019,5,269000,102000,269000,269000,14940,-0.32,global
Skoda,Octavia,Firehjul,Diesel,2020,398,274217,101000,249550,299000,38440,-0.506,lokal
Skoda,Octavia,Tohjul,Diesel,2020,9,234900,93000,199000,239900,35597,-0.32,global
Skoda,Octavia,Ukjent,Diesel,2020,5,279000,100870,279000,279000,26077,-0.32,global
Skoda,Octavia,Firehjul,Diesel,2021,98,359000,84000,308925,389000,54229,-0.788,lokal
Skoda,Octavia,Tohjul,Diesel,2021,19,259500,88300,229000,289450,50858,-0.567,lokal
Skoda,Octavia,Firehjul,Diesel,2022,131,349800,75799,319000,379900,50746,-0.695,lokal
Skoda,Octavia,Tohjul,Diesel,2022,6,289450,81018,289000,289900,13195,-0.32,global
Skoda,Octavia,Firehjul,Diesel,2023,137,389000,60989,349000,419000,41722,-0.898,lokal
Skoda,Octavia,Tohjul,Diesel,2023,19,298900,84950,289000,319400,48650,-1.134,lokal
Skoda,Octavia,Ukjent,Diesel,2023,5,329900,84500,309900,349900,43589,-0.32,global
Skoda,Octavia,Firehjul,Diesel,2024,173,419750,49703,399000,459000,42035,-0.116,lokal
Skoda,Octavia,Tohjul,Diesel,2024,6,364000,70000,358250,376500,14838,-0.32,global
Skoda,Octavia,Ukjent,Diesel,2024,5,389000,51516,389000,389900,11390,-0.32,global
Skoda,Octavia,Tohjul,Hybrid,2021,82,237000,77793,218800,266725,30648,-0.743,lokal
Skoda,Octavia,Tohjul,Hybrid,2022,10,279900,87000,269900,289900,13940,-0.32,global
Skoda,Octavia,Tohjul,Plug-in hybrid,2021,103,239000,75433,221000,259000,27684,-0.55,lokal
Skoda,Octavia,Tohjul,Plug-in hybrid,2022,29,289000,73500,249000,299000,37721,-0.959,lokal
Skoda,Octavia,Tohjul,Plug-in hybrid,2023,11,328500,62661,298250,333000,20492,-0.32,global
Skoda,Octavia RS,Tohjul,Bensin,2015,11,139900,213500,126217,161717,46358,-0.32,global
Skoda,Octavia RS,Tohjul,Bensin,2018,5,224990,154350,219000,265000,28877,-0.32,global
Skoda,Octavia RS,Tohjul,Diesel,2012,5,89000,210061,79900,99000,18859,-0.32,global
Skoda,Octavia RS,Tohjul,Diesel,2015,9,169000,197000,149900,179900,40848,-0.32,global
Skoda,Octavia RS,Firehjul,Diesel,2016,14,217000,158658,205649,226725,16881,-0.32,global
Skoda,Octavia RS,Firehjul,Diesel,2017,10,259900,119000,252400,259900,11139,-0.32,global
Skoda,Octavia RS,Firehjul,Diesel,2018,5,269000,166000,249999,289000,31915,-0.32,global
Skoda,Octavia RS,Firehjul,Diesel,2020,7,379000,119045,359000,394000,19356,-0.32,global
Skoda,Octavia RS,Firehjul,Diesel,2021,20,429000,98386,398750,431132,66620,-0.486,lokal
Skoda,Octavia RS,Firehjul,Diesel,2022,11,489500,82139,459000,498000,63019,-0.32,global
Skoda,Octavia RS,Firehjul,Diesel,2023,27,509900,83000,454900,544900,52298,-1.078,lokal
Skoda,Octavia RS,Tohjul,Hybrid,2021,16,349000,78984,306750,352490,30997,-0.831,lokal
Skoda,Octavia RS,Tohjul,Plug-in hybrid,2021,14,324450,47879,315925,337600,25018,-0.32,global
Skoda,Octavia Scout,Firehjul,Bensin,2015,26,159000,172500,132498,179000,32714,-0.502,lokal
Skoda,Octavia Scout,Firehjul,Bensin,2016,36,168900,148500,139808,180500,33725,-0.532,lokal
Skoda,Octavia Scout,Firehjul,Bensin,2017,12,179945,143950,159900,201925,36200,-0.32,global
Skoda,Octavia Scout,Firehjul,Bensin,2018,17,249990,101600,239900,259900,16341,-0.034,lokal
Skoda,Octavia Scout,Firehjul,Diesel,2007,7,26900,254800,22900,38421,29264,-0.32,global
Skoda,Octavia Scout,Firehjul,Diesel,2008,22,24421,258359,17150,36425,12934,0.075,lokal
Skoda,Octavia Scout,Firehjul,Diesel,2010,10,48450,247875,41836,56932,21883,-0.32,global
Skoda,Octavia Scout,Firehjul,Diesel,2012,10,75942,204000,61468,85160,28390,-0.32,global
Skoda,Octavia Scout,Firehjul,Diesel,2015,64,156995,178495,129926,179000,28144,-0.417,lokal
Skoda,Octavia Scout,Firehjul,Diesel,2016,34,182212,166084,161001,199999,39032,-0.556,lokal
Skoda,Octavia Scout,Firehjul,Diesel,2017,24,219450,134720,199808,229990,39882,-0.09,lokal
Skoda,Octavia Scout,Firehjul,Diesel,2018,59,239000,146900,217000,252450,33141,-0.335,lokal
Skoda,Octavia Scout,Firehjul,Diesel,2019,32,292450,88300,269000,299900,24182,-0.438,lokal
Skoda,Octavia Scout,Firehjul,Diesel,2020,27,299434,140500,264495,329000,57808,-0.751,lokal
Skoda,Octavia Scout,Firehjul,Diesel,2021,14,346717,142912,295000,377122,49888,-0.32,global
Skoda,Octavia Scout,Firehjul,Diesel,2022,17,289900,152400,269900,349900,55386,-0.9,lokal
Skoda,Octavia Scout,Firehjul,Diesel,2023,37,439000,58500,379000,469000,46801,-1.214,lokal
Skoda,Rapid,Tohjul,Bensin,2013,13,55000,158000,39900,85000,26494,-0.32,global
Skoda,Rapid,Tohjul,Bensin,2014,5,76942,159400,49942,89000,22695,-0.32,global
Skoda,Rapid,Tohjul,Bensin,2015,10,77531,133841,66000,79900,20757,-0.32,global
Skoda,Rapid,Tohjul,Bensin,2016,17,107000,133000,94900,119900,19796,-0.286,lokal
Skoda,Rapid,Tohjul,Bensin,2017,9,139000,105000,129000,139900,7330,-0.32,global
Skoda,Rapid,Tohjul,Diesel,2013,5,60900,141000,55900,75000,16011,-0.32,global
Skoda,Rapid Spaceback,Tohjul,Bensin,2014,36,53554,131000,45874,72464,20136,-0.155,lokal
Skoda,Rapid Spaceback,Tohjul,Bensin,2015,14,68583,141285,57124,89950,23529,-0.32,global
Skoda,Rapid Spaceback,Tohjul,Bensin,2016,22,99450,108714,82175,129974,32385,-0.538,lokal
Skoda,Rapid Spaceback,Tohjul,Bensin,2017,16,111666,109500,99972,131725,24355,-0.32,global
Skoda,Rapid Spaceback,Tohjul,Bensin,2018,15,139000,96657,128618,146083,17395,-0.32,global
Skoda,Rapid Spaceback,Tohjul,Diesel,2014,5,76999,189700,59000,80900,29790,-0.32,global
Skoda,Rapid Spaceback,Tohjul,Diesel,2015,6,69500,187268,59950,101500,29969,-0.32,global
Skoda,Roomster,Tohjul,Bensin,2008,5,22900,177632,15900,35900,14425,-0.32,global
Skoda,Roomster,Tohjul,Bensin,2011,5,29900,166000,21942,44900,15273,-0.32,global
Skoda,Roomster,Tohjul,Diesel,2007,9,25900,186872,20000,26942,6866,-0.32,global
Skoda,Roomster,Tohjul,Diesel,2008,14,21450,231258,17681,29675,8793,-0.32,global
Skoda,Roomster,Tohjul,Diesel,2011,7,16942,189889,10850,17921,7721,-0.32,global
Skoda,Roomster,Tohjul,Diesel,2012,5,39942,165000,38942,49900,14603,-0.32,global
Skoda,Roomster,Tohjul,Diesel,2013,5,59800,132000,51900,69000,15407,-0.32,global
Skoda,Scala,Tohjul,Bensin,2019,21,219000,63000,199000,239000,33273,-0.977,lokal
Skoda,Scala,Tohjul,Bensin,2020,6,194118,70750,181559,199000,27855,-0.32,global
Skoda,Superb,Tohjul,Bensin,2010,18,34900,195700,26942,78425,29537,-0.304,lokal
Skoda,Superb,Tohjul,Bensin,2011,16,31616,181484,18650,61172,25715,-0.212,lokal
Skoda,Superb,Tohjul,Bensin,2012,7,69900,196300,58450,70950,16125,-0.32,global
Skoda,Superb,Tohjul,Bensin,2013,21,54942,171900,31900,66900,25054,0.043,lokal
Skoda,Superb,Firehjul,Bensin,2016,30,225000,132350,189225,266500,50107,-0.284,lokal
Skoda,Superb,Tohjul,Bensin,2016,48,164400,119950,137422,190375,36311,-0.518,lokal
Skoda,Superb,Firehjul,Bensin,2017,24,216717,174401,199900,239225,26397,-0.11,lokal
Skoda,Superb,Tohjul,Bensin,2017,46,169667,135500,155500,209000,36792,-0.661,lokal
Skoda,Superb,Firehjul,Bensin,2018,22,307500,119900,274675,336725,40085,0.331,lokal
Skoda,Superb,Tohjul,Bensin,2018,24,199000,94500,189594,221500,31453,-0.266,lokal
Skoda,Superb,Firehjul,Bensin,2019,5,379900,89500,379900,379900,17466,-0.32,global
Skoda,Superb,Firehjul,Bensin,2021,10,389000,168000,389000,452175,43697,-0.32,global
Skoda,Superb,Tohjul,Diesel,2009,17,35900,237000,20942,41942,16551,-0.32,global
Skoda,Superb,Firehjul,Diesel,2010,9,41900,221000,36842,69900,19702,-0.32,global
Skoda,Superb,Tohjul,Diesel,2010,44,41900,248000,24986,54860,22430,-0.154,lokal
Skoda,Superb,Firehjul,Diesel,2011,36,61495,226902,36900,79954,30896,-0.279,lokal
Skoda,Superb,Tohjul,Diesel,2011,94,47400,220500,30432,59999,20357,-0.094,lokal
Skoda,Superb,Firehjul,Diesel,2012,58,84971,208606,60410,112925,36957,-0.42,lokal
Skoda,Superb,Tohjul,Diesel,2012,74,51950,200662,34182,68250,23429,-0.219,lokal
Skoda,Superb,Firehjul,Diesel,2013,67,111900,199400,69479,134966,36803,-0.555,lokal
Skoda,Superb,Tohjul,Diesel,2013,45,54999,186500,41845,79900,29413,-0.198,lokal
Skoda,Superb,Firehjul,Diesel,2014,59,119999,195100,89712,139000,34858,-0.485,lokal
Skoda,Superb,Tohjul,Diesel,2014,71,99900,184600,77688,119900,30909,-0.274,lokal
Skoda,Superb,Firehjul,Diesel,2015,66,148450,174769,119337,169326,41718,-0.466,lokal
Skoda,Superb,Tohjul,Diesel,2015,41,109900,188000,94532,119900,23247,-0.019,lokal
Skoda,Superb,Firehjul,Diesel,2016,162,199994,162200,174624,239000,43472,-0.461,lokal
Skoda,Superb,Tohjul,Diesel,2016,92,149900,161124,129000,179225,39247,-0.41,lokal
Skoda,Superb,Firehjul,Diesel,2017,209,249000,146254,214532,269000,46409,-0.623,lokal
Skoda,Superb,Tohjul,Diesel,2017,51,189000,147800,161716,204441,29502,-0.489,lokal
Skoda,Superb,Firehjul,Diesel,2018,193,284434,126900,239900,309000,49474,-0.789,lokal
Skoda,Superb,Tohjul,Diesel,2018,13,179000,147000,164532,199532,36910,-0.32,global
Skoda,Superb,Firehjul,Diesel,2019,134,319000,114743,285250,349000,57473,-0.921,lokal
Skoda,Superb,Tohjul,Diesel,2019,15,229000,125000,219000,264900,33376,-0.32,global
Skoda,Superb,Firehjul,Diesel,2020,153,354900,103000,309900,393400,56862,-0.992,lokal
Skoda,Superb,Tohjul,Diesel,2020,19,279900,100000,269900,299900,38986,-0.642,lokal
Skoda,Superb,Firehjul,Diesel,2021,125,379900,116500,355500,408500,46266,-0.599,lokal
Skoda,Superb,Tohjul,Diesel,2021,15,289000,99999,273500,328950,39477,-0.32,global
Skoda,Superb,Firehjul,Diesel,2022,132,438250,76420,399000,459900,50065,-1.047,lokal
Skoda,Superb,Firehjul,Diesel,2023,177,489900,60900,459000,519000,46312,-0.907,lokal
Skoda,Superb,Firehjul,Diesel,2024,75,609900,46000,574450,689450,73530,-2.568,lokal
Skoda,Superb,Tohjul,Hybrid,2020,60,254400,94000,229675,279000,35906,-0.651,lokal
Skoda,Superb,Tohjul,Hybrid,2021,129,258800,101741,229999,279000,39365,-0.666,lokal
Skoda,Superb,Tohjul,Hybrid,2022,20,294450,106892,229625,309133,50608,-1.088,lokal
Skoda,Superb,Tohjul,Hybrid,2023,20,359000,62650,349749,359000,7319,-0.635,lokal
Skoda,Superb,Tohjul,Plug-in hybrid,2020,67,249900,78982,226717,274450,36596,-0.538,lokal
Skoda,Superb,Tohjul,Plug-in hybrid,2021,124,269000,91200,239000,289000,42263,-0.852,lokal
Skoda,Superb,Tohjul,Plug-in hybrid,2022,50,289000,109000,269600,319000,36733,-0.674,lokal
Skoda,Superb,Tohjul,Plug-in hybrid,2023,23,369000,40519,361500,379000,18173,-0.654,lokal
Skoda,Yeti,Tohjul,Bensin,2010,6,47421,179000,44900,52910,19185,-0.32,global
Skoda,Yeti,Tohjul,Bensin,2011,12,50450,177000,21160,61650,23112,-0.32,global
Skoda,Yeti,Tohjul,Bensin,2012,25,46942,162000,26942,64999,27453,-0.365,lokal
Skoda,Yeti,Tohjul,Bensin,2013,11,39900,162000,24500,85450,35524,-0.32,global
Skoda,Yeti,Tohjul,Bensin,2014,7,125000,99663,78921,144000,48587,-0.32,global
Skoda,Yeti,Tohjul,Bensin,2015,10,107216,92725,98050,134000,22781,-0.32,global
Skoda,Yeti,Firehjul,Bensin,2016,12,194000,127734,176725,199900,16994,-0.32,global
Skoda,Yeti,Tohjul,Bensin,2016,31,149000,100200,129000,169000,25662,-0.233,lokal
Skoda,Yeti,Tohjul,Bensin,2017,5,159000,132000,139000,169000,34287,-0.32,global
Skoda,Yeti,Firehjul,Diesel,2010,37,39900,199832,24900,59000,21497,-0.032,lokal
Skoda,Yeti,Tohjul,Diesel,2010,5,43000,215500,39900,49000,8642,-0.32,global
Skoda,Yeti,Firehjul,Diesel,2011,54,49000,194425,34956,69150,25353,-0.219,lokal
Skoda,Yeti,Tohjul,Diesel,2011,13,36900,197000,23942,51900,19785,-0.32,global
Skoda,Yeti,Firehjul,Diesel,2012,56,79900,170825,53425,114000,44314,-0.482,lokal
Skoda,Yeti,Tohjul,Diesel,2012,8,47921,137750,43650,55475,15493,-0.32,global
Skoda,Yeti,Firehjul,Diesel,2013,34,64900,179500,42692,109075,43819,-0.456,lokal
Skoda,Yeti,Firehjul,Diesel,2014,16,174400,139652,125500,185576,58707,-0.632,lokal
Skoda,Yeti,Firehjul,Diesel,2015,31,169000,130100,147400,184495,45398,-0.46,lokal
Skoda,Yeti,Firehjul,Diesel,2016,15,199000,127935,166950,222498,31787,-0.819,lokal
Skoda,Yeti,Firehjul,Diesel,2017,5,219000,138000,199000,239000,29665,-0.32,global
Smart,#1,Firehjul,Elektrisk,2023,11,339000,16858,329900,362450,31588,-0.32,global
Smart,#5,Firehjul,Elektrisk,2025,8,571252,2600,561000,586150,32575,-0.32,global
Smart,Forfour,Tohjul,Elektrisk,2017,9,64900,47000,59900,70166,8987,-0.32,global
Smart,Fortwo,Tohjul,Bensin,2005,6,25950,94807,18175,33650,12216,-0.32,global
Smart,Fortwo,Tohjul,Bensin,2006,7,24900,65668,23350,29471,7407,-0.32,global
Smart,Fortwo,Tohjul,Bensin,2009,5,33942,103500,19900,34900,13502,-0.32,global
Smart,Fortwo,Tohjul,Bensin,2010,6,36471,74651,31175,39410,9562,-0.32,global
Smart,Fortwo,Tohjul,Bensin,2011,9,29900,88500,19900,36900,20571,-0.32,global
Smart,Fortwo,Tohjul,Bensin,2012,11,39900,74200,37400,39990,3982,-0.32,global
Smart,Fortwo,Tohjul,Bensin,2016,5,99000,43000,89900,99000,8665,-0.32,global
Smart,Fortwo,Tohjul,Elektrisk,2014,13,28166,55000,21166,36942,10980,-0.32,global
Smart,Fortwo,Tohjul,Elektrisk,2015,14,33166,50587,29000,39000,11626,-0.32,global
Smart,Fortwo,Tohjul,Elektrisk,2017,8,61583,39330,58234,79042,12231,-0.32,global
Smart,Fortwo,Tohjul,Elektrisk,2018,15,69000,63500,56533,81118,15129,-0.32,global
SsangYong,Actyon Sports,Firehjul,Diesel,2007,6,28134,216088,18789,33750,15471,-0.32,global
SsangYong,Actyon Sports,Firehjul,Diesel,2010,5,69000,159500,15268,75000,31716,-0.32,global
SsangYong,Actyon Sports,Firehjul,Diesel,2011,9,49000,137000,31268,61296,28164,-0.32,global
SsangYong,Korando,Firehjul,Diesel,2011,12,41400,212500,19150,64150,23324,-0.32,global
SsangYong,Korando,Tohjul,Diesel,2020,10,239450,65000,227425,239900,29499,-0.32,global
SsangYong,Rexton,Firehjul,Diesel,2004,6,18445,242878,12672,22650,8006,-0.32,global
SsangYong,Rexton,Firehjul,Diesel,2005,14,29400,232450,21650,41932,23062,-0.32,global
SsangYong,Rexton,Firehjul,Diesel,2006,24,36900,272236,19150,41550,25096,-0.06,lokal
SsangYong,Rexton,Firehjul,Diesel,2007,46,34421,226000,19296,50682,23459,-0.073,lokal
SsangYong,Rexton,Firehjul,Diesel,2008,20,33671,241648,18686,56458,31337,-0.314,lokal
SsangYong,Rexton,Firehjul,Diesel,2009,13,51268,242000,21942,65000,28051,-0.32,global
SsangYong,Rexton,Firehjul,Diesel,2010,15,69000,227600,46921,86942,26012,-0.32,global
SsangYong,Rexton,Firehjul,Diesel,2011,12,84450,215145,47539,99910,61233,-0.32,global
SsangYong,Rexton,Firehjul,Diesel,2012,7,129900,201000,109950,149584,34105,-0.32,global
SsangYong,Rexton,Firehjul,Diesel,2015,13,148000,122000,129000,149999,22679,-0.32,global
SsangYong,Rexton,Firehjul,Diesel,2016,9,179900,111566,149900,196553,53139,-0.32,global
SsangYong,Rexton,Firehjul,Diesel,2017,18,179000,135122,169630,206725,34200,-0.236,lokal
SsangYong,Rexton,Firehjul,Diesel,2018,22,239250,119000,200880,256500,40837,-0.124,lokal
SsangYong,Rexton,Firehjul,Diesel,2019,13,269000,109000,229900,299000,58796,-0.32,global
SsangYong,Rexton Sports,Firehjul,Diesel,2019,9,239000,120000,219800,259900,24763,-0.32,global
SsangYong,Rexton Sports,Firehjul,Diesel,2020,6,264450,88300,234000,294225,33563,-0.32,global
SsangYong,Rexton W,Firehjul,Diesel,2015,7,110520,187000,86536,125520,36767,-0.32,global
SsangYong,Rexton W,Firehjul,Diesel,2017,8,160276,128500,140857,167140,13646,-0.32,global
SsangYong,Rexton W,Firehjul,Diesel,2018,8,235710,111150,228380,256278,24671,-0.32,global
SsangYong,Rodius,Firehjul,Diesel,2007,11,29296,242300,26921,39200,13164,-0.32,global
SsangYong,Rodius,Firehjul,Diesel,2011,7,70900,160000,54119,87650,24653,-0.32,global
Subaru,B9 Tribeca,Firehjul,Bensin,2007,6,35942,224500,34910,38486,11179,-0.32,global
Subaru,BRZ,Tohjul,Bensin,2013,9,259900,105000,241900,299900,46635,-0.32,global
Subaru,Forester,Firehjul,Bensin,1999,13,31900,245000,25942,41900,16192,-0.32,global
Subaru,Forester,Firehjul,Bensin,2001,13,31900,278889,19942,37900,14993,-0.32,global
Subaru,Forester,Firehjul,Bensin,2003,31,39000,188000,29421,49000,17436,-0.092,lokal
Subaru,Forester,Firehjul,Bensin,2004,53,30900,233000,19900,39900,20547,-0.023,lokal
Subaru,Forester,Firehjul,Bensin,2005,65,29900,232000,13942,45000,21317,-0.224,lokal
Subaru,Forester,Firehjul,Bensin,2006,102,32471,237500,20228,49988,22802,-0.168,lokal
Subaru,Forester,Firehjul,Bensin,2007,96,33471,210500,23422,49956,20020,-0.139,lokal
Subaru,Forester,Firehjul,Bensin,2008,9,39845,208000,18000,52000,21772,-0.32,global
Subaru,Forester,Firehjul,Bensin,2009,34,69937,178000,52206,88410,30310,-0.285,lokal
Subaru,Forester,Firehjul,Bensin,2010,17,76942,176600,56942,89900,23819,-0.345,lokal
Subaru,Forester,Firehjul,Bensin,2011,37,89000,184450,60900,109900,33642,-0.259,lokal
Subaru,Forester,Firehjul,Bensin,2012,21,119900,172057,79900,129900,34292,-0.244,lokal
Subaru,Forester,Firehjul,Bensin,2013,68,124900,186174,98975,149900,37773,-0.418,lokal
Subaru,Forester,Firehjul,Bensin,2014,51,149000,172000,99000,169900,45510,-0.657,lokal
Subaru,Forester,Firehjul,Bensin,2015,43,189900,136000,154450,219000,42759,-0.634,lokal
Subaru,Forester,Firehjul,Bensin,2016,48,229450,113500,209675,249000,26273,-0.368,lokal
Subaru,Forester,Firehjul,Bensin,2017,47,204434,147300,184450,249000,35765,-0.625,lokal
Subaru,Forester,Firehjul,Bensin,2018,22,269000,107622,249108,297867,32579,-0.111,lokal
Subaru,Forester,Firehjul,Diesel,2009,68,27421,243650,16900,50432,25858,-0.085,lokal
Subaru,Forester,Firehjul,Diesel,2010,91,31900,226000,16671,60996,29388,-0.218,lokal
Subaru,Forester,Firehjul,Diesel,2011,34,55921,227008,34900,79900,31813,-0.298,lokal
Subaru,Forester,Firehjul,Diesel,2012,23,70900,208888,60942,99700,28967,-0.349,lokal
Subaru,Forester,Firehjul,Diesel,2013,23,91900,212500,87000,132400,32486,-0.564,lokal
Subaru,Forester,Firehjul,Diesel,2014,22,94900,208475,77682,146500,43593,-0.59,lokal
Subaru,Forester,Firehjul,Diesel,2015,66,168967,174800,139900,189000,46785,-0.608,lokal
Subaru,Forester,Firehjul,Diesel,2016,29,169000,186000,149900,219000,43364,-0.629,lokal
Subaru,Forester,Firehjul,Hybrid,2020,57,369000,70927,349000,379000,24996,-0.4,lokal
Subaru,Forester,Firehjul,Hybrid,2021,9,389000,58250,379000,389000,27288,-0.32,global
Subaru,Impreza,Firehjul,Bensin,2000,8,59400,229500,29900,73206,31126,-0.32,global
Subaru,Impreza,Firehjul,Bensin,2001,11,135900,215632,85921,235900,101498,-0.32,global
Subaru,Impreza,Firehjul,Bensin,2002,10,140921,167600,52400,235500,108128,-0.32,global
Subaru,Impreza,Firehjul,Bensin,2003,10,124900,250250,55150,135175,83489,-0.32,global
Subaru,Impreza,Firehjul,Bensin,2004,13,99900,196474,48900,201942,97361,-0.32,global
Subaru,Impreza,Firehjul,Bensin,2005,8,29971,168000,16036,35475,26036,-0.32,global
Subaru,Impreza,Firehjul,Bensin,2006,10,35945,180862,29922,235900,130708,-0.32,global
Subaru,Impreza,Firehjul,Bensin,2007,16,42000,170500,27400,57425,51409,-0.189,lokal
Subaru,Impreza,Firehjul,Bensin,2008,71,49900,162000,30950,170450,130212,0.234,lokal
Subaru,Impreza,Firehjul,Bensin,2009,9,53900,167297,49900,86900,24381,-0.32,global
Subaru,Impreza,Firehjul,Bensin,2010,13,64900,131000,39900,95000,76766,-0.32,global
Subaru,Impreza,Firehjul,Bensin,2011,11,70900,106000,59950,399990,180310,-0.32,global
Subaru,Impreza,Firehjul,Bensin,2013,17,89900,131500,79000,149000,35445,-0.32,global
Subaru,Impreza,Firehjul,Bensin,2014,11,133434,121945,114950,369450,228019,-0.32,global
Subaru,Impreza,Firehjul,Bensin,2016,5,198000,85000,179000,198000,17721,-0.32,global
Subaru,Impreza,Firehjul,Bensin,2018,13,229000,80000,195900,239000,28329,-0.32,global
Subaru,Impreza,Firehjul,Diesel,2009,17,39900,176780,24900,51900,28561,-0.326,lokal
Subaru,Impreza,Firehjul,Diesel,2010,50,49450,172204,32150,69000,24997,-0.172,lokal
Subaru,Impreza,Firehjul,Diesel,2011,32,41900,198500,25692,53150,18139,-0.272,lokal
Subaru,Justy,Firehjul,Bensin,2004,9,16900,145000,9942,19900,10707,-0.32,global
Subaru,Justy,Firehjul,Bensin,2005,7,14900,157376,12900,20921,8501,-0.32,global
Subaru,Justy,Firehjul,Bensin,2006,6,36495,126500,30675,41454,10285,-0.32,global
Subaru,Justy,Tohjul,Bensin,2008,18,20450,107550,15400,24900,7793,-0.056,lokal
Subaru,Justy,Tohjul,Bensin,2009,6,17171,146500,14650,23036,8614,-0.32,global
Subaru,Justy,Tohjul,Bensin,2010,6,28650,107934,27056,29932,4938,-0.32,global
Subaru,Legacy,Firehjul,Bensin,2000,6,26921,175685,25400,30660,6994,-0.32,global
Subaru,Legacy,Firehjul,Bensin,2004,30,20950,255050,12692,31942,15133,0.058,lokal
Subaru,Legacy,Firehjul,Bensin,2005,30,21921,229500,15036,28750,10256,0.053,lokal
Subaru,Legacy,Firehjul,Bensin,2006,24,29371,211250,19975,43910,23887,0.017,lokal
Subaru,Legacy,Firehjul,Bensin,2007,44,32921,240255,17725,44225,22413,-0.182,lokal
Subaru,Legacy,Firehjul,Bensin,2008,12,32692,261500,22000,50400,20535,-0.32,global
Subaru,Legacy,Firehjul,Bensin,2009,6,57221,193500,52425,66110,21245,-0.32,global
Subaru,Legacy,Firehjul,Bensin,2010,21,74900,203000,49900,99900,35834,-0.224,lokal
Subaru,Legacy,Firehjul,Bensin,2011,18,50871,215400,35675,89675,26821,-0.595,lokal
Subaru,Legacy,Firehjul,Bensin,2013,5,129999,173500,56900,135900,49363,-0.32,global
Subaru,Legacy,Firehjul,Bensin,2014,9,89934,188000,79900,99900,19389,-0.32,global
Subaru,Legacy,Firehjul,Diesel,2008,14,27942,226500,18432,31400,16509,-0.32,global
Subaru,Legacy,Firehjul,Diesel,2009,13,31900,262600,21900,46942,15631,-0.32,global
Subaru,Legacy,Firehjul,Diesel,2010,50,34450,230500,15225,50275,22081,-0.172,lokal
Subaru,Legacy,Firehjul,Diesel,2011,23,67900,194448,44950,79990,32390,-0.312,lokal
Subaru,Levorg,Firehjul,Bensin,2015,8,172000,160632,159742,182468,15268,-0.32,global
Subaru,Levorg,Firehjul,Bensin,2016,58,181712,125800,159000,199968,29905,-0.46,lokal
Subaru,Levorg,Firehjul,Bensin,2017,5,214532,102470,189999,215700,17859,-0.32,global
Subaru,Levorg,Firehjul,Bensin,2018,9,219000,88600,219000,234532,24092,-0.32,global
Subaru,Outback,Firehjul,Bensin,2005,5,16900,258000,16000,18181,15466,-0.32,global
Subaru,Outback,Firehjul,Bensin,2006,5,30000,250000,25000,33900,20366,-0.32,global
Subaru,Outback,Firehjul,Bensin,2007,12,29400,205232,22150,36900,21279,-0.32,global
Subaru,Outback,Firehjul,Bensin,2008,10,32971,283500,27206,46500,13942,-0.32,global
Subaru,Outback,Firehjul,Bensin,2010,6,69442,206000,57192,91410,41248,-0.32,global
Subaru,Outback,Firehjul,Bensin,2011,14,69921,205212,56486,90682,33272,-0.32,global
Subaru,Outback,Firehjul,Bensin,2012,33,89900,183000,64900,119999,40278,-0.401,lokal
Subaru,Outback,Firehjul,Bensin,2013,12,114450,170000,84150,142061,37552,-0.32,global
Subaru,Outback,Firehjul,Bensin,2014,10,174471,120311,142175,222942,48230,-0.32,global
Subaru,Outback,Firehjul,Bensin,2015,39,194900,135300,179000,219000,33287,-0.411,lokal
Subaru,Outback,Firehjul,Bensin,2016,41,209900,134500,179900,234900,30314,-0.446,lokal
Subaru,Outback,Firehjul,Bensin,2017,36,296667,87000,278000,299000,20937,-0.363,lokal
Subaru,Outback,Firehjul,Bensin,2018,48,309900,96773,279675,329000,36533,-0.551,lokal
Subaru,Outback,Firehjul,Bensin,2019,48,348500,98600,311000,369000,45061,-0.91,lokal
Subaru,Outback,Firehjul,Bensin,2020,36,389000,84950,379000,399225,33573,-0.348,lokal
Subaru,Outback,Firehjul,Diesel,2010,24,31921,249609,18682,49225,23968,-0.065,lokal
Subaru,Outback,Firehjul,Diesel,2011,21,41900,261000,25000,59900,20070,-0.035,lokal
Subaru,Outback,Firehjul,Diesel,2012,25,54942,231333,40845,80900,29690,-0.037,lokal
Subaru,Outback,Firehjul,Diesel,2013,29,99999,196500,75000,129000,33428,-0.554,lokal
Subaru,Outback,Firehjul,Diesel,2014,22,122900,170000,62400,156500,50949,-0.625,lokal
Subaru,Outback,Firehjul,Diesel,2015,85,159000,189652,138900,179434,28218,-0.24,lokal
Subaru,Outback,Firehjul,Diesel,2016,22,184438,165700,134550,234000,49221,-1.574,lokal
Subaru,Outback,Firehjul,Diesel,2017,5,263434,139500,249000,279900,50073,-0.32,global
Subaru,Solterra,Firehjul,Elektrisk,2022,8,338500,35800,336757,353586,20961,-0.32,global
Subaru,Solterra,Firehjul,Elektrisk,2023,157,364900,30000,349000,379000,30190,-0.52,lokal
Subaru,Solterra,Firehjul,Elektrisk,2024,30,376950,18576,368925,389000,22983,-2.011,lokal
Subaru,Solterra,Firehjul,Elektrisk,2025,36,434450,6333,419900,449900,23000,-0.32,global
Subaru,Solterra,Firehjul,Elektrisk,2026,15,599900,50,558652,624225,48904,-0.32,global
Subaru,Trezia,Tohjul,Diesel,2013,10,52421,133858,38660,66432,23331,-0.32,global
Subaru,XV,Firehjul,Bensin,2012,85,99900,142600,77942,128000,35318,-0.399,lokal
Subaru,XV,Firehjul,Bensin,2013,44,99971,150280,84160,129000,31629,-0.115,lokal
Subaru,XV,Firehjul,Bensin,2014,44,127000,137000,114655,138250,20817,-0.338,lokal
Subaru,XV,Firehjul,Bensin,2015,24,159400,100850,144608,189000,37300,-0.574,lokal
Subaru,XV,Firehjul,Bensin,2016,101,189000,115893,169434,214900,41078,-0.471,lokal
Subaru,XV,Firehjul,Bensin,2017,55,199900,106967,179900,244450,45314,-0.593,lokal
Subaru,XV,Firehjul,Bensin,2018,76,238950,94500,218634,259000,40778,-0.562,lokal
Subaru,XV,Firehjul,Diesel,2012,73,77900,176000,53942,91900,29375,-0.275,lokal
Subaru,XV,Firehjul,Diesel,2013,38,89000,164968,64182,109968,31385,-0.359,lokal
Subaru,XV,Firehjul,Diesel,2014,20,114850,149702,89300,125825,27378,-0.28,lokal
Subaru,XV,Firehjul,Hybrid,2020,25,315000,60000,288000,319900,30295,-0.988,lokal
Suzuki,Across,Firehjul,Hybrid,2020,32,349000,75777,329000,352175,32865,-0.308,lokal
Suzuki,Across,Firehjul,Hybrid,2021,33,389000,65000,359000,419000,35774,-0.73,lokal
Suzuki,Across,Firehjul,Hybrid,2022,70,383450,81000,358250,416575,45491,-1.179,lokal
Suzuki,Across,Firehjul,Hybrid,2023,13,479000,50000,429000,539000,80950,-0.32,global
Suzuki,Across,Firehjul,Plug-in hybrid,2020,80,339000,73000,319000,369000,32011,-0.557,lokal
Suzuki,Across,Firehjul,Plug-in hybrid,2021,100,369000,66966,359000,379900,27114,-0.519,lokal
Suzuki,Across,Firehjul,Plug-in hybrid,2022,253,399000,66250,379000,419000,33276,-0.743,lokal
Suzuki,Across,Firehjul,Plug-in hybrid,2023,77,478900,43655,449000,499000,46213,-0.72,lokal
Suzuki,Across,Firehjul,Plug-in hybrid,2024,10,549000,37768,541500,559000,29810,-0.32,global
Suzuki,Alto,Tohjul,Bensin,2010,10,23000,149250,18400,32975,15007,-0.32,global
Suzuki,Alto,Tohjul,Bensin,2011,7,37900,130500,35421,38600,6244,-0.32,global
Suzuki,Alto,Tohjul,Bensin,2012,5,27900,102700,24900,29900,10537,-0.32,global
Suzuki,Alto,Tohjul,Bensin,2013,12,29900,149478,26650,29900,2359,-0.32,global
Suzuki,Grand Vitara,Firehjul,Bensin,2004,10,30921,206770,16475,42206,15292,-0.32,global
Suzuki,Grand Vitara,Firehjul,Bensin,2005,44,34400,193462,21575,42682,14834,0.017,lokal
Suzuki,Grand Vitara,Firehjul,Bensin,2006,54,39900,182682,22706,59900,23984,-0.172,lokal
Suzuki,Grand Vitara,Firehjul,Bensin,2007,9,59942,164400,51942,65900,11139,-0.32,global
Suzuki,Grand Vitara,Firehjul,Bensin,2008,9,69900,143000,64942,69999,15314,-0.32,global
Suzuki,Grand Vitara,Firehjul,Bensin,2009,5,59900,142500,51900,99900,38226,-0.32,global
Suzuki,Grand Vitara,Firehjul,Diesel,2000,6,21942,227682,18192,27160,7725,-0.32,global
Suzuki,Grand Vitara,Firehjul,Diesel,2001,6,28921,179647,19182,36486,12296,-0.32,global
Suzuki,Grand Vitara,Firehjul,Diesel,2004,5,21942,229274,21900,23942,11504,-0.32,global
Suzuki,Grand Vitara,Firehjul,Diesel,2005,6,32471,169450,17660,46425,28881,-0.32,global
Suzuki,Grand Vitara,Firehjul,Diesel,2006,77,29000,223421,16900,36900,18420,-0.127,lokal
Suzuki,Grand Vitara,Firehjul,Diesel,2007,23,33942,250000,20421,49900,21013,-0.096,lokal
Suzuki,Grand Vitara,Firehjul,Diesel,2008,36,24900,212258,14900,49000,22375,-0.166,lokal
Suzuki,Grand Vitara,Firehjul,Diesel,2009,14,46321,206500,31432,55160,19587,-0.32,global
Suzuki,Grand Vitara,Firehjul,Diesel,2010,8,29421,210059,19206,72422,33113,-0.32,global
Suzuki,Grand Vitara,Firehjul,Diesel,2011,16,63400,216260,44410,92400,33892,-0.32,global
Suzuki,Grand Vitara,Firehjul,Diesel,2012,8,94450,153100,67400,111249,39032,-0.32,global
Suzuki,Grand Vitara,Firehjul,Diesel,2013,13,89400,178000,59000,119942,36648,-0.32,global
Suzuki,Ignis,Firehjul,Bensin,2001,9,69900,101000,26942,89000,33296,-0.32,global
Suzuki,Ignis,Firehjul,Bensin,2002,19,34900,143033,15421,43445,22536,-0.219,lokal
Suzuki,Ignis,Firehjul,Bensin,2003,11,29900,150000,19900,33150,11069,-0.32,global
Suzuki,Ignis,Firehjul,Bensin,2004,18,25421,163500,16412,32910,17257,-0.114,lokal
Suzuki,Ignis,Firehjul,Bensin,2005,25,36942,132300,24942,45900,26240,-0.208,lokal
Suzuki,Ignis,Firehjul,Bensin,2006,5,11942,121200,11942,21942,9105,-0.32,global
Suzuki,Ignis,Firehjul,Bensin,2007,8,29900,121444,19410,34925,12520,-0.32,global
Suzuki,Ignis,Firehjul,Bensin,2008,12,28471,133000,16942,39710,15559,-0.32,global
Suzuki,Ignis,Firehjul,Bensin,2009,5,43900,130000,39900,47900,7050,-0.32,global
Suzuki,Ignis,Firehjul,Bensin,2016,5,53236,202274,53236,53236,43966,-0.32,global
Suzuki,Ignis,Firehjul,Bensin,2017,25,148500,51000,135900,168500,25148,-0.314,lokal
Suzuki,Ignis,Firehjul,Bensin,2019,40,148500,79860,119000,159225,29458,-0.37,lokal
Suzuki,Ignis,Firehjul,Bensin,2020,14,189000,38945,164675,197925,40236,-0.32,global
Suzuki,Ignis,Firehjul,Bensin,2022,18,229000,35562,219000,229900,14537,-0.702,lokal
Suzuki,Ignis,Firehjul,Bensin,2023,5,230000,14000,218000,244900,15621,-0.32,global
Suzuki,Ignis,Firehjul,Hybrid,2017,14,149000,69900,139000,149675,10474,-0.32,global
Suzuki,Ignis,Firehjul,Hybrid,2018,21,148166,70000,128166,169000,27599,-0.333,lokal
Suzuki,Ignis,Firehjul,Hybrid,2019,25,149900,67900,129000,159999,23087,-0.241,lokal
Suzuki,Ignis,Firehjul,Hybrid,2020,7,198800,38400,188500,213800,23994,-0.32,global
Suzuki,Ignis,Firehjul,Hybrid,2022,10,219000,37598,219000,228000,18673,-0.32,global
Suzuki,Jimny,Firehjul,Bensin,2000,8,39421,170447,29442,41910,18980,-0.32,global
Suzuki,Jimny,Firehjul,Bensin,2004,13,77942,167000,51900,96900,29185,-0.32,global
Suzuki,Jimny,Firehjul,Bensin,2005,9,86942,131000,84900,104999,23865,-0.32,global
Suzuki,Jimny,Firehjul,Bensin,2008,8,118942,118360,99749,141735,37876,-0.32,global
Suzuki,Jimny,Firehjul,Bensin,2019,6,664900,19500,629900,699900,38341,-0.32,global
Suzuki,Kizashi,Firehjul,Bensin,2010,17,69900,193080,51900,84900,27589,-0.11,lokal
Suzuki,Kizashi,Firehjul,Bensin,2011,14,74950,166100,60910,89900,23235,-0.32,global
Suzuki,Kizashi,Firehjul,Bensin,2012,9,86845,152000,51900,96900,24740,-0.32,global
Suzuki,Liana,Firehjul,Bensin,2002,6,18471,137500,9706,24986,8703,-0.32,global
Suzuki,Liana,Firehjul,Bensin,2003,6,8700,161392,7082,21150,10181,-0.32,global
Suzuki,Liana,Firehjul,Bensin,2004,24,24971,165646,15660,32410,14637,-0.061,lokal
Suzuki,Liana,Firehjul,Bensin,2005,39,31900,155000,22971,37450,14013,-0.093,lokal
Suzuki,Liana,Firehjul,Bensin,2006,16,33421,135288,22442,47425,13273,-0.32,global
Suzuki,Liana,Firehjul,Bensin,2007,19,49000,132000,37950,55971,14455,-0.049,lokal
Suzuki,Liana,Firehjul,Bensin,2008,38,35950,147500,28181,47950,19789,-0.113,lokal
Suzuki,Liana,Firehjul,Bensin,2009,14,44950,149000,26900,59160,31006,-0.32,global
Suzuki,S-Cross,Firehjul,Bensin,2017,5,218000,120000,189000,279000,49275,-0.32,global
Suzuki,S-Cross,Firehjul,Bensin,2018,10,239900,48900,231150,249675,14037,-0.32,global
Suzuki,S-Cross,Firehjul,Bensin,2022,10,329450,45120,303000,339900,22157,-0.32,global
Suzuki,S-Cross,Firehjul,Hybrid,2023,25,339000,77093,339000,349000,23280,-0.606,lokal
Suzuki,SJ,Firehjul,Bensin,1985,11,44200,84000,38450,62768,31441,-0.32,global
Suzuki,SX4,Firehjul,Bensin,2006,38,29450,176438,20410,49432,18508,-0.229,lokal
Suzuki,SX4,Firehjul,Bensin,2007,38,37950,179208,27182,58400,20259,-0.154,lokal
Suzuki,SX4,Firehjul,Bensin,2008,30,40422,178011,28160,57236,23889,-0.353,lokal
Suzuki,SX4,Firehjul,Bensin,2009,38,42921,160417,31150,59998,23783,-0.208,lokal
Suzuki,SX4,Firehjul,Bensin,2010,47,74900,140235,57971,99450,28582,-0.366,lokal
Suzuki,SX4,Firehjul,Bensin,2011,48,78000,129490,58486,89925,27281,-0.137,lokal
Suzuki,SX4,Firehjul,Bensin,2012,34,75200,149650,64125,83725,24037,-0.013,lokal
Suzuki,SX4,Firehjul,Bensin,2013,14,85900,109100,79900,99675,23905,-0.32,global
Suzuki,SX4,Firehjul,Bensin,2014,6,127000,149454,123624,129000,13218,-0.32,global
Suzuki,SX4,Firehjul,Bensin,2019,6,281783,57599,271500,295392,19109,-0.32,global
Suzuki,SX4,Firehjul,Bensin,2022,6,319000,49104,315925,326500,24170,-0.32,global
Suzuki,SX4,Firehjul,Bensin,2024,6,384000,29800,364000,396500,20976,-0.32,global
Suzuki,SX4,Firehjul,Diesel,2006,14,25966,209500,13525,36150,13878,-0.32,global
Suzuki,SX4,Firehjul,Diesel,2007,9,27900,174910,16942,39000,13143,-0.32,global
Suzuki,SX4,Firehjul,Diesel,2008,15,37900,198000,21900,44971,13774,-0.32,global
Suzuki,SX4,Firehjul,Diesel,2009,6,49450,178517,32400,74675,24391,-0.32,global
Suzuki,SX4,Firehjul,Diesel,2010,16,53950,148500,47175,60650,19451,-0.32,global
Suzuki,SX4,Firehjul,Diesel,2011,10,53450,199000,36182,71399,24279,-0.32,global
Suzuki,SX4,Firehjul,Diesel,2012,9,59000,146300,49999,69000,18849,-0.32,global
Suzuki,SX4,Firehjul,Hybrid,2023,7,345000,60300,322000,369800,38925,-0.32,global
Suzuki,SX4 S-Cross,Firehjul,Bensin,2013,34,134450,120750,118250,149000,23916,-0.147,lokal
Suzuki,SX4 S-Cross,Firehjul,Bensin,2014,113,149000,110700,119900,168700,33260,-0.4,lokal
Suzuki,SX4 S-Cross,Firehjul,Bensin,2015,73,159000,112000,143166,179900,32636,-0.386,lokal
Suzuki,SX4 S-Cross,Firehjul,Bensin,2016,54,189900,93426,164574,206650,39168,-0.383,lokal
Suzuki,SX4 S-Cross,Firehjul,Bensin,2017,57,209000,100487,192900,223532,27575,-0.427,lokal
Suzuki,SX4 S-Cross,Firehjul,Bensin,2018,46,229900,89550,199225,249000,29993,-0.453,lokal
Suzuki,SX4 S-Cross,Firehjul,Bensin,2019,19,259000,67198,241500,262000,26910,-0.339,lokal
Suzuki,SX4 S-Cross,Firehjul,Bensin,2020,10,249217,89350,241500,257975,15087,-0.32,global
Suzuki,SX4 S-Cross,Firehjul,Bensin,2021,20,287000,71553,269000,299000,16736,-0.587,lokal
Suzuki,SX4 S-Cross,Firehjul,Bensin,2022,36,327450,54640,316500,345336,26187,-0.7,lokal
Suzuki,SX4 S-Cross,Firehjul,Bensin,2023,5,358900,35900,349000,365000,21684,-0.32,global
Suzuki,SX4 S-Cross,Firehjul,Hybrid,2021,18,279450,65559,251826,304075,29936,-0.373,lokal
Suzuki,SX4 S-Cross,Firehjul,Hybrid,2022,53,299500,69265,279500,319000,39845,-0.866,lokal
Suzuki,SX4 S-Cross,Firehjul,Hybrid,2023,59,345000,65283,339000,352400,21487,-0.36,lokal
Suzuki,SX4 S-Cross,Firehjul,Hybrid,2024,26,399900,25980,398000,409000,19737,-0.32,global
Suzuki,Swift,Firehjul,Bensin,2005,8,26442,175515,19900,33682,11071,-0.32,global
Suzuki,Swift,Firehjul,Bensin,2006,80,24421,171300,11942,32182,11385,-0.094,lokal
Suzuki,Swift,Firehjul,Bensin,2007,42,34900,151056,25000,49000,16901,-0.119,lokal
Suzuki,Swift,Firehjul,Bensin,2008,27,31900,158000,25900,41421,17097,-0.192,lokal
Suzuki,Swift,Firehjul,Bensin,2009,18,35921,159787,28432,39410,13147,0.015,lokal
Suzuki,Swift,Firehjul,Bensin,2010,35,38900,161000,23421,48900,18397,-0.156,lokal
Suzuki,Swift,Firehjul,Bensin,2011,108,51900,149272,38650,69000,22600,-0.217,lokal
Suzuki,Swift,Firehjul,Bensin,2012,55,62000,132000,49890,78400,21090,-0.206,lokal
Suzuki,Swift,Tohjul,Bensin,2012,10,77471,132300,39900,94900,34217,-0.32,global
Suzuki,Swift,Firehjul,Bensin,2013,40,73950,122509,54998,85725,20365,-0.286,lokal
Suzuki,Swift,Tohjul,Bensin,2013,6,89000,97000,86749,119000,24757,-0.32,global
Suzuki,Swift,Firehjul,Bensin,2014,34,96083,118286,74416,119000,25995,-0.407,lokal
Suzuki,Swift,Firehjul,Bensin,2015,48,119890,97288,74542,129900,33836,-0.688,lokal
Suzuki,Swift,Firehjul,Bensin,2016,28,116500,83323,99675,129900,24189,-0.336,lokal
Suzuki,Swift,Firehjul,Bensin,2017,21,128166,89600,109000,159000,24820,-0.415,lokal
Suzuki,Swift,Firehjul,Bensin,2018,8,149000,89200,133725,164225,32612,-0.32,global
Suzuki,Swift,Tohjul,Bensin,2018,6,180666,81550,164541,189916,22367,-0.32,global
Suzuki,Swift,Firehjul,Bensin,2019,12,174450,63950,169000,189225,18796,-0.32,global
Suzuki,Swift,Firehjul,Bensin,2020,13,189000,61500,179000,199000,16419,-0.32,global
Suzuki,Swift,Firehjul,Bensin,2021,33,208800,41350,199000,218900,15843,-0.152,lokal
Suzuki,Swift,Firehjul,Bensin,2022,9,229000,27900,219000,234000,15340,-0.32,global
Suzuki,Swift,Firehjul,Bensin,2023,22,238900,45000,219000,257703,27207,-0.643,lokal
Suzuki,Swift,Firehjul,Bensin,2024,23,318900,11093,299000,329900,21297,-0.476,lokal
Suzuki,Swift,Firehjul,Bensin,2025,5,359000,4400,329000,369900,23553,-0.32,global
Suzuki,Swift,Firehjul,Hybrid,2017,36,136500,89000,125198,149000,18977,-0.36,lokal
Suzuki,Swift,Firehjul,Hybrid,2018,40,159000,84017,148792,169000,21597,-0.21,lokal
Suzuki,Swift,Firehjul,Hybrid,2019,36,168900,83244,149716,178800,21157,-0.435,lokal
Suzuki,Swift,Firehjul,Hybrid,2020,36,169000,85106,149000,189000,20919,-0.408,lokal
Suzuki,Swift,Firehjul,Hybrid,2021,42,191083,49350,179225,199974,19874,-0.306,lokal
Suzuki,Swift,Firehjul,Hybrid,2022,30,219000,59400,209000,233500,21443,-0.649,lokal
Suzuki,Swift,Firehjul,Hybrid,2025,12,364900,525,346425,369000,19437,-0.32,global
Suzuki,Vitara,Firehjul,Bensin,2015,45,165000,112000,149000,189000,27539,-0.493,lokal
Suzuki,Vitara,Firehjul,Bensin,2016,74,179450,118300,169000,199900,27280,-0.342,lokal
Suzuki,Vitara,Firehjul,Bensin,2017,26,204450,93350,171133,222124,32833,-0.364,lokal
Suzuki,Vitara,Firehjul,Bensin,2018,38,227000,94175,199108,239968,29330,-0.561,lokal
Suzuki,Vitara,Firehjul,Bensin,2019,42,229617,83100,204675,249675,31748,-0.562,lokal
Suzuki,Vitara,Firehjul,Bensin,2020,34,269900,75850,249900,286575,25237,-0.583,lokal
Suzuki,Vitara,Firehjul,Bensin,2021,26,293500,69250,279000,299784,21196,-0.369,lokal
Suzuki,Vitara,Firehjul,Bensin,2022,15,298900,60365,284900,299900,15293,-0.32,global
Suzuki,Vitara,Firehjul,Bensin,2023,11,379000,24000,359000,384000,28058,-0.32,global
Suzuki,Vitara,Firehjul,Diesel,2015,20,147450,141750,119326,169225,37496,-0.751,lokal
Suzuki,Vitara,Firehjul,Diesel,2016,9,149000,153733,109000,169000,35587,-0.32,global
Suzuki,Vitara,Firehjul,Diesel,2017,9,168500,145300,149532,168500,27381,-0.32,global
Suzuki,Vitara,Firehjul,Hybrid,2020,5,234434,92763,229900,239900,10816,-0.32,global
Suzuki,Vitara,Firehjul,Hybrid,2021,22,274000,63000,269000,293650,33465,0.119,lokal
Suzuki,Vitara,Firehjul,Hybrid,2022,61,299900,48200,289000,319900,25403,-0.443,lokal
Suzuki,Vitara,Firehjul,Hybrid,2023,44,359000,28000,325000,386000,38789,-0.835,lokal
Suzuki,XL7,Firehjul,Bensin,2002,6,13421,201679,8225,23910,30258,-0.32,global
Suzuki,XL7,Firehjul,Diesel,2004,34,20950,253500,13942,38249,36535,-0.093,lokal
Suzuki,XL7,Firehjul,Diesel,2005,29,26900,232558,14900,51900,23335,-0.039,lokal
Suzuki,XL7,Firehjul,Diesel,2006,47,27500,224753,18421,41942,16844,-0.01,lokal
Suzuki,XL7,Firehjul,Diesel,2007,21,35000,229000,26296,49900,24411,-0.094,lokal
Suzuki,eVitara,Firehjul,Elektrisk,2025,19,409000,1265,393752,419450,31655,-0.32,global
Tesla,Cybertruck,Firehjul,Elektrisk,2024,16,1349000,11994,1344000,1391836,105796,-3.148,lokal
Tesla,Model 3,Firehjul,Elektrisk,2019,1605,199800,105000,184434,219000,29131,-0.438,lokal
Tesla,Model 3,Tohjul,Elektrisk,2019,143,179900,95000,159691,199226,25689,-0.315,lokal
Tesla,Model 3,Firehjul,Elektrisk,2020,569,229532,94000,208900,249900,35101,-0.613,lokal
Tesla,Model 3,Tohjul,Elektrisk,2020,68,193434,98000,182800,209899,24463,-0.427,lokal
Tesla,Model 3,Firehjul,Elektrisk,2021,1612,269000,78000,249532,284434,30163,-0.595,lokal
Tesla,Model 3,Tohjul,Elektrisk,2021,506,229000,68000,214434,239434,21546,-0.425,lokal
Tesla,Model 3,Firehjul,Elektrisk,2022,434,309000,62620,289900,329000,34459,-0.697,lokal
Tesla,Model 3,Tohjul,Elektrisk,2022,159,258900,62300,241122,269900,26229,-0.348,lokal
Tesla,Model 3,Firehjul,Elektrisk,2023,190,349000,47772,337343,367343,33626,-0.526,lokal
Tesla,Model 3,Tohjul,Elektrisk,2023,63,287343,42414,269000,297950,217317,-0.595,lokal
Tesla,Model 3,Firehjul,Elektrisk,2024,360,415000,24000,399343,433850,32351,-0.589,lokal
Tesla,Model 3,Tohjul,Elektrisk,2024,229,335000,24780,327505,345000,18556,-0.32,lokal
Tesla,Model 3,Firehjul,Elektrisk,2025,110,445924,13000,429225,474500,39341,-1.307,lokal
Tesla,Model 3,Tohjul,Elektrisk,2025,56,358252,15350,346007,387854,26888,0.252,lokal
Tesla,Model 3,Firehjul,Elektrisk,2026,25,457505,4500,449900,469900,40567,-0.32,global
Tesla,Model 3,Tohjul,Elektrisk,2026,6,403252,4507,366801,419000,81675,-0.32,global
Tesla,Model S,Tohjul,Elektrisk,2013,110,118950,220000,101192,136900,27284,-0.122,lokal
Tesla,Model S,Tohjul,Elektrisk,2014,267,126942,197000,102188,146467,33639,-0.098,lokal
Tesla,Model S,Firehjul,Elektrisk,2015,247,149900,186600,124434,179217,40921,-0.247,lokal
Tesla,Model S,Tohjul,Elektrisk,2015,23,149305,191821,129483,159900,35033,-0.178,lokal
Tesla,Model S,Firehjul,Elektrisk,2016,197,174999,166602,149000,199000,41593,-0.259,lokal
Tesla,Model S,Tohjul,Elektrisk,2016,7,159532,170142,139467,171918,57693,-0.32,global
Tesla,Model S,Firehjul,Elektrisk,2017,336,181216,141100,164434,214992,45405,-0.267,lokal
Tesla,Model S,Tohjul,Elektrisk,2017,58,166450,130646,149458,188608,29736,-0.119,lokal
Tesla,Model S,Firehjul,Elektrisk,2018,419,207000,123000,179532,239217,52505,-0.52,lokal
Tesla,Model S,Firehjul,Elektrisk,2019,156,255967,118000,219508,299108,70038,-0.576,lokal
Tesla,Model S,Firehjul,Elektrisk,2020,58,378000,86994,349000,403748,52709,-0.553,lokal
Tesla,Model S,Firehjul,Elektrisk,2021,25,379000,94255,359000,439900,62029,-0.026,lokal
Tesla,Model S,Firehjul,Elektrisk,2022,11,699000,57000,626200,756172,222664,-0.32,global
Tesla,Model S,Firehjul,Elektrisk,2023,71,729000,39300,682100,759450,64701,-0.886,lokal
Tesla,Model X,Firehjul,Elektrisk,2016,91,243532,167600,214717,286717,62024,-0.212,lokal
Tesla,Model X,Firehjul,Elektrisk,2017,482,239900,147308,199532,270000,57393,-0.212,lokal
Tesla,Model X,Firehjul,Elektrisk,2018,495,249000,128148,214667,294900,56553,-0.33,lokal
Tesla,Model X,Firehjul,Elektrisk,2019,263,313434,116123,259950,354434,67043,-0.508,lokal
Tesla,Model X,Firehjul,Elektrisk,2020,67,409900,93000,381717,466995,64867,-0.882,lokal
Tesla,Model X,Firehjul,Elektrisk,2021,35,499900,85000,492900,532167,78761,-0.492,lokal
Tesla,Model X,Firehjul,Elektrisk,2023,85,749900,49391,728000,779532,54207,-0.58,lokal
Tesla,Model X,Firehjul,Elektrisk,2024,5,889000,21600,828100,932129,79444,-0.32,global
Tesla,Model Y,Firehjul,Elektrisk,2021,1063,314532,76397,298991,329900,26618,-0.588,lokal
Tesla,Model Y,Firehjul,Elektrisk,2022,1382,349900,66300,329549,369900,37486,-0.687,lokal
Tesla,Model Y,Firehjul,Elektrisk,2023,1642,387343,52000,367505,399990,34527,-0.758,lokal
Tesla,Model Y,Tohjul,Elektrisk,2023,168,329343,47118,312005,348250,26509,-0.529,lokal
Tesla,Model Y,Firehjul,Elektrisk,2024,636,439000,31592,422344,455225,30637,-0.698,lokal
Tesla,Model Y,Tohjul,Elektrisk,2024,62,369400,34617,357505,379900,24577,-0.332,lokal
Tesla,Model Y,Firehjul,Elektrisk,2025,559,519000,11501,488000,549000,45132,-0.856,lokal
Tesla,Model Y,Firehjul,Elektrisk,2026,204,578000,1050,569000,598000,69941,-0.32,global
Think,City,Tohjul,Elektrisk,2011,7,11900,69500,9400,16900,7371,-0.32,global
Toyota,4-Runner,Firehjul,Diesel,1994,7,80900,294500,75971,86500,26272,-0.32,global
Toyota,Auris,Tohjul,Bensin,2007,73,39900,165300,30900,56942,18555,-0.122,lokal
Toyota,Auris,Tohjul,Bensin,2008,92,41900,168450,26942,49942,15704,-0.149,lokal
Toyota,Auris,Tohjul,Bensin,2009,49,40900,150000,29900,59000,18515,-0.21,lokal
Toyota,Auris,Tohjul,Bensin,2010,72,48950,159000,34586,59000,18887,-0.094,lokal
Toyota,Auris,Tohjul,Bensin,2011,29,69000,143953,52900,89900,21592,-0.197,lokal
Toyota,Auris,Tohjul,Bensin,2012,39,79900,129100,58950,92421,24689,-0.222,lokal
Toyota,Auris,Tohjul,Bensin,2013,67,99990,129300,89450,119945,28140,-0.193,lokal
Toyota,Auris,Tohjul,Bensin,2014,111,106934,143000,88500,125000,24667,-0.298,lokal
Toyota,Auris,Tohjul,Bensin,2015,68,139000,127400,119926,146000,22020,-0.313,lokal
Toyota,Auris,Tohjul,Bensin,2016,13,139900,92000,129166,149900,24401,-0.32,global
Toyota,Auris,Tohjul,Diesel,2007,164,33900,198000,25706,46900,14080,-0.011,lokal
Toyota,Auris,Tohjul,Diesel,2008,174,36838,191875,26900,48750,16912,-0.12,lokal
Toyota,Auris,Tohjul,Diesel,2009,77,34000,197757,27900,49900,17662,-0.139,lokal
Toyota,Auris,Tohjul,Diesel,2010,90,38000,203250,29182,49900,16734,-0.15,lokal
Toyota,Auris,Tohjul,Diesel,2011,78,45971,175560,34925,63000,18617,-0.199,lokal
Toyota,Auris,Tohjul,Diesel,2012,34,53971,177300,39900,66910,17344,-0.178,lokal
Toyota,Auris,Tohjul,Diesel,2013,28,69000,184438,59900,73400,19225,-0.019,lokal
Toyota,Auris,Tohjul,Diesel,2014,17,79990,169000,66942,99000,25638,-0.32,global
Toyota,Auris,Tohjul,Hybrid,2010,26,75971,139500,64900,93425,19041,-0.223,lokal
Toyota,Auris,Tohjul,Hybrid,2011,86,70921,155105,56900,84974,21074,-0.254,lokal
Toyota,Auris,Tohjul,Hybrid,2012,76,76942,143150,63650,90386,19887,-0.229,lokal
Toyota,Auris,Tohjul,Hybrid,2013,210,99996,152500,89900,119900,24441,-0.234,lokal
Toyota,Auris,Tohjul,Hybrid,2014,254,114434,143512,98575,129000,27920,-0.321,lokal
Toyota,Auris,Tohjul,Hybrid,2015,263,129934,122585,116016,149000,26205,-0.328,lokal
Toyota,Auris,Tohjul,Hybrid,2016,299,146500,114784,129434,160466,23697,-0.321,lokal
Toyota,Auris,Tohjul,Hybrid,2017,235,159000,107000,139900,175000,25025,-0.391,lokal
Toyota,Auris,Tohjul,Hybrid,2018,171,179800,91755,164434,189945,22471,-0.298,lokal
Toyota,Auris,Tohjul,Hybrid,2019,28,186500,97425,179784,189900,17668,-0.301,lokal
Toyota,Avensis,Tohjul,Bensin,1998,8,26942,180100,23975,28432,5403,-0.32,global
Toyota,Avensis,Tohjul,Bensin,1999,13,21900,238587,16942,23900,6354,-0.32,global
Toyota,Avensis,Tohjul,Bensin,2000,13,16942,202440,14900,23900,14005,-0.32,global
Toyota,Avensis,Tohjul,Bensin,2001,25,19942,201000,9942,24990,8300,-0.0,lokal
Toyota,Avensis,Tohjul,Bensin,2002,22,11900,228660,9900,18910,9278,-0.027,lokal
Toyota,Avensis,Tohjul,Bensin,2003,18,17421,235833,12432,25650,8776,0.003,lokal
Toyota,Avensis,Tohjul,Bensin,2004,117,21000,223000,13900,29999,12830,-0.079,lokal
Toyota,Avensis,Tohjul,Bensin,2005,106,25000,230700,15056,34932,13735,-0.06,lokal
Toyota,Avensis,Tohjul,Bensin,2006,102,24921,221318,14959,37662,13478,-0.101,lokal
Toyota,Avensis,Tohjul,Bensin,2007,42,29900,197394,19136,39942,13701,-0.036,lokal
Toyota,Avensis,Tohjul,Bensin,2008,34,30000,209552,21942,37956,17731,0.023,lokal
Toyota,Avensis,Tohjul,Bensin,2009,132,50945,206720,39900,72486,25356,-0.176,lokal
Toyota,Avensis,Tohjul,Bensin,2010,146,47971,198763,31910,65000,23062,-0.173,lokal
Toyota,Avensis,Tohjul,Bensin,2011,58,68200,179950,46225,83544,26587,-0.31,lokal
Toyota,Avensis,Tohjul,Bensin,2012,160,88950,176000,61650,99990,29448,-0.378,lokal
Toyota,Avensis,Tohjul,Bensin,2013,99,101900,169500,86950,119992,31783,-0.437,lokal
Toyota,Avensis,Tohjul,Bensin,2014,70,127971,159960,99900,148750,31215,-0.387,lokal
Toyota,Avensis,Tohjul,Bensin,2015,79,154434,129700,129948,171434,28096,-0.446,lokal
Toyota,Avensis,Tohjul,Bensin,2016,99,159000,139285,139217,176652,27925,-0.435,lokal
Toyota,Avensis,Tohjul,Bensin,2017,30,180766,117010,169133,193200,15050,-0.237,lokal
Toyota,Avensis,Tohjul,Bensin,2018,7,219900,86446,209000,229000,14574,-0.32,global
Toyota,Avensis,Tohjul,Diesel,2003,7,11900,250000,8200,19421,17224,-0.32,global
Toyota,Avensis,Tohjul,Diesel,2004,34,13950,289668,9818,19900,7824,-0.008,lokal
Toyota,Avensis,Tohjul,Diesel,2005,46,21900,273652,16182,29300,9494,-0.055,lokal
Toyota,Avensis,Tohjul,Diesel,2006,57,25000,250000,15000,31900,11437,-0.044,lokal
Toyota,Avensis,Tohjul,Diesel,2007,207,26900,248521,14900,31921,11519,-0.048,lokal
Toyota,Avensis,Tohjul,Diesel,2008,178,21900,232964,13900,31932,12923,-0.009,lokal
Toyota,Avensis,Tohjul,Diesel,2009,188,39900,234950,29900,49956,18992,-0.098,lokal
Toyota,Avensis,Tohjul,Diesel,2010,159,39900,224000,27900,59921,23517,-0.173,lokal
Toyota,Avensis,Tohjul,Diesel,2011,173,46942,213633,34900,61942,22793,-0.156,lokal
Toyota,Avensis,Tohjul,Diesel,2012,129,64900,195000,44900,87942,26643,-0.348,lokal
Toyota,Avensis,Tohjul,Diesel,2013,69,64942,199999,46942,89000,28155,-0.251,lokal
Toyota,Avensis,Tohjul,Diesel,2014,32,80688,199006,64729,122175,39929,-0.356,lokal
Toyota,Avensis,Tohjul,Diesel,2015,39,119000,144800,99216,144217,39128,-0.474,lokal
Toyota,Avensis,Tohjul,Diesel,2016,28,129900,137000,109900,146225,28155,-0.412,lokal
Toyota,Aygo,Tohjul,Bensin,2006,11,24900,153000,12921,24946,9300,-0.32,global
Toyota,Aygo,Tohjul,Bensin,2007,23,38700,107856,21400,49872,14232,-0.349,lokal
Toyota,Aygo,Tohjul,Bensin,2008,38,30450,113714,22442,38475,11433,-0.013,lokal
Toyota,Aygo,Tohjul,Bensin,2009,35,23900,132000,21900,29200,11114,0.07,lokal
Toyota,Aygo,Tohjul,Bensin,2010,66,21945,125000,16156,35862,14892,-0.13,lokal
Toyota,Aygo,Tohjul,Bensin,2011,71,27942,113000,20921,38894,13210,-0.112,lokal
Toyota,Aygo,Tohjul,Bensin,2012,44,30400,118000,18400,49625,20138,-0.173,lokal
Toyota,Aygo,Tohjul,Bensin,2013,21,39900,107000,30900,59000,15145,-0.097,lokal
Toyota,Aygo,Tohjul,Bensin,2014,30,59942,98200,48600,68166,18681,-0.173,lokal
Toyota,Aygo,Tohjul,Bensin,2015,36,71113,95526,60874,89900,19991,-0.164,lokal
Toyota,Aygo,Tohjul,Bensin,2016,10,82400,84880,79000,92500,12006,-0.32,global
Toyota,Aygo,Tohjul,Bensin,2018,8,116118,61446,109734,119000,8947,-0.32,global
Toyota,Aygo,Tohjul,Bensin,2021,5,174000,20600,168000,179000,13435,-0.32,global
Toyota,Aygo X,Tohjul,Bensin,2022,16,239406,24475,215453,249000,22655,-0.32,global
Toyota,Aygo X,Tohjul,Bensin,2023,10,237450,45700,229900,249914,19485,-0.32,global
Toyota,C-HR,Firehjul,Bensin,2017,33,219000,118000,199900,238000,23806,-0.494,lokal
Toyota,C-HR,Tohjul,Hybrid,2016,5,169000,129800,159000,169999,13183,-0.32,global
Toyota,C-HR,Tohjul,Hybrid,2017,257,189000,104431,169900,199900,26374,-0.292,lokal
Toyota,C-HR,Tohjul,Hybrid,2018,192,209000,93407,189434,223684,24557,-0.319,lokal
Toyota,C-HR,Tohjul,Hybrid,2019,203,225000,79000,205000,239900,25815,-0.39,lokal
Toyota,C-HR,Tohjul,Hybrid,2020,169,249000,64000,229434,265000,24328,-0.191,lokal
Toyota,C-HR,Tohjul,Hybrid,2021,138,279000,48180,259900,299000,27691,-0.453,lokal
Toyota,C-HR,Tohjul,Hybrid,2022,198,309450,44500,295000,329000,28675,-0.406,lokal
Toyota,C-HR,Tohjul,Hybrid,2023,283,319900,53200,309000,349000,27774,-0.255,lokal
Toyota,C-HR,Tohjul,Hybrid,2024,85,335000,49235,319000,339900,29444,-0.32,global
Toyota,Camry,Tohjul,Bensin,1997,9,23942,230000,21900,49000,22197,-0.32,global
Toyota,Camry,Tohjul,Bensin,1998,9,20000,245000,11900,26900,37888,-0.32,global
Toyota,Camry,Tohjul,Bensin,1999,12,23900,265598,18442,37975,22860,-0.32,global
Toyota,Camry,Tohjul,Bensin,2000,6,20450,300115,16675,44400,18140,-0.32,global
Toyota,Camry,Tohjul,Bensin,2002,14,23900,272078,17425,29225,20327,-0.32,global
Toyota,Camry,Tohjul,Hybrid,2019,32,269667,71000,256725,279258,32292,-0.326,lokal
Toyota,Camry,Tohjul,Hybrid,2020,14,286167,66250,274902,306725,30513,-0.32,global
Toyota,Camry,Tohjul,Hybrid,2021,20,299999,79000,299000,336125,29764,-0.942,lokal
Toyota,Camry,Tohjul,Hybrid,2022,10,369900,66000,331500,379675,59670,-0.32,global
Toyota,Camry,Tohjul,Hybrid,2023,9,419000,43247,389000,429000,44349,-0.32,global
Toyota,Carina,Tohjul,Bensin,1994,5,25000,265300,22000,34900,11665,-0.32,global
Toyota,Carina,Tohjul,Bensin,1995,5,22000,270000,19990,31900,10598,-0.32,global
Toyota,Carina,Tohjul,Bensin,1997,12,22971,258558,11932,29150,9396,-0.32,global
Toyota,Celica,Tohjul,Bensin,1997,8,44400,269500,22182,57432,43624,-0.32,global
Toyota,Celica,Tohjul,Bensin,2000,12,34400,187027,18880,50425,19375,-0.32,global
Toyota,Celica,Tohjul,Bensin,2004,5,106942,151000,66900,114900,34293,-0.32,global
Toyota,Corolla,Tohjul,Bensin,1987,5,24990,274000,14900,27000,123803,-0.32,global
Toyota,Corolla,Tohjul,Bensin,1993,5,30000,136500,29000,35000,5835,-0.32,global
Toyota,Corolla,Tohjul,Bensin,1994,11,25000,171000,14950,48950,21290,-0.32,global
Toyota,Corolla,Tohjul,Bensin,1995,11,21900,195064,16921,30950,12831,-0.32,global
Toyota,Corolla,Tohjul,Bensin,1996,19,21900,160000,16921,48000,19260,-0.207,lokal
Toyota,Corolla,Tohjul,Bensin,1997,26,23421,179000,19900,29160,9641,-0.055,lokal
Toyota,Corolla,Tohjul,Bensin,1998,37,19900,190512,16900,26942,10198,-0.011,lokal
Toyota,Corolla,Tohjul,Bensin,1999,17,26942,149000,21900,34900,9425,-0.137,lokal
Toyota,Corolla,Tohjul,Bensin,2000,26,17921,167000,11900,25000,8677,-0.077,lokal
Toyota,Corolla,Tohjul,Bensin,2001,37,21990,164000,17942,31442,10262,-0.056,lokal
Toyota,Corolla,Tohjul,Bensin,2002,54,24900,169374,16192,32875,12383,-0.07,lokal
Toyota,Corolla,Tohjul,Bensin,2003,91,29900,169812,23150,39900,12662,-0.069,lokal
Toyota,Corolla,Tohjul,Bensin,2004,121,27900,171500,17960,43942,16159,-0.139,lokal
Toyota,Corolla,Tohjul,Bensin,2005,65,36900,152000,26900,49000,14983,-0.094,lokal
Toyota,Corolla,Tohjul,Bensin,2006,69,37000,168773,27900,49942,19275,-0.155,lokal
Toyota,Corolla,Tohjul,Bensin,2007,24,39900,165834,32975,49410,15459,-0.013,lokal
Toyota,Corolla,Tohjul,Bensin,2008,30,41966,187677,35399,49775,11446,-0.092,lokal
Toyota,Corolla,Tohjul,Bensin,2009,15,50000,130000,38421,60450,19320,-0.32,global
Toyota,Corolla,Tohjul,Bensin,2011,5,70000,113000,64900,79900,25507,-0.32,global
Toyota,Corolla,Tohjul,Bensin,2012,5,88900,164000,59942,88900,22158,-0.32,global
Toyota,Corolla,Firehjul,Bensin,2023,9,1049000,13000,1049000,1049000,6667,-0.32,global
Toyota,Corolla,Tohjul,Diesel,2004,9,29000,174000,15900,39000,13092,-0.32,global
Toyota,Corolla,Tohjul,Diesel,2005,58,25950,209000,17182,31900,11977,-0.103,lokal
Toyota,Corolla,Tohjul,Diesel,2006,77,25900,216000,17942,31900,10828,-0.033,lokal
Toyota,Corolla,Tohjul,Diesel,2007,53,33900,190493,26900,41900,11698,-0.083,lokal
Toyota,Corolla,Tohjul,Diesel,2008,21,58000,198992,48942,67000,14405,0.048,lokal
Toyota,Corolla,Tohjul,Diesel,2009,10,45950,160497,37425,55650,14893,-0.32,global
Toyota,Corolla,Tohjul,Diesel,2010,9,44000,165000,34900,55000,18664,-0.32,global
Toyota,Corolla,Tohjul,Diesel,2011,14,44950,157000,29692,59932,20917,-0.32,global
Toyota,Corolla,Tohjul,Diesel,2012,10,64921,149000,50432,78475,17341,-0.32,global
Toyota,Corolla,Tohjul,Hybrid,2019,241,218900,85870,198000,239000,30563,-0.4,lokal
Toyota,Corolla,Tohjul,Hybrid,2020,302,224716,73363,209000,239900,24689,-0.349,lokal
Toyota,Corolla,Tohjul,Hybrid,2021,271,249000,65500,229000,264950,29740,-0.501,lokal
Toyota,Corolla,Tohjul,Hybrid,2022,449,289000,49143,269000,299000,29852,-0.371,lokal
Toyota,Corolla,Tohjul,Hybrid,2023,535,309000,53000,289900,327000,25240,-0.655,lokal
Toyota,Corolla,Ukjent,Hybrid,2023,6,319000,51738,296500,319000,22869,-0.32,global
Toyota,Corolla,Tohjul,Hybrid,2024,223,369000,48318,339000,389000,31158,-1.915,lokal
Toyota,Corolla Cross,Firehjul,Hybrid,2022,19,419900,35375,399000,429000,43038,-0.203,lokal
Toyota,Corolla Cross,Firehjul,Hybrid,2023,288,428950,43499,418900,439000,24787,-0.189,lokal
Toyota,Corolla Cross,Tohjul,Hybrid,2023,8,389000,43868,381086,389000,15940,-0.32,global
Toyota,Corolla Cross,Firehjul,Hybrid,2024,761,438900,52178,419000,459000,27443,-1.105,lokal
Toyota,Corolla Cross,Tohjul,Hybrid,2024,7,389000,16300,374450,429000,43435,-0.32,global
Toyota,Corolla Verso,Tohjul,Bensin,2003,7,31900,148253,18445,37450,14892,-0.32,global
Toyota,Corolla Verso,Tohjul,Bensin,2004,12,21395,243136,18786,26910,4787,-0.32,global
Toyota,Corolla Verso,Tohjul,Bensin,2005,16,29900,221718,21182,36150,11775,-0.32,global
Toyota,Corolla Verso,Tohjul,Bensin,2006,12,39471,189625,29974,49924,14773,-0.32,global
Toyota,Corolla Verso,Tohjul,Bensin,2007,9,35900,190000,28900,49900,11132,-0.32,global
Toyota,Corolla Verso,Tohjul,Bensin,2008,5,39942,188328,35000,45942,6379,-0.32,global
Toyota,Corolla Verso,Tohjul,Diesel,2004,7,21000,278500,12942,26450,11252,-0.32,global
Toyota,Corolla Verso,Tohjul,Diesel,2005,16,17250,225000,11932,27432,9137,-0.32,global
Toyota,Corolla Verso,Tohjul,Diesel,2006,5,29900,217000,16942,29942,9051,-0.32,global
Toyota,Corolla Verso,Tohjul,Diesel,2007,33,26900,240000,16942,31942,14192,-0.094,lokal
Toyota,Corolla Verso,Tohjul,Diesel,2008,42,26350,241444,17150,36900,12353,0.012,lokal
Toyota,Corolla Verso,Tohjul,Diesel,2009,6,36900,213542,30400,39650,12129,-0.32,global
Toyota,Dyna,Tohjul,Diesel,2005,5,68000,143412,41268,130268,45547,-0.32,global
Toyota,Dyna,Tohjul,Diesel,2008,8,90398,203900,62289,126289,47323,-0.32,global
Toyota,Dyna,Tohjul,Diesel,2010,7,119000,123000,95134,119634,27733,-0.32,global
Toyota,GR Supra,Tohjul,Bensin,2019,5,720000,88000,699000,799000,121585,-0.32,global
Toyota,GR Yaris,Firehjul,Bensin,2021,19,579900,40860,543950,614217,45590,-0.42,lokal
Toyota,GR Yaris,Firehjul,Bensin,2022,7,690000,35000,636966,698172,46223,-0.32,global
Toyota,GR Yaris,Firehjul,Bensin,2024,10,879252,5478,841500,942757,74488,-0.32,global
Toyota,GT86,Tohjul,Bensin,2012,13,261900,139000,230000,289990,64861,-0.32,global
Toyota,GT86,Tohjul,Bensin,2013,14,275950,126265,260400,299900,27761,-0.32,global
Toyota,HiAce,Tohjul,Diesel,1996,8,35634,373300,25774,51425,28539,-0.32,global
Toyota,HiAce,Firehjul,Diesel,1997,9,33942,347945,26268,41296,12474,-0.32,global
Toyota,HiAce,Tohjul,Diesel,1997,6,51282,340410,36525,64274,27532,-0.32,global
Toyota,HiAce,Firehjul,Diesel,1998,18,39532,343809,26518,46800,19170,-0.053,lokal
Toyota,HiAce,Tohjul,Diesel,1998,10,37532,282116,32456,55067,16682,-0.32,global
Toyota,HiAce,Firehjul,Diesel,1999,9,36296,335943,28296,51268,43420,-0.32,global
Toyota,HiAce,Firehjul,Diesel,2000,20,50119,289000,28900,76275,27317,-0.201,lokal
Toyota,HiAce,Firehjul,Diesel,2001,17,26296,330000,19268,46268,22425,0.202,lokal
Toyota,HiAce,Firehjul,Diesel,2002,57,29900,296500,20296,41296,29065,-0.007,lokal
Toyota,HiAce,Tohjul,Diesel,2002,28,31296,281496,21268,48451,20949,-0.028,lokal
Toyota,HiAce,Firehjul,Diesel,2003,37,36268,308556,21268,49900,24770,0.0,lokal
Toyota,HiAce,Tohjul,Diesel,2003,6,53134,202575,30972,67289,24394,-0.32,global
Toyota,HiAce,Firehjul,Diesel,2004,45,35296,292791,26296,69000,49016,-0.092,lokal
Toyota,HiAce,Tohjul,Diesel,2004,16,39000,219900,30926,96949,67741,-0.32,global
Toyota,HiAce,Firehjul,Diesel,2005,138,39134,287008,26268,61296,34220,-0.041,lokal
Toyota,HiAce,Tohjul,Diesel,2005,51,46268,232983,26148,54768,26136,-0.047,lokal
Toyota,HiAce,Firehjul,Diesel,2006,143,50268,271795,27782,71105,36403,-0.046,lokal
Toyota,HiAce,Tohjul,Diesel,2006,54,41268,278406,29326,60947,26400,-0.095,lokal
Toyota,HiAce,Firehjul,Diesel,2007,249,69268,275000,41268,101268,49246,-0.221,lokal
Toyota,HiAce,Tohjul,Diesel,2007,55,60268,265000,36648,81268,45597,-0.135,lokal
Toyota,HiAce,Firehjul,Diesel,2008,226,73282,275261,46296,118324,50709,-0.252,lokal
Toyota,HiAce,Tohjul,Diesel,2008,39,69268,199000,40584,91700,55417,-0.042,lokal
Toyota,HiAce,Firehjul,Diesel,2009,145,98268,265000,66296,126268,49281,-0.238,lokal
Toyota,HiAce,Tohjul,Diesel,2009,16,76282,223500,59823,89768,28256,-0.15,lokal
Toyota,HiAce,Firehjul,Diesel,2010,154,112796,225741,66546,152775,65644,-0.342,lokal
Toyota,HiAce,Tohjul,Diesel,2010,18,70296,216500,42539,81546,22923,-0.163,lokal
Toyota,HiAce,Firehjul,Diesel,2011,127,130296,230470,90768,159116,59061,-0.423,lokal
Toyota,HiAce,Tohjul,Diesel,2011,11,90268,183000,70648,126282,39962,-0.32,global
Toyota,HiAce,Firehjul,Diesel,2012,38,149296,196800,116701,180000,53154,0.257,lokal
Toyota,HiAce,Tohjul,Diesel,2012,5,134268,149800,129268,140268,28339,-0.32,global
Toyota,HiLux,Firehjul,Diesel,1994,7,81900,290000,70000,88324,13291,-0.32,global
Toyota,HiLux,Firehjul,Diesel,1998,13,64296,348000,59500,96900,24720,-0.32,global
Toyota,HiLux,Firehjul,Diesel,1999,7,85000,282000,54296,100834,50311,-0.32,global
Toyota,HiLux,Firehjul,Diesel,2000,9,76268,356823,46296,99000,45122,-0.32,global
Toyota,HiLux,Firehjul,Diesel,2001,13,91268,298500,51268,100000,46546,-0.32,global
Toyota,HiLux,Firehjul,Diesel,2002,12,88731,235500,69992,142236,46592,-0.32,global
Toyota,HiLux,Firehjul,Diesel,2003,15,81268,248040,50134,100782,50955,-0.32,global
Toyota,HiLux,Firehjul,Diesel,2004,15,71268,285000,43796,116282,89086,-0.32,global
Toyota,HiLux,Tohjul,Diesel,2004,5,39268,163000,35796,56296,13213,-0.32,global
Toyota,HiLux,Firehjul,Diesel,2005,11,56296,245000,31282,93768,42459,-0.32,global
Toyota,HiLux,Firehjul,Diesel,2006,48,79282,297428,50972,119492,54317,-0.273,lokal
Toyota,HiLux,Firehjul,Diesel,2007,89,126268,264000,86268,158982,54187,-0.3,lokal
Toyota,HiLux,Firehjul,Diesel,2008,53,146268,237000,98000,176268,67221,-0.404,lokal
Toyota,HiLux,Firehjul,Diesel,2009,56,119393,292112,76268,155317,60274,-0.071,lokal
Toyota,HiLux,Firehjul,Diesel,2010,65,154768,252000,113268,199000,72463,-0.246,lokal
Toyota,HiLux,Firehjul,Diesel,2011,57,205000,230650,175000,239900,60023,-0.119,lokal
Toyota,HiLux,Firehjul,Diesel,2012,76,219000,220226,178475,269426,67038,-0.519,lokal
Toyota,HiLux,Firehjul,Diesel,2013,68,238098,196166,187672,304722,86166,-0.705,lokal
Toyota,HiLux,Firehjul,Diesel,2014,85,239995,186000,199900,299520,94440,-0.81,lokal
Toyota,HiLux,Firehjul,Diesel,2015,72,230142,180948,171520,274020,123482,-0.166,lokal
Toyota,HiLux,Firehjul,Diesel,2016,90,299994,159000,269638,331303,91744,-0.168,lokal
Toyota,HiLux,Firehjul,Diesel,2017,111,311520,144000,279276,369800,106156,-0.583,lokal
Toyota,HiLux,Firehjul,Diesel,2018,79,349000,135000,308900,390210,135545,-0.697,lokal
Toyota,HiLux,Firehjul,Diesel,2019,125,359000,132000,315000,379900,79450,-0.384,lokal
Toyota,HiLux,Firehjul,Diesel,2020,82,393260,96850,362415,429900,84595,-0.366,lokal
Toyota,HiLux,Firehjul,Diesel,2021,182,455276,82036,419000,499900,96956,-0.293,lokal
Toyota,HiLux,Firehjul,Diesel,2022,109,499900,73000,476553,539000,89915,-0.584,lokal
Toyota,HiLux,Firehjul,Diesel,2023,122,629000,44853,599000,676500,140257,-0.226,lokal
Toyota,HiLux,Firehjul,Diesel,2024,86,629000,27570,602175,649000,115724,-0.992,lokal
Toyota,HiLux,Firehjul,Diesel,2025,27,798500,5000,771250,834000,63999,-0.32,global
Toyota,IQ,Tohjul,Bensin,2009,48,32192,128500,25650,39956,13743,0.058,lokal
Toyota,IQ,Tohjul,Bensin,2010,42,36921,117825,26900,46932,12659,-0.12,lokal
Toyota,IQ,Tohjul,Bensin,2011,17,34900,119964,29900,49900,19524,-0.32,global
Toyota,IQ,Tohjul,Bensin,2012,10,39442,89933,36859,48749,16848,-0.32,global
Toyota,IQ,Tohjul,Diesel,2010,7,26942,182000,25400,28500,9388,-0.32,global
Toyota,Land Cruiser,Firehjul,Bensin,1999,7,140942,348000,134000,220450,97707,-0.32,global
Toyota,Land Cruiser,Firehjul,Diesel,1986,13,51268,279775,30000,66268,23446,-0.32,global
Toyota,Land Cruiser,Firehjul,Diesel,1997,17,56900,400000,41900,76900,30099,-0.32,global
Toyota,Land Cruiser,Firehjul,Diesel,1998,18,70900,387000,48150,88032,32752,-0.032,lokal
Toyota,Land Cruiser,Firehjul,Diesel,1999,7,74900,400350,60598,81921,25355,-0.32,global
Toyota,Land Cruiser,Firehjul,Diesel,2000,21,61900,375000,51900,76900,28440,-0.114,lokal
Toyota,Land Cruiser,Firehjul,Diesel,2001,43,91900,357000,58421,119921,68534,-0.273,lokal
Toyota,Land Cruiser,Firehjul,Diesel,2002,24,64400,383000,49932,101660,60584,-0.248,lokal
Toyota,Land Cruiser,Firehjul,Diesel,2003,32,119421,339000,90660,238192,92245,-0.083,lokal
Toyota,Land Cruiser,Firehjul,Diesel,2004,71,99900,351000,76921,134421,54195,-0.251,lokal
Toyota,Land Cruiser,Firehjul,Diesel,2005,128,121921,320946,81900,167425,58546,-0.382,lokal
Toyota,Land Cruiser,Firehjul,Diesel,2006,133,141900,305832,90729,179999,70918,-0.499,lokal
Toyota,Land Cruiser,Firehjul,Diesel,2007,124,153421,291570,118475,199000,71409,-0.341,lokal
Toyota,Land Cruiser,Firehjul,Diesel,2008,121,199000,269000,151942,229999,116743,-0.443,lokal
Toyota,Land Cruiser,Firehjul,Diesel,2009,35,216942,266900,183900,265764,65250,-0.539,lokal
Toyota,Land Cruiser,Firehjul,Diesel,2010,133,299900,252000,269000,341942,65806,-0.457,lokal
Toyota,Land Cruiser,Firehjul,Diesel,2011,92,319921,262234,289900,370474,114111,-0.854,lokal
Toyota,Land Cruiser,Firehjul,Diesel,2012,106,364400,226335,299900,423662,94441,-0.683,lokal
Toyota,Land Cruiser,Firehjul,Diesel,2013,94,389450,220360,317400,439675,154195,-0.809,lokal
Toyota,Land Cruiser,Firehjul,Diesel,2014,56,469434,184500,371126,529225,124509,-1.156,lokal
Toyota,Land Cruiser,Firehjul,Diesel,2015,79,489000,191000,380710,548950,125813,-0.89,lokal
Toyota,Land Cruiser,Firehjul,Diesel,2016,166,499000,179499,379130,596750,126363,-1.221,lokal
Toyota,Land Cruiser,Firehjul,Diesel,2017,64,429000,163250,399000,494900,128436,-1.868,lokal
Toyota,Land Cruiser,Firehjul,Diesel,2018,125,499995,128000,459900,759900,166119,-1.189,lokal
Toyota,Land Cruiser,Firehjul,Diesel,2019,171,519900,125000,459710,579000,126806,-1.484,lokal
Toyota,Land Cruiser,Firehjul,Diesel,2020,136,549900,112650,499675,599000,70739,-0.868,lokal
Toyota,Land Cruiser,Firehjul,Diesel,2021,154,639000,82550,599992,659675,154911,-0.651,lokal
Toyota,Land Cruiser,Firehjul,Diesel,2022,251,649900,68000,599900,689350,153245,-1.076,lokal
Toyota,Land Cruiser,Firehjul,Diesel,2023,188,719950,59620,679000,749530,77202,-1.12,lokal
Toyota,Land Cruiser,Firehjul,Diesel,2024,40,811180,24030,767175,849225,165272,-1.957,lokal
Toyota,Land Cruiser,Firehjul,Diesel,2025,116,1128000,1725,1095000,1291500,201222,-0.32,global
Toyota,Land Cruiser,Firehjul,Ukjent,2025,6,1162850,1250,1148500,1230675,74482,-0.32,global
Toyota,MR2,Tohjul,Bensin,1990,5,59900,181500,33500,61900,30373,-0.32,global
Toyota,MR2,Tohjul,Bensin,1991,5,39999,232717,35000,86942,47003,-0.32,global
Toyota,Mirai,Tohjul,Hydrogen,2016,7,49900,55600,49217,64900,12652,-0.32,global
Toyota,Mirai,Tohjul,Hydrogen,2017,6,54900,50990,34550,67400,19822,-0.32,global
Toyota,Mirai,Tohjul,Hydrogen,2018,10,62217,39000,49575,73325,21184,-0.32,global
Toyota,Mirai,Tohjul,Hydrogen,2019,6,84434,26565,65684,113684,33664,-0.32,global
Toyota,Mirai,Tohjul,Hydrogen,2020,5,89934,29000,49434,109900,41124,-0.32,global
Toyota,Mirai,Tohjul,Hydrogen,2021,14,71434,102706,59108,119508,54133,-0.32,global
Toyota,Mirai,Tohjul,Hydrogen,2022,10,97343,39864,70343,180383,91476,-0.32,global
Toyota,Previa,Tohjul,Diesel,2003,5,20900,347500,11900,34900,17564,-0.32,global
Toyota,Previa,Tohjul,Diesel,2004,7,11942,259674,10921,19900,18217,-0.32,global
Toyota,Previa,Tohjul,Diesel,2005,9,16900,284000,9900,25900,9022,-0.32,global
Toyota,Prius,Tohjul,Bensin,2007,5,37942,167000,35000,46942,16530,-0.32,global
Toyota,Prius,Tohjul,Bensin,2008,13,49900,191000,26942,79000,37471,-0.32,global
Toyota,Prius,Tohjul,Bensin,2009,25,69000,205000,46777,79000,18099,-0.191,lokal
Toyota,Prius,Tohjul,Bensin,2010,24,76450,162781,63425,81150,20161,-0.141,lokal
Toyota,Prius,Tohjul,Bensin,2011,16,72400,191000,63650,82249,21590,-0.32,global
Toyota,Prius,Tohjul,Bensin,2012,35,99900,163700,82000,109850,18574,-0.13,lokal
Toyota,Prius,Tohjul,Bensin,2013,27,112000,164500,98500,129000,29158,-0.263,lokal
Toyota,Prius,Tohjul,Elektrisk,2005,5,37150,215000,24900,37900,13563,-0.32,global
Toyota,Prius,Tohjul,Hybrid,2005,11,35900,212251,27400,39500,9950,-0.32,global
Toyota,Prius,Tohjul,Hybrid,2006,25,29000,242590,19900,47900,15002,-0.136,lokal
Toyota,Prius,Tohjul,Hybrid,2007,53,41900,196345,31900,53900,21479,-0.125,lokal
Toyota,Prius,Tohjul,Hybrid,2008,81,40900,198000,27900,49400,17520,-0.098,lokal
Toyota,Prius,Tohjul,Hybrid,2009,78,58400,195626,45000,71986,20177,-0.185,lokal
Toyota,Prius,Tohjul,Hybrid,2010,119,69900,184000,56921,82937,22891,-0.24,lokal
Toyota,Prius,Tohjul,Hybrid,2011,85,75000,183850,58900,89942,22228,-0.285,lokal
Toyota,Prius,Tohjul,Hybrid,2012,69,86900,165350,76900,99999,20334,-0.237,lokal
Toyota,Prius,Tohjul,Hybrid,2013,33,99000,159035,71900,119900,30019,-0.273,lokal
Toyota,Prius,Tohjul,Hybrid,2014,34,103934,197000,99999,119999,18015,-0.091,lokal
Toyota,Prius,Tohjul,Hybrid,2015,6,116717,192937,91184,119000,20814,-0.32,global
Toyota,Prius,Tohjul,Hybrid,2016,64,148400,118400,129875,161212,29185,-0.293,lokal
Toyota,Prius,Tohjul,Hybrid,2017,50,169917,95000,159900,187975,28367,-0.237,lokal
Toyota,Prius,Tohjul,Hybrid,2018,22,179900,93050,171034,206748,35729,-0.482,lokal
Toyota,Prius,Firehjul,Hybrid,2019,32,209000,85000,199000,229000,22991,-0.25,lokal
Toyota,Prius,Tohjul,Hybrid,2019,12,189440,71963,178633,211150,35994,-0.32,global
Toyota,Prius,Firehjul,Hybrid,2020,32,229266,74200,219900,255250,27125,-0.285,lokal
Toyota,Prius,Tohjul,Hybrid,2020,14,209450,74074,200326,233425,29887,-0.32,global
Toyota,Prius,Firehjul,Hybrid,2021,21,254900,55700,234434,269990,39558,-0.716,lokal
Toyota,Prius,Firehjul,Hybrid,2022,12,314400,41348,296500,319000,40986,-0.32,global
Toyota,Prius Plug-in Hybrid,Tohjul,Hybrid,2012,5,73000,183000,71942,79000,7731,-0.32,global
Toyota,Prius Plug-in Hybrid,Tohjul,Hybrid,2013,7,79900,133000,74850,129000,31011,-0.32,global
Toyota,Prius Plug-in Hybrid,Tohjul,Hybrid,2018,6,175771,86500,160000,179060,18138,-0.32,global
Toyota,Prius Plug-in Hybrid,Tohjul,Hybrid,2019,16,191450,63100,179875,209000,15982,-0.572,lokal
Toyota,Prius Plug-in Hybrid,Tohjul,Plug-in hybrid,2012,9,79900,203000,73000,90900,20713,-0.32,global
Toyota,Prius Plug-in Hybrid,Tohjul,Plug-in hybrid,2013,13,85900,176000,79700,89942,16956,-0.32,global
Toyota,Prius Plug-in Hybrid,Tohjul,Plug-in hybrid,2017,33,169000,102000,159434,179000,13891,-0.103,lokal
Toyota,Prius Plug-in Hybrid,Tohjul,Plug-in hybrid,2018,28,182184,94548,166725,190034,21397,-0.457,lokal
Toyota,Prius Plug-in Hybrid,Tohjul,Plug-in hybrid,2019,15,199000,80961,164250,219000,30631,-0.526,lokal
Toyota,Prius Plug-in Hybrid,Tohjul,Plug-in hybrid,2020,25,225000,44000,199000,239000,23506,-0.327,lokal
Toyota,Prius Plug-in Hybrid,Tohjul,Plug-in hybrid,2021,30,249000,40900,229900,259000,20438,0.094,lokal
Toyota,Prius Plug-in Hybrid,Tohjul,Plug-in hybrid,2022,30,279000,36818,271250,298975,15483,-0.679,lokal
Toyota,Prius+ Seven,Tohjul,Bensin,2012,9,105000,194000,97500,110900,22877,-0.32,global
Toyota,Prius+ Seven,Tohjul,Bensin,2013,16,119895,182750,106425,131246,27624,-0.373,lokal
Toyota,Prius+ Seven,Tohjul,Bensin,2014,11,139900,184000,139900,149900,32315,-0.32,global
Toyota,Prius+ Seven,Tohjul,Hybrid,2012,76,106945,192500,89100,119000,28743,-0.192,lokal
Toyota,Prius+ Seven,Tohjul,Hybrid,2013,58,119000,176069,86900,127900,30504,-0.341,lokal
Toyota,Prius+ Seven,Tohjul,Hybrid,2014,35,125434,166300,72212,154867,48405,-0.324,lokal
Toyota,Prius+ Seven,Tohjul,Hybrid,2015,52,147167,175600,102399,169900,41546,-0.364,lokal
Toyota,Prius+ Seven,Tohjul,Hybrid,2016,50,171930,145950,125108,189000,41659,-0.393,lokal
Toyota,Prius+ Seven,Tohjul,Hybrid,2017,28,197000,133800,159808,219108,44055,-0.621,lokal
Toyota,Prius+ Seven,Tohjul,Hybrid,2018,14,196717,157656,169358,229108,37568,-0.32,global
Toyota,Prius+ Seven,Tohjul,Hybrid,2019,11,219900,118600,207167,259217,43188,-0.32,global
Toyota,Prius+ Seven,Tohjul,Hybrid,2020,28,286950,113000,276750,292175,30382,-0.287,lokal
Toyota,ProAce Max,Tohjul,Elektrisk,2024,8,679000,3400,679000,679000,13178,-0.32,global
Toyota,ProAce Max,Tohjul,Elektrisk,2025,6,599000,892,598983,628983,35587,-0.32,global
Toyota,Proace,Tohjul,Diesel,2013,37,40296,180500,26268,59900,22115,0.042,lokal
Toyota,Proace,Tohjul,Diesel,2014,66,52020,162113,36972,69296,25903,-0.207,lokal
Toyota,Proace,Tohjul,Diesel,2015,71,59553,148011,43210,80000,30270,-0.138,lokal
Toyota,Proace,Tohjul,Diesel,2016,57,86553,149000,64520,109900,30281,-0.324,lokal
Toyota,Proace,Tohjul,Diesel,2017,172,119000,144904,89900,139000,60319,-0.294,lokal
Toyota,Proace,Tohjul,Diesel,2018,145,139900,137200,111553,169000,60233,-0.099,lokal
Toyota,Proace,Firehjul,Diesel,2019,21,221553,113956,166520,269800,70862,-0.788,lokal
Toyota,Proace,Tohjul,Diesel,2019,97,159000,105281,129520,179900,69628,-0.038,lokal
Toyota,Proace,Firehjul,Diesel,2020,68,238950,107000,198388,280055,60305,-1.091,lokal
Toyota,Proace,Tohjul,Diesel,2020,78,200248,85300,171487,237130,47808,-0.428,lokal
Toyota,Proace,Firehjul,Diesel,2021,35,299000,89000,245776,344450,91286,-1.484,lokal
Toyota,Proace,Tohjul,Diesel,2021,105,239000,82000,219000,269000,55258,-0.55,lokal
Toyota,Proace,Firehjul,Diesel,2022,32,389000,65000,339000,449000,97095,-1.526,lokal
Toyota,Proace,Tohjul,Diesel,2022,130,299950,64362,279900,349000,87308,-0.616,lokal
Toyota,Proace,Firehjul,Diesel,2023,11,435000,24000,418950,449000,42770,-0.32,global
Toyota,Proace,Tohjul,Diesel,2023,83,369000,32500,339450,399450,75081,-1.853,lokal
Toyota,Proace,Firehjul,Diesel,2024,5,589900,10120,569900,595000,37849,-0.32,global
Toyota,Proace,Tohjul,Diesel,2024,122,449000,15300,418125,519000,66285,-1.97,lokal
Toyota,Proace,Tohjul,Diesel,2025,8,579000,10900,546500,579000,59782,-0.32,global
Toyota,Proace,Tohjul,Elektrisk,2020,9,213900,39700,199000,228000,29568,-0.32,global
Toyota,Proace,Tohjul,Elektrisk,2021,311,219900,50000,198900,245000,37768,-0.461,lokal
Toyota,Proace,Tohjul,Elektrisk,2022,189,269000,36028,239900,298000,44792,-0.344,lokal
Toyota,Proace,Tohjul,Elektrisk,2023,121,329000,17200,298900,379000,58497,-1.84,lokal
Toyota,Proace,Tohjul,Elektrisk,2024,58,449900,10038,382175,504900,75330,-3.929,lokal
Toyota,Proace,Tohjul,Elektrisk,2025,91,499000,5575,464900,528900,46238,-0.32,global
Toyota,Proace City,Tohjul,Diesel,2020,127,179800,78000,159000,209000,33443,-0.459,lokal
Toyota,Proace City,Firehjul,Diesel,2021,21,280520,51300,279000,289000,32975,0.128,lokal
Toyota,Proace City,Tohjul,Diesel,2021,144,188557,63659,163380,229000,39020,-0.442,lokal
Toyota,Proace City,Firehjul,Diesel,2022,12,266950,77600,264000,282175,20847,-0.32,global
Toyota,Proace City,Tohjul,Diesel,2022,85,249000,44336,199900,259000,41968,-0.716,lokal
Toyota,Proace City,Tohjul,Diesel,2023,128,299000,30023,269000,319000,33659,-1.388,lokal
Toyota,Proace City,Tohjul,Diesel,2024,84,343500,19401,321069,368625,27016,-1.074,lokal
Toyota,Proace City,Tohjul,Diesel,2025,5,399000,14388,399000,399000,13014,-0.32,global
Toyota,Proace City,Tohjul,Elektrisk,2021,14,219000,35110,199000,219968,56300,-0.32,global
Toyota,Proace City,Tohjul,Elektrisk,2022,186,239000,35206,209900,259000,34355,-0.144,lokal
Toyota,Proace City,Tohjul,Elektrisk,2023,100,285000,12575,268900,299000,30658,-0.699,lokal
Toyota,Proace City,Tohjul,Elektrisk,2024,123,319000,6500,298700,348500,46412,-0.32,global
Toyota,Proace City,Tohjul,Elektrisk,2025,65,349000,19,309900,379000,59190,-0.32,global
Toyota,Proace Verso,Tohjul,Diesel,2017,9,274532,145000,254532,304532,87993,-0.32,global
Toyota,Proace Verso,Tohjul,Diesel,2018,22,384450,105655,298300,437250,99303,0.096,lokal
Toyota,Proace Verso,Tohjul,Diesel,2019,23,429000,105000,349350,449000,64704,-1.179,lokal
Toyota,Proace Verso,Tohjul,Diesel,2020,23,439900,46479,401766,459900,62988,-0.876,lokal
Toyota,Proace Verso,Tohjul,Diesel,2021,33,559000,80500,529000,589000,121990,-0.684,lokal
Toyota,Proace Verso,Tohjul,Diesel,2022,61,599000,67000,539000,619900,56627,-1.314,lokal
Toyota,Proace Verso,Tohjul,Diesel,2023,15,659990,63745,649990,677000,32962,-0.92,lokal
Toyota,Proace Verso,Tohjul,Elektrisk,2021,46,424200,45000,389150,446500,62040,0.747,lokal
Toyota,Proace Verso,Tohjul,Elektrisk,2022,21,429900,52000,399000,449900,89922,-1.417,lokal
Toyota,Proace Verso,Tohjul,Elektrisk,2023,14,499000,29900,469225,499900,48435,-0.32,global
Toyota,Proace Verso,Tohjul,Elektrisk,2024,36,543950,3246,474222,549899,46379,-0.32,global
Toyota,RAV4,Firehjul,Bensin,1999,7,29400,280000,19900,31921,10394,-0.32,global
Toyota,RAV4,Firehjul,Bensin,2000,8,31369,224930,9780,41056,16804,-0.32,global
Toyota,RAV4,Firehjul,Bensin,2001,45,31942,223000,19900,46900,19453,-0.139,lokal
Toyota,RAV4,Firehjul,Bensin,2002,15,29900,197000,12966,38442,18578,-0.32,global
Toyota,RAV4,Firehjul,Bensin,2003,35,36900,215000,23721,49471,16693,-0.103,lokal
Toyota,RAV4,Firehjul,Bensin,2004,46,40900,216785,26910,49900,20343,-0.056,lokal
Toyota,RAV4,Firehjul,Bensin,2005,43,49000,205000,39671,56942,23981,-0.117,lokal
Toyota,RAV4,Firehjul,Bensin,2006,40,65921,189350,49985,81150,23099,-0.137,lokal
Toyota,RAV4,Firehjul,Bensin,2007,5,73900,207000,58800,77000,15692,-0.32,global
Toyota,RAV4,Firehjul,Bensin,2008,15,79900,175692,65950,90650,23523,-0.32,global
Toyota,RAV4,Firehjul,Bensin,2009,31,96900,209000,79921,99900,22180,-0.146,lokal
Toyota,RAV4,Firehjul,Bensin,2010,41,109900,178500,81942,129000,29332,-0.286,lokal
Toyota,RAV4,Firehjul,Bensin,2011,42,139000,175600,99175,159900,36132,-0.473,lokal
Toyota,RAV4,Firehjul,Bensin,2012,39,129900,172000,119450,149925,29732,-0.316,lokal
Toyota,RAV4,Firehjul,Bensin,2013,69,166900,163500,151900,174900,30718,-0.312,lokal
Toyota,RAV4,Firehjul,Bensin,2014,52,182216,159768,162150,205800,36464,-0.566,lokal
Toyota,RAV4,Firehjul,Bensin,2015,81,199000,131700,179900,219900,33759,-0.411,lokal
Toyota,RAV4,Firehjul,Bensin,2016,20,224400,115500,199000,255925,44756,-0.45,lokal
Toyota,RAV4,Firehjul,Diesel,2003,17,26900,247560,16900,38900,18084,0.018,lokal
Toyota,RAV4,Firehjul,Diesel,2004,73,26899,263000,14900,39000,17054,-0.124,lokal
Toyota,RAV4,Firehjul,Diesel,2005,66,34450,242650,20474,48725,15732,-0.121,lokal
Toyota,RAV4,Firehjul,Diesel,2006,60,39942,240000,29900,59225,20181,-0.139,lokal
Toyota,RAV4,Firehjul,Diesel,2007,168,46900,228446,31875,61942,21781,-0.149,lokal
Toyota,RAV4,Firehjul,Diesel,2008,113,55000,212000,36942,69900,23452,-0.213,lokal
Toyota,RAV4,Firehjul,Diesel,2009,52,70471,204000,59706,87425,30901,-0.178,lokal
Toyota,RAV4,Firehjul,Diesel,2010,82,76900,222426,57456,100675,32657,-0.385,lokal
Toyota,RAV4,Firehjul,Diesel,2011,63,94900,200700,79900,109471,33854,-0.236,lokal
Toyota,RAV4,Firehjul,Diesel,2012,47,139000,182600,107971,168991,40343,-0.316,lokal
Toyota,RAV4,Firehjul,Diesel,2013,76,151921,192800,129900,199000,45647,-0.678,lokal
Toyota,RAV4,Tohjul,Diesel,2013,38,114900,190500,90432,132174,26081,-0.355,lokal
Toyota,RAV4,Firehjul,Diesel,2014,118,159000,184750,129000,197858,49952,-0.635,lokal
Toyota,RAV4,Tohjul,Diesel,2014,45,144434,162218,119999,154434,26029,-0.263,lokal
Toyota,RAV4,Firehjul,Diesel,2015,114,189450,159122,140684,219000,43129,-0.636,lokal
Toyota,RAV4,Tohjul,Diesel,2015,17,154900,134221,119990,159900,28230,-0.524,lokal
Toyota,RAV4,Tohjul,Elektrisk,2014,12,82167,98077,63486,98000,29428,-0.32,global
Toyota,RAV4,Firehjul,Hybrid,2016,272,229945,129900,199900,249000,30717,-0.489,lokal
Toyota,RAV4,Tohjul,Hybrid,2016,101,199305,126000,179433,229000,29627,-0.447,lokal
Toyota,RAV4,Firehjul,Hybrid,2017,241,249000,119550,228000,269000,32055,-0.393,lokal
Toyota,RAV4,Tohjul,Hybrid,2017,82,214900,105492,199900,239000,25288,-0.316,lokal
Toyota,RAV4,Firehjul,Hybrid,2018,249,269434,114000,239000,295000,43487,-0.625,lokal
Toyota,RAV4,Tohjul,Hybrid,2018,37,234532,98767,214900,258000,28506,-0.471,lokal
Toyota,RAV4,Firehjul,Hybrid,2019,293,339434,97962,319000,359000,36430,-0.463,lokal
Toyota,RAV4,Tohjul,Hybrid,2019,66,314766,90552,298925,324858,41555,-0.177,lokal
Toyota,RAV4,Firehjul,Hybrid,2020,163,364900,84000,324716,389000,43476,-0.603,lokal
Toyota,RAV4,Tohjul,Hybrid,2020,47,319800,90581,284500,339434,34392,-0.423,lokal
Toyota,RAV4,Firehjul,Hybrid,2021,189,395000,81420,369900,428000,41598,-0.355,lokal
Toyota,RAV4,Tohjul,Hybrid,2021,14,369450,55350,302175,379000,50266,-0.32,global
Toyota,RAV4,Firehjul,Hybrid,2022,108,429250,62622,399900,449922,42974,-0.549,lokal
Toyota,RAV4,Tohjul,Hybrid,2022,5,319000,116600,298800,359000,73353,-0.32,global
Toyota,RAV4,Firehjul,Hybrid,2023,153,489000,51258,469000,499000,41385,-1.102,lokal
Toyota,RAV4,Firehjul,Hybrid,2024,278,545000,48350,529900,559675,36456,-0.76,lokal
Toyota,RAV4,Firehjul,Hybrid,2025,6,684495,3000,671500,689990,18116,-0.32,global
Toyota,RAV4,Firehjul,Plug-in hybrid,2020,34,399667,76462,375576,428534,40212,-0.23,lokal
Toyota,RAV4,Firehjul,Plug-in hybrid,2021,102,429217,67000,399000,449000,47598,-0.654,lokal
Toyota,RAV4,Firehjul,Plug-in hybrid,2022,63,478000,45000,449945,489000,45651,-0.794,lokal
Toyota,RAV4,Firehjul,Plug-in hybrid,2023,56,549000,46768,499505,560507,56814,-0.052,lokal
Toyota,RAV4,Firehjul,Plug-in hybrid,2024,17,629000,50900,579000,659000,67923,-1.13,lokal
Toyota,RAV4 Plug-in Hybrid,Firehjul,Hybrid,2020,8,384450,88700,362100,406875,36800,-0.32,global
Toyota,RAV4 Plug-in Hybrid,Firehjul,Hybrid,2021,91,399900,82990,388850,429945,50868,-0.681,lokal
Toyota,RAV4 Plug-in Hybrid,Firehjul,Hybrid,2022,33,399000,79000,349000,447500,76365,-0.811,lokal
Toyota,RAV4 Plug-in Hybrid,Firehjul,Hybrid,2023,69,489000,57787,459000,569000,68863,-3.232,lokal
Toyota,RAV4 Plug-in Hybrid,Firehjul,Plug-in hybrid,2020,156,429000,76000,409000,441175,32482,-0.244,lokal
Toyota,RAV4 Plug-in Hybrid,Firehjul,Plug-in hybrid,2021,586,439000,67876,409000,459900,39493,-0.587,lokal
Toyota,RAV4 Plug-in Hybrid,Firehjul,Plug-in hybrid,2022,547,469000,53200,449000,489000,36102,-0.606,lokal
Toyota,RAV4 Plug-in Hybrid,Firehjul,Plug-in hybrid,2023,1017,519000,53300,495000,548900,41935,-1.177,lokal
Toyota,RAV4 Plug-in Hybrid,Firehjul,Plug-in hybrid,2024,535,569000,51270,549900,599000,48377,-1.288,lokal
Toyota,Starlet,Tohjul,Bensin,1997,10,26921,177500,20432,32900,10706,-0.32,global
Toyota,Starlet,Tohjul,Bensin,1998,6,28421,124900,24660,32900,6323,-0.32,global
Toyota,Supra,Tohjul,Bensin,1993,9,569000,123123,499942,699990,190144,-0.32,global
Toyota,Tundra,Firehjul,Bensin,2008,5,269900,225000,265768,279000,59833,-0.32,global
Toyota,Urban Cruiser,Tohjul,Bensin,2009,7,46942,155213,24425,61814,25614,-0.32,global
Toyota,Urban Cruiser,Tohjul,Bensin,2010,13,39400,171000,25900,44990,14671,-0.32,global
Toyota,Urban Cruiser,Firehjul,Diesel,2009,97,44900,186625,31942,59000,20279,-0.133,lokal
Toyota,Urban Cruiser,Tohjul,Diesel,2009,6,40900,125951,28150,49932,14717,-0.32,global
Toyota,Urban Cruiser,Firehjul,Diesel,2010,118,47950,186720,36900,59900,22481,-0.234,lokal
Toyota,Urban Cruiser,Tohjul,Diesel,2010,6,20988,175300,16950,29456,21320,-0.32,global
Toyota,Urban Cruiser,Firehjul,Diesel,2011,68,49900,176500,36400,69225,25343,-0.219,lokal
Toyota,Urban Cruiser,Firehjul,Diesel,2012,46,59900,173386,47400,74182,20446,-0.148,lokal
Toyota,Urban Cruiser,Tohjul,Diesel,2012,7,55000,127400,49900,69000,11724,-0.32,global
Toyota,Urban Cruiser,Firehjul,Diesel,2013,15,74900,147000,60966,83445,19310,-0.32,global
Toyota,Urban Cruiser,Firehjul,Diesel,2014,12,89921,130022,82464,102400,24397,-0.32,global
Toyota,Verso,Tohjul,Bensin,2009,12,50921,195725,35175,56225,13815,-0.32,global
Toyota,Verso,Tohjul,Bensin,2010,28,39450,226500,29449,54160,25092,-0.166,lokal
Toyota,Verso,Tohjul,Bensin,2011,6,59900,166000,59900,64432,15657,-0.32,global
Toyota,Verso,Tohjul,Bensin,2013,6,118999,144500,83706,119675,26309,-0.32,global
Toyota,Verso,Tohjul,Bensin,2014,11,119999,162000,110421,119999,27059,-0.32,global
Toyota,Verso,Tohjul,Diesel,2009,12,49400,193176,34432,95000,41249,-0.32,global
Toyota,Verso,Tohjul,Diesel,2010,21,29942,259800,19900,39900,14226,-0.086,lokal
Toyota,Verso,Tohjul,Diesel,2011,31,39900,210000,25950,46921,20861,-0.041,lokal
Toyota,Verso,Tohjul,Diesel,2012,15,69942,168560,39400,94450,38160,-0.32,global
Toyota,Verso,Tohjul,Diesel,2013,8,86941,196500,71225,99000,20097,-0.32,global
Toyota,Verso-S,Tohjul,Bensin,2011,29,69900,146000,59000,84942,26990,-0.137,lokal
Toyota,Verso-S,Tohjul,Bensin,2012,57,76942,114000,56900,99000,25214,-0.307,lokal
Toyota,Verso-S,Tohjul,Bensin,2013,10,99250,91500,79650,104182,26843,-0.32,global
Toyota,Verso-S,Tohjul,Bensin,2014,9,128900,68326,99900,138000,22187,-0.32,global
Toyota,Verso-S,Tohjul,Bensin,2015,6,148500,78089,101500,153500,39010,-0.32,global
Toyota,Verso-S,Tohjul,Diesel,2011,17,43900,188129,39900,57900,13079,-0.122,lokal
Toyota,Verso-S,Tohjul,Diesel,2012,15,69000,120150,26700,84495,31197,-0.32,global
Toyota,Verso-S,Tohjul,Diesel,2013,8,84000,161500,68000,89000,13515,-0.32,global
Toyota,Yaris,Tohjul,Bensin,1999,7,24900,111000,19900,28250,5372,-0.32,global
Toyota,Yaris,Tohjul,Bensin,2000,40,20942,150500,11932,26942,10052,0.016,lokal
Toyota,Yaris,Tohjul,Bensin,2001,32,21900,156000,16817,29150,9438,0.019,lokal
Toyota,Yaris,Tohjul,Bensin,2002,58,25421,145400,17910,29975,9948,-0.016,lokal
Toyota,Yaris,Tohjul,Bensin,2003,40,24442,139750,18036,35400,11981,0.003,lokal
Toyota,Yaris,Tohjul,Bensin,2004,73,20900,153000,15900,30000,11479,-0.022,lokal
Toyota,Yaris,Tohjul,Bensin,2005,64,25221,145392,18650,31925,20206,-0.054,lokal
Toyota,Yaris,Tohjul,Bensin,2006,135,27900,149000,21100,36921,12875,-0.075,lokal
Toyota,Yaris,Tohjul,Bensin,2007,90,33471,140500,24925,44650,14505,-0.05,lokal
Toyota,Yaris,Tohjul,Bensin,2008,122,31900,140082,21910,44968,16441,-0.076,lokal
Toyota,Yaris,Tohjul,Bensin,2009,67,33800,147000,25400,48450,16965,-0.151,lokal
Toyota,Yaris,Tohjul,Bensin,2010,116,39966,136031,29660,56900,18296,-0.157,lokal
Toyota,Yaris,Tohjul,Bensin,2011,97,45900,126571,36000,59742,18601,-0.19,lokal
Toyota,Yaris,Tohjul,Bensin,2012,145,71000,111081,56900,89900,23472,-0.24,lokal
Toyota,Yaris,Tohjul,Bensin,2013,106,93250,104176,69900,109600,25412,-0.243,lokal
Toyota,Yaris,Tohjul,Bensin,2014,67,99800,102400,77000,118950,28995,-0.301,lokal
Toyota,Yaris,Tohjul,Bensin,2015,23,99900,72600,93166,122400,21257,0.245,lokal
Toyota,Yaris,Tohjul,Bensin,2016,12,124200,94000,99124,138850,34851,-0.32,global
Toyota,Yaris,Tohjul,Bensin,2018,5,145990,75300,115236,151900,26417,-0.32,global
Toyota,Yaris,Tohjul,Diesel,2004,9,16000,188681,9942,21880,8171,-0.32,global
Toyota,Yaris,Tohjul,Diesel,2005,8,25900,189000,16924,40175,19742,-0.32,global
Toyota,Yaris,Tohjul,Diesel,2006,50,25895,181050,18925,36942,12091,-0.071,lokal
Toyota,Yaris,Tohjul,Diesel,2007,102,29900,172050,21900,39900,12298,-0.101,lokal
Toyota,Yaris,Tohjul,Diesel,2008,118,29900,171250,19900,38782,14115,-0.079,lokal
Toyota,Yaris,Tohjul,Diesel,2009,50,29400,186200,20475,34932,11770,-0.077,lokal
Toyota,Yaris,Tohjul,Diesel,2010,74,35950,147745,27925,46942,15193,-0.077,lokal
Toyota,Yaris,Tohjul,Diesel,2011,42,38950,144050,29225,49975,16769,-0.082,lokal
Toyota,Yaris,Tohjul,Diesel,2012,26,55971,155150,45475,68475,16377,-0.117,lokal
Toyota,Yaris,Tohjul,Hybrid,2012,80,87950,114563,74932,99942,21655,-0.188,lokal
Toyota,Yaris,Tohjul,Hybrid,2013,185,96900,103006,81900,115000,23109,-0.281,lokal
Toyota,Yaris,Tohjul,Hybrid,2014,212,99900,112250,79990,119000,27718,-0.321,lokal
Toyota,Yaris,Tohjul,Hybrid,2015,232,119900,90231,99992,135000,23648,-0.259,lokal
Toyota,Yaris,Tohjul,Hybrid,2016,249,135666,85450,119666,149000,25104,-0.256,lokal
Toyota,Yaris,Tohjul,Hybrid,2017,233,149900,74165,139000,163236,19800,-0.267,lokal
Toyota,Yaris,Tohjul,Hybrid,2018,231,162900,71700,149000,169900,19424,-0.202,lokal
Toyota,Yaris,Tohjul,Hybrid,2019,174,173900,61369,159000,188792,19947,-0.225,lokal
Toyota,Yaris,Tohjul,Hybrid,2020,179,200000,46100,189000,228750,31823,-0.532,lokal
Toyota,Yaris,Tohjul,Hybrid,2021,143,234900,48992,219000,249000,25004,-0.344,lokal
Toyota,Yaris,Tohjul,Hybrid,2022,488,259000,31342,248975,279000,24610,-0.358,lokal
Toyota,Yaris,Tohjul,Hybrid,2023,309,279000,45174,259000,295000,26743,-0.516,lokal
Toyota,Yaris,Tohjul,Hybrid,2024,316,295000,47694,279000,319000,30497,-1.024,lokal
Toyota,Yaris,Tohjul,Hybrid,2025,5,379900,616,379000,389000,20784,-0.32,global
Toyota,Yaris Cross,Firehjul,Hybrid,2021,15,349900,47000,327000,369450,32437,-0.32,global
Toyota,Yaris Cross,Firehjul,Hybrid,2022,413,349000,40754,329900,359900,25342,-0.332,lokal
Toyota,Yaris Cross,Tohjul,Hybrid,2022,91,329000,32346,309000,349000,30604,-0.174,lokal
Toyota,Yaris Cross,Firehjul,Hybrid,2023,368,359000,46730,349000,375900,21895,-0.318,lokal
Toyota,Yaris Cross,Tohjul,Hybrid,2023,19,345000,29000,329450,349000,16115,0.015,lokal
Toyota,Yaris Cross,Firehjul,Hybrid,2024,476,399000,50188,376975,429000,35319,-0.751,lokal
Toyota,Yaris Cross,Tohjul,Hybrid,2024,43,379000,59767,359000,389000,30598,-0.191,lokal
Toyota,Yaris Cross,Firehjul,Hybrid,2025,9,479000,10373,474900,499000,21300,-0.32,global
Toyota,Yaris Verso,Tohjul,Bensin,2000,22,18588,220000,9536,31175,10375,-0.038,lokal
Toyota,Yaris Verso,Tohjul,Bensin,2001,19,25000,196173,11400,33442,14569,-0.027,lokal
Toyota,Yaris Verso,Tohjul,Bensin,2002,47,26900,184735,15922,32900,14333,0.003,lokal
Toyota,Yaris Verso,Tohjul,Bensin,2003,19,29000,205000,18421,39900,15188,-0.038,lokal
Toyota,Yaris Verso,Tohjul,Bensin,2004,42,27971,180524,15100,34900,15107,-0.045,lokal
Toyota,Yaris Verso,Tohjul,Bensin,2005,32,33768,196562,19150,41412,14716,-0.094,lokal
Toyota,Yaris Verso,Tohjul,Bensin,2006,11,21268,153000,14685,28500,13056,-0.32,global
Toyota,Yaris Verso,Tohjul,Diesel,2004,12,18134,202807,9774,30150,11856,-0.32,global
Toyota,Yaris Verso,Tohjul,Diesel,2005,17,29900,184122,21268,33900,12055,-0.32,global
Toyota,bZ4X,Firehjul,Elektrisk,2022,179,379900,46979,359266,399000,31062,-0.637,lokal
Toyota,bZ4X,Tohjul,Elektrisk,2022,10,344000,17369,331500,356725,22898,-0.32,global
Toyota,bZ4X,Firehjul,Elektrisk,2023,403,398000,34500,375000,415000,36262,-0.369,lokal
Toyota,bZ4X,Tohjul,Elektrisk,2023,188,359000,42294,339000,379900,44373,-0.492,lokal
Toyota,bZ4X,Firehjul,Elektrisk,2024,341,435000,22166,409000,459000,51757,-0.841,lokal
Toyota,bZ4X,Tohjul,Elektrisk,2024,58,389450,19180,369000,409375,48665,-0.296,lokal
Toyota,bZ4X,Firehjul,Elektrisk,2025,236,469900,11000,458000,489000,51380,-0.417,lokal
Toyota,bZ4X,Tohjul,Elektrisk,2025,13,429000,8760,419000,439000,23098,-0.32,global
VOYAH,Courage,Firehjul,Elektrisk,2025,49,429900,5000,419000,448800,18083,-1.572,lokal
VOYAH,Dream,Firehjul,Elektrisk,2024,8,723650,500,685750,778500,80611,-0.32,global
VOYAH,FREE,Firehjul,Elektrisk,2022,19,449000,38777,417672,459900,55179,-0.974,lokal
VOYAH,FREE,Firehjul,Elektrisk,2023,142,458500,35159,444925,469975,29769,-0.544,lokal
VOYAH,FREE,Firehjul,Elektrisk,2024,31,519900,17187,504900,572000,46326,-2.28,lokal
VOYAH,FREE,Firehjul,Elektrisk,2025,38,571700,1622,550375,589000,26077,-0.32,global
Volkswagen,Amarok,Firehjul,Diesel,2011,73,141268,210000,119000,181268,50441,0.134,lokal
Volkswagen,Amarok,Firehjul,Diesel,2012,56,142598,206472,81774,182175,62442,0.015,lokal
Volkswagen,Amarok,Firehjul,Diesel,2013,83,199000,225000,150134,249495,71178,-0.581,lokal
Volkswagen,Amarok,Firehjul,Diesel,2014,81,189800,206000,149999,239999,65896,-0.287,lokal
Volkswagen,Amarok,Firehjul,Diesel,2015,107,236422,178315,180726,283236,96315,-0.778,lokal
Volkswagen,Amarok,Firehjul,Diesel,2016,87,241520,179000,197000,283260,62448,-0.69,lokal
Volkswagen,Amarok,Firehjul,Diesel,2017,109,299900,175077,249900,349000,91870,-0.891,lokal
Volkswagen,Amarok,Firehjul,Diesel,2018,146,338800,151540,282778,381140,82032,-0.96,lokal
Volkswagen,Amarok,Firehjul,Diesel,2019,159,379520,144000,319950,415226,87439,-0.885,lokal
Volkswagen,Amarok,Firehjul,Diesel,2020,212,419000,120000,378000,459000,66725,-0.765,lokal
Volkswagen,Amarok,Firehjul,Diesel,2023,110,619700,44400,599000,649900,60172,-0.74,lokal
Volkswagen,Amarok,Firehjul,Diesel,2024,41,679900,35372,599750,699906,73902,-1.598,lokal
Volkswagen,Amarok,Firehjul,Diesel,2025,16,809945,5000,799790,837406,29265,-0.32,global
Volkswagen,Arteon,Firehjul,Bensin,2018,6,344500,115000,328399,371500,47570,-0.32,global
Volkswagen,Arteon,Tohjul,Diesel,2017,7,249000,107264,219500,262217,27097,-0.32,global
Volkswagen,Beetle,Tohjul,Bensin,1999,5,16900,198878,13990,19000,15248,-0.32,global
Volkswagen,Beetle,Tohjul,Bensin,2000,6,54945,236077,32649,67490,24600,-0.32,global
Volkswagen,Beetle,Tohjul,Bensin,2004,8,44942,150670,38650,49956,14485,-0.32,global
Volkswagen,Beetle,Tohjul,Bensin,2005,10,52921,128327,30400,67410,39833,-0.32,global
Volkswagen,Beetle,Tohjul,Bensin,2012,34,89999,122150,64410,100675,34169,-0.26,lokal
Volkswagen,Beetle,Tohjul,Bensin,2013,46,99966,135550,88221,136375,43088,-0.36,lokal
Volkswagen,Beetle,Tohjul,Bensin,2014,14,139500,99000,104934,219900,83141,-0.32,global
Volkswagen,Beetle,Tohjul,Bensin,2015,13,139000,91076,119900,169000,29663,-0.32,global
Volkswagen,Beetle,Tohjul,Bensin,2016,29,229000,87800,199999,329000,58454,0.649,lokal
Volkswagen,Beetle,Tohjul,Bensin,2017,6,267000,38000,259000,275000,86566,-0.32,global
Volkswagen,Beetle,Tohjul,Diesel,2004,9,29900,194000,21900,43900,28885,-0.32,global
Volkswagen,Beetle,Tohjul,Diesel,2005,7,41942,207362,30921,47000,13793,-0.32,global
Volkswagen,Beetle,Tohjul,Diesel,2012,5,96900,159950,89900,99900,12961,-0.32,global
Volkswagen,Boble (gml. type),Tohjul,Bensin,1958,6,55000,44000,26250,87500,51288,-0.32,global
Volkswagen,Boble (gml. type),Tohjul,Bensin,1960,8,66000,87500,53000,104250,39098,-0.32,global
Volkswagen,Boble (gml. type),Tohjul,Bensin,1964,6,81850,69400,29750,122175,61854,-0.32,global
Volkswagen,Boble (gml. type),Tohjul,Bensin,1965,9,55000,67000,32000,68000,23233,-0.32,global
Volkswagen,Boble (gml. type),Tohjul,Bensin,1966,10,61000,49782,38750,98910,41626,-0.32,global
Volkswagen,Boble (gml. type),Tohjul,Bensin,1967,9,61900,67000,43000,77000,18143,-0.32,global
Volkswagen,Boble (gml. type),Tohjul,Bensin,1968,12,47500,54824,20725,71750,36005,-0.32,global
Volkswagen,Boble (gml. type),Tohjul,Bensin,1969,20,56850,80298,38912,72706,32073,-0.01,lokal
Volkswagen,Boble (gml. type),Tohjul,Bensin,1970,7,48000,54500,37500,54950,12631,-0.32,global
Volkswagen,Boble (gml. type),Tohjul,Bensin,1971,13,50000,80120,36000,56000,34673,-0.32,global
Volkswagen,Boble (gml. type),Tohjul,Bensin,1972,14,59500,85000,47150,72225,35436,-0.32,global
Volkswagen,Boble (gml. type),Tohjul,Bensin,1973,32,54400,111100,44975,78675,57719,0.099,lokal
Volkswagen,Boble (gml. type),Tohjul,Bensin,1974,7,129942,99500,80950,140950,61176,-0.32,global
Volkswagen,CC,Tohjul,Diesel,2012,5,69999,252000,50942,71900,14553,-0.32,global
Volkswagen,CC,Tohjul,Diesel,2013,9,119990,198000,106900,121900,25569,-0.32,global
Volkswagen,Caddy,Tohjul,Bensin,2010,5,29268,192000,29268,44900,12845,-0.32,global
Volkswagen,Caddy,Tohjul,Bensin,2012,9,69900,100300,51268,71268,20590,-0.32,global
Volkswagen,Caddy,Tohjul,Bensin,2013,9,48268,143355,29900,80268,27621,-0.32,global
Volkswagen,Caddy,Tohjul,Bensin,2014,5,89000,52000,81267,99000,15842,-0.32,global
Volkswagen,Caddy,Tohjul,Bensin,2015,7,64500,164585,59000,74000,12937,-0.32,global
Volkswagen,Caddy,Tohjul,Bensin,2016,20,111950,114040,95790,134250,36744,-0.402,lokal
Volkswagen,Caddy,Tohjul,Bensin,2017,19,119900,101784,93036,155000,65546,0.2,lokal
Volkswagen,Caddy,Tohjul,Bensin,2018,11,142520,88000,129500,159000,29285,-0.32,global
Volkswagen,Caddy,Tohjul,Bensin,2019,20,167776,86500,148875,179225,22941,0.053,lokal
Volkswagen,Caddy,Tohjul,Bensin,2020,9,189000,54159,169000,199900,20197,-0.32,global
Volkswagen,Caddy,Tohjul,Bensin,2021,7,219000,43000,169900,259000,50977,-0.32,global
Volkswagen,Caddy,Tohjul,Diesel,2003,7,21296,185000,15268,25884,7326,-0.32,global
Volkswagen,Caddy,Tohjul,Diesel,2004,9,27000,215000,13268,31268,10101,-0.32,global
Volkswagen,Caddy,Tohjul,Diesel,2005,30,22282,210000,13789,29664,11838,-0.043,lokal
Volkswagen,Caddy,Tohjul,Diesel,2006,33,24296,207200,16296,29768,9954,-0.016,lokal
Volkswagen,Caddy,Tohjul,Diesel,2007,76,28532,221400,15951,39275,14638,-0.09,lokal
Volkswagen,Caddy,Tohjul,Diesel,2008,96,26296,203500,20000,36664,13851,-0.009,lokal
Volkswagen,Caddy,Firehjul,Diesel,2009,5,29268,248000,20768,40296,20783,-0.32,global
Volkswagen,Caddy,Tohjul,Diesel,2009,57,29280,207582,13000,39999,17167,-0.053,lokal
Volkswagen,Caddy,Firehjul,Diesel,2010,61,44296,220742,34800,66268,23858,-0.247,lokal
Volkswagen,Caddy,Tohjul,Diesel,2010,91,36500,199999,28334,48634,17422,-0.087,lokal
Volkswagen,Caddy,Firehjul,Diesel,2011,40,69532,201000,56289,86000,24359,-0.136,lokal
Volkswagen,Caddy,Tohjul,Diesel,2011,70,49268,180500,31801,60926,20141,-0.147,lokal
Volkswagen,Caddy,Firehjul,Diesel,2012,103,66520,197472,50584,90584,27903,-0.247,lokal
Volkswagen,Caddy,Tohjul,Diesel,2012,179,50268,170000,39250,65134,20931,-0.13,lokal
Volkswagen,Caddy,Firehjul,Diesel,2013,50,85450,162695,66546,107500,29624,-0.284,lokal
Volkswagen,Caddy,Tohjul,Diesel,2013,92,60268,172022,45972,79000,22548,-0.117,lokal
Volkswagen,Caddy,Firehjul,Diesel,2014,86,96884,184500,72039,129597,35755,-0.377,lokal
Volkswagen,Caddy,Tohjul,Diesel,2014,115,59976,173512,46520,79445,26381,-0.205,lokal
Volkswagen,Caddy,Firehjul,Diesel,2015,91,119900,153500,99250,137776,30194,-0.144,lokal
Volkswagen,Caddy,Tohjul,Diesel,2015,99,90520,152000,71510,109000,39292,-0.214,lokal
Volkswagen,Caddy,Firehjul,Diesel,2016,107,131553,156700,108253,169000,44715,-0.381,lokal
Volkswagen,Caddy,Tohjul,Diesel,2016,120,99000,155500,81140,112415,33409,-0.162,lokal
Volkswagen,Caddy,Firehjul,Diesel,2017,106,147760,154750,116225,169000,54607,-0.437,lokal
Volkswagen,Caddy,Tohjul,Diesel,2017,90,116520,135994,88400,131545,44556,-0.304,lokal
Volkswagen,Caddy,Firehjul,Diesel,2018,109,174553,122225,149990,193520,44064,-0.392,lokal
Volkswagen,Caddy,Tohjul,Diesel,2018,84,133210,113000,111520,149900,38490,-0.249,lokal
Volkswagen,Caddy,Firehjul,Diesel,2019,205,198000,116000,175000,238000,66016,-0.554,lokal
Volkswagen,Caddy,Tohjul,Diesel,2019,87,149000,115856,129710,167776,29673,-0.266,lokal
Volkswagen,Caddy,Firehjul,Diesel,2020,238,248500,79584,199900,279900,50460,-0.727,lokal
Volkswagen,Caddy,Tohjul,Diesel,2020,89,159900,86000,148000,189000,40796,-0.259,lokal
Volkswagen,Caddy,Firehjul,Diesel,2021,80,249900,85892,239000,269900,30929,-0.345,lokal
Volkswagen,Caddy,Tohjul,Diesel,2021,111,209000,78029,185000,239000,45309,-0.145,lokal
Volkswagen,Caddy,Firehjul,Diesel,2022,103,299000,62986,279000,304450,28619,0.185,lokal
Volkswagen,Caddy,Tohjul,Diesel,2022,115,209906,76400,199000,239000,41612,-0.188,lokal
Volkswagen,Caddy,Firehjul,Diesel,2023,123,298500,51000,279000,309000,25264,-0.221,lokal
Volkswagen,Caddy,Tohjul,Diesel,2023,86,273630,43250,231150,299900,45557,-0.648,lokal
Volkswagen,Caddy,Firehjul,Diesel,2024,7,419000,28430,409000,419000,24618,-0.32,global
Volkswagen,Caddy,Tohjul,Diesel,2024,30,299400,17250,269900,339900,50987,2.176,lokal
Volkswagen,Caddy,Firehjul,Diesel,2025,29,479000,7000,459000,498500,25997,1.027,lokal
Volkswagen,Caddy,Tohjul,Diesel,2025,29,398900,11857,379000,399900,29388,0.009,lokal
Volkswagen,Caddy,Firehjul,Diesel,2026,7,489900,3200,469900,494450,25646,-0.32,global
Volkswagen,Caddy Alltrack,Firehjul,Diesel,2016,7,181553,155400,156500,219500,54225,-0.32,global
Volkswagen,Caddy Alltrack,Firehjul,Diesel,2017,38,209850,166500,181250,229390,44209,-0.353,lokal
Volkswagen,Caddy Alltrack,Firehjul,Diesel,2018,24,233950,146594,210890,259000,44021,-0.485,lokal
Volkswagen,Caddy Alltrack,Firehjul,Diesel,2019,25,279000,106425,249000,319000,51061,-0.902,lokal
Volkswagen,Caddy Alltrack,Firehjul,Diesel,2020,28,314000,98297,259000,349000,63364,-0.872,lokal
Volkswagen,Caddy Maxi,Tohjul,Bensin,2010,6,42134,238180,33451,45789,10186,-0.32,global
Volkswagen,Caddy Maxi,Tohjul,Bensin,2017,11,139000,144000,129000,189450,43628,-0.32,global
Volkswagen,Caddy Maxi,Tohjul,Bensin,2018,9,159000,140000,146553,239900,56917,-0.32,global
Volkswagen,Caddy Maxi,Tohjul,Bensin,2019,10,164750,106000,151250,186725,19400,-0.32,global
Volkswagen,Caddy Maxi,Tohjul,Bensin,2020,11,389900,72999,276950,404900,111653,-0.32,global
Volkswagen,Caddy Maxi,Tohjul,Bensin,2023,6,412900,40856,402400,426400,13589,-0.32,global
Volkswagen,Caddy Maxi,Tohjul,Diesel,2008,10,20584,197585,11789,21296,5804,-0.32,global
Volkswagen,Caddy Maxi,Tohjul,Diesel,2009,26,40282,224566,29518,62975,34899,-0.118,lokal
Volkswagen,Caddy Maxi,Firehjul,Diesel,2010,15,51942,216000,39768,74282,23699,-0.32,global
Volkswagen,Caddy Maxi,Tohjul,Diesel,2010,63,41296,211663,29648,56232,21646,-0.069,lokal
Volkswagen,Caddy Maxi,Firehjul,Diesel,2011,33,65296,231304,49000,81268,24231,-0.152,lokal
Volkswagen,Caddy Maxi,Tohjul,Diesel,2011,36,59148,198274,41018,79925,30707,-0.195,lokal
Volkswagen,Caddy Maxi,Firehjul,Diesel,2012,74,79000,194550,56268,100176,36068,-0.215,lokal
Volkswagen,Caddy Maxi,Tohjul,Diesel,2012,125,56296,188000,40268,69942,30209,-0.102,lokal
Volkswagen,Caddy Maxi,Firehjul,Diesel,2013,57,78996,199426,56268,101268,36281,-0.167,lokal
Volkswagen,Caddy Maxi,Tohjul,Diesel,2013,45,59900,180000,41268,89796,36400,-0.187,lokal
Volkswagen,Caddy Maxi,Firehjul,Diesel,2014,77,99000,188000,71268,125000,43946,-0.353,lokal
Volkswagen,Caddy Maxi,Tohjul,Diesel,2014,70,61520,182814,50546,81507,33200,-0.283,lokal
Volkswagen,Caddy Maxi,Firehjul,Diesel,2015,65,126520,154000,99999,145000,43565,-0.217,lokal
Volkswagen,Caddy Maxi,Tohjul,Diesel,2015,52,79900,148300,62250,102324,41393,-0.5,lokal
Volkswagen,Caddy Maxi,Firehjul,Diesel,2016,106,149000,163250,121520,169805,50785,-0.071,lokal
Volkswagen,Caddy Maxi,Tohjul,Diesel,2016,70,108760,164108,84270,125295,42948,-0.268,lokal
Volkswagen,Caddy Maxi,Firehjul,Diesel,2017,134,164036,144588,131520,189900,61633,-0.415,lokal
Volkswagen,Caddy Maxi,Tohjul,Diesel,2017,82,119510,150100,91453,149813,51463,-0.247,lokal
Volkswagen,Caddy Maxi,Firehjul,Diesel,2018,157,189920,125000,169020,209000,49766,-0.311,lokal
Volkswagen,Caddy Maxi,Tohjul,Diesel,2018,102,149500,119000,129000,179000,47159,-0.103,lokal
Volkswagen,Caddy Maxi,Firehjul,Diesel,2019,201,209900,110000,183520,239900,59880,-0.48,lokal
Volkswagen,Caddy Maxi,Tohjul,Diesel,2019,97,149900,113000,139000,175000,48548,-0.267,lokal
Volkswagen,Caddy Maxi,Firehjul,Diesel,2020,508,259000,89508,219900,289900,63545,-0.676,lokal
Volkswagen,Caddy Maxi,Tohjul,Diesel,2020,100,179000,81464,159000,199900,56014,-0.498,lokal
Volkswagen,Caddy Maxi,Firehjul,Diesel,2021,67,288900,64000,254016,298900,71139,-0.761,lokal
Volkswagen,Caddy Maxi,Tohjul,Diesel,2021,61,239900,68300,216520,279000,93883,0.445,lokal
Volkswagen,Caddy Maxi,Firehjul,Diesel,2022,108,289000,62000,268000,309000,38451,-0.658,lokal
Volkswagen,Caddy Maxi,Tohjul,Diesel,2022,71,285000,59074,239990,434400,102442,-1.836,lokal
Volkswagen,Caddy Maxi,Firehjul,Diesel,2023,113,299900,56300,288000,319999,37887,-0.609,lokal
Volkswagen,Caddy Maxi,Tohjul,Diesel,2023,62,279000,44850,259225,299800,37153,-0.796,lokal
Volkswagen,Caddy Maxi,Firehjul,Diesel,2024,41,389000,28544,379000,409000,25605,-1.704,lokal
Volkswagen,Caddy Maxi,Tohjul,Diesel,2024,5,389000,15100,389000,389000,86197,-0.32,global
Volkswagen,Caddy Maxi,Tohjul,Diesel,2025,40,399850,9625,389900,419900,24393,-1.457,lokal
Volkswagen,Caravelle,Tohjul,Diesel,1991,7,76900,235000,30000,133450,58604,-0.32,global
Volkswagen,Caravelle,Tohjul,Diesel,1994,5,25000,296592,25000,26845,10000,-0.32,global
Volkswagen,Caravelle,Tohjul,Diesel,1995,19,25000,326570,17900,40421,21527,0.05,lokal
Volkswagen,Caravelle,Tohjul,Diesel,1996,22,29450,357449,19992,40175,14478,-0.071,lokal
Volkswagen,Caravelle,Tohjul,Diesel,1997,17,33942,341389,31900,56900,15915,-0.001,lokal
Volkswagen,Caravelle,Tohjul,Diesel,1998,12,21598,322981,15499,55150,23456,-0.32,global
Volkswagen,Caravelle,Firehjul,Diesel,1999,5,16900,420000,16300,54900,25715,-0.32,global
Volkswagen,Caravelle,Tohjul,Diesel,1999,39,29900,345000,20100,45750,16691,0.014,lokal
Volkswagen,Caravelle,Tohjul,Diesel,2000,32,32782,360430,25197,46942,17168,-0.041,lokal
Volkswagen,Caravelle,Firehjul,Diesel,2001,7,50000,346000,39450,58400,17671,-0.32,global
Volkswagen,Caravelle,Tohjul,Diesel,2001,10,36450,314718,27530,39750,12072,-0.32,global
Volkswagen,Caravelle,Tohjul,Diesel,2002,15,51942,308000,29048,72450,36757,-0.32,global
Volkswagen,Caravelle,Tohjul,Diesel,2003,14,37550,299197,27300,73950,36302,-0.32,global
Volkswagen,Caravelle,Tohjul,Diesel,2004,8,56700,363000,39220,68109,17787,-0.32,global
Volkswagen,Caravelle,Firehjul,Diesel,2005,10,68450,323154,43926,114749,47204,-0.32,global
Volkswagen,Caravelle,Tohjul,Diesel,2005,27,59999,263000,40860,89950,60859,-0.183,lokal
Volkswagen,Caravelle,Firehjul,Diesel,2006,16,85700,331000,46900,103152,35816,-0.32,global
Volkswagen,Caravelle,Tohjul,Diesel,2006,43,79000,247000,59900,110900,43151,-0.119,lokal
Volkswagen,Caravelle,Firehjul,Diesel,2007,9,69000,352000,56296,161900,136003,-0.32,global
Volkswagen,Caravelle,Tohjul,Diesel,2007,30,92000,191125,63150,169900,61057,-0.541,lokal
Volkswagen,Caravelle,Firehjul,Diesel,2008,11,121942,277200,114450,149900,43973,-0.32,global
Volkswagen,Caravelle,Tohjul,Diesel,2008,27,106942,229379,76950,139000,46281,-0.219,lokal
Volkswagen,Caravelle,Firehjul,Diesel,2009,10,159900,270500,104900,165182,94302,-0.32,global
Volkswagen,Caravelle,Tohjul,Diesel,2009,25,141942,175200,89900,169900,71832,-0.616,lokal
Volkswagen,Caravelle,Firehjul,Diesel,2010,12,184950,238400,94567,242175,76524,-0.32,global
Volkswagen,Caravelle,Tohjul,Diesel,2010,35,126900,228400,71900,191950,73564,-0.301,lokal
Volkswagen,Caravelle,Firehjul,Diesel,2011,27,161900,223000,114450,201921,77343,-0.219,lokal
Volkswagen,Caravelle,Tohjul,Diesel,2011,39,178900,186000,119000,234422,85293,-0.418,lokal
Volkswagen,Caravelle,Firehjul,Diesel,2012,24,205471,231300,116724,231750,77193,-0.162,lokal
Volkswagen,Caravelle,Tohjul,Diesel,2012,50,194900,188455,100442,238675,97563,-0.045,lokal
Volkswagen,Caravelle,Firehjul,Diesel,2013,22,195900,214659,150175,247400,92313,-0.678,lokal
Volkswagen,Caravelle,Tohjul,Diesel,2013,39,211900,121676,119421,285421,100420,-0.31,lokal
Volkswagen,Caravelle,Firehjul,Diesel,2014,11,160000,199000,130471,215450,58600,-0.32,global
Volkswagen,Caravelle,Tohjul,Diesel,2014,22,187000,143700,118076,246500,95886,-0.13,lokal
Volkswagen,Caravelle,Firehjul,Diesel,2015,7,399000,153200,334471,399716,75589,-0.32,global
Volkswagen,Caravelle,Tohjul,Diesel,2015,19,269999,150000,159434,349217,123480,0.32,lokal
Volkswagen,Caravelle,Firehjul,Diesel,2016,14,384900,188998,323534,399784,75103,-0.32,global
Volkswagen,Caravelle,Tohjul,Diesel,2016,15,342000,79000,250766,399667,127321,-0.32,global
Volkswagen,Caravelle,Firehjul,Diesel,2017,32,479000,162000,344279,526500,115642,-1.003,lokal
Volkswagen,Caravelle,Tohjul,Diesel,2017,18,342216,176500,307032,403149,92530,0.187,lokal
Volkswagen,Caravelle,Firehjul,Diesel,2018,44,379000,137768,297805,449108,109640,-0.279,lokal
Volkswagen,Caravelle,Tohjul,Diesel,2018,23,419900,131500,364266,514000,83791,-0.555,lokal
Volkswagen,Caravelle,Firehjul,Diesel,2019,37,599000,97585,575000,649900,132501,-0.032,lokal
Volkswagen,Caravelle,Tohjul,Diesel,2019,13,479434,39400,449000,579000,112367,-0.32,global
Volkswagen,Caravelle,Firehjul,Diesel,2020,59,649000,110000,489450,719000,161200,-2.258,lokal
Volkswagen,Caravelle,Firehjul,Diesel,2021,54,624676,92000,489000,749326,155754,-3.122,lokal
Volkswagen,Caravelle,Firehjul,Diesel,2022,20,609945,55228,551638,657490,129772,-4.099,lokal
Volkswagen,Caravelle,Tohjul,Diesel,2022,7,689900,71736,679900,709900,34365,-0.32,global
Volkswagen,Crafter,Tohjul,Diesel,2007,8,43768,216400,16289,88030,45746,-0.32,global
Volkswagen,Crafter,Tohjul,Diesel,2008,23,74296,238000,45598,89282,45526,-0.063,lokal
Volkswagen,Crafter,Tohjul,Diesel,2009,16,57768,219000,30039,116492,61911,-0.32,global
Volkswagen,Crafter,Tohjul,Diesel,2010,13,68268,215740,36268,99900,74642,-0.32,global
Volkswagen,Crafter,Tohjul,Diesel,2011,18,70268,184500,37046,162900,99836,-0.631,lokal
Volkswagen,Crafter,Tohjul,Diesel,2012,20,53633,230156,30518,91268,45332,-0.295,lokal
Volkswagen,Crafter,Tohjul,Diesel,2013,21,89000,201000,73268,129000,42066,-0.084,lokal
Volkswagen,Crafter,Tohjul,Diesel,2014,41,96520,211306,41268,141520,84559,-0.07,lokal
Volkswagen,Crafter,Tohjul,Diesel,2015,51,119000,196600,66536,199000,99891,-0.493,lokal
Volkswagen,Crafter,Tohjul,Diesel,2016,44,123494,176502,81270,222880,94994,-0.184,lokal
Volkswagen,Crafter,Firehjul,Diesel,2017,8,265536,160500,194420,356500,97341,-0.32,global
Volkswagen,Crafter,Tohjul,Diesel,2017,31,219000,155763,165536,288210,94038,-0.631,lokal
Volkswagen,Crafter,Firehjul,Diesel,2018,42,293210,170700,269225,319894,63702,-0.133,lokal
Volkswagen,Crafter,Tohjul,Diesel,2018,40,254000,146000,230107,306175,77766,-0.183,lokal
Volkswagen,Crafter,Firehjul,Diesel,2019,68,359000,159244,299000,421488,89246,-0.773,lokal
Volkswagen,Crafter,Tohjul,Diesel,2019,51,269000,164000,220760,399460,123404,-0.85,lokal
Volkswagen,Crafter,Firehjul,Diesel,2020,66,399000,119985,359000,449675,88029,-0.969,lokal
Volkswagen,Crafter,Tohjul,Diesel,2020,44,321760,122250,279675,381500,105995,-0.555,lokal
Volkswagen,Crafter,Firehjul,Diesel,2021,62,489000,113600,449900,526880,80542,-0.152,lokal
Volkswagen,Crafter,Tohjul,Diesel,2021,17,329900,138000,275000,359000,123914,-0.32,global
Volkswagen,Crafter,Firehjul,Diesel,2022,37,499900,92500,475000,549000,71246,-0.268,lokal
Volkswagen,Crafter,Tohjul,Diesel,2022,22,479450,110000,424826,790000,198743,1.859,lokal
Volkswagen,Crafter,Firehjul,Diesel,2023,9,599900,83877,579000,639900,114007,-0.32,global
Volkswagen,Crafter,Tohjul,Diesel,2023,21,479000,63000,449000,489000,81215,1.675,lokal
Volkswagen,Crafter,Firehjul,Diesel,2024,27,687459,45800,649000,729900,138698,-0.361,lokal
Volkswagen,Crafter,Tohjul,Diesel,2024,7,549000,37243,534450,579450,209352,-0.32,global
Volkswagen,Crafter,Firehjul,Diesel,2025,28,799375,9980,779675,819900,42973,0.523,lokal
Volkswagen,Crafter,Tohjul,Elektrisk,2019,5,199000,47000,159520,199000,24329,-0.32,global
Volkswagen,Crafter,Tohjul,Elektrisk,2022,7,215000,5774,211203,225000,9228,-0.32,global
Volkswagen,Eos,Tohjul,Bensin,2007,12,32421,189506,18400,52886,27114,-0.32,global
Volkswagen,Eos,Tohjul,Bensin,2010,5,36900,194750,35000,52942,24157,-0.32,global
Volkswagen,Eos,Tohjul,Diesel,2007,5,41900,155523,36900,41900,23297,-0.32,global
Volkswagen,Golf,Tohjul,Bensin,1983,8,91450,168500,46900,151175,100609,-0.32,global
Volkswagen,Golf,Tohjul,Bensin,1984,7,40000,139822,27495,97950,61565,-0.32,global
Volkswagen,Golf,Tohjul,Bensin,1985,5,40900,212147,39000,66845,22930,-0.32,global
Volkswagen,Golf,Tohjul,Bensin,1986,11,91900,172599,41450,130450,57629,-0.32,global
Volkswagen,Golf,Tohjul,Bensin,1990,8,48400,154420,33750,70925,85205,-0.32,global
Volkswagen,Golf,Tohjul,Bensin,1991,10,33000,222000,26000,37400,19884,-0.32,global
Volkswagen,Golf,Tohjul,Bensin,1993,5,13000,164000,11999,51900,38072,-0.32,global
Volkswagen,Golf,Tohjul,Bensin,1995,6,33450,219000,26150,43675,10375,-0.32,global
Volkswagen,Golf,Tohjul,Bensin,1996,5,20000,167000,18900,29500,20009,-0.32,global
Volkswagen,Golf,Tohjul,Bensin,1997,11,24900,153023,10950,29950,13810,-0.32,global
Volkswagen,Golf,Tohjul,Bensin,1998,7,19442,144575,19000,22900,3659,-0.32,global
Volkswagen,Golf,Tohjul,Bensin,1999,32,24950,162600,19650,29925,18819,-0.066,lokal
Volkswagen,Golf,Tohjul,Bensin,2000,15,13942,210000,11450,21921,14228,-0.32,global
Volkswagen,Golf,Tohjul,Bensin,2001,36,19400,190726,15675,27925,13798,-0.024,lokal
Volkswagen,Golf,Tohjul,Bensin,2002,40,16400,171200,11900,25975,14081,-0.042,lokal
Volkswagen,Golf,Tohjul,Bensin,2003,42,25471,177500,15475,29974,10994,-0.096,lokal
Volkswagen,Golf,Tohjul,Bensin,2004,45,18900,179159,10942,26900,10751,-0.015,lokal
Volkswagen,Golf,Tohjul,Bensin,2005,106,25921,164067,14525,33442,17365,-0.056,lokal
Volkswagen,Golf,Tohjul,Bensin,2006,73,20000,178089,13899,29990,18794,-0.002,lokal
Volkswagen,Golf,Tohjul,Bensin,2007,77,21942,167800,13900,34999,18983,-0.1,lokal
Volkswagen,Golf,Tohjul,Bensin,2008,46,28400,166100,17175,36650,17348,-0.108,lokal
Volkswagen,Golf,Tohjul,Bensin,2009,71,31900,156000,19950,49400,25193,-0.059,lokal
Volkswagen,Golf,Tohjul,Bensin,2010,71,46900,175864,32450,66450,28985,-0.219,lokal
Volkswagen,Golf,Firehjul,Bensin,2011,7,229942,183322,161421,259990,93414,-0.32,global
Volkswagen,Golf,Tohjul,Bensin,2011,105,49000,157000,35000,69900,26775,-0.241,lokal
Volkswagen,Golf,Tohjul,Bensin,2012,125,65000,149000,41941,79990,33814,-0.218,lokal
Volkswagen,Golf,Tohjul,Bensin,2013,281,85500,146000,66900,109000,33460,-0.327,lokal
Volkswagen,Golf,Firehjul,Bensin,2014,12,299950,147550,277315,322475,37906,-0.32,global
Volkswagen,Golf,Tohjul,Bensin,2014,364,99900,137800,76425,119900,38756,-0.337,lokal
Volkswagen,Golf,Firehjul,Bensin,2015,30,319450,146589,292242,343811,33613,-0.534,lokal
Volkswagen,Golf,Tohjul,Bensin,2015,218,109990,132775,89125,129000,31722,-0.302,lokal
Volkswagen,Golf,Firehjul,Bensin,2016,46,327212,136800,285999,362108,54513,-0.896,lokal
Volkswagen,Golf,Tohjul,Bensin,2016,161,125000,121400,105000,149000,30712,-0.28,lokal
Volkswagen,Golf,Firehjul,Bensin,2017,25,393532,124000,379990,409900,82099,-0.623,lokal
Volkswagen,Golf,Tohjul,Bensin,2017,97,149900,108000,129900,169900,61499,-0.416,lokal
Volkswagen,Golf,Firehjul,Bensin,2018,36,389000,115600,336750,404809,70575,-0.114,lokal
Volkswagen,Golf,Tohjul,Bensin,2018,108,168950,106198,148950,194576,50433,-0.351,lokal
Volkswagen,Golf,Tohjul,Bensin,2019,81,189990,95995,169999,219900,74123,0.256,lokal
Volkswagen,Golf,Tohjul,Bensin,2020,17,239900,72100,229900,259000,53991,-0.585,lokal
Volkswagen,Golf,Tohjul,Bensin,2021,13,399000,48500,379999,409000,48592,-0.32,global
Volkswagen,Golf,Firehjul,Bensin,2022,16,639000,51800,579188,649225,88325,1.578,lokal
Volkswagen,Golf,Tohjul,Bensin,2022,7,399000,76700,294450,409172,73146,-0.32,global
Volkswagen,Golf,Firehjul,Bensin,2023,10,459900,21640,432400,477400,38143,-0.32,global
Volkswagen,Golf,Tohjul,Bensin,2023,5,329000,43200,319000,339000,10000,-0.32,global
Volkswagen,Golf,Tohjul,Bensin,2024,5,379000,68932,339000,379000,37375,-0.32,global
Volkswagen,Golf,Tohjul,Diesel,2002,5,18900,245000,16900,20900,3972,-0.32,global
Volkswagen,Golf,Firehjul,Diesel,2003,8,36400,231500,16442,50900,27631,-0.32,global
Volkswagen,Golf,Tohjul,Diesel,2003,9,13900,244000,9900,31900,13704,-0.32,global
Volkswagen,Golf,Tohjul,Diesel,2004,16,24421,186492,15602,35400,13483,-0.32,global
Volkswagen,Golf,Firehjul,Diesel,2005,10,17400,239000,15400,25650,8430,-0.32,global
Volkswagen,Golf,Tohjul,Diesel,2005,25,22000,239000,15000,29900,10698,-0.072,lokal
Volkswagen,Golf,Firehjul,Diesel,2006,11,20000,230000,14921,26921,13688,-0.32,global
Volkswagen,Golf,Tohjul,Diesel,2006,35,29000,206000,18500,36950,12523,-0.007,lokal
Volkswagen,Golf,Firehjul,Diesel,2007,29,36900,195277,24942,45000,14309,-0.058,lokal
Volkswagen,Golf,Tohjul,Diesel,2007,90,29900,193548,21900,39900,13155,-0.102,lokal
Volkswagen,Golf,Firehjul,Diesel,2008,17,39900,230000,26900,41900,14402,-0.32,global
Volkswagen,Golf,Tohjul,Diesel,2008,164,27900,200141,15675,36942,15648,-0.11,lokal
Volkswagen,Golf,Firehjul,Diesel,2009,25,41900,210000,35900,55500,15074,-0.172,lokal
Volkswagen,Golf,Tohjul,Diesel,2009,132,32421,202684,22932,45000,18141,-0.065,lokal
Volkswagen,Golf,Firehjul,Diesel,2010,30,47400,196690,38225,66450,21918,-0.117,lokal
Volkswagen,Golf,Tohjul,Diesel,2010,369,39900,188000,29900,51900,19794,-0.163,lokal
Volkswagen,Golf,Firehjul,Diesel,2011,61,54942,200000,39900,69900,22311,-0.093,lokal
Volkswagen,Golf,Tohjul,Diesel,2011,338,46900,185000,33942,59900,19695,-0.105,lokal
Volkswagen,Golf,Firehjul,Diesel,2012,39,65942,185000,45900,79900,32070,-0.414,lokal
Volkswagen,Golf,Tohjul,Diesel,2012,313,56845,175000,41900,75000,25737,-0.199,lokal
Volkswagen,Golf,Firehjul,Diesel,2013,96,85814,178926,54985,109900,33320,-0.298,lokal
Volkswagen,Golf,Tohjul,Diesel,2013,150,79921,151580,64182,101432,32325,-0.271,lokal
Volkswagen,Golf,Firehjul,Diesel,2014,93,104434,173000,78000,129434,33126,-0.428,lokal
Volkswagen,Golf,Tohjul,Diesel,2014,163,89900,170500,79000,112217,28666,-0.215,lokal
Volkswagen,Golf,Firehjul,Diesel,2015,108,130000,160750,99978,149956,36521,-0.418,lokal
Volkswagen,Golf,Tohjul,Diesel,2015,95,118500,146000,91421,132167,32519,-0.196,lokal
Volkswagen,Golf,Firehjul,Diesel,2016,59,139900,155000,119900,162983,35744,-0.296,lokal
Volkswagen,Golf,Tohjul,Diesel,2016,47,120000,159400,101667,139450,30675,-0.36,lokal
Volkswagen,Golf,Firehjul,Diesel,2017,39,184434,155000,144217,217167,41778,-0.717,lokal
Volkswagen,Golf,Tohjul,Diesel,2017,17,135000,132247,125000,169500,41337,-0.339,lokal
Volkswagen,Golf,Firehjul,Diesel,2018,38,229000,142700,205576,249900,32540,-0.119,lokal
Volkswagen,Golf,Tohjul,Diesel,2018,16,159000,146400,156425,169000,21328,-0.09,lokal
Volkswagen,Golf,Firehjul,Diesel,2019,18,243500,116246,202400,265500,37538,-0.489,lokal
Volkswagen,Golf,Tohjul,Elektrisk,2014,32,69667,104000,53323,80800,17410,-0.043,lokal
Volkswagen,Golf,Tohjul,Elektrisk,2015,420,69434,112272,59434,79900,16758,-0.154,lokal
Volkswagen,Golf,Tohjul,Elektrisk,2016,424,75434,102840,64208,88225,17217,-0.207,lokal
Volkswagen,Golf,Tohjul,Elektrisk,2017,327,98000,103000,84384,109900,21671,-0.026,lokal
Volkswagen,Golf,Tohjul,Elektrisk,2018,599,119900,101000,109434,130650,19115,-0.215,lokal
Volkswagen,Golf,Tohjul,Elektrisk,2019,813,135000,81000,119900,149000,20170,-0.315,lokal
Volkswagen,Golf,Tohjul,Elektrisk,2020,652,149434,72000,139000,159900,19213,-0.243,lokal
Volkswagen,Golf,Tohjul,Hybrid,2015,46,129950,137500,113826,149000,23717,-0.205,lokal
Volkswagen,Golf,Tohjul,Hybrid,2016,218,134667,117530,119000,149000,24749,-0.417,lokal
Volkswagen,Golf,Tohjul,Hybrid,2017,161,153434,119900,139000,169900,28924,-0.299,lokal
Volkswagen,Golf,Tohjul,Hybrid,2018,112,169650,105500,159000,189000,24732,-0.334,lokal
Volkswagen,Golf,Tohjul,Hybrid,2019,29,179990,92600,169900,189999,19373,-0.504,lokal
Volkswagen,Golf,Tohjul,Hybrid,2020,6,239450,71000,231500,239900,17655,-0.32,global
Volkswagen,Golf,Tohjul,Hybrid,2021,48,269350,59000,258750,288248,20513,-0.316,lokal
Volkswagen,Golf,Tohjul,Hybrid,2022,29,264900,53500,249000,275000,28752,-1.091,lokal
Volkswagen,Golf,Tohjul,Hybrid,2023,12,309900,58975,309900,309900,51432,-0.32,global
Volkswagen,Golf,Tohjul,Plug-in hybrid,2015,47,120000,121969,109483,134434,21153,-0.248,lokal
Volkswagen,Golf,Tohjul,Plug-in hybrid,2016,265,122000,124200,109532,139434,25836,-0.291,lokal
Volkswagen,Golf,Tohjul,Plug-in hybrid,2017,222,149000,109838,129108,169000,27349,-0.407,lokal
Volkswagen,Golf,Tohjul,Plug-in hybrid,2018,128,164900,99100,149900,184434,25195,-0.248,lokal
Volkswagen,Golf,Tohjul,Plug-in hybrid,2019,40,179716,93567,169000,195000,23022,-0.491,lokal
Volkswagen,Golf,Tohjul,Plug-in hybrid,2021,75,285000,59950,252117,299900,28419,-0.553,lokal
Volkswagen,Golf,Tohjul,Plug-in hybrid,2022,26,328172,51500,291500,348650,35837,-0.081,lokal
Volkswagen,Golf,Tohjul,Plug-in hybrid,2023,22,339450,39320,319000,349788,24741,-1.404,lokal
Volkswagen,Golf,Tohjul,Plug-in hybrid,2024,27,369900,43607,349000,379900,14443,-0.32,global
Volkswagen,Golf Alltrack,Firehjul,Bensin,2016,59,184900,123700,146950,201667,40596,-0.515,lokal
Volkswagen,Golf Alltrack,Firehjul,Bensin,2017,45,199000,111816,174000,219434,31654,-0.456,lokal
Volkswagen,Golf Alltrack,Firehjul,Bensin,2018,15,239000,119000,222400,244445,22432,-0.32,global
Volkswagen,Golf Alltrack,Firehjul,Diesel,2015,24,174450,149100,166725,199600,26464,-0.356,lokal
Volkswagen,Golf Alltrack,Firehjul,Diesel,2016,38,179000,158918,151500,186750,30012,-0.378,lokal
Volkswagen,Golf Alltrack,Firehjul,Diesel,2017,59,194532,139000,171766,222117,35149,-0.566,lokal
Volkswagen,Golf Alltrack,Firehjul,Diesel,2018,16,217216,144800,197447,240361,42303,-0.667,lokal
Volkswagen,Golf Plus,Tohjul,Bensin,2006,9,21942,163000,19442,46400,16650,-0.32,global
Volkswagen,Golf Plus,Tohjul,Bensin,2011,18,63920,93500,52400,80475,24602,-0.229,lokal
Volkswagen,Golf Plus,Tohjul,Bensin,2012,15,53000,137280,40421,77971,22275,-0.32,global
Volkswagen,Golf Plus,Tohjul,Bensin,2013,22,89200,103492,69900,97522,23459,-0.147,lokal
Volkswagen,Golf Plus,Tohjul,Bensin,2014,6,73345,138482,65350,109997,41570,-0.32,global
Volkswagen,Golf Plus,Tohjul,Diesel,2007,31,29942,185924,19400,37900,13330,-0.103,lokal
Volkswagen,Golf Plus,Tohjul,Diesel,2008,38,25400,231292,16900,33175,16802,-0.014,lokal
Volkswagen,Golf Plus,Tohjul,Diesel,2009,17,46845,174910,20000,56942,25602,-0.268,lokal
Volkswagen,Golf Plus,Tohjul,Diesel,2010,64,45950,165500,29250,62632,23332,-0.181,lokal
Volkswagen,Golf Plus,Tohjul,Diesel,2011,47,46942,147594,29700,65950,28042,-0.351,lokal
Volkswagen,Golf Plus,Tohjul,Diesel,2012,32,52450,163750,39968,80498,26050,-0.292,lokal
Volkswagen,Golf Plus,Tohjul,Diesel,2013,18,67950,142716,56160,77925,19734,-0.069,lokal
Volkswagen,Golf Sportsvan,Tohjul,Bensin,2014,10,98717,135000,89550,106734,35825,-0.32,global
Volkswagen,Golf Sportsvan,Tohjul,Bensin,2015,78,126995,122500,100851,139000,28106,-0.168,lokal
Volkswagen,Golf Sportsvan,Tohjul,Bensin,2016,72,139999,114000,119000,149999,26693,-0.145,lokal
Volkswagen,Golf Sportsvan,Tohjul,Bensin,2017,39,149000,101000,139000,161950,16686,-0.163,lokal
Volkswagen,Golf Sportsvan,Tohjul,Bensin,2018,17,149900,82455,135000,169900,32332,-0.612,lokal
Volkswagen,Golf Sportsvan,Tohjul,Diesel,2015,22,118766,138150,89434,147381,29670,-0.376,lokal
Volkswagen,Golf Sportsvan,Tohjul,Diesel,2016,17,139000,111000,129000,154000,31775,-0.065,lokal
Volkswagen,Golf Sportsvan,Tohjul,Diesel,2017,8,184000,81600,169000,189000,18851,-0.32,global
Volkswagen,Golf-Serie,Tohjul,Bensin,1999,8,23471,142782,21460,27942,8786,-0.32,global
Volkswagen,Golf-Serie,Tohjul,Bensin,2000,5,24942,129500,16942,33942,10592,-0.32,global
Volkswagen,Golf-Serie,Tohjul,Bensin,2001,7,36942,171000,13942,64921,28852,-0.32,global
Volkswagen,Golf-Serie,Tohjul,Bensin,2002,6,31442,191450,19986,39942,32923,-0.32,global
Volkswagen,Golf-Serie,Tohjul,Bensin,2003,5,11942,192236,11942,13942,6261,-0.32,global
Volkswagen,Golf-Serie,Tohjul,Bensin,2004,13,25000,165000,16800,39999,14440,-0.32,global
Volkswagen,Golf-Serie,Tohjul,Bensin,2005,31,18942,173060,12471,29942,15628,-0.071,lokal
Volkswagen,Golf-Serie,Tohjul,Bensin,2006,18,25000,163000,18432,27942,12238,-0.093,lokal
Volkswagen,Golf-Serie,Tohjul,Bensin,2007,17,29942,161104,23000,31942,8249,-0.32,global
Volkswagen,Golf-Serie,Tohjul,Bensin,2008,9,27900,140000,13942,29942,9071,-0.32,global
Volkswagen,Golf-Serie,Tohjul,Bensin,2009,17,39900,157000,25442,54942,20215,-0.118,lokal
Volkswagen,Golf-Serie,Tohjul,Bensin,2010,20,40921,167500,28442,59125,17425,-0.147,lokal
Volkswagen,Golf-Serie,Tohjul,Bensin,2011,27,51942,171779,36921,59942,27429,-0.16,lokal
Volkswagen,Golf-Serie,Tohjul,Bensin,2012,16,60442,121300,49906,73425,26125,-0.32,global
Volkswagen,Golf-Serie,Tohjul,Bensin,2013,52,79900,144102,58684,91206,31950,-0.258,lokal
Volkswagen,Golf-Serie,Tohjul,Bensin,2014,68,85966,145310,65442,99942,43008,-0.247,lokal
Volkswagen,Golf-Serie,Tohjul,Bensin,2015,37,109434,139344,79000,129900,40440,-0.386,lokal
Volkswagen,Golf-Serie,Tohjul,Bensin,2016,38,119450,123690,99225,135400,27853,-0.09,lokal
Volkswagen,Golf-Serie,Firehjul,Bensin,2017,6,384766,131279,348250,396883,33916,-0.32,global
Volkswagen,Golf-Serie,Tohjul,Bensin,2017,24,137500,101250,125000,151150,26070,-0.219,lokal
Volkswagen,Golf-Serie,Firehjul,Bensin,2018,6,359266,152000,319742,384133,41663,-0.32,global
Volkswagen,Golf-Serie,Tohjul,Bensin,2018,16,149450,90350,139900,166000,73540,-0.32,global
Volkswagen,Golf-Serie,Tohjul,Bensin,2019,14,166766,106396,159000,201725,83429,-0.32,global
Volkswagen,Golf-Serie,Tohjul,Diesel,2005,12,13942,259500,11692,18667,7029,-0.32,global
Volkswagen,Golf-Serie,Tohjul,Diesel,2006,7,31942,161204,21942,40442,12365,-0.32,global
Volkswagen,Golf-Serie,Firehjul,Diesel,2007,13,25942,248123,17942,31942,14046,-0.32,global
Volkswagen,Golf-Serie,Tohjul,Diesel,2007,11,21942,190500,15092,30421,10163,-0.32,global
Volkswagen,Golf-Serie,Tohjul,Diesel,2008,34,28971,181000,13942,36942,13846,-0.103,lokal
Volkswagen,Golf-Serie,Tohjul,Diesel,2009,27,36942,206000,28971,41921,12209,-0.055,lokal
Volkswagen,Golf-Serie,Tohjul,Diesel,2010,90,39900,196800,24910,48486,16801,-0.15,lokal
Volkswagen,Golf-Serie,Firehjul,Diesel,2011,17,46942,217500,26942,69942,29657,-0.167,lokal
Volkswagen,Golf-Serie,Tohjul,Diesel,2011,85,42942,188500,30000,54990,18648,-0.144,lokal
Volkswagen,Golf-Serie,Firehjul,Diesel,2012,12,44500,200000,39443,74706,38283,-0.32,global
Volkswagen,Golf-Serie,Tohjul,Diesel,2012,66,46942,168675,35486,66192,21847,-0.194,lokal
Volkswagen,Golf-Serie,Firehjul,Diesel,2013,18,79942,160000,47692,88410,23907,-0.285,lokal
Volkswagen,Golf-Serie,Tohjul,Diesel,2013,25,77000,178600,56942,95000,28241,0.016,lokal
Volkswagen,Golf-Serie,Firehjul,Diesel,2014,15,99900,174000,80000,114950,31388,-0.32,global
Volkswagen,Golf-Serie,Tohjul,Diesel,2014,34,79495,185882,62442,106725,30493,-0.253,lokal
Volkswagen,Golf-Serie,Firehjul,Diesel,2015,26,129400,160300,114625,156500,29856,0.005,lokal
Volkswagen,Golf-Serie,Tohjul,Diesel,2015,16,119000,137000,80808,138149,70743,-0.32,global
Volkswagen,Golf-Serie,Firehjul,Diesel,2016,23,129000,147800,114000,159500,37656,-0.557,lokal
Volkswagen,Golf-Serie,Tohjul,Diesel,2016,8,114950,155500,99808,137308,32276,-0.32,global
Volkswagen,Golf-Serie,Firehjul,Diesel,2017,8,164716,158000,154675,180486,30110,-0.32,global
Volkswagen,Golf-Serie,Firehjul,Diesel,2018,10,199716,140100,186058,216899,37806,-0.32,global
Volkswagen,Golf-Serie,Tohjul,Diesel,2018,5,148900,156400,129000,149000,22970,-0.32,global
Volkswagen,Golf-Serie,Tohjul,Elektrisk,2014,10,69000,86350,59225,73750,19347,-0.32,global
Volkswagen,Golf-Serie,Tohjul,Elektrisk,2015,81,59532,122000,49532,69532,15921,-0.225,lokal
Volkswagen,Golf-Serie,Tohjul,Elektrisk,2016,90,64532,107222,54531,76008,17415,-0.128,lokal
Volkswagen,Golf-Serie,Tohjul,Elektrisk,2017,60,89000,109000,77992,104532,18675,-0.04,lokal
Volkswagen,Golf-Serie,Tohjul,Elektrisk,2018,129,114532,103000,99900,124900,17780,-0.255,lokal
Volkswagen,Golf-Serie,Tohjul,Elektrisk,2019,157,124000,84000,114532,134432,17569,-0.251,lokal
Volkswagen,Golf-Serie,Tohjul,Elektrisk,2020,137,149000,74100,129999,153532,18117,-0.269,lokal
Volkswagen,Golf-Serie,Tohjul,Hybrid,2015,7,114900,161000,89900,141766,36871,-0.32,global
Volkswagen,Golf-Serie,Tohjul,Hybrid,2016,27,119000,130699,99900,139450,27500,-0.493,lokal
Volkswagen,Golf-Serie,Tohjul,Hybrid,2017,33,139900,116600,125000,150000,30467,-0.322,lokal
Volkswagen,Golf-Serie,Tohjul,Hybrid,2018,11,158000,106000,145000,167450,20361,-0.32,global
Volkswagen,Golf-Serie,Tohjul,Hybrid,2022,6,269450,67550,225649,294900,47673,-0.32,global
Volkswagen,Golf-Serie,Tohjul,Plug-in hybrid,2015,16,114266,128000,89326,127149,28149,-0.32,global
Volkswagen,Golf-Serie,Tohjul,Plug-in hybrid,2016,47,109532,129000,99532,126167,22984,-0.281,lokal
Volkswagen,Golf-Serie,Tohjul,Plug-in hybrid,2017,29,121532,121100,108900,149900,33736,-0.318,lokal
Volkswagen,Golf-Serie,Tohjul,Plug-in hybrid,2018,10,152032,99750,141633,166000,17644,-0.32,global
Volkswagen,Golf-Serie,Tohjul,Plug-in hybrid,2019,5,175000,97600,164532,179532,34434,-0.32,global
Volkswagen,Golf-Serie,Tohjul,Plug-in hybrid,2021,12,273200,44468,256633,285649,25622,-0.32,global
Volkswagen,Golf-Serie,Tohjul,Plug-in hybrid,2024,7,349000,42487,349000,349000,3512,-0.32,global
Volkswagen,ID. Buzz,Tohjul,Elektrisk,2023,615,415505,49300,389000,449850,48537,-0.421,lokal
Volkswagen,ID. Buzz,Tohjul,Elektrisk,2024,184,439000,25000,419000,459900,50870,-1.039,lokal
Volkswagen,ID. Buzz,Firehjul,Elektrisk,2025,254,629000,11750,599750,699000,56097,1.605,lokal
Volkswagen,ID. Buzz,Tohjul,Elektrisk,2025,54,607400,9200,519900,649900,72226,0.119,lokal
Volkswagen,ID. Buzz,Firehjul,Elektrisk,2026,60,699450,3266,679801,739000,44218,-0.32,global
Volkswagen,ID. Buzz,Tohjul,Elektrisk,2026,51,529900,6,529900,554900,134890,-0.32,global
Volkswagen,ID.3,Tohjul,Elektrisk,2020,114,197000,74858,179825,218000,21986,-0.28,lokal
Volkswagen,ID.3,Tohjul,Elektrisk,2021,1329,200000,67000,189000,219000,23089,-0.425,lokal
Volkswagen,ID.3,Tohjul,Elektrisk,2022,589,244900,44300,219000,259800,30266,-0.496,lokal
Volkswagen,ID.3,Tohjul,Elektrisk,2023,1019,269900,33132,259750,289000,22649,-0.196,lokal
Volkswagen,ID.3,Tohjul,Elektrisk,2024,654,284900,40078,274900,299000,22698,-0.579,lokal
Volkswagen,ID.3,Tohjul,Elektrisk,2025,479,329900,14083,309900,339900,36269,-0.46,lokal
Volkswagen,ID.3,Tohjul,Elektrisk,2026,67,339900,2300,314900,368500,53843,-0.32,global
Volkswagen,ID.4,Tohjul,Elektrisk,2021,1224,259900,74754,244434,284550,30354,-0.489,lokal
Volkswagen,ID.4,Firehjul,Elektrisk,2022,8,356950,55500,339675,369225,43210,-0.32,global
Volkswagen,ID.4,Tohjul,Elektrisk,2022,583,299000,60900,269800,319000,36112,-0.79,lokal
Volkswagen,ID.4,Firehjul,Elektrisk,2023,13,399000,53000,379900,399900,32454,-0.32,global
Volkswagen,ID.4,Tohjul,Elektrisk,2023,575,338900,46000,319000,349900,32012,-0.574,lokal
Volkswagen,ID.4,Firehjul,Elektrisk,2024,460,434900,41836,427801,449000,18717,-0.613,lokal
Volkswagen,ID.4,Tohjul,Elektrisk,2024,78,429900,33875,418925,439900,30374,0.151,lokal
Volkswagen,ID.4,Firehjul,Elektrisk,2025,380,479900,13500,469788,499900,25800,-0.32,global
Volkswagen,ID.4,Tohjul,Elektrisk,2025,9,389000,1500,384750,454900,36858,-0.32,global
Volkswagen,ID.4,Firehjul,Elektrisk,2026,58,539000,2512,529225,549900,49069,-0.32,global
Volkswagen,ID.4 GTX,Firehjul,Elektrisk,2021,94,328000,78325,299900,348750,33353,-0.495,lokal
Volkswagen,ID.4 GTX,Firehjul,Elektrisk,2022,1546,349000,63725,327482,369000,33672,-0.728,lokal
Volkswagen,ID.4 GTX,Firehjul,Elektrisk,2023,970,399000,47000,379000,419000,32872,-0.731,lokal
Volkswagen,ID.4 GTX,Firehjul,Elektrisk,2024,143,458505,34130,429900,469900,28875,-0.993,lokal
Volkswagen,ID.4 GTX,Firehjul,Elektrisk,2025,52,519900,15074,499900,539000,25166,-0.32,global
Volkswagen,ID.4 GTX,Firehjul,Elektrisk,2026,22,579900,2750,569900,597400,20947,-0.32,global
Volkswagen,ID.5,Tohjul,Elektrisk,2022,94,319900,44500,299000,334975,29789,-0.353,lokal
Volkswagen,ID.5,Tohjul,Elektrisk,2023,217,330000,39037,319000,349900,26180,-0.584,lokal
Volkswagen,ID.5 GTX,Firehjul,Elektrisk,2022,296,357106,55275,336757,369900,30794,-0.553,lokal
Volkswagen,ID.5 GTX,Firehjul,Elektrisk,2023,314,389400,46500,368925,419900,42798,-0.907,lokal
Volkswagen,ID.5 GTX,Tohjul,Elektrisk,2023,6,429000,39900,403500,429000,43922,-0.32,global
Volkswagen,ID.5 GTX,Firehjul,Elektrisk,2024,52,489900,15000,469900,499900,26315,-0.176,lokal
Volkswagen,ID.5 GTX,Firehjul,Elektrisk,2025,30,529900,15350,519188,548000,20881,-1.95,lokal
Volkswagen,ID.7,Tohjul,Elektrisk,2024,99,419000,29229,399900,429990,46454,-0.485,lokal
Volkswagen,ID.7,Firehjul,Elektrisk,2025,765,549000,17719,538100,559900,20259,-0.962,lokal
Volkswagen,ID.7,Tohjul,Elektrisk,2025,53,469900,20900,459343,479000,16880,-0.32,global
Volkswagen,ID.7,Ukjent,Elektrisk,2025,5,529900,21800,519000,539900,13694,-0.32,global
Volkswagen,ID.7,Firehjul,Elektrisk,2026,145,599000,4000,585000,619000,30392,-0.32,global
Volkswagen,Jetta,Tohjul,Bensin,2006,9,21900,139950,17942,26942,16866,-0.32,global
Volkswagen,Jetta,Tohjul,Bensin,2007,5,25000,172000,21900,26900,9825,-0.32,global
Volkswagen,Jetta,Tohjul,Diesel,2006,10,26900,221838,20408,36400,16312,-0.32,global
Volkswagen,Jetta,Tohjul,Diesel,2007,8,21921,234814,13375,38675,22325,-0.32,global
Volkswagen,Jetta,Tohjul,Diesel,2008,8,21921,221144,20442,28688,17847,-0.32,global
Volkswagen,Jetta,Tohjul,Diesel,2011,8,47970,207297,42619,63706,14818,-0.32,global
Volkswagen,Jetta,Tohjul,Hybrid,2013,7,109000,105000,90900,124900,27927,-0.32,global
Volkswagen,Kombi,Tohjul,Diesel,2016,5,94434,118124,70532,129434,85168,-0.32,global
Volkswagen,Kombi,Tohjul,Diesel,2017,6,284714,50035,249683,341076,77377,-0.32,global
Volkswagen,Kombi,Tohjul,Diesel,2018,7,349900,64587,261667,368167,102121,-0.32,global
Volkswagen,Kombi,Tohjul,Diesel,2019,7,358434,33482,248934,396434,112730,-0.32,global
Volkswagen,Kombi,Tohjul,Diesel,2020,6,297032,21495,264208,349958,60422,-0.32,global
Volkswagen,LT,Tohjul,Diesel,2004,7,31000,280000,18148,61584,38828,-0.32,global
Volkswagen,LT,Tohjul,Diesel,2005,5,26268,285000,21296,36268,9077,-0.32,global
Volkswagen,Multivan,Tohjul,Diesel,2002,5,96268,410685,67268,116900,31687,-0.32,global
Volkswagen,Multivan,Tohjul,Diesel,2003,28,121119,310694,84018,147436,63158,-0.095,lokal
Volkswagen,Multivan,Tohjul,Diesel,2004,21,71900,328000,51900,101900,39611,-0.045,lokal
Volkswagen,Multivan,Firehjul,Diesel,2005,6,112421,300500,85486,165650,62121,-0.32,global
Volkswagen,Multivan,Tohjul,Diesel,2005,21,111900,267000,79900,229900,96615,-0.592,lokal
Volkswagen,Multivan,Firehjul,Diesel,2006,19,169000,267000,94450,269900,142947,-1.207,lokal
Volkswagen,Multivan,Tohjul,Diesel,2006,12,125450,282600,95972,152400,56167,-0.32,global
Volkswagen,Multivan,Firehjul,Diesel,2007,5,149000,281884,139942,149000,45732,-0.32,global
Volkswagen,Multivan,Tohjul,Diesel,2007,8,114950,231000,99749,155225,39712,-0.32,global
Volkswagen,Multivan,Tohjul,Diesel,2008,5,119000,306000,99000,188000,49232,-0.32,global
Volkswagen,Multivan,Tohjul,Diesel,2009,5,149000,248100,129000,149000,18625,-0.32,global
Volkswagen,Multivan,Firehjul,Diesel,2010,17,239000,226500,209000,268000,42183,-0.32,global
Volkswagen,Multivan,Tohjul,Diesel,2010,11,189000,248000,160921,239000,50501,-0.32,global
Volkswagen,Multivan,Firehjul,Diesel,2011,17,269000,218900,216942,299990,65719,-0.941,lokal
Volkswagen,Multivan,Tohjul,Diesel,2011,12,189400,193994,141886,242432,64756,-0.32,global
Volkswagen,Multivan,Firehjul,Diesel,2012,11,259942,261000,180900,329500,120905,-0.32,global
Volkswagen,Multivan,Tohjul,Diesel,2012,6,250450,193865,186932,314600,81683,-0.32,global
Volkswagen,Multivan,Firehjul,Diesel,2013,14,274000,227297,260400,361250,80579,-0.32,global
Volkswagen,Multivan,Tohjul,Diesel,2013,7,249000,264000,242000,255900,12313,-0.32,global
Volkswagen,Multivan,Firehjul,Diesel,2014,5,449900,148904,398800,499000,182339,-0.32,global
Volkswagen,Multivan,Tohjul,Diesel,2014,13,231942,216000,219999,289990,72716,-0.32,global
Volkswagen,Multivan,Firehjul,Diesel,2015,6,544450,125969,427326,597400,137698,-0.32,global
Volkswagen,Multivan,Firehjul,Diesel,2016,29,599000,154260,519000,624434,73638,-1.444,lokal
Volkswagen,Multivan,Firehjul,Diesel,2017,28,574000,145000,556500,599000,43042,-0.41,lokal
Volkswagen,Multivan,Firehjul,Diesel,2018,13,689999,168000,629999,699999,66823,-0.32,global
Volkswagen,Multivan,Firehjul,Diesel,2019,5,779999,112000,668000,779999,61344,-0.32,global
Volkswagen,Multivan,Firehjul,Diesel,2023,5,945000,37800,699000,975000,232135,-0.32,global
Volkswagen,Multivan,Tohjul,Hybrid,2022,12,589000,48450,578000,618500,29920,-0.32,global
Volkswagen,Multivan,Tohjul,Plug-in hybrid,2022,44,599000,52000,573149,632362,54816,-1.129,lokal
Volkswagen,Multivan,Tohjul,Plug-in hybrid,2023,13,639000,53555,619000,659000,24470,-0.32,global
Volkswagen,Passat,Tohjul,Bensin,2000,10,11921,261926,10160,23682,10789,-0.32,global
Volkswagen,Passat,Tohjul,Bensin,2002,6,14900,219260,12150,18475,5169,-0.32,global
Volkswagen,Passat,Tohjul,Bensin,2003,5,9900,239000,6000,26942,11939,-0.32,global
Volkswagen,Passat,Tohjul,Bensin,2004,6,19421,209498,14660,27150,9392,-0.32,global
Volkswagen,Passat,Tohjul,Bensin,2006,13,26941,206658,16800,31900,13326,-0.32,global
Volkswagen,Passat,Tohjul,Bensin,2009,6,29921,192500,19432,31367,9630,-0.32,global
Volkswagen,Passat,Tohjul,Bensin,2010,11,11900,169394,9450,40400,21495,-0.32,global
Volkswagen,Passat,Tohjul,Bensin,2011,5,89900,150000,86942,105000,12988,-0.32,global
Volkswagen,Passat,Tohjul,Bensin,2012,32,73471,181250,57475,89900,27865,-0.254,lokal
Volkswagen,Passat,Tohjul,Bensin,2013,64,69950,165204,56750,87206,21956,-0.258,lokal
Volkswagen,Passat,Tohjul,Bensin,2014,35,86900,147000,45471,99900,29116,-0.483,lokal
Volkswagen,Passat,Tohjul,Bensin,2015,23,114000,142200,98666,129000,22934,-0.17,lokal
Volkswagen,Passat,Firehjul,Bensin,2016,9,179900,136200,169900,199900,62859,-0.32,global
Volkswagen,Passat,Tohjul,Bensin,2016,46,129000,160322,110000,144926,25358,-0.491,lokal
Volkswagen,Passat,Tohjul,Bensin,2017,21,139000,158000,123434,148900,22691,0.054,lokal
Volkswagen,Passat,Tohjul,Bensin,2018,24,148900,151115,139000,162184,20267,-0.231,lokal
Volkswagen,Passat,Tohjul,Diesel,2000,5,13900,400000,6442,13900,7545,-0.32,global
Volkswagen,Passat,Firehjul,Diesel,2002,21,20900,314000,15942,28400,12320,0.017,lokal
Volkswagen,Passat,Tohjul,Diesel,2002,20,20900,291250,11308,26900,10469,-0.086,lokal
Volkswagen,Passat,Firehjul,Diesel,2003,7,19900,320000,10400,29400,14422,-0.32,global
Volkswagen,Passat,Tohjul,Diesel,2003,22,16671,264870,11942,25442,9370,-0.044,lokal
Volkswagen,Passat,Firehjul,Diesel,2004,15,24900,297500,18500,33450,18762,-0.32,global
Volkswagen,Passat,Tohjul,Diesel,2004,17,21942,262000,16900,26900,7953,-0.062,lokal
Volkswagen,Passat,Firehjul,Diesel,2005,15,23942,270000,19921,31900,20114,-0.32,global
Volkswagen,Passat,Tohjul,Diesel,2005,20,17671,243990,11410,21999,6727,-0.009,lokal
Volkswagen,Passat,Firehjul,Diesel,2006,22,19900,266800,11910,26400,14679,-0.109,lokal
Volkswagen,Passat,Tohjul,Diesel,2006,64,16942,250000,13525,26910,10369,-0.038,lokal
Volkswagen,Passat,Firehjul,Diesel,2007,36,19950,265824,11660,25475,11381,-0.016,lokal
Volkswagen,Passat,Tohjul,Diesel,2007,126,19970,241000,14900,30675,10795,-0.042,lokal
Volkswagen,Passat,Firehjul,Diesel,2008,57,26942,237700,18900,41942,15803,-0.088,lokal
Volkswagen,Passat,Tohjul,Diesel,2008,136,19942,234000,13900,29900,13405,-0.084,lokal
Volkswagen,Passat,Firehjul,Diesel,2009,35,29900,233061,16921,40421,22001,-0.082,lokal
Volkswagen,Passat,Tohjul,Diesel,2009,64,24421,232000,16975,36910,14492,-0.07,lokal
Volkswagen,Passat,Firehjul,Diesel,2010,83,29900,236174,19966,44900,18420,-0.026,lokal
Volkswagen,Passat,Tohjul,Diesel,2010,175,23400,221865,15000,32442,14197,-0.065,lokal
Volkswagen,Passat,Firehjul,Diesel,2011,64,59950,220750,41900,89000,31270,-0.261,lokal
Volkswagen,Passat,Tohjul,Diesel,2011,175,46900,216000,34921,59900,17409,-0.145,lokal
Volkswagen,Passat,Firehjul,Diesel,2012,103,77900,222544,54400,94995,30717,-0.286,lokal
Volkswagen,Passat,Tohjul,Diesel,2012,236,49942,210000,35706,66910,21979,-0.144,lokal
Volkswagen,Passat,Firehjul,Diesel,2013,78,91921,216152,70400,119900,34959,-0.367,lokal
Volkswagen,Passat,Tohjul,Diesel,2013,146,67921,192962,45475,86660,25749,-0.247,lokal
Volkswagen,Passat,Firehjul,Diesel,2014,87,119900,195000,89667,139450,33738,-0.365,lokal
Volkswagen,Passat,Tohjul,Diesel,2014,107,74999,194000,59150,89945,25306,-0.262,lokal
Volkswagen,Passat,Firehjul,Diesel,2015,106,169999,175000,139910,199990,46222,-0.506,lokal
Volkswagen,Passat,Tohjul,Diesel,2015,234,119000,176175,99108,147925,32612,-0.424,lokal
Volkswagen,Passat,Firehjul,Diesel,2016,153,199000,171800,159900,229000,41086,-0.546,lokal
Volkswagen,Passat,Tohjul,Diesel,2016,140,139000,169000,114808,151126,34972,-0.269,lokal
Volkswagen,Passat,Firehjul,Diesel,2017,67,209990,169000,181950,250717,44694,-0.501,lokal
Volkswagen,Passat,Tohjul,Diesel,2017,44,157216,145750,139000,179000,31030,-0.435,lokal
Volkswagen,Passat,Firehjul,Diesel,2018,63,279900,128796,237400,317167,52360,-0.842,lokal
Volkswagen,Passat,Tohjul,Diesel,2018,63,178000,116950,158950,199000,35331,-0.576,lokal
Volkswagen,Passat,Firehjul,Diesel,2019,78,291950,104750,268925,319900,37073,-0.374,lokal
Volkswagen,Passat,Tohjul,Diesel,2019,92,219667,116260,192175,239000,28093,-0.534,lokal
Volkswagen,Passat,Firehjul,Diesel,2020,29,329000,122000,328434,348098,22524,-0.318,lokal
Volkswagen,Passat,Tohjul,Diesel,2020,51,254900,98000,237000,268000,29780,-0.366,lokal
Volkswagen,Passat,Firehjul,Diesel,2021,18,355000,102000,341425,359675,32729,-1.133,lokal
Volkswagen,Passat,Tohjul,Diesel,2021,32,282200,86075,256700,299000,26810,-0.827,lokal
Volkswagen,Passat,Firehjul,Diesel,2022,7,399000,127500,384000,434450,33586,-0.32,global
Volkswagen,Passat,Tohjul,Diesel,2022,12,269000,121949,269000,279000,9847,-0.32,global
Volkswagen,Passat,Tohjul,Hybrid,2016,154,139000,148800,122118,158984,25508,-0.389,lokal
Volkswagen,Passat,Tohjul,Hybrid,2017,255,149990,128000,139000,169000,23707,-0.316,lokal
Volkswagen,Passat,Tohjul,Hybrid,2018,207,178934,110031,159000,189900,28014,-0.428,lokal
Volkswagen,Passat,Tohjul,Hybrid,2019,32,189950,103304,183675,201218,17290,-0.331,lokal
Volkswagen,Passat,Tohjul,Hybrid,2020,130,232167,91800,218925,249900,29136,-0.526,lokal
Volkswagen,Passat,Tohjul,Hybrid,2021,47,239000,133300,199350,259450,42346,-0.515,lokal
Volkswagen,Passat,Tohjul,Hybrid,2022,16,290950,62300,257249,356000,62559,-0.32,global
Volkswagen,Passat,Tohjul,Hybrid,2023,10,304450,73100,296000,333975,24439,-0.32,global
Volkswagen,Passat,Tohjul,Plug-in hybrid,2016,124,129532,141436,119326,148250,25242,-0.26,lokal
Volkswagen,Passat,Tohjul,Plug-in hybrid,2017,287,149000,133000,133983,163983,21767,-0.342,lokal
Volkswagen,Passat,Ukjent,Plug-in hybrid,2017,5,149000,133700,120000,149000,28608,-0.32,global
Volkswagen,Passat,Tohjul,Plug-in hybrid,2018,243,173434,113000,158500,184483,27486,-0.3,lokal
Volkswagen,Passat,Tohjul,Plug-in hybrid,2019,36,181667,120638,168750,199000,17481,0.041,lokal
Volkswagen,Passat,Tohjul,Plug-in hybrid,2020,146,229900,87989,219000,249000,25367,-0.487,lokal
Volkswagen,Passat,Tohjul,Plug-in hybrid,2021,78,276667,78051,249900,289675,29199,-0.638,lokal
Volkswagen,Passat,Tohjul,Plug-in hybrid,2022,55,319000,56784,299400,329900,32175,-0.703,lokal
Volkswagen,Passat,Tohjul,Plug-in hybrid,2023,96,322450,56756,307400,342175,24796,-1.303,lokal
Volkswagen,Passat Alltrack,Firehjul,Diesel,2012,55,109000,203000,73400,127800,32754,-0.33,lokal
Volkswagen,Passat Alltrack,Firehjul,Diesel,2013,83,115900,187015,89000,138991,40761,-0.529,lokal
Volkswagen,Passat Alltrack,Firehjul,Diesel,2014,82,129900,183538,109900,149900,29309,-0.318,lokal
Volkswagen,Passat Alltrack,Firehjul,Diesel,2015,59,145000,182000,119000,168850,37184,-0.572,lokal
Volkswagen,Passat Alltrack,Firehjul,Diesel,2016,149,229000,154440,195000,259900,43668,-0.798,lokal
Volkswagen,Passat Alltrack,Firehjul,Diesel,2017,72,249900,151646,209900,289922,50563,-0.832,lokal
Volkswagen,Passat Alltrack,Firehjul,Diesel,2018,106,279450,146900,259900,299000,34734,-0.402,lokal
Volkswagen,Passat Alltrack,Firehjul,Diesel,2019,51,309000,131200,274000,329000,36591,-1.072,lokal
Volkswagen,Passat Alltrack,Firehjul,Diesel,2020,42,384450,107500,350358,399900,43123,-0.937,lokal
Volkswagen,Passat Alltrack,Firehjul,Diesel,2021,17,339000,139654,318000,389900,65008,-1.288,lokal
Volkswagen,Passat Alltrack,Firehjul,Diesel,2022,23,399000,116900,384000,437400,56127,-1.53,lokal
Volkswagen,Passat Alltrack,Firehjul,Diesel,2023,10,419000,139900,404000,441500,60817,-0.32,global
Volkswagen,Passat CC,Tohjul,Diesel,2009,23,53900,224679,37900,63450,19080,-0.07,lokal
Volkswagen,Passat CC,Tohjul,Diesel,2010,18,64900,214500,50442,79400,24327,-0.248,lokal
Volkswagen,Passat CC,Firehjul,Diesel,2011,10,99000,192100,81150,116500,22495,-0.32,global
Volkswagen,Passat CC,Tohjul,Diesel,2011,15,85000,218500,71921,97450,22911,-0.32,global
Volkswagen,Passat CC,Firehjul,Diesel,2012,5,99900,184800,71900,119900,32607,-0.32,global
Volkswagen,Passat CC,Tohjul,Diesel,2012,13,99900,115912,91900,129000,29844,-0.32,global
Volkswagen,Passat CC,Tohjul,Diesel,2013,5,110000,212000,101900,111899,30543,-0.32,global
Volkswagen,Polo,Tohjul,Bensin,2000,11,17500,156900,13900,19950,6660,-0.32,global
Volkswagen,Polo,Tohjul,Bensin,2001,17,21900,131209,12900,29000,10774,0.069,lokal
Volkswagen,Polo,Tohjul,Bensin,2002,17,19000,152000,13900,26900,9962,0.012,lokal
Volkswagen,Polo,Tohjul,Bensin,2003,42,19900,150330,10856,27650,9111,-0.039,lokal
Volkswagen,Polo,Tohjul,Bensin,2004,30,16942,138234,9947,24400,8544,-0.026,lokal
Volkswagen,Polo,Tohjul,Bensin,2005,34,19950,116000,12660,26900,14898,-0.153,lokal
Volkswagen,Polo,Tohjul,Bensin,2006,67,21900,157000,15942,27921,10726,-0.04,lokal
Volkswagen,Polo,Tohjul,Bensin,2007,84,24942,156688,19286,31150,31942,-0.095,lokal
Volkswagen,Polo,Tohjul,Bensin,2008,88,28200,145900,16900,39225,13751,-0.101,lokal
Volkswagen,Polo,Tohjul,Bensin,2009,58,28400,159250,20400,35000,12835,-0.106,lokal
Volkswagen,Polo,Tohjul,Bensin,2010,106,32921,160614,21942,44900,17070,-0.131,lokal
Volkswagen,Polo,Tohjul,Bensin,2011,117,41942,140000,31900,54900,20446,-0.155,lokal
Volkswagen,Polo,Tohjul,Bensin,2012,97,49900,131303,36900,63900,22703,-0.19,lokal
Volkswagen,Polo,Tohjul,Bensin,2013,130,59900,132000,42900,70675,27580,-0.212,lokal
Volkswagen,Polo,Tohjul,Bensin,2014,93,82166,107000,55166,106900,28404,-0.278,lokal
Volkswagen,Polo,Tohjul,Bensin,2015,148,89945,110500,73218,115750,30418,-0.259,lokal
Volkswagen,Polo,Tohjul,Bensin,2016,133,115000,98000,99000,129900,24954,-0.15,lokal
Volkswagen,Polo,Tohjul,Bensin,2017,80,129000,79038,104975,141150,27111,-0.36,lokal
Volkswagen,Polo,Tohjul,Bensin,2018,123,158900,86000,139900,169850,25527,-0.21,lokal
Volkswagen,Polo,Tohjul,Bensin,2019,155,179000,66000,159000,189450,29690,-0.427,lokal
Volkswagen,Polo,Tohjul,Bensin,2020,87,198000,58600,179000,209000,25720,-0.41,lokal
Volkswagen,Polo,Tohjul,Bensin,2021,49,219000,54000,199000,229166,19569,-0.414,lokal
Volkswagen,Polo,Tohjul,Bensin,2022,168,239000,43809,227250,249825,19207,-0.449,lokal
Volkswagen,Polo,Tohjul,Bensin,2023,36,277850,48077,259000,289188,22624,-0.559,lokal
Volkswagen,Polo,Tohjul,Diesel,2005,5,13942,180000,11900,20900,8404,-0.32,global
Volkswagen,Polo,Tohjul,Diesel,2006,7,16900,201000,9600,23442,10304,-0.32,global
Volkswagen,Polo,Tohjul,Diesel,2007,41,20000,177000,13900,25000,7048,-0.043,lokal
Volkswagen,Polo,Tohjul,Diesel,2008,53,21900,192250,14000,26942,9314,-0.059,lokal
Volkswagen,Polo,Tohjul,Diesel,2009,31,24999,162000,14171,34921,14183,-0.041,lokal
Volkswagen,Polo,Tohjul,Diesel,2010,150,36942,159900,26942,51900,18257,-0.178,lokal
Volkswagen,Polo,Tohjul,Diesel,2011,131,39942,157600,31942,53450,20818,-0.119,lokal
Volkswagen,Polo,Tohjul,Diesel,2012,77,49900,148000,39000,59900,20628,-0.138,lokal
Volkswagen,Polo,Tohjul,Diesel,2014,8,38421,190500,34235,60706,27507,-0.32,global
Volkswagen,Polo,Tohjul,Diesel,2016,8,81083,153000,77900,88236,16378,-0.32,global
Volkswagen,Polo Cross,Tohjul,Bensin,2007,13,26942,150000,21900,29900,9095,-0.32,global
Volkswagen,Polo Cross,Tohjul,Bensin,2008,8,45000,124250,39182,49236,8269,-0.32,global
Volkswagen,Polo Cross,Tohjul,Bensin,2009,6,45000,146500,37425,56175,13636,-0.32,global
Volkswagen,Polo Cross,Tohjul,Bensin,2010,5,22000,133000,14442,38942,22789,-0.32,global
Volkswagen,Polo Cross,Tohjul,Bensin,2011,25,49900,140000,39000,64900,21460,-0.266,lokal
Volkswagen,Polo Cross,Tohjul,Bensin,2012,12,99000,81250,83650,103456,20446,-0.32,global
Volkswagen,Polo Cross,Tohjul,Bensin,2013,5,99000,85700,90900,109000,13976,-0.32,global
Volkswagen,Polo Cross,Tohjul,Bensin,2014,5,109999,123000,99999,109999,10448,-0.32,global
Volkswagen,Polo Cross,Tohjul,Bensin,2015,13,139000,84893,122747,139900,16092,-0.32,global
Volkswagen,Polo Cross,Tohjul,Bensin,2016,6,119900,117800,116225,119975,17234,-0.32,global
Volkswagen,Polo Cross,Tohjul,Diesel,2010,5,50000,185000,20900,58942,24662,-0.32,global
Volkswagen,Polo Cross,Tohjul,Diesel,2011,39,59000,149100,47421,79000,24512,-0.309,lokal
Volkswagen,Polo Cross,Tohjul,Diesel,2012,10,77083,146250,50000,89968,27977,-0.32,global
Volkswagen,Scirocco,Tohjul,Bensin,2009,36,44950,189500,32225,65175,33627,0.026,lokal
Volkswagen,Scirocco,Tohjul,Bensin,2010,19,89900,137000,57400,109900,30879,-0.295,lokal
Volkswagen,Scirocco,Tohjul,Bensin,2011,21,73900,153000,60900,91942,22900,-0.252,lokal
Volkswagen,Scirocco,Tohjul,Diesel,2010,5,61942,230000,55942,69000,19121,-0.32,global
Volkswagen,Scirocco,Tohjul,Diesel,2011,6,70450,221590,58150,79675,21038,-0.32,global
Volkswagen,Sharan,Tohjul,Bensin,2015,5,199000,139000,199000,199000,8408,-0.32,global
Volkswagen,Sharan,Tohjul,Diesel,2007,6,14900,292950,11859,19400,9398,-0.32,global
Volkswagen,Sharan,Tohjul,Diesel,2008,5,26942,247096,24900,31942,8222,-0.32,global
Volkswagen,Sharan,Firehjul,Diesel,2011,5,99000,280000,70000,129000,35595,-0.32,global
Volkswagen,Sharan,Tohjul,Diesel,2011,65,96942,215200,66900,109900,33888,-0.256,lokal
Volkswagen,Sharan,Firehjul,Diesel,2012,34,115900,204357,75900,129706,41955,-0.68,lokal
Volkswagen,Sharan,Tohjul,Diesel,2012,51,90900,212000,67871,117400,34256,-0.404,lokal
Volkswagen,Sharan,Firehjul,Diesel,2013,35,99999,212000,89450,127000,40153,-0.506,lokal
Volkswagen,Sharan,Tohjul,Diesel,2013,29,119900,208800,95999,149900,39188,-0.86,lokal
Volkswagen,Sharan,Firehjul,Diesel,2014,23,156942,169000,98188,214000,61131,-2.043,lokal
Volkswagen,Sharan,Tohjul,Diesel,2014,27,114434,199898,95950,149000,35970,-0.38,lokal
Volkswagen,Sharan,Firehjul,Diesel,2015,7,189000,182500,184450,217000,24133,-0.32,global
Volkswagen,Sharan,Tohjul,Diesel,2015,19,199000,127000,162217,217400,33299,-0.792,lokal
Volkswagen,Sharan,Firehjul,Diesel,2016,12,204500,136450,196500,219000,50338,-0.32,global
Volkswagen,Sharan,Tohjul,Diesel,2016,10,182500,183650,160608,198750,31527,-0.32,global
Volkswagen,Sharan,Firehjul,Diesel,2017,15,279000,162000,246766,299999,45997,-0.32,global
Volkswagen,Sharan,Tohjul,Diesel,2017,17,229000,149500,219000,249900,20750,-0.388,lokal
Volkswagen,Sharan,Tohjul,Diesel,2018,14,269000,115389,259000,302326,28056,-0.32,global
Volkswagen,T-Cross,Tohjul,Bensin,2019,29,229900,64850,213166,249000,23065,-0.487,lokal
Volkswagen,T-Cross,Tohjul,Bensin,2020,43,229000,58250,215000,239700,24851,-0.285,lokal
Volkswagen,T-Cross,Tohjul,Bensin,2021,21,249900,57900,239000,259000,22515,-0.568,lokal
Volkswagen,T-Cross,Tohjul,Bensin,2022,71,289900,54400,279000,306950,18611,-0.383,lokal
Volkswagen,T-Cross,Tohjul,Bensin,2023,60,309900,52300,296725,322175,23641,-1.016,lokal
Volkswagen,T-Roc,Firehjul,Bensin,2018,112,266266,93200,244399,282000,31476,-0.348,lokal
Volkswagen,T-Roc,Tohjul,Bensin,2018,77,189800,84500,179000,209900,35337,-0.122,lokal
Volkswagen,T-Roc,Firehjul,Bensin,2019,45,279990,82500,269000,309900,32417,-0.548,lokal
Volkswagen,T-Roc,Tohjul,Bensin,2019,73,209000,81000,189000,245000,34973,-0.736,lokal
Volkswagen,T-Roc,Firehjul,Bensin,2020,54,334400,78558,289900,428675,72454,-1.241,lokal
Volkswagen,T-Roc,Tohjul,Bensin,2020,28,269900,50000,249425,282175,22614,-0.516,lokal
Volkswagen,T-Roc,Firehjul,Bensin,2021,14,444495,54700,402249,469990,36505,-0.32,global
Volkswagen,T-Roc,Tohjul,Bensin,2021,32,299000,62200,289675,309225,18462,-0.014,lokal
Volkswagen,T-Roc,Firehjul,Bensin,2022,45,399900,69000,377600,439000,49579,-1.072,lokal
Volkswagen,T-Roc,Tohjul,Bensin,2022,52,334450,43250,299900,355874,38432,-0.688,lokal
Volkswagen,T-Roc,Firehjul,Bensin,2023,10,487000,45786,464600,499862,30507,-0.32,global
Volkswagen,T-Roc,Tohjul,Bensin,2023,9,359000,42800,349000,369900,13977,-0.32,global
Volkswagen,T-Roc,Firehjul,Diesel,2018,56,266950,99164,249110,289000,30773,-0.52,lokal
Volkswagen,T-Roc,Firehjul,Diesel,2019,70,282212,93550,251108,299000,34767,-0.686,lokal
Volkswagen,T-Roc,Firehjul,Diesel,2020,35,319000,90000,279700,335000,30637,-0.66,lokal
Volkswagen,T-Roc,Firehjul,Diesel,2021,89,369000,65000,309000,389000,50375,-0.971,lokal
Volkswagen,T-Roc,Firehjul,Diesel,2022,111,409900,51500,379266,439825,49787,-0.92,lokal
Volkswagen,T-Roc,Firehjul,Diesel,2023,92,499000,46247,479000,509900,34079,-0.541,lokal
Volkswagen,T-Roc,Firehjul,Diesel,2024,5,529000,67906,499000,539000,46112,-0.32,global
Volkswagen,TRANSPORTER O. CARAVELLE,Tohjul,Diesel,2008,5,23900,83995,19900,26942,10617,-0.32,global
Volkswagen,TRANSPORTER O. CARAVELLE,Tohjul,Diesel,2009,6,41921,92103,31910,63150,23594,-0.32,global
Volkswagen,Tiguan,Tohjul,Bensin,2013,10,75950,155500,71249,89900,16500,-0.32,global
Volkswagen,Tiguan,Tohjul,Bensin,2014,5,89900,169011,69900,89900,22325,-0.32,global
Volkswagen,Tiguan,Firehjul,Bensin,2016,14,248950,137800,241675,267400,34835,-0.32,global
Volkswagen,Tiguan,Firehjul,Bensin,2017,84,274717,108980,237750,289550,38355,-0.917,lokal
Volkswagen,Tiguan,Tohjul,Bensin,2017,21,169999,155000,149000,199900,37618,-0.534,lokal
Volkswagen,Tiguan,Firehjul,Bensin,2018,52,299900,98900,269750,336000,47556,-0.796,lokal
Volkswagen,Tiguan,Tohjul,Bensin,2018,13,229000,97800,219000,229000,19446,-0.32,global
Volkswagen,Tiguan,Firehjul,Diesel,2008,127,41900,229000,29871,59900,22667,-0.109,lokal
Volkswagen,Tiguan,Firehjul,Diesel,2009,161,51900,235000,36900,67400,28186,-0.235,lokal
Volkswagen,Tiguan,Firehjul,Diesel,2010,146,66900,213930,49900,89000,28182,-0.284,lokal
Volkswagen,Tiguan,Firehjul,Diesel,2011,107,76900,215886,58421,99900,30581,-0.313,lokal
Volkswagen,Tiguan,Firehjul,Diesel,2012,144,101900,190004,86900,129900,33534,-0.383,lokal
Volkswagen,Tiguan,Tohjul,Diesel,2012,102,79000,185002,66956,97725,19983,-0.142,lokal
Volkswagen,Tiguan,Firehjul,Diesel,2013,172,125450,181412,106942,145486,31446,-0.344,lokal
Volkswagen,Tiguan,Tohjul,Diesel,2013,66,88500,165835,72706,108475,21817,-0.234,lokal
Volkswagen,Tiguan,Firehjul,Diesel,2014,115,143000,154814,119900,169000,39507,-0.381,lokal
Volkswagen,Tiguan,Tohjul,Diesel,2014,40,99667,168616,80000,117442,23309,-0.21,lokal
Volkswagen,Tiguan,Firehjul,Diesel,2015,121,155000,161000,129900,188000,34224,-0.591,lokal
Volkswagen,Tiguan,Tohjul,Diesel,2015,31,139000,150900,105623,149000,33827,-0.326,lokal
Volkswagen,Tiguan,Firehjul,Diesel,2016,143,209900,141000,189000,249000,41165,-0.419,lokal
Volkswagen,Tiguan,Tohjul,Diesel,2016,9,134900,150000,129434,148900,16315,-0.32,global
Volkswagen,Tiguan,Firehjul,Diesel,2017,395,254434,135300,229945,279000,35917,-0.221,lokal
Volkswagen,Tiguan,Tohjul,Diesel,2017,18,214500,124166,192250,229000,32564,-0.445,lokal
Volkswagen,Tiguan,Firehjul,Diesel,2018,183,310000,122100,289900,339000,39025,-0.607,lokal
Volkswagen,Tiguan,Tohjul,Diesel,2018,6,194450,136000,181500,207468,18120,-0.32,global
Volkswagen,Tiguan,Firehjul,Diesel,2019,254,339900,108469,309999,359000,34497,-0.621,lokal
Volkswagen,Tiguan,Firehjul,Diesel,2020,118,349000,99000,319925,399000,45068,-0.799,lokal
Volkswagen,Tiguan,Firehjul,Diesel,2021,86,449945,84244,419000,479900,53983,-0.834,lokal
Volkswagen,Tiguan,Firehjul,Diesel,2022,88,436995,94356,399000,479825,51784,-0.669,lokal
Volkswagen,Tiguan,Firehjul,Diesel,2023,86,549450,51388,518625,559600,51902,-0.551,lokal
Volkswagen,Tiguan,Firehjul,Diesel,2024,19,599000,62800,584450,619000,23381,0.315,lokal
Volkswagen,Tiguan,Tohjul,Hybrid,2021,46,308217,91700,295875,326750,33736,-0.213,lokal
Volkswagen,Tiguan,Tohjul,Plug-in hybrid,2021,65,289900,75300,264434,299900,30616,-0.167,lokal
Volkswagen,Tiguan,Tohjul,Plug-in hybrid,2022,54,312400,57000,299900,329900,35900,-1.09,lokal
Volkswagen,Tiguan,Tohjul,Plug-in hybrid,2023,19,339000,69406,314000,359000,34434,-1.364,lokal
Volkswagen,Tiguan Allspace,Firehjul,Diesel,2018,53,349147,133200,323434,389000,42084,-0.808,lokal
Volkswagen,Tiguan Allspace,Firehjul,Diesel,2019,16,389000,118240,359826,397175,36260,-0.32,global
Volkswagen,Tiguan Allspace,Firehjul,Diesel,2020,36,419217,105148,378750,441500,48178,-0.454,lokal
Volkswagen,Tiguan Allspace,Firehjul,Diesel,2021,15,434900,121600,414450,459450,35677,-0.32,global
Volkswagen,Touareg,Firehjul,Diesel,2004,15,44900,272520,35950,58450,17288,-0.32,global
Volkswagen,Touareg,Firehjul,Diesel,2005,28,40900,309688,31400,51900,15703,-0.159,lokal
Volkswagen,Touareg,Firehjul,Diesel,2006,9,33000,252000,25942,75000,39910,-0.32,global
Volkswagen,Touareg,Firehjul,Diesel,2007,13,39900,318000,33900,61900,16956,-0.32,global
Volkswagen,Touareg,Firehjul,Diesel,2008,6,124400,212500,60682,146900,74883,-0.32,global
Volkswagen,Touareg,Firehjul,Diesel,2009,6,169000,262000,161500,169000,27648,-0.32,global
Volkswagen,Touareg,Firehjul,Diesel,2011,19,169900,245000,139000,199450,39423,-0.596,lokal
Volkswagen,Touareg,Firehjul,Diesel,2012,16,157950,251950,149000,184000,30003,-0.32,global
Volkswagen,Touareg,Firehjul,Diesel,2013,7,279000,160100,237500,299000,49790,-0.32,global
Volkswagen,Touareg,Firehjul,Diesel,2014,9,279000,180650,249434,328000,53703,-0.32,global
Volkswagen,Touareg,Firehjul,Diesel,2016,6,349766,176806,322883,428742,71067,-0.32,global
Volkswagen,Touareg,Firehjul,Diesel,2017,13,439000,153000,399000,449000,34183,-0.32,global
Volkswagen,Touareg,Firehjul,Diesel,2019,8,649950,114750,610250,749000,71643,-0.32,global
Volkswagen,Touareg,Firehjul,Hybrid,2021,15,729000,132000,699000,764000,37614,-0.32,global
Volkswagen,Touareg,Firehjul,Plug-in hybrid,2021,33,799000,61500,779000,819000,41269,-0.79,lokal
Volkswagen,Touran,Tohjul,Bensin,2012,10,79000,172000,71650,89675,15885,-0.32,global
Volkswagen,Touran,Tohjul,Bensin,2013,7,89900,167681,62921,99000,37668,-0.32,global
Volkswagen,Touran,Tohjul,Bensin,2016,72,179900,129800,164600,189900,33917,-0.374,lokal
Volkswagen,Touran,Tohjul,Bensin,2017,57,199900,118360,169532,229900,34548,-0.14,lokal
Volkswagen,Touran,Tohjul,Bensin,2018,55,225000,112800,211500,232216,25497,-0.283,lokal
Volkswagen,Touran,Tohjul,Bensin,2020,9,259900,147000,258000,289900,36207,-0.32,global
Volkswagen,Touran,Tohjul,Bensin,2021,10,354450,68000,349225,367499,26072,-0.32,global
Volkswagen,Touran,Tohjul,Bensin,2022,15,389900,72830,379000,419000,30753,-0.869,lokal
Volkswagen,Touran,Tohjul,Diesel,2004,24,19445,259450,10660,30910,12226,0.004,lokal
Volkswagen,Touran,Tohjul,Diesel,2005,42,24421,243900,11910,28800,11074,-0.05,lokal
Volkswagen,Touran,Tohjul,Diesel,2006,123,21942,240000,15450,31921,11799,-0.01,lokal
Volkswagen,Touran,Tohjul,Diesel,2007,70,26871,232000,17900,36932,15045,-0.085,lokal
Volkswagen,Touran,Tohjul,Diesel,2008,152,26900,237000,17906,34910,14511,0.002,lokal
Volkswagen,Touran,Tohjul,Diesel,2009,113,25000,227000,16900,36900,14295,-0.046,lokal
Volkswagen,Touran,Tohjul,Diesel,2010,177,31268,232500,21900,39942,16156,-0.1,lokal
Volkswagen,Touran,Tohjul,Diesel,2011,204,50445,200945,38000,68900,22542,-0.177,lokal
Volkswagen,Touran,Tohjul,Diesel,2012,209,56268,212238,40942,78000,29121,-0.262,lokal
Volkswagen,Touran,Tohjul,Diesel,2013,189,69000,197600,50000,89900,29680,-0.327,lokal
Volkswagen,Touran,Tohjul,Diesel,2014,84,71452,187541,48380,87425,29617,-0.28,lokal
Volkswagen,Touran,Tohjul,Diesel,2015,81,89000,177000,69434,109999,28106,-0.313,lokal
Volkswagen,Touran,Tohjul,Diesel,2016,61,159434,148000,137000,179800,35420,-0.431,lokal
Volkswagen,Touran,Tohjul,Diesel,2017,75,198000,136000,168500,239000,52459,-0.615,lokal
Volkswagen,Touran,Tohjul,Diesel,2018,23,219900,153089,199217,234450,26417,0.09,lokal
Volkswagen,Touran,Tohjul,Diesel,2019,24,239450,126975,223725,271500,33742,-0.259,lokal
Volkswagen,Touran,Tohjul,Diesel,2020,5,319999,119000,299999,349000,55729,-0.32,global
Volkswagen,Transporter,Tohjul,Bensin,1968,5,69186,111111,60000,75000,95474,-0.32,global
Volkswagen,Transporter,Firehjul,Bensin,2017,5,151520,189618,140553,169900,61722,-0.32,global
Volkswagen,Transporter,Tohjul,Diesel,1986,5,110000,195000,71900,120000,25408,-0.32,global
Volkswagen,Transporter,Tohjul,Diesel,1998,5,34018,208000,33500,46268,23481,-0.32,global
Volkswagen,Transporter,Tohjul,Diesel,2000,10,22598,263798,16447,37701,16761,-0.32,global
Volkswagen,Transporter,Firehjul,Diesel,2001,8,30421,404978,27926,39701,13119,-0.32,global
Volkswagen,Transporter,Tohjul,Diesel,2001,16,28268,261748,19517,52168,28008,0.003,lokal
Volkswagen,Transporter,Tohjul,Diesel,2002,16,27282,286275,16268,39956,26105,-0.32,global
Volkswagen,Transporter,Firehjul,Diesel,2003,10,33518,318678,28893,43789,23167,-0.32,global
Volkswagen,Transporter,Tohjul,Diesel,2003,22,27200,278000,14472,50951,28127,-0.087,lokal
Volkswagen,Transporter,Tohjul,Diesel,2004,95,33898,274500,20084,56268,28568,-0.074,lokal
Volkswagen,Transporter,Firehjul,Diesel,2005,29,41900,306389,26296,69900,33769,-0.0,lokal
Volkswagen,Transporter,Tohjul,Diesel,2005,87,46296,246000,26282,70648,35199,-0.117,lokal
Volkswagen,Transporter,Firehjul,Diesel,2006,58,43598,273700,27025,65876,26422,-0.249,lokal
Volkswagen,Transporter,Tohjul,Diesel,2006,96,36600,265410,22018,59910,28052,-0.032,lokal
Volkswagen,Transporter,Firehjul,Diesel,2007,47,41296,294000,28634,72400,29606,0.108,lokal
Volkswagen,Transporter,Tohjul,Diesel,2007,94,40782,250070,26268,60926,34173,-0.032,lokal
Volkswagen,Transporter,Firehjul,Diesel,2008,103,49268,255000,29484,69000,34112,-0.102,lokal
Volkswagen,Transporter,Tohjul,Diesel,2008,118,40718,229050,25518,68324,38846,-0.211,lokal
Volkswagen,Transporter,Firehjul,Diesel,2009,50,52268,239150,40296,69664,27129,0.027,lokal
Volkswagen,Transporter,Tohjul,Diesel,2009,76,49834,212200,33046,89125,57577,-0.312,lokal
Volkswagen,Transporter,Firehjul,Diesel,2010,48,69598,235392,48824,88692,35063,-0.02,lokal
Volkswagen,Transporter,Tohjul,Diesel,2010,53,61268,237000,41268,74296,33664,-0.016,lokal
Volkswagen,Transporter,Firehjul,Diesel,2011,119,76900,230000,60768,100634,36628,-0.162,lokal
Volkswagen,Transporter,Tohjul,Diesel,2011,61,63296,199787,48268,79499,28870,-0.145,lokal
Volkswagen,Transporter,Firehjul,Diesel,2012,222,81268,228892,61268,109900,38524,-0.185,lokal
Volkswagen,Transporter,Tohjul,Diesel,2012,84,67768,202706,49650,89074,26379,-0.196,lokal
Volkswagen,Transporter,Firehjul,Diesel,2013,145,99000,199651,72296,129796,45274,-0.236,lokal
Volkswagen,Transporter,Tohjul,Diesel,2013,59,81268,194800,59990,109000,40035,-0.158,lokal
Volkswagen,Transporter,Firehjul,Diesel,2014,175,110000,199000,75648,140084,44354,-0.224,lokal
Volkswagen,Transporter,Tohjul,Diesel,2014,89,85900,187500,61520,109999,38840,-0.288,lokal
Volkswagen,Transporter,Firehjul,Diesel,2015,241,129000,188400,81520,159900,53174,-0.315,lokal
Volkswagen,Transporter,Tohjul,Diesel,2015,59,99000,169000,79000,120598,33169,-0.138,lokal
Volkswagen,Transporter,Firehjul,Diesel,2016,203,165000,176700,139900,199492,55024,-0.402,lokal
Volkswagen,Transporter,Tohjul,Diesel,2016,67,139000,159687,106020,164500,47916,-0.168,lokal
Volkswagen,Transporter,Firehjul,Diesel,2017,471,199000,165606,150556,236498,71295,-0.506,lokal
Volkswagen,Transporter,Tohjul,Diesel,2017,41,159520,146273,129000,179900,46064,-0.29,lokal
Volkswagen,Transporter,Firehjul,Diesel,2018,467,226520,150600,186948,259000,61407,-0.453,lokal
Volkswagen,Transporter,Tohjul,Diesel,2018,75,169990,116000,150776,238226,68015,-0.711,lokal
Volkswagen,Transporter,Firehjul,Diesel,2019,561,258553,128560,210000,299000,69745,-0.744,lokal
Volkswagen,Transporter,Tohjul,Diesel,2019,39,199950,113201,170726,255276,140932,-0.57,lokal
Volkswagen,Transporter,Firehjul,Diesel,2020,475,319000,106700,289900,353260,56665,-0.761,lokal
Volkswagen,Transporter,Tohjul,Diesel,2020,68,257000,58200,235000,298225,36238,-0.693,lokal
Volkswagen,Transporter,Firehjul,Diesel,2021,742,348850,98000,309900,379900,66796,-0.724,lokal
Volkswagen,Transporter,Tohjul,Diesel,2021,44,252450,66598,239000,281175,44040,-0.326,lokal
Volkswagen,Transporter,Firehjul,Diesel,2022,382,389900,72000,369000,419900,54589,-0.717,lokal
Volkswagen,Transporter,Tohjul,Diesel,2022,10,309450,56300,299000,319000,19875,-0.32,global
Volkswagen,Transporter,Firehjul,Diesel,2023,195,439000,57000,409000,469000,47427,-0.542,lokal
Volkswagen,Transporter,Tohjul,Diesel,2023,120,359000,44370,328000,382175,39017,-0.433,lokal
Volkswagen,Transporter,Firehjul,Diesel,2024,232,509450,30178,489600,559225,48455,-1.291,lokal
Volkswagen,Transporter,Firehjul,Diesel,2025,136,599000,10463,559000,641925,51897,-0.32,global
Volkswagen,Transporter,Tohjul,Elektrisk,2025,62,539450,4075,509000,569875,45685,-0.32,global
Volkswagen,UP!,Tohjul,Bensin,2012,27,31000,116750,24442,38900,12164,-0.15,lokal
Volkswagen,UP!,Tohjul,Bensin,2013,131,35000,114256,26871,46921,18032,-0.179,lokal
Volkswagen,UP!,Tohjul,Bensin,2014,86,45971,110822,31910,58500,17236,-0.208,lokal
Volkswagen,UP!,Tohjul,Bensin,2015,35,49000,90000,41921,59000,17750,-0.159,lokal
Volkswagen,UP!,Tohjul,Bensin,2016,35,69900,73350,54950,80980,17659,-0.222,lokal
Volkswagen,UP!,Tohjul,Bensin,2017,19,70166,84884,59701,84500,16083,-0.045,lokal
Volkswagen,UP!,Tohjul,Bensin,2018,19,89000,67126,79033,99450,12812,-0.255,lokal
Volkswagen,UP!,Tohjul,Bensin,2019,5,79000,78397,75000,93236,12617,-0.32,global
Volkswagen,UP!,Tohjul,Elektrisk,2013,6,47500,91000,47050,49332,5656,-0.32,global
Volkswagen,UP!,Tohjul,Elektrisk,2014,153,45900,102000,39900,53166,11584,-0.116,lokal
Volkswagen,UP!,Tohjul,Elektrisk,2015,150,48333,89864,39236,57100,13506,-0.14,lokal
Volkswagen,UP!,Tohjul,Elektrisk,2016,80,58500,75750,49124,68374,13371,-0.106,lokal
Volkswagen,UP!,Tohjul,Elektrisk,2017,74,68083,68500,59000,76624,13437,-0.084,lokal
Volkswagen,UP!,Tohjul,Elektrisk,2018,65,75236,57500,69000,81166,13400,-0.105,lokal
Volkswagen,UP!,Tohjul,Elektrisk,2019,106,84900,46726,79000,94900,12609,-0.129,lokal
Volkswagen,UP!,Tohjul,Elektrisk,2020,74,118583,60368,108236,129000,18262,-0.277,lokal
Volkswagen,UP!,Tohjul,Elektrisk,2021,61,129800,45000,119000,139000,13153,-0.284,lokal
Volkswagen,UP!,Tohjul,Elektrisk,2022,87,143236,44390,134900,155000,17786,-0.388,lokal
Volvo,142,Tohjul,Bensin,1969,8,187950,172350,95000,209000,78680,-0.32,global
Volvo,142,Tohjul,Bensin,1970,6,109000,204000,68500,147175,53126,-0.32,global
Volvo,142,Tohjul,Bensin,1971,10,72950,182500,50442,140675,54671,-0.32,global
Volvo,142,Tohjul,Bensin,1972,5,155000,200000,129000,195000,76814,-0.32,global
Volvo,142,Tohjul,Bensin,1973,10,118450,167815,73425,159000,60041,-0.32,global
Volvo,144,Tohjul,Bensin,1974,7,73400,240000,54400,187000,81317,-0.32,global
Volvo,240,Tohjul,Bensin,1975,6,130921,200756,111900,170192,70304,-0.32,global
Volvo,240,Tohjul,Bensin,1977,6,53500,330500,32456,70750,29963,-0.32,global
Volvo,240,Tohjul,Bensin,1978,5,75000,190000,56900,87000,32045,-0.32,global
Volvo,240,Tohjul,Bensin,1980,6,110944,208500,46486,164986,89406,-0.32,global
Volvo,240,Tohjul,Bensin,1982,12,80000,230000,56250,100675,57269,-0.32,global
Volvo,240,Tohjul,Bensin,1983,9,99000,256000,50000,149000,84234,-0.32,global
Volvo,240,Tohjul,Bensin,1984,8,115450,237000,74725,187706,78033,-0.32,global
Volvo,240,Tohjul,Bensin,1985,13,97500,300000,45000,112000,39861,-0.32,global
Volvo,240,Tohjul,Bensin,1986,12,72000,209500,41650,97500,256705,-0.32,global
Volvo,240,Tohjul,Bensin,1987,19,79000,230000,68450,110950,35310,-0.271,lokal
Volvo,240,Tohjul,Bensin,1988,24,50450,284000,39250,110236,56364,-0.176,lokal
Volvo,240,Tohjul,Bensin,1989,9,81900,222500,49000,89900,28890,-0.32,global
Volvo,240,Tohjul,Bensin,1990,30,75000,305000,41250,136750,67725,-0.207,lokal
Volvo,240,Tohjul,Bensin,1991,13,56942,260000,49000,73000,20484,-0.32,global
Volvo,240,Tohjul,Bensin,1992,19,50000,259000,40900,70950,43553,-0.123,lokal
Volvo,240,Tohjul,Bensin,1993,19,71900,287803,62921,81900,23092,-0.094,lokal
Volvo,242,Tohjul,Bensin,1983,5,169000,107000,150000,220000,66975,-0.32,global
Volvo,740,Tohjul,Bensin,1986,14,60950,214208,31250,103750,74149,-0.32,global
Volvo,740,Tohjul,Bensin,1987,5,101942,227888,56942,149000,58413,-0.32,global
Volvo,740,Tohjul,Bensin,1988,12,62500,300000,47500,69925,32424,-0.32,global
Volvo,740,Tohjul,Bensin,1989,7,55000,250000,43500,82500,24513,-0.32,global
Volvo,740,Tohjul,Bensin,1990,13,60000,307900,41942,65000,27879,-0.32,global
Volvo,740,Tohjul,Bensin,1991,7,56942,278682,43500,60700,21977,-0.32,global
Volvo,740,Tohjul,Bensin,1992,12,48450,303225,39225,66225,21309,-0.32,global
Volvo,760,Tohjul,Bensin,1988,5,75000,320000,71900,101900,51465,-0.32,global
Volvo,850,Tohjul,Bensin,1994,11,45000,235000,22971,47450,27749,-0.32,global
Volvo,850,Tohjul,Bensin,1995,28,35000,299411,26483,76250,87284,0.319,lokal
Volvo,850,Tohjul,Bensin,1996,28,36950,265350,21932,51250,36703,-0.191,lokal
Volvo,850,Tohjul,Bensin,1997,10,34421,281070,29956,48725,23437,-0.32,global
Volvo,940,Tohjul,Bensin,1991,13,49942,321000,40000,70000,29358,-0.32,global
Volvo,940,Tohjul,Bensin,1992,14,39500,317130,34725,67725,163025,-0.32,global
Volvo,940,Tohjul,Bensin,1993,14,54250,315000,33182,63250,25950,-0.32,global
Volvo,940,Tohjul,Bensin,1994,24,48450,273895,37736,80486,40369,-0.125,lokal
Volvo,940,Tohjul,Bensin,1995,27,52000,310000,44450,71872,31982,0.014,lokal
Volvo,940,Tohjul,Bensin,1996,35,60000,299000,40634,85421,31763,0.016,lokal
Volvo,940,Tohjul,Bensin,1997,9,66900,240000,60000,90900,32781,-0.32,global
Volvo,940,Tohjul,Bensin,1998,31,86942,307000,67921,101921,35784,-0.045,lokal
Volvo,Amazon,Tohjul,Bensin,1963,8,105750,93062,87650,130375,30911,-0.32,global
Volvo,Amazon,Tohjul,Bensin,1965,5,102000,44414,100000,165000,49993,-0.32,global
Volvo,Amazon,Tohjul,Bensin,1966,14,88450,73212,49250,123250,78699,-0.32,global
Volvo,Amazon,Tohjul,Bensin,1967,11,85000,123456,63450,137500,100429,-0.32,global
Volvo,Amazon,Tohjul,Bensin,1968,7,129000,111111,80750,139500,57901,-0.32,global
Volvo,Amazon,Tohjul,Bensin,1969,9,166900,76204,130000,196900,52741,-0.32,global
Volvo,Amazon,Tohjul,Bensin,1970,13,110000,123456,80000,150000,73233,-0.32,global
Volvo,C30,Tohjul,Bensin,2007,13,49999,137800,33000,59000,29835,-0.32,global
Volvo,C30,Tohjul,Diesel,2007,63,27900,201000,21900,35000,15292,-0.015,lokal
Volvo,C30,Tohjul,Diesel,2008,30,24421,199770,12182,32650,19104,-0.096,lokal
Volvo,C30,Tohjul,Diesel,2009,27,26900,208992,19450,30000,9462,0.035,lokal
Volvo,C30,Tohjul,Diesel,2010,25,34900,170000,28000,49000,17309,-0.158,lokal
Volvo,C30,Tohjul,Diesel,2011,43,49900,172300,34921,78500,25037,-0.372,lokal
Volvo,C30,Tohjul,Diesel,2012,15,57900,137000,47450,62500,16014,-0.32,global
Volvo,C40,Firehjul,Elektrisk,2022,456,389000,53500,369000,399000,28700,-0.586,lokal
Volvo,C40,Firehjul,Elektrisk,2023,1436,414000,45232,395000,429000,28916,-0.658,lokal
Volvo,C40,Tohjul,Elektrisk,2023,393,358900,41600,345000,375000,24844,-0.366,lokal
Volvo,C40,Firehjul,Elektrisk,2024,83,489000,31650,478900,499000,21970,-0.397,lokal
Volvo,C40,Tohjul,Elektrisk,2024,55,439000,23000,419000,479000,38411,-1.727,lokal
Volvo,C70,Tohjul,Bensin,2000,6,61921,203112,52150,69410,27962,-0.32,global
Volvo,C70,Tohjul,Bensin,2001,6,36421,285036,21192,57724,28255,-0.32,global
Volvo,C70,Tohjul,Diesel,2007,5,106942,189000,104900,119500,15926,-0.32,global
Volvo,C70,Tohjul,Diesel,2009,5,149900,161000,149900,149900,54577,-0.32,global
Volvo,Duett,Tohjul,Bensin,1966,5,30000,100000,16500,70000,48787,-0.32,global
Volvo,EC40,Firehjul,Elektrisk,2025,104,559900,17690,539000,579000,27516,-0.466,lokal
Volvo,EC40,Tohjul,Elektrisk,2025,13,519000,30500,519000,519000,18432,-0.32,global
Volvo,EC40,Firehjul,Elektrisk,2026,24,619900,11785,599000,629900,20703,-0.32,global
Volvo,EX30,Firehjul,Elektrisk,2024,307,419000,21000,399000,429000,18407,-0.379,lokal
Volvo,EX30,Tohjul,Elektrisk,2024,186,365000,17995,349000,379000,21164,-0.852,lokal
Volvo,EX30,Firehjul,Elektrisk,2025,375,449000,13170,429900,459000,30955,-0.65,lokal
Volvo,EX30,Tohjul,Elektrisk,2025,152,379000,12800,349000,389900,27096,-0.32,global
Volvo,EX30,Firehjul,Elektrisk,2026,38,479450,3450,471150,489675,18433,-0.32,global
Volvo,EX30 CC,Firehjul,Elektrisk,2025,12,469000,4013,459675,482400,15364,-0.32,global
Volvo,EX30 CC,Firehjul,Elektrisk,2026,17,499900,3500,460000,499900,24700,-0.32,global
Volvo,EX40,Firehjul,Elektrisk,2025,149,559000,15000,539000,579000,25602,-0.518,lokal
Volvo,EX40,Tohjul,Elektrisk,2025,35,469000,12887,449000,499000,40094,0.541,lokal
Volvo,EX40,Firehjul,Elektrisk,2026,269,559000,10300,559000,559000,14371,-0.32,global
Volvo,EX40,Tohjul,Elektrisk,2026,5,498000,8165,495000,519000,30656,-0.32,global
Volvo,EX90,Firehjul,Elektrisk,2025,365,999900,9300,979000,1049000,51161,-1.886,lokal
Volvo,PV,Tohjul,Bensin,1957,8,89500,114204,61000,95000,36457,-0.32,global
Volvo,PV,Tohjul,Bensin,1958,5,89000,85822,70000,99000,25657,-0.32,global
Volvo,PV,Tohjul,Bensin,1960,5,70000,123456,16900,80000,37084,-0.32,global
Volvo,PV,Tohjul,Bensin,1964,5,82000,84100,65000,100000,59261,-0.32,global
Volvo,S40,Tohjul,Bensin,2004,9,21900,217661,9942,26900,15625,-0.32,global
Volvo,S40,Tohjul,Bensin,2005,18,27421,225854,15359,39492,19387,0.046,lokal
Volvo,S40,Tohjul,Bensin,2006,6,31900,192000,17182,39150,17073,-0.32,global
Volvo,S40,Tohjul,Bensin,2007,5,29900,240000,19942,41900,18570,-0.32,global
Volvo,S40,Tohjul,Diesel,2004,5,19942,244000,16000,33900,10505,-0.32,global
Volvo,S40,Tohjul,Diesel,2006,19,21777,232670,14650,29900,11216,-0.105,lokal
Volvo,S40,Tohjul,Diesel,2007,23,20900,223700,15466,28421,9705,0.007,lokal
Volvo,S40,Tohjul,Diesel,2008,22,27721,219625,11900,37682,16663,-0.125,lokal
Volvo,S40,Tohjul,Diesel,2009,7,9900,228669,8900,30400,22292,-0.32,global
Volvo,S40,Tohjul,Diesel,2010,21,26900,185050,13900,39942,17597,-0.242,lokal
Volvo,S40,Tohjul,Diesel,2011,19,31900,178000,19400,46900,18262,-0.113,lokal
Volvo,S40,Tohjul,Diesel,2012,11,66900,147382,38921,69900,23998,-0.32,global
Volvo,S60,Tohjul,Bensin,2001,33,26900,279500,14900,35900,19085,0.016,lokal
Volvo,S60,Tohjul,Bensin,2002,15,20900,298163,17442,23900,8117,-0.32,global
Volvo,S60,Tohjul,Bensin,2003,13,21942,260000,15900,26845,22809,-0.32,global
Volvo,S60,Firehjul,Bensin,2004,9,191900,228000,180000,231900,74109,-0.32,global
Volvo,S60,Tohjul,Bensin,2004,11,21942,276391,18400,30950,11766,-0.32,global
Volvo,S60,Tohjul,Bensin,2005,20,37950,199500,18400,46817,21025,-0.136,lokal
Volvo,S60,Tohjul,Bensin,2006,11,38000,245644,18442,60966,40691,-0.32,global
Volvo,S60,Tohjul,Bensin,2007,9,50000,166000,48900,79000,27220,-0.32,global
Volvo,S60,Tohjul,Bensin,2012,8,104950,162725,96725,121725,24286,-0.32,global
Volvo,S60,Tohjul,Bensin,2013,6,104921,192075,99910,117400,28044,-0.32,global
Volvo,S60,Tohjul,Bensin,2016,7,189000,101235,164450,194000,26480,-0.32,global
Volvo,S60,Tohjul,Bensin,2017,5,199900,79000,184532,199900,24040,-0.32,global
Volvo,S60,Tohjul,Diesel,2002,5,11900,359000,11900,11941,3594,-0.32,global
Volvo,S60,Tohjul,Diesel,2003,7,17942,296670,10171,20450,6446,-0.32,global
Volvo,S60,Tohjul,Diesel,2004,17,21900,334500,9900,33399,13604,-0.043,lokal
Volvo,S60,Tohjul,Diesel,2005,12,26950,304500,19675,39160,13930,-0.32,global
Volvo,S60,Tohjul,Diesel,2006,5,25000,287800,19442,26900,26433,-0.32,global
Volvo,S60,Tohjul,Diesel,2007,14,42000,249000,31650,57400,19506,-0.32,global
Volvo,S60,Tohjul,Diesel,2008,23,41900,248000,26942,54400,17429,-0.296,lokal
Volvo,S60,Tohjul,Diesel,2009,11,66900,195000,37921,84495,32005,-0.32,global
Volvo,S60,Tohjul,Diesel,2010,5,99900,202000,69950,109900,30860,-0.32,global
Volvo,S60,Tohjul,Diesel,2011,47,79900,204000,68650,98900,25837,-0.173,lokal
Volvo,S60,Tohjul,Diesel,2012,59,69900,201100,55000,79000,21392,-0.055,lokal
Volvo,S60,Tohjul,Diesel,2013,25,76942,159000,66942,111900,27617,-0.245,lokal
Volvo,S60,Tohjul,Diesel,2014,16,108717,163050,87300,118160,26557,-0.32,global
Volvo,S60,Tohjul,Diesel,2015,35,149000,142000,130500,169000,31512,-0.259,lokal
Volvo,S60,Tohjul,Diesel,2017,5,199000,109800,169000,219000,27151,-0.32,global
Volvo,S60,Firehjul,Hybrid,2020,22,369450,77400,349925,397422,44065,-0.513,lokal
Volvo,S60,Firehjul,Plug-in hybrid,2020,49,369434,73537,349000,390000,33406,-0.367,lokal
Volvo,S60,Firehjul,Plug-in hybrid,2021,12,414000,50077,409000,429000,14142,-0.32,global
Volvo,S60,Firehjul,Plug-in hybrid,2022,11,479000,48000,466766,494000,61146,-0.32,global
Volvo,S70,Tohjul,Bensin,1997,9,40900,263428,39000,49000,10301,-0.32,global
Volvo,S70,Tohjul,Bensin,1998,13,45000,267505,24400,56942,17627,-0.32,global
Volvo,S70,Tohjul,Bensin,1999,8,23421,300500,16150,50682,58343,-0.32,global
Volvo,S80,Tohjul,Bensin,2000,6,11921,273950,11900,18660,8507,-0.32,global
Volvo,S80,Tohjul,Bensin,2001,7,23942,298000,16921,32950,11085,-0.32,global
Volvo,S80,Tohjul,Bensin,2002,8,25400,252833,15660,35486,11321,-0.32,global
Volvo,S80,Tohjul,Bensin,2004,9,21900,220500,11900,50000,24020,-0.32,global
Volvo,S80,Tohjul,Diesel,2003,6,13400,350000,9182,26682,11724,-0.32,global
Volvo,S80,Tohjul,Diesel,2004,8,31921,287692,29806,39400,14635,-0.32,global
Volvo,S80,Tohjul,Diesel,2007,41,59900,265350,40000,79900,33128,-0.243,lokal
Volvo,S80,Tohjul,Diesel,2008,33,49999,318500,39990,69999,26149,-0.088,lokal
Volvo,S80,Tohjul,Diesel,2009,16,44400,273000,28225,70312,30112,-0.015,lokal
Volvo,S80,Tohjul,Diesel,2010,35,69000,208850,48900,90400,31373,0.071,lokal
Volvo,S80,Tohjul,Diesel,2011,19,99900,178400,61650,119921,42423,-0.349,lokal
Volvo,S80,Tohjul,Diesel,2012,15,119000,178500,113995,124471,30831,-0.32,global
Volvo,S80,Tohjul,Diesel,2013,7,129900,179474,90900,162950,52769,-0.32,global
Volvo,S80,Tohjul,Diesel,2014,5,129000,218000,119900,141900,48294,-0.32,global
Volvo,S80,Tohjul,Diesel,2015,14,186717,155900,179900,214900,24157,-0.32,global
Volvo,S90,Firehjul,Diesel,2017,30,404990,109500,361608,427400,53309,-0.883,lokal
Volvo,S90,Tohjul,Diesel,2017,31,279000,151807,254950,299450,33697,-0.384,lokal
Volvo,S90,Tohjul,Diesel,2018,9,314000,117000,265000,339900,57860,-0.32,global
Volvo,S90,Firehjul,Hybrid,2018,43,329000,115000,314450,339495,31374,-0.568,lokal
Volvo,S90,Firehjul,Hybrid,2019,18,374945,97625,349248,399858,35179,-0.718,lokal
Volvo,S90,Firehjul,Plug-in hybrid,2018,38,359000,94408,325576,369675,32123,-0.601,lokal
Volvo,S90,Firehjul,Plug-in hybrid,2019,28,357167,99750,294675,382468,50161,-0.831,lokal
Volvo,S90,Firehjul,Plug-in hybrid,2020,7,399434,82000,396717,434016,52974,-0.32,global
Volvo,Ukjent,Firehjul,Bensin,1964,5,36777,26560,35000,43000,18047,-0.32,global
Volvo,Ukjent,Firehjul,Bensin,1965,7,45000,55293,25950,51000,15708,-0.32,global
Volvo,Ukjent,Firehjul,Bensin,1966,6,40000,45500,39250,45175,34839,-0.32,global
Volvo,Ukjent,Firehjul,Bensin,1968,8,54750,52000,50175,64925,18963,-0.32,global
Volvo,V40,Tohjul,Bensin,2004,20,18400,190850,9800,24986,12358,0.0,lokal
Volvo,V40,Tohjul,Bensin,2013,10,93921,166955,81150,99675,24434,-0.32,global
Volvo,V40,Tohjul,Bensin,2014,54,99314,166900,79992,125150,35003,-0.358,lokal
Volvo,V40,Tohjul,Bensin,2016,32,144467,115323,119000,172175,36185,-0.468,lokal
Volvo,V40,Tohjul,Bensin,2017,118,176766,97850,150608,189000,31761,-0.322,lokal
Volvo,V40,Tohjul,Bensin,2018,48,199000,95090,165750,209000,29926,-0.799,lokal
Volvo,V40,Tohjul,Diesel,2012,11,79900,177000,77000,89900,17756,-0.32,global
Volvo,V40,Tohjul,Diesel,2013,300,80450,161000,67660,99900,24447,-0.246,lokal
Volvo,V40,Tohjul,Diesel,2014,210,99700,156000,82456,119000,27660,-0.255,lokal
Volvo,V40,Tohjul,Diesel,2015,162,101717,148900,84433,128900,29376,-0.364,lokal
Volvo,V40,Tohjul,Diesel,2016,48,139000,155363,129000,149133,22079,-0.109,lokal
Volvo,V40,Tohjul,Diesel,2017,54,164717,115486,153458,178975,22442,-0.168,lokal
Volvo,V40,Tohjul,Diesel,2018,26,219000,120000,189000,219900,37140,-0.274,lokal
Volvo,V40,Tohjul,Diesel,2019,8,234000,116765,229000,250500,12021,-0.32,global
Volvo,V40 Cross Country,Tohjul,Bensin,2013,5,109900,120000,86900,174400,47221,-0.32,global
Volvo,V40 Cross Country,Firehjul,Bensin,2014,30,199450,140500,167150,239032,42727,-0.449,lokal
Volvo,V40 Cross Country,Firehjul,Bensin,2015,8,181717,113940,151725,208076,38754,-0.32,global
Volvo,V40 Cross Country,Firehjul,Bensin,2016,11,209434,98000,197766,242066,30301,-0.32,global
Volvo,V40 Cross Country,Tohjul,Bensin,2016,12,179217,113600,162124,194883,31359,-0.32,global
Volvo,V40 Cross Country,Firehjul,Bensin,2017,6,207167,138700,181034,244225,38827,-0.32,global
Volvo,V40 Cross Country,Tohjul,Bensin,2017,57,194900,105000,169000,209900,30012,-0.515,lokal
Volvo,V40 Cross Country,Tohjul,Bensin,2018,62,189450,97450,175874,209000,28339,-0.383,lokal
Volvo,V40 Cross Country,Tohjul,Bensin,2019,77,209000,87000,189990,229000,22877,-0.451,lokal
Volvo,V40 Cross Country,Tohjul,Diesel,2013,68,100000,151562,78486,122675,26889,-0.373,lokal
Volvo,V40 Cross Country,Tohjul,Diesel,2014,183,119900,152820,99000,139000,33833,-0.355,lokal
Volvo,V40 Cross Country,Tohjul,Diesel,2015,131,128000,144000,99900,146716,32681,-0.434,lokal
Volvo,V40 Cross Country,Tohjul,Diesel,2016,49,169900,119000,149900,189000,32724,-0.424,lokal
Volvo,V40 Cross Country,Tohjul,Diesel,2017,59,159900,118142,149000,194450,31454,-0.755,lokal
Volvo,V40 Cross Country,Tohjul,Diesel,2018,24,179450,110000,168684,199108,23896,-0.237,lokal
Volvo,V40 Cross Country,Tohjul,Diesel,2019,19,199000,126500,185483,209000,16087,-0.308,lokal
Volvo,V50,Tohjul,Bensin,2004,8,16900,221850,11425,24000,10354,-0.32,global
Volvo,V50,Tohjul,Bensin,2005,30,16921,207761,9536,28975,10463,-0.037,lokal
Volvo,V50,Tohjul,Bensin,2006,11,14990,234000,11900,23421,6829,-0.32,global
Volvo,V50,Tohjul,Bensin,2007,10,20932,199726,15150,31400,12213,-0.32,global
Volvo,V50,Tohjul,Bensin,2008,7,18000,215000,12900,24900,13912,-0.32,global
Volvo,V50,Tohjul,Bensin,2009,5,34942,212410,25900,34942,10416,-0.32,global
Volvo,V50,Tohjul,Diesel,2004,6,22610,287611,16401,28536,9946,-0.32,global
Volvo,V50,Tohjul,Diesel,2005,34,21921,290092,11117,25706,9332,-0.049,lokal
Volvo,V50,Tohjul,Diesel,2006,74,21900,241120,13225,26942,11337,-0.039,lokal
Volvo,V50,Tohjul,Diesel,2007,115,20000,234557,11942,33971,15577,-0.074,lokal
Volvo,V50,Tohjul,Diesel,2008,140,30000,222714,19900,39900,14371,-0.067,lokal
Volvo,V50,Tohjul,Diesel,2009,164,29900,215124,19650,39910,17092,-0.108,lokal
Volvo,V50,Tohjul,Diesel,2010,283,33999,200000,22925,44921,15932,-0.119,lokal
Volvo,V50,Tohjul,Diesel,2011,227,39900,196033,29942,51921,19600,-0.087,lokal
Volvo,V50,Tohjul,Diesel,2012,182,46400,199500,35225,59900,21192,-0.218,lokal
Volvo,V60,Tohjul,Bensin,2011,8,69471,172780,49160,91500,26549,-0.32,global
Volvo,V60,Tohjul,Bensin,2012,7,99000,175400,88970,112950,29775,-0.32,global
Volvo,V60,Tohjul,Bensin,2013,17,99900,144560,66900,114900,30326,-0.32,global
Volvo,V60,Tohjul,Bensin,2014,9,138900,158900,134900,148900,21534,-0.32,global
Volvo,V60,Tohjul,Bensin,2016,17,179900,111850,169900,199000,30155,-0.453,lokal
Volvo,V60,Tohjul,Bensin,2017,38,189900,127000,172175,199808,23894,-0.683,lokal
Volvo,V60,Tohjul,Bensin,2018,22,204495,100700,189000,229000,33816,-0.463,lokal
Volvo,V60,Firehjul,Diesel,2011,5,96900,203101,76900,125000,41183,-0.32,global
Volvo,V60,Tohjul,Diesel,2011,149,69000,210000,50900,89900,28811,-0.185,lokal
Volvo,V60,Firehjul,Diesel,2012,7,111942,184000,74966,122450,41837,-0.32,global
Volvo,V60,Tohjul,Diesel,2012,363,67000,199000,51900,86400,26612,-0.252,lokal
Volvo,V60,Firehjul,Diesel,2013,55,129990,214000,105921,149000,33575,-0.26,lokal
Volvo,V60,Tohjul,Diesel,2013,256,89900,180052,66900,115250,33659,-0.319,lokal
Volvo,V60,Firehjul,Diesel,2014,19,159900,175157,146934,179450,33832,-0.426,lokal
Volvo,V60,Tohjul,Diesel,2014,219,109000,172000,79921,135000,35854,-0.45,lokal
Volvo,V60,Firehjul,Diesel,2015,8,194450,165000,168750,204203,26533,-0.32,global
Volvo,V60,Tohjul,Diesel,2015,160,127737,165036,99484,149900,36420,-0.266,lokal
Volvo,V60,Tohjul,Diesel,2016,47,149900,152000,121667,174900,38396,-0.387,lokal
Volvo,V60,Tohjul,Diesel,2017,56,169450,160872,159900,199000,32053,-0.331,lokal
Volvo,V60,Firehjul,Diesel,2018,6,244900,153015,232400,257400,27442,-0.32,global
Volvo,V60,Tohjul,Diesel,2018,35,209000,133000,189000,244450,41973,-0.541,lokal
Volvo,V60,Firehjul,Diesel,2019,27,359000,121337,339450,384917,39472,-0.772,lokal
Volvo,V60,Tohjul,Diesel,2019,181,319000,114685,289000,349000,40496,-0.546,lokal
Volvo,V60,Firehjul,Diesel,2020,13,358000,138700,329000,369000,50179,-0.32,global
Volvo,V60,Tohjul,Diesel,2020,32,317000,145500,278000,331242,40693,-0.82,lokal
Volvo,V60,Tohjul,Diesel,2021,5,309000,98352,309000,323434,32907,-0.32,global
Volvo,V60,Firehjul,Hybrid,2013,13,79900,209000,59000,139000,38414,-0.32,global
Volvo,V60,Firehjul,Hybrid,2014,30,139000,205000,119225,159742,30557,-0.513,lokal
Volvo,V60,Firehjul,Hybrid,2015,71,159999,180500,137000,179945,31328,-0.505,lokal
Volvo,V60,Firehjul,Hybrid,2016,127,179532,145000,161000,199217,35901,-0.365,lokal
Volvo,V60,Firehjul,Hybrid,2017,81,199000,136000,179900,235000,37541,-0.647,lokal
Volvo,V60,Firehjul,Hybrid,2018,103,229000,123400,207000,247000,28240,-0.315,lokal
Volvo,V60,Firehjul,Hybrid,2019,100,349000,105778,329000,366000,38254,-0.506,lokal
Volvo,V60,Firehjul,Hybrid,2020,167,375000,93600,339990,399000,55881,-0.906,lokal
Volvo,V60,Firehjul,Hybrid,2021,61,389900,91500,368500,419900,46972,-0.791,lokal
Volvo,V60,Firehjul,Hybrid,2022,78,399900,99000,349925,439900,57419,-0.855,lokal
Volvo,V60,Firehjul,Hybrid,2023,12,369900,136700,329900,471500,86374,-0.32,global
Volvo,V60,Firehjul,Plug-in hybrid,2013,12,149495,174000,130400,159900,28122,-0.32,global
Volvo,V60,Firehjul,Plug-in hybrid,2014,27,124434,208000,103470,152212,33048,-0.319,lokal
Volvo,V60,Firehjul,Plug-in hybrid,2015,46,152212,176823,134624,168742,29348,-0.276,lokal
Volvo,V60,Firehjul,Plug-in hybrid,2016,113,179000,157225,154900,189900,34406,-0.277,lokal
Volvo,V60,Firehjul,Plug-in hybrid,2017,142,199000,144694,170808,221825,38333,-0.525,lokal
Volvo,V60,Firehjul,Plug-in hybrid,2018,231,239900,119885,219000,259716,36668,-0.542,lokal
Volvo,V60,Firehjul,Plug-in hybrid,2019,130,349266,104495,329000,369990,33939,-0.627,lokal
Volvo,V60,Firehjul,Plug-in hybrid,2020,304,389000,86698,359000,404359,41303,-0.754,lokal
Volvo,V60,Firehjul,Plug-in hybrid,2021,218,399000,79000,369000,419000,37542,-0.665,lokal
Volvo,V60,Firehjul,Plug-in hybrid,2022,276,449000,60000,419000,469000,49825,-0.561,lokal
Volvo,V60,Firehjul,Plug-in hybrid,2023,352,549000,50100,519000,569900,56726,-1.067,lokal
Volvo,V60,Firehjul,Plug-in hybrid,2024,57,599990,50500,589000,639000,44096,-0.775,lokal
Volvo,V60,Firehjul,Plug-in hybrid,2025,6,714000,22900,646500,751500,64109,-0.32,global
Volvo,V60 Cross Country,Firehjul,Bensin,2018,10,279000,162158,264326,299000,23431,-0.32,global
Volvo,V60 Cross Country,Firehjul,Diesel,2016,19,269000,167848,256950,289000,24571,-0.49,lokal
Volvo,V60 Cross Country,Tohjul,Diesel,2016,51,199800,153800,189000,229000,31914,-0.418,lokal
Volvo,V60 Cross Country,Firehjul,Diesel,2017,8,249000,184500,236500,261633,23935,-0.32,global
Volvo,V60 Cross Country,Tohjul,Diesel,2017,41,229900,131000,219000,249000,29083,-0.374,lokal
Volvo,V60 Cross Country,Firehjul,Diesel,2018,10,289900,168955,259900,299900,26128,-0.32,global
Volvo,V60 Cross Country,Tohjul,Diesel,2018,14,269217,163000,239900,279900,29004,-0.32,global
Volvo,V60 Cross Country,Firehjul,Diesel,2019,67,423434,114717,399000,459450,60694,-1.123,lokal
Volvo,V60 Cross Country,Firehjul,Diesel,2020,125,469000,113000,429000,499900,66022,-1.195,lokal
Volvo,V60 Cross Country,Firehjul,Diesel,2021,35,489000,116232,449000,531934,58194,-0.562,lokal
Volvo,V60 Cross Country,Firehjul,Hybrid,2021,33,429000,134000,369900,508000,73941,-0.942,lokal
Volvo,V60 Cross Country,Firehjul,Hybrid,2022,11,439000,134800,429000,484450,34711,-0.32,global
Volvo,V70,Tohjul,Bensin,1997,6,20971,286098,17782,27978,13925,-0.32,global
Volvo,V70,Firehjul,Bensin,1998,10,50471,327538,38182,146500,69189,-0.32,global
Volvo,V70,Tohjul,Bensin,1998,17,13942,308890,9900,21942,14745,-0.32,global
Volvo,V70,Firehjul,Bensin,1999,5,43900,287500,28900,111942,49041,-0.32,global
Volvo,V70,Tohjul,Bensin,1999,9,23900,298000,9900,27900,13569,-0.32,global
Volvo,V70,Firehjul,Bensin,2000,7,37900,254102,15950,80900,103573,-0.32,global
Volvo,V70,Tohjul,Bensin,2000,14,16900,258500,12456,31650,20747,-0.32,global
Volvo,V70,Firehjul,Bensin,2001,15,29000,299700,20950,30971,10099,-0.32,global
Volvo,V70,Tohjul,Bensin,2001,59,21942,295000,12945,31650,19475,-0.078,lokal
Volvo,V70,Firehjul,Bensin,2002,10,22900,356000,14650,35910,11240,-0.32,global
Volvo,V70,Tohjul,Bensin,2002,38,21921,314410,11182,31400,15242,-0.015,lokal
Volvo,V70,Tohjul,Bensin,2003,23,14942,311200,11942,28421,10055,0.034,lokal
Volvo,V70,Firehjul,Bensin,2004,5,101942,289968,71942,126900,63567,-0.32,global
Volvo,V70,Tohjul,Bensin,2004,56,19921,300000,11942,29150,11766,-0.047,lokal
Volvo,V70,Tohjul,Bensin,2005,31,21900,298000,14450,29950,18689,-0.144,lokal
Volvo,V70,Tohjul,Bensin,2006,35,26942,274595,19450,37442,16184,0.023,lokal
Volvo,V70,Tohjul,Bensin,2007,9,23942,266400,17942,36900,13644,-0.32,global
Volvo,V70,Tohjul,Bensin,2008,5,30900,232665,26942,48900,31569,-0.32,global
Volvo,V70,Tohjul,Bensin,2016,5,219000,143000,219000,219000,46734,-0.32,global
Volvo,V70,Tohjul,Diesel,1998,5,21899,368213,11942,21900,28053,-0.32,global
Volvo,V70,Tohjul,Diesel,2001,6,21921,348778,13182,29192,11521,-0.32,global
Volvo,V70,Tohjul,Diesel,2002,39,19300,352381,15400,28471,13251,-0.044,lokal
Volvo,V70,Firehjul,Diesel,2003,7,16900,457398,11921,23400,6850,-0.32,global
Volvo,V70,Tohjul,Diesel,2003,28,21671,357000,16932,32400,16185,-0.032,lokal
Volvo,V70,Tohjul,Diesel,2004,60,19900,332504,11660,30882,19562,-0.0,lokal
Volvo,V70,Firehjul,Diesel,2005,20,35400,356222,21900,44736,17623,-0.078,lokal
Volvo,V70,Tohjul,Diesel,2005,77,26942,306000,16942,39900,14444,-0.057,lokal
Volvo,V70,Firehjul,Diesel,2006,10,44945,309922,30442,69182,39728,-0.32,global
Volvo,V70,Tohjul,Diesel,2006,43,31942,306919,19450,48950,17892,-0.104,lokal
Volvo,V70,Firehjul,Diesel,2007,14,61150,294168,21160,99900,40740,-0.32,global
Volvo,V70,Tohjul,Diesel,2007,134,35450,298100,21900,49000,21297,-0.099,lokal
Volvo,V70,Firehjul,Diesel,2008,7,56900,288500,45950,82971,28810,-0.32,global
Volvo,V70,Tohjul,Diesel,2008,244,36900,298500,26650,50475,20978,-0.086,lokal
Volvo,V70,Firehjul,Diesel,2009,7,99000,263000,50921,100950,37056,-0.32,global
Volvo,V70,Tohjul,Diesel,2009,125,49900,278135,33900,69000,29934,-0.19,lokal
Volvo,V70,Firehjul,Diesel,2010,6,47814,283477,38650,66857,29186,-0.32,global
Volvo,V70,Tohjul,Diesel,2010,314,48400,248000,29925,67583,27779,-0.153,lokal
Volvo,V70,Firehjul,Diesel,2011,6,38400,255000,34900,86900,39700,-0.32,global
Volvo,V70,Tohjul,Diesel,2011,311,51942,239500,36900,79900,32137,-0.208,lokal
Volvo,V70,Tohjul,Diesel,2012,232,69900,219000,51900,91900,34641,-0.123,lokal
Volvo,V70,Ukjent,Diesel,2012,5,90942,239500,68942,109800,34752,-0.32,global
Volvo,V70,Firehjul,Diesel,2013,26,168421,190125,127650,219600,56644,-0.834,lokal
Volvo,V70,Tohjul,Diesel,2013,224,89872,211625,69000,110486,32957,-0.235,lokal
Volvo,V70,Firehjul,Diesel,2014,17,168000,233000,149900,199900,46891,0.023,lokal
Volvo,V70,Tohjul,Diesel,2014,247,114434,193000,91921,141421,35666,-0.196,lokal
Volvo,V70,Firehjul,Diesel,2015,7,249000,184800,225717,251717,34521,-0.32,global
Volvo,V70,Tohjul,Diesel,2015,278,140000,185000,119000,159000,33815,-0.189,lokal
Volvo,V70,Firehjul,Diesel,2016,5,219900,242382,219900,233434,37692,-0.32,global
Volvo,V70,Tohjul,Diesel,2016,133,159000,180853,129900,184900,38516,-0.485,lokal
Volvo,V90,Tohjul,Bensin,2017,6,289000,151500,288625,289000,12628,-0.32,global
Volvo,V90,Firehjul,Bensin,2018,5,328434,135000,269434,329900,47521,-0.32,global
Volvo,V90,Tohjul,Diesel,2016,5,299900,165000,299000,309000,26633,-0.32,global
Volvo,V90,Firehjul,Diesel,2017,185,328000,162145,287900,359900,52126,-0.708,lokal
Volvo,V90,Tohjul,Diesel,2017,129,274434,155000,249434,299000,40792,-0.564,lokal
Volvo,V90,Firehjul,Diesel,2018,58,349950,168350,322175,399508,65287,-0.758,lokal
Volvo,V90,Tohjul,Diesel,2018,28,288882,161750,258175,299000,47584,-0.4,lokal
Volvo,V90,Firehjul,Diesel,2019,31,379900,135421,369000,399000,32984,-0.261,lokal
Volvo,V90,Tohjul,Diesel,2019,14,399000,73000,371500,399000,32106,0.267,lokal
Volvo,V90,Tohjul,Diesel,2020,11,389000,108600,374000,399450,18999,-0.32,global
Volvo,V90,Firehjul,Hybrid,2017,28,314948,136950,256954,349000,46736,-0.819,lokal
Volvo,V90,Firehjul,Hybrid,2018,235,339834,123000,309450,359900,36459,-0.567,lokal
Volvo,V90,Firehjul,Hybrid,2019,107,359000,107000,329450,369990,36909,-0.589,lokal
Volvo,V90,Firehjul,Hybrid,2020,52,389450,111250,337175,419000,50946,-0.802,lokal
Volvo,V90,Firehjul,Hybrid,2021,40,424495,95000,403323,451601,38124,-0.523,lokal
Volvo,V90,Firehjul,Hybrid,2022,34,489000,81000,459225,499675,45540,-0.941,lokal
Volvo,V90,Firehjul,Hybrid,2023,7,599000,46500,562000,654945,54329,-0.32,global
Volvo,V90,Firehjul,Hybrid,2024,26,658500,43200,631725,673725,37070,-0.363,lokal
Volvo,V90,Firehjul,Plug-in hybrid,2018,314,328450,124206,303684,349000,37055,-0.575,lokal
Volvo,V90,Firehjul,Plug-in hybrid,2019,179,353532,104800,339000,373832,32452,-0.41,lokal
Volvo,V90,Firehjul,Plug-in hybrid,2020,103,399000,94230,379000,419000,35843,-0.613,lokal
Volvo,V90,Firehjul,Plug-in hybrid,2021,112,459000,81695,437133,479000,44859,-0.609,lokal
Volvo,V90,Firehjul,Plug-in hybrid,2022,197,519000,66865,484900,549000,62820,-0.77,lokal
Volvo,V90,Firehjul,Plug-in hybrid,2023,257,589000,50664,569000,619000,46999,-0.851,lokal
Volvo,V90,Firehjul,Plug-in hybrid,2024,140,649000,42500,619000,681925,38869,-1.414,lokal
Volvo,V90,Firehjul,Plug-in hybrid,2025,83,775000,42700,739000,799000,50197,0.192,lokal
Volvo,V90 Cross Country,Firehjul,Bensin,2017,8,474450,63982,429675,479900,68040,-0.32,global
Volvo,V90 Cross Country,Firehjul,Bensin,2018,11,449900,103500,391717,469450,46416,-0.32,global
Volvo,V90 Cross Country,Firehjul,Diesel,2017,123,399900,164113,354450,439450,61201,-0.848,lokal
Volvo,V90 Cross Country,Firehjul,Diesel,2018,202,419000,154675,389922,458875,63344,-0.644,lokal
Volvo,V90 Cross Country,Firehjul,Diesel,2019,104,419450,145000,389000,465550,62429,-0.746,lokal
Volvo,V90 Cross Country,Firehjul,Diesel,2020,38,529000,118447,499990,559000,57636,-0.988,lokal
Volvo,V90 Cross Country,Firehjul,Diesel,2021,21,539000,138302,439000,619000,88265,-1.538,lokal
Volvo,V90 Cross Country,Firehjul,Diesel,2022,8,649900,89000,637400,684675,29103,-0.32,global
Volvo,V90 Cross Country,Firehjul,Diesel,2024,12,824000,60450,819000,891725,41729,-0.32,global
Volvo,V90 Cross Country,Firehjul,Hybrid,2021,13,549000,107643,439000,569900,97741,-0.32,global
Volvo,XC40,Firehjul,Bensin,2018,23,349000,97900,334900,369900,23926,0.304,lokal
Volvo,XC40,Firehjul,Bensin,2019,20,359716,93460,344858,376225,27032,-0.373,lokal
Volvo,XC40,Tohjul,Bensin,2020,5,299000,80500,289000,322000,66976,-0.32,global
Volvo,XC40,Firehjul,Diesel,2018,73,345000,125600,329000,369000,34173,-0.686,lokal
Volvo,XC40,Firehjul,Diesel,2019,161,379900,106500,349000,419000,48312,-0.826,lokal
Volvo,XC40,Tohjul,Diesel,2019,12,373750,67400,300326,388625,50253,-0.32,global
Volvo,XC40,Firehjul,Diesel,2020,126,399900,104000,369900,429000,44997,-0.868,lokal
Volvo,XC40,Firehjul,Elektrisk,2020,5,306000,97500,289000,309900,14363,-0.32,global
Volvo,XC40,Firehjul,Elektrisk,2021,858,339000,73920,319000,359000,32331,-0.594,lokal
Volvo,XC40,Firehjul,Elektrisk,2022,583,379000,57500,359000,399000,37931,-0.764,lokal
Volvo,XC40,Tohjul,Elektrisk,2022,313,349000,46099,329900,368000,25200,-0.512,lokal
Volvo,XC40,Firehjul,Elektrisk,2023,1742,419000,46000,399000,439000,29066,-0.548,lokal
Volvo,XC40,Tohjul,Elektrisk,2023,424,369000,38866,349000,389000,27674,-0.679,lokal
Volvo,XC40,Firehjul,Elektrisk,2024,299,489000,29222,469000,499900,33400,-0.33,lokal
Volvo,XC40,Tohjul,Elektrisk,2024,127,449000,31900,429450,472500,24544,0.473,lokal
Volvo,XC40,Tohjul,Hybrid,2020,38,299990,77405,279900,319968,30466,-0.874,lokal
Volvo,XC40,Tohjul,Hybrid,2021,35,329000,70300,307216,348900,26719,-0.582,lokal
Volvo,XC40,Tohjul,Hybrid,2022,7,365999,61400,324450,374000,40971,-0.32,global
Volvo,XC40,Tohjul,Plug-in hybrid,2020,119,324434,72735,281216,349000,36247,-0.89,lokal
Volvo,XC40,Tohjul,Plug-in hybrid,2021,222,359000,60900,330175,379000,31226,-0.44,lokal
Volvo,XC40,Tohjul,Plug-in hybrid,2022,121,419000,60540,369000,429000,45142,-0.783,lokal
Volvo,XC40,Tohjul,Plug-in hybrid,2023,59,449000,43580,429000,469000,37189,-0.701,lokal
Volvo,XC60,Firehjul,Bensin,2017,6,319000,103235,319000,349326,32325,-0.32,global
Volvo,XC60,Firehjul,Diesel,2008,9,88800,226000,59900,169900,62214,-0.32,global
Volvo,XC60,Firehjul,Diesel,2009,108,89000,268916,64225,105475,30968,-0.324,lokal
Volvo,XC60,Firehjul,Diesel,2010,160,98900,254650,74932,119900,34256,-0.282,lokal
Volvo,XC60,Tohjul,Diesel,2010,14,73421,252648,61182,97400,24419,-0.32,global
Volvo,XC60,Firehjul,Diesel,2011,196,119900,225673,96442,151910,40455,-0.485,lokal
Volvo,XC60,Tohjul,Diesel,2011,13,89000,254267,79900,124900,34550,-0.32,global
Volvo,XC60,Firehjul,Diesel,2012,193,149000,215521,121900,169000,37590,-0.295,lokal
Volvo,XC60,Firehjul,Diesel,2013,235,169000,211000,139000,199850,41804,-0.553,lokal
Volvo,XC60,Tohjul,Diesel,2013,19,135000,199900,113421,159400,30804,-0.205,lokal
Volvo,XC60,Firehjul,Diesel,2014,350,219000,186000,179992,249900,50236,-0.62,lokal
Volvo,XC60,Tohjul,Diesel,2014,7,199000,142500,144000,213900,44069,-0.32,global
Volvo,XC60,Firehjul,Diesel,2015,313,249900,180000,224900,269900,37897,-0.473,lokal
Volvo,XC60,Firehjul,Diesel,2016,312,278950,162000,249000,310000,53572,-0.84,lokal
Volvo,XC60,Firehjul,Diesel,2017,287,329000,142925,289532,359450,48741,-0.76,lokal
Volvo,XC60,Tohjul,Diesel,2017,45,239000,142000,209900,258000,32811,-0.42,lokal
Volvo,XC60,Firehjul,Diesel,2018,57,439000,148600,399990,459900,48592,-0.684,lokal
Volvo,XC60,Firehjul,Diesel,2019,24,499000,136264,429675,525800,80410,-0.715,lokal
Volvo,XC60,Firehjul,Diesel,2020,12,569000,84100,536500,612284,66990,-0.32,global
Volvo,XC60,Firehjul,Hybrid,2017,5,345000,126000,344999,359875,39094,-0.32,global
Volvo,XC60,Firehjul,Hybrid,2018,200,349000,131550,327150,379000,40126,-0.67,lokal
Volvo,XC60,Firehjul,Hybrid,2019,157,384305,112300,355000,409000,51499,-0.67,lokal
Volvo,XC60,Firehjul,Hybrid,2020,119,439000,103000,399000,469895,62122,-1.052,lokal
Volvo,XC60,Firehjul,Hybrid,2021,141,479000,80000,439000,499900,56271,-1.067,lokal
Volvo,XC60,Firehjul,Hybrid,2022,40,529250,78400,499000,555250,49557,-0.578,lokal
Volvo,XC60,Firehjul,Hybrid,2023,22,598950,58227,559900,637400,63819,-0.958,lokal
Volvo,XC60,Firehjul,Hybrid,2024,31,639000,61300,629900,669900,37031,-0.089,lokal
Volvo,XC60,Firehjul,Hybrid,2025,17,779990,39000,739990,819990,44195,-0.32,global
Volvo,XC60,Firehjul,Plug-in hybrid,2018,298,359000,130156,329900,379000,40940,-0.489,lokal
Volvo,XC60,Firehjul,Plug-in hybrid,2019,419,398000,101900,369434,419000,34114,-0.678,lokal
Volvo,XC60,Firehjul,Plug-in hybrid,2020,339,449000,91999,419900,469900,38479,-0.782,lokal
Volvo,XC60,Firehjul,Plug-in hybrid,2021,557,485000,75409,459000,509000,41061,-0.928,lokal
Volvo,XC60,Firehjul,Plug-in hybrid,2022,969,599000,54530,559000,629000,53609,-0.899,lokal
Volvo,XC60,Firehjul,Plug-in hybrid,2023,1530,649000,51813,629000,675000,43226,-0.868,lokal
Volvo,XC60,Firehjul,Plug-in hybrid,2024,907,679000,57039,669000,719000,43490,-0.814,lokal
Volvo,XC60,Firehjul,Plug-in hybrid,2025,289,819000,41820,799000,859000,52103,-0.914,lokal
Volvo,XC70,Firehjul,Bensin,2001,20,18421,302560,13386,26910,13934,-0.096,lokal
Volvo,XC70,Firehjul,Bensin,2002,10,33921,301500,27942,42150,12832,-0.32,global
Volvo,XC70,Firehjul,Bensin,2003,9,24900,290000,17900,36000,12033,-0.32,global
Volvo,XC70,Firehjul,Diesel,2003,31,26942,376000,21900,39471,21316,0.023,lokal
Volvo,XC70,Firehjul,Diesel,2004,74,36921,353424,22410,49986,21052,-0.091,lokal
Volvo,XC70,Firehjul,Diesel,2005,88,46442,327174,29650,64833,25957,-0.199,lokal
Volvo,XC70,Firehjul,Diesel,2006,91,56845,309177,35471,86942,30926,-0.264,lokal
Volvo,XC70,Firehjul,Diesel,2007,96,65894,306240,39536,89225,30245,-0.235,lokal
Volvo,XC70,Firehjul,Diesel,2008,127,80942,298000,65000,99900,29547,-0.152,lokal
Volvo,XC70,Firehjul,Diesel,2009,51,121900,268000,89000,149000,37546,-0.311,lokal
Volvo,XC70,Firehjul,Diesel,2010,136,136942,253000,105660,166925,48705,-0.384,lokal
Volvo,XC70,Tohjul,Diesel,2010,5,118900,265000,76900,119000,28132,-0.32,global
Volvo,XC70,Ukjent,Diesel,2010,5,139900,208284,119942,161942,63612,-0.32,global
Volvo,XC70,Firehjul,Diesel,2011,178,149900,237500,119900,169900,44424,-0.43,lokal
Volvo,XC70,Firehjul,Diesel,2012,190,177950,232395,149211,199932,42671,-0.438,lokal
Volvo,XC70,Firehjul,Diesel,2013,228,199000,220500,169000,229900,45898,-0.548,lokal
Volvo,XC70,Firehjul,Diesel,2014,225,234434,198400,199990,263900,51598,-0.591,lokal
Volvo,XC70,Firehjul,Diesel,2015,252,299000,171600,259326,324458,54456,-0.698,lokal
Volvo,XC70,Tohjul,Diesel,2015,7,249900,144599,248900,269450,20200,-0.32,global
Volvo,XC70,Firehjul,Diesel,2016,242,319434,166914,279000,359900,70710,-1.01,lokal
Volvo,XC90,Firehjul,Bensin,2003,12,33400,266750,19150,49942,21439,-0.32,global
Volvo,XC90,Firehjul,Bensin,2004,8,27921,275000,20400,40182,24013,-0.32,global
Volvo,XC90,Firehjul,Bensin,2005,10,47671,295925,33432,79389,32218,-0.32,global
Volvo,XC90,Firehjul,Bensin,2016,9,359900,181000,319900,469900,78899,-0.32,global
Volvo,XC90,Firehjul,Diesel,2003,24,25450,337706,14650,35786,14632,0.073,lokal
Volvo,XC90,Firehjul,Diesel,2004,65,35268,344505,18000,49400,22331,-0.081,lokal
Volvo,XC90,Firehjul,Diesel,2005,117,41942,323000,27900,56900,20658,-0.122,lokal
Volvo,XC90,Firehjul,Diesel,2006,120,49000,311500,30682,66900,25173,-0.175,lokal
Volvo,XC90,Firehjul,Diesel,2007,160,66900,288500,46150,96900,36112,-0.215,lokal
Volvo,XC90,Firehjul,Diesel,2008,54,83921,276000,52675,99192,40191,-0.176,lokal
Volvo,XC90,Firehjul,Diesel,2009,26,109950,282275,75682,131925,39196,-0.505,lokal
Volvo,XC90,Firehjul,Diesel,2010,23,136900,289500,84450,153470,52607,-0.601,lokal
Volvo,XC90,Firehjul,Diesel,2011,37,169990,246000,131900,189900,47523,-0.702,lokal
Volvo,XC90,Firehjul,Diesel,2012,22,188950,262075,160188,199675,50430,-0.22,lokal
Volvo,XC90,Firehjul,Diesel,2013,8,239441,230100,162975,249900,63298,-0.32,global
Volvo,XC90,Firehjul,Diesel,2015,20,384000,203150,356748,402858,77250,-1.924,lokal
Volvo,XC90,Firehjul,Diesel,2016,264,399900,181012,359000,449550,68253,-1.027,lokal
Volvo,XC90,Firehjul,Diesel,2017,34,509716,147000,453742,595000,87636,-1.65,lokal
Volvo,XC90,Firehjul,Diesel,2018,58,578500,120052,528000,599900,81470,-0.765,lokal
Volvo,XC90,Firehjul,Diesel,2019,41,649434,115000,599000,689000,84372,-1.02,lokal
Volvo,XC90,Firehjul,Hybrid,2016,39,388000,141000,369000,403500,32910,-0.35,lokal
Volvo,XC90,Firehjul,Hybrid,2017,131,399900,148000,379000,429667,43121,-0.621,lokal
Volvo,XC90,Firehjul,Hybrid,2018,139,449000,130000,418950,486602,54885,-0.699,lokal
Volvo,XC90,Firehjul,Hybrid,2019,146,519000,113000,469434,548975,57444,-0.968,lokal
Volvo,XC90,Firehjul,Hybrid,2020,104,598000,96000,557389,629225,57225,-1.024,lokal
Volvo,XC90,Firehjul,Hybrid,2021,90,639850,81000,599922,676725,75630,-0.582,lokal
Volvo,XC90,Firehjul,Hybrid,2022,48,719000,68001,668750,752175,67188,-1.312,lokal
Volvo,XC90,Firehjul,Hybrid,2023,28,769000,64000,686500,798925,115427,-1.185,lokal
Volvo,XC90,Firehjul,Hybrid,2024,11,848500,36000,794000,899000,62607,-0.32,global
Volvo,XC90,Firehjul,Hybrid,2025,12,1024000,35250,922175,1091500,155119,-0.32,global
Volvo,XC90,Firehjul,Plug-in hybrid,2016,47,379900,142000,349450,411934,46803,-0.637,lokal
Volvo,XC90,Firehjul,Plug-in hybrid,2017,162,399000,136032,369624,428725,43420,-0.377,lokal
Volvo,XC90,Firehjul,Plug-in hybrid,2018,255,459000,122000,419900,489000,47074,-0.627,lokal
Volvo,XC90,Firehjul,Plug-in hybrid,2019,286,499000,126124,459900,539000,50711,-0.742,lokal
Volvo,XC90,Firehjul,Plug-in hybrid,2020,282,599000,97559,564900,629000,48065,-0.626,lokal
Volvo,XC90,Firehjul,Plug-in hybrid,2021,374,649217,83046,619000,679900,47512,-0.686,lokal
Volvo,XC90,Firehjul,Plug-in hybrid,2022,597,748000,62500,699000,779000,63433,-1.244,lokal
Volvo,XC90,Firehjul,Plug-in hybrid,2023,466,809000,57810,779000,839000,46065,-0.838,lokal
Volvo,XC90,Firehjul,Plug-in hybrid,2024,394,829000,53244,779000,879000,56514,-2.309,lokal
Volvo,XC90,Firehjul,Plug-in hybrid,2025,254,1099000,23660,999000,1149000,87597,-3.704,lokal
Willys,Jeep,Firehjul,Bensin,0,10,177500,0,154500,223750,56022,-0.32,global
XPeng,G3,Tohjul,Elektrisk,2020,7,179900,76000,155884,192450,29440,-0.32,global
XPeng,G3,Tohjul,Elektrisk,2021,84,199000,58500,189000,209646,21603,-0.397,lokal
XPeng,G3,Tohjul,Elektrisk,2022,37,209000,47000,199900,219900,16706,-0.279,lokal
XPeng,G3i,Tohjul,Elektrisk,2022,7,220000,39000,209495,244172,44694,-0.32,global
XPeng,G3i,Tohjul,Elektrisk,2023,6,257152,24500,250351,267400,14676,-0.32,global
XPeng,G6,Firehjul,Elektrisk,2024,151,459900,18900,458000,469900,12793,-0.574,lokal
XPeng,G6,Tohjul,Elektrisk,2024,11,379900,22500,369000,399000,17023,-0.32,global
XPeng,G6,Firehjul,Elektrisk,2025,41,479900,9000,469000,499000,22902,-1.409,lokal
XPeng,G6,Tohjul,Elektrisk,2025,11,387505,12000,382200,389000,13799,-0.32,global
XPeng,G9,Firehjul,Elektrisk,2023,142,599000,40000,579000,619000,31628,-0.768,lokal
XPeng,G9,Tohjul,Elektrisk,2023,9,499000,34500,479000,502343,20354,-0.32,global
XPeng,G9,Firehjul,Elektrisk,2024,139,649900,23062,639000,669900,29330,-1.156,lokal
XPeng,G9,Tohjul,Elektrisk,2024,14,508252,15000,484261,515000,25842,-0.32,global
XPeng,G9,Firehjul,Elektrisk,2025,36,689252,10500,669675,701760,27787,-1.447,lokal
XPeng,P7,Firehjul,Elektrisk,2021,23,299000,43300,276950,312450,39236,-0.106,lokal
XPeng,P7,Firehjul,Elektrisk,2022,65,289900,61000,279000,308343,25500,-0.544,lokal
XPeng,P7,Tohjul,Elektrisk,2022,6,254766,70550,245899,266633,12497,-0.32,global
XPeng,P7,Firehjul,Elektrisk,2023,31,329000,38560,299000,389900,48826,-2.047,lokal
XPeng,P7i,Firehjul,Elektrisk,2023,9,377343,31000,374900,395343,40916,-0.32,global
Zeekr,001,Firehjul,Elektrisk,2024,9,589900,21000,585000,599000,18979,-0.32,global
Zeekr,001,Firehjul,Elektrisk,2025,17,629000,4280,599343,649000,27111,-0.32,global
Zeekr,7X,Firehjul,Elektrisk,2025,18,679000,13000,669000,679900,13020,-0.189,lokal
Zeekr,7X,Firehjul,Elektrisk,2026,5,689900,2500,679900,689900,19450,-0.32,global
Zeekr,X,Firehjul,Elektrisk,2025,62,411000,14000,399000,419000,12893,-0.32,global
